ISO-10303-21;
HEADER;
/* Generated by software containing ST-Developer
 * from STEP Tools, Inc. (www.steptools.com) 
 */

FILE_DESCRIPTION(
/* description */ (''),
/* implementation_level */ '2;1');

FILE_NAME(
/* name */ 'SupportV4.step',
/* time_stamp */ '2026-08-25T10:21:25+02:00',
/* author */ (''),
/* organization */ (''),
/* preprocessor_version */ 'ST-DEVELOPER v20.1',
/* originating_system */ 'Autodesk Translation Framework v15.8.0.0',
/* authorisation */ '');

FILE_SCHEMA (('AUTOMOTIVE_DESIGN { 1 0 10303 214 3 1 1 }'));
ENDSEC;

DATA;
#10=MECHANICAL_DESIGN_GEOMETRIC_PRESENTATION_REPRESENTATION('',(#13),#5098);
#11=SHAPE_REPRESENTATION_RELATIONSHIP('SRR','None',#5105,#12);
#12=ADVANCED_BREP_SHAPE_REPRESENTATION('',(#14),#5097);
#13=STYLED_ITEM('',(#5114),#14);
#14=MANIFOLD_SOLID_BREP('Corpo2',#2971);
#15=TOROIDAL_SURFACE('',#3064,5.,1.);
#16=TOROIDAL_SURFACE('',#3077,5.,1.);
#17=SPHERICAL_SURFACE('',#3058,1.);
#18=SPHERICAL_SURFACE('',#3072,1.);
#19=B_SPLINE_SURFACE_WITH_KNOTS('',3,3,((#4196,#4197,#4198,#4199,#4200,
#4201,#4202,#4203,#4204,#4205),(#4206,#4207,#4208,#4209,#4210,#4211,#4212,
#4213,#4214,#4215),(#4216,#4217,#4218,#4219,#4220,#4221,#4222,#4223,#4224,
#4225),(#4226,#4227,#4228,#4229,#4230,#4231,#4232,#4233,#4234,#4235),(#4236,
#4237,#4238,#4239,#4240,#4241,#4242,#4243,#4244,#4245)),.UNSPECIFIED.,.F.,
 .F.,.F.,(4,1,4),(4,1,1,1,1,2,4),(0.,0.5,1.),(-0.0665769203044578,-0.0532615362435662,
-0.0399461521826747,-0.0266307681217831,-0.0133153840608916,0.,0.000282850160699948),
 .UNSPECIFIED.);
#20=FACE_BOUND('',#420,.T.);
#21=FACE_BOUND('',#422,.T.);
#22=FACE_BOUND('',#423,.T.);
#23=FACE_BOUND('',#429,.T.);
#24=FACE_BOUND('',#432,.T.);
#25=FACE_BOUND('',#435,.T.);
#26=FACE_BOUND('',#489,.T.);
#27=FACE_BOUND('',#490,.T.);
#28=FACE_BOUND('',#491,.T.);
#29=FACE_BOUND('',#495,.T.);
#30=FACE_BOUND('',#496,.T.);
#31=FACE_BOUND('',#497,.T.);
#32=FACE_BOUND('',#498,.T.);
#33=FACE_BOUND('',#499,.T.);
#34=FACE_BOUND('',#504,.T.);
#35=FACE_BOUND('',#505,.T.);
#36=FACE_BOUND('',#506,.T.);
#37=FACE_BOUND('',#507,.T.);
#38=FACE_BOUND('',#508,.T.);
#39=FACE_BOUND('',#514,.T.);
#40=FACE_BOUND('',#519,.T.);
#41=FACE_BOUND('',#524,.T.);
#42=FACE_BOUND('',#529,.T.);
#43=FACE_BOUND('',#540,.T.);
#44=FACE_BOUND('',#543,.T.);
#45=FACE_BOUND('',#546,.T.);
#46=FACE_BOUND('',#549,.T.);
#47=FACE_BOUND('',#575,.T.);
#48=FACE_BOUND('',#576,.T.);
#49=FACE_BOUND('',#577,.T.);
#50=FACE_BOUND('',#578,.T.);
#51=FACE_BOUND('',#581,.T.);
#52=FACE_BOUND('',#582,.T.);
#53=FACE_BOUND('',#583,.T.);
#54=FACE_BOUND('',#584,.T.);
#55=FACE_BOUND('',#587,.T.);
#56=FACE_BOUND('',#592,.T.);
#57=FACE_BOUND('',#600,.T.);
#58=FACE_BOUND('',#609,.T.);
#59=FACE_BOUND('',#614,.T.);
#60=CIRCLE('',#2988,0.5);
#61=CIRCLE('',#2989,6.);
#62=CIRCLE('',#2990,0.5);
#63=CIRCLE('',#2992,1.);
#64=CIRCLE('',#2993,2.7);
#65=CIRCLE('',#2994,3.);
#66=CIRCLE('',#2995,3.);
#67=CIRCLE('',#2998,0.4);
#68=CIRCLE('',#2999,0.5);
#69=CIRCLE('',#3002,5.);
#70=CIRCLE('',#3004,3.);
#71=CIRCLE('',#3005,7.5);
#72=CIRCLE('',#3006,3.);
#73=CIRCLE('',#3007,1.6);
#74=CIRCLE('',#3010,3.);
#75=CIRCLE('',#3011,7.5);
#76=CIRCLE('',#3012,3.);
#77=CIRCLE('',#3013,1.6);
#78=CIRCLE('',#3015,1.5);
#79=CIRCLE('',#3016,1.5);
#80=CIRCLE('',#3018,7.5);
#81=CIRCLE('',#3019,1.6);
#82=CIRCLE('',#3021,0.5);
#83=CIRCLE('',#3025,0.5);
#84=CIRCLE('',#3027,3.);
#85=CIRCLE('',#3028,7.5);
#86=CIRCLE('',#3029,3.);
#87=CIRCLE('',#3030,0.5);
#88=CIRCLE('',#3031,6.);
#89=CIRCLE('',#3033,0.5);
#90=CIRCLE('',#3041,3.);
#91=CIRCLE('',#3044,3.);
#92=CIRCLE('',#3050,1.);
#93=CIRCLE('',#3052,1.);
#94=CIRCLE('',#3057,1.);
#95=CIRCLE('',#3059,1.);
#96=CIRCLE('',#3060,1.);
#97=CIRCLE('',#3061,1.);
#98=CIRCLE('',#3063,0.999999999999999);
#99=CIRCLE('',#3065,1.);
#100=CIRCLE('',#3066,5.);
#101=CIRCLE('',#3067,4.);
#102=CIRCLE('',#3069,1.);
#103=CIRCLE('',#3071,1.);
#104=CIRCLE('',#3073,1.);
#105=CIRCLE('',#3074,1.);
#106=CIRCLE('',#3076,1.);
#107=CIRCLE('',#3078,1.);
#108=CIRCLE('',#3079,4.);
#109=CIRCLE('',#3081,1.);
#110=CIRCLE('',#3084,1.);
#111=CIRCLE('',#3098,12.);
#112=CIRCLE('',#3099,12.);
#113=CIRCLE('',#3101,10.);
#114=CIRCLE('',#3103,3.);
#115=CIRCLE('',#3107,3.);
#116=CIRCLE('',#3113,2.7);
#117=CIRCLE('',#3115,1.);
#118=CIRCLE('',#3119,1.);
#119=CIRCLE('',#3120,1.);
#120=CIRCLE('',#3122,3.);
#121=CIRCLE('',#3123,3.);
#122=CIRCLE('',#3124,3.);
#123=CIRCLE('',#3125,3.);
#124=CIRCLE('',#3126,2.7);
#125=CIRCLE('',#3131,10.);
#126=CIRCLE('',#3132,1.6);
#127=CIRCLE('',#3133,1.6);
#128=CIRCLE('',#3134,1.6);
#129=CIRCLE('',#3135,1.6);
#130=CIRCLE('',#3136,2.7);
#131=CIRCLE('',#3139,3.);
#132=CIRCLE('',#3143,1.6);
#133=CIRCLE('',#3145,3.);
#134=CIRCLE('',#3149,1.6);
#135=CIRCLE('',#3151,3.);
#136=CIRCLE('',#3155,1.6);
#137=CIRCLE('',#3157,3.);
#138=CIRCLE('',#3161,1.6);
#139=CIRCLE('',#3167,1.25);
#140=CIRCLE('',#3168,1.25);
#141=CIRCLE('',#3170,1.25);
#142=CIRCLE('',#3171,1.25);
#143=CIRCLE('',#3173,1.25);
#144=CIRCLE('',#3174,1.25);
#145=CIRCLE('',#3176,1.25);
#146=CIRCLE('',#3177,1.25);
#147=CIRCLE('',#3179,1.75);
#148=CIRCLE('',#3180,1.75);
#149=CIRCLE('',#3183,1.75);
#150=CIRCLE('',#3184,1.75);
#151=CIRCLE('',#3187,1.75);
#152=CIRCLE('',#3188,1.75);
#153=CIRCLE('',#3191,1.75);
#154=CIRCLE('',#3192,1.75);
#155=CIRCLE('',#3211,4.);
#156=CIRCLE('',#3212,4.);
#157=CIRCLE('',#3236,1.6);
#158=CIRCLE('',#3244,1.6);
#159=CIRCLE('',#3246,7.5);
#160=CIRCLE('',#3249,1.6);
#161=CIRCLE('',#3251,7.5);
#162=PLANE('',#2987);
#163=PLANE('',#2991);
#164=PLANE('',#3000);
#165=PLANE('',#3001);
#166=PLANE('',#3003);
#167=PLANE('',#3009);
#168=PLANE('',#3017);
#169=PLANE('',#3023);
#170=PLANE('',#3026);
#171=PLANE('',#3034);
#172=PLANE('',#3037);
#173=PLANE('',#3042);
#174=PLANE('',#3045);
#175=PLANE('',#3048);
#176=PLANE('',#3049);
#177=PLANE('',#3051);
#178=PLANE('',#3053);
#179=PLANE('',#3054);
#180=PLANE('',#3055);
#181=PLANE('',#3086);
#182=PLANE('',#3087);
#183=PLANE('',#3088);
#184=PLANE('',#3089);
#185=PLANE('',#3090);
#186=PLANE('',#3091);
#187=PLANE('',#3094);
#188=PLANE('',#3100);
#189=PLANE('',#3104);
#190=PLANE('',#3105);
#191=PLANE('',#3108);
#192=PLANE('',#3109);
#193=PLANE('',#3110);
#194=PLANE('',#3111);
#195=PLANE('',#3116);
#196=PLANE('',#3117);
#197=PLANE('',#3121);
#198=PLANE('',#3127);
#199=PLANE('',#3128);
#200=PLANE('',#3129);
#201=PLANE('',#3130);
#202=PLANE('',#3137);
#203=PLANE('',#3140);
#204=PLANE('',#3141);
#205=PLANE('',#3142);
#206=PLANE('',#3146);
#207=PLANE('',#3147);
#208=PLANE('',#3148);
#209=PLANE('',#3152);
#210=PLANE('',#3153);
#211=PLANE('',#3154);
#212=PLANE('',#3158);
#213=PLANE('',#3159);
#214=PLANE('',#3160);
#215=PLANE('',#3162);
#216=PLANE('',#3163);
#217=PLANE('',#3164);
#218=PLANE('',#3181);
#219=PLANE('',#3185);
#220=PLANE('',#3189);
#221=PLANE('',#3193);
#222=PLANE('',#3194);
#223=PLANE('',#3196);
#224=PLANE('',#3197);
#225=PLANE('',#3198);
#226=PLANE('',#3200);
#227=PLANE('',#3201);
#228=PLANE('',#3202);
#229=PLANE('',#3204);
#230=PLANE('',#3205);
#231=PLANE('',#3207);
#232=PLANE('',#3209);
#233=PLANE('',#3213);
#234=PLANE('',#3214);
#235=PLANE('',#3215);
#236=PLANE('',#3216);
#237=PLANE('',#3217);
#238=PLANE('',#3218);
#239=PLANE('',#3219);
#240=PLANE('',#3220);
#241=PLANE('',#3221);
#242=PLANE('',#3222);
#243=PLANE('',#3223);
#244=PLANE('',#3224);
#245=PLANE('',#3225);
#246=PLANE('',#3226);
#247=PLANE('',#3227);
#248=PLANE('',#3228);
#249=PLANE('',#3229);
#250=PLANE('',#3230);
#251=PLANE('',#3231);
#252=PLANE('',#3232);
#253=PLANE('',#3233);
#254=PLANE('',#3234);
#255=PLANE('',#3235);
#256=PLANE('',#3240);
#257=PLANE('',#3241);
#258=PLANE('',#3242);
#259=PLANE('',#3245);
#260=PLANE('',#3252);
#261=FACE_OUTER_BOUND('',#418,.T.);
#262=FACE_OUTER_BOUND('',#419,.T.);
#263=FACE_OUTER_BOUND('',#421,.T.);
#264=FACE_OUTER_BOUND('',#424,.T.);
#265=FACE_OUTER_BOUND('',#425,.T.);
#266=FACE_OUTER_BOUND('',#426,.T.);
#267=FACE_OUTER_BOUND('',#427,.T.);
#268=FACE_OUTER_BOUND('',#428,.T.);
#269=FACE_OUTER_BOUND('',#430,.T.);
#270=FACE_OUTER_BOUND('',#431,.T.);
#271=FACE_OUTER_BOUND('',#433,.T.);
#272=FACE_OUTER_BOUND('',#434,.T.);
#273=FACE_OUTER_BOUND('',#436,.T.);
#274=FACE_OUTER_BOUND('',#437,.T.);
#275=FACE_OUTER_BOUND('',#438,.T.);
#276=FACE_OUTER_BOUND('',#439,.T.);
#277=FACE_OUTER_BOUND('',#440,.T.);
#278=FACE_OUTER_BOUND('',#441,.T.);
#279=FACE_OUTER_BOUND('',#442,.T.);
#280=FACE_OUTER_BOUND('',#443,.T.);
#281=FACE_OUTER_BOUND('',#444,.T.);
#282=FACE_OUTER_BOUND('',#445,.T.);
#283=FACE_OUTER_BOUND('',#446,.T.);
#284=FACE_OUTER_BOUND('',#447,.T.);
#285=FACE_OUTER_BOUND('',#448,.T.);
#286=FACE_OUTER_BOUND('',#449,.T.);
#287=FACE_OUTER_BOUND('',#450,.T.);
#288=FACE_OUTER_BOUND('',#451,.T.);
#289=FACE_OUTER_BOUND('',#452,.T.);
#290=FACE_OUTER_BOUND('',#453,.T.);
#291=FACE_OUTER_BOUND('',#454,.T.);
#292=FACE_OUTER_BOUND('',#455,.T.);
#293=FACE_OUTER_BOUND('',#456,.T.);
#294=FACE_OUTER_BOUND('',#457,.T.);
#295=FACE_OUTER_BOUND('',#458,.T.);
#296=FACE_OUTER_BOUND('',#459,.T.);
#297=FACE_OUTER_BOUND('',#460,.T.);
#298=FACE_OUTER_BOUND('',#461,.T.);
#299=FACE_OUTER_BOUND('',#462,.T.);
#300=FACE_OUTER_BOUND('',#463,.T.);
#301=FACE_OUTER_BOUND('',#464,.T.);
#302=FACE_OUTER_BOUND('',#465,.T.);
#303=FACE_OUTER_BOUND('',#466,.T.);
#304=FACE_OUTER_BOUND('',#467,.T.);
#305=FACE_OUTER_BOUND('',#468,.T.);
#306=FACE_OUTER_BOUND('',#469,.T.);
#307=FACE_OUTER_BOUND('',#470,.T.);
#308=FACE_OUTER_BOUND('',#471,.T.);
#309=FACE_OUTER_BOUND('',#472,.T.);
#310=FACE_OUTER_BOUND('',#473,.T.);
#311=FACE_OUTER_BOUND('',#474,.T.);
#312=FACE_OUTER_BOUND('',#475,.T.);
#313=FACE_OUTER_BOUND('',#476,.T.);
#314=FACE_OUTER_BOUND('',#477,.T.);
#315=FACE_OUTER_BOUND('',#478,.T.);
#316=FACE_OUTER_BOUND('',#479,.T.);
#317=FACE_OUTER_BOUND('',#480,.T.);
#318=FACE_OUTER_BOUND('',#481,.T.);
#319=FACE_OUTER_BOUND('',#482,.T.);
#320=FACE_OUTER_BOUND('',#483,.T.);
#321=FACE_OUTER_BOUND('',#484,.T.);
#322=FACE_OUTER_BOUND('',#485,.T.);
#323=FACE_OUTER_BOUND('',#486,.T.);
#324=FACE_OUTER_BOUND('',#487,.T.);
#325=FACE_OUTER_BOUND('',#488,.T.);
#326=FACE_OUTER_BOUND('',#492,.T.);
#327=FACE_OUTER_BOUND('',#493,.T.);
#328=FACE_OUTER_BOUND('',#494,.T.);
#329=FACE_OUTER_BOUND('',#500,.T.);
#330=FACE_OUTER_BOUND('',#501,.T.);
#331=FACE_OUTER_BOUND('',#502,.T.);
#332=FACE_OUTER_BOUND('',#503,.T.);
#333=FACE_OUTER_BOUND('',#509,.T.);
#334=FACE_OUTER_BOUND('',#510,.T.);
#335=FACE_OUTER_BOUND('',#511,.T.);
#336=FACE_OUTER_BOUND('',#512,.T.);
#337=FACE_OUTER_BOUND('',#513,.T.);
#338=FACE_OUTER_BOUND('',#515,.T.);
#339=FACE_OUTER_BOUND('',#516,.T.);
#340=FACE_OUTER_BOUND('',#517,.T.);
#341=FACE_OUTER_BOUND('',#518,.T.);
#342=FACE_OUTER_BOUND('',#520,.T.);
#343=FACE_OUTER_BOUND('',#521,.T.);
#344=FACE_OUTER_BOUND('',#522,.T.);
#345=FACE_OUTER_BOUND('',#523,.T.);
#346=FACE_OUTER_BOUND('',#525,.T.);
#347=FACE_OUTER_BOUND('',#526,.T.);
#348=FACE_OUTER_BOUND('',#527,.T.);
#349=FACE_OUTER_BOUND('',#528,.T.);
#350=FACE_OUTER_BOUND('',#530,.T.);
#351=FACE_OUTER_BOUND('',#531,.T.);
#352=FACE_OUTER_BOUND('',#532,.T.);
#353=FACE_OUTER_BOUND('',#533,.T.);
#354=FACE_OUTER_BOUND('',#534,.T.);
#355=FACE_OUTER_BOUND('',#535,.T.);
#356=FACE_OUTER_BOUND('',#536,.T.);
#357=FACE_OUTER_BOUND('',#537,.T.);
#358=FACE_OUTER_BOUND('',#538,.T.);
#359=FACE_OUTER_BOUND('',#539,.T.);
#360=FACE_OUTER_BOUND('',#541,.T.);
#361=FACE_OUTER_BOUND('',#542,.T.);
#362=FACE_OUTER_BOUND('',#544,.T.);
#363=FACE_OUTER_BOUND('',#545,.T.);
#364=FACE_OUTER_BOUND('',#547,.T.);
#365=FACE_OUTER_BOUND('',#548,.T.);
#366=FACE_OUTER_BOUND('',#550,.T.);
#367=FACE_OUTER_BOUND('',#551,.T.);
#368=FACE_OUTER_BOUND('',#552,.T.);
#369=FACE_OUTER_BOUND('',#553,.T.);
#370=FACE_OUTER_BOUND('',#554,.T.);
#371=FACE_OUTER_BOUND('',#555,.T.);
#372=FACE_OUTER_BOUND('',#556,.T.);
#373=FACE_OUTER_BOUND('',#557,.T.);
#374=FACE_OUTER_BOUND('',#558,.T.);
#375=FACE_OUTER_BOUND('',#559,.T.);
#376=FACE_OUTER_BOUND('',#560,.T.);
#377=FACE_OUTER_BOUND('',#561,.T.);
#378=FACE_OUTER_BOUND('',#562,.T.);
#379=FACE_OUTER_BOUND('',#563,.T.);
#380=FACE_OUTER_BOUND('',#564,.T.);
#381=FACE_OUTER_BOUND('',#565,.T.);
#382=FACE_OUTER_BOUND('',#566,.T.);
#383=FACE_OUTER_BOUND('',#567,.T.);
#384=FACE_OUTER_BOUND('',#568,.T.);
#385=FACE_OUTER_BOUND('',#569,.T.);
#386=FACE_OUTER_BOUND('',#570,.T.);
#387=FACE_OUTER_BOUND('',#571,.T.);
#388=FACE_OUTER_BOUND('',#572,.T.);
#389=FACE_OUTER_BOUND('',#573,.T.);
#390=FACE_OUTER_BOUND('',#574,.T.);
#391=FACE_OUTER_BOUND('',#579,.T.);
#392=FACE_OUTER_BOUND('',#580,.T.);
#393=FACE_OUTER_BOUND('',#585,.T.);
#394=FACE_OUTER_BOUND('',#586,.T.);
#395=FACE_OUTER_BOUND('',#588,.T.);
#396=FACE_OUTER_BOUND('',#589,.T.);
#397=FACE_OUTER_BOUND('',#590,.T.);
#398=FACE_OUTER_BOUND('',#591,.T.);
#399=FACE_OUTER_BOUND('',#593,.T.);
#400=FACE_OUTER_BOUND('',#594,.T.);
#401=FACE_OUTER_BOUND('',#595,.T.);
#402=FACE_OUTER_BOUND('',#596,.T.);
#403=FACE_OUTER_BOUND('',#597,.T.);
#404=FACE_OUTER_BOUND('',#598,.T.);
#405=FACE_OUTER_BOUND('',#599,.T.);
#406=FACE_OUTER_BOUND('',#601,.T.);
#407=FACE_OUTER_BOUND('',#602,.T.);
#408=FACE_OUTER_BOUND('',#603,.T.);
#409=FACE_OUTER_BOUND('',#604,.T.);
#410=FACE_OUTER_BOUND('',#605,.T.);
#411=FACE_OUTER_BOUND('',#606,.T.);
#412=FACE_OUTER_BOUND('',#607,.T.);
#413=FACE_OUTER_BOUND('',#608,.T.);
#414=FACE_OUTER_BOUND('',#610,.T.);
#415=FACE_OUTER_BOUND('',#611,.T.);
#416=FACE_OUTER_BOUND('',#612,.T.);
#417=FACE_OUTER_BOUND('',#613,.T.);
#418=EDGE_LOOP('',(#1921,#1922,#1923,#1924,#1925));
#419=EDGE_LOOP('',(#1926,#1927,#1928,#1929,#1930,#1931));
#420=EDGE_LOOP('',(#1932,#1933,#1934,#1935,#1936,#1937));
#421=EDGE_LOOP('',(#1938,#1939,#1940,#1941,#1942,#1943,#1944,#1945,#1946,
#1947,#1948,#1949,#1950,#1951,#1952));
#422=EDGE_LOOP('',(#1953,#1954,#1955));
#423=EDGE_LOOP('',(#1956,#1957,#1958));
#424=EDGE_LOOP('',(#1959,#1960,#1961,#1962,#1963));
#425=EDGE_LOOP('',(#1964,#1965,#1966));
#426=EDGE_LOOP('',(#1967,#1968,#1969));
#427=EDGE_LOOP('',(#1970,#1971,#1972,#1973,#1974,#1975,#1976,#1977,#1978,
#1979,#1980,#1981,#1982));
#428=EDGE_LOOP('',(#1983,#1984,#1985,#1986,#1987,#1988));
#429=EDGE_LOOP('',(#1989));
#430=EDGE_LOOP('',(#1990,#1991,#1992,#1993,#1994,#1995));
#431=EDGE_LOOP('',(#1996,#1997,#1998,#1999,#2000,#2001));
#432=EDGE_LOOP('',(#2002));
#433=EDGE_LOOP('',(#2003,#2004,#2005,#2006,#2007,#2008,#2009,#2010,#2011,
#2012));
#434=EDGE_LOOP('',(#2013,#2014,#2015,#2016));
#435=EDGE_LOOP('',(#2017));
#436=EDGE_LOOP('',(#2018,#2019,#2020,#2021,#2022,#2023));
#437=EDGE_LOOP('',(#2024,#2025,#2026,#2027,#2028));
#438=EDGE_LOOP('',(#2029,#2030,#2031,#2032,#2033));
#439=EDGE_LOOP('',(#2034,#2035,#2036,#2037,#2038,#2039,#2040,#2041,#2042,
#2043,#2044,#2045,#2046,#2047));
#440=EDGE_LOOP('',(#2048,#2049,#2050,#2051,#2052));
#441=EDGE_LOOP('',(#2053,#2054,#2055,#2056,#2057));
#442=EDGE_LOOP('',(#2058,#2059,#2060,#2061,#2062,#2063));
#443=EDGE_LOOP('',(#2064,#2065,#2066,#2067));
#444=EDGE_LOOP('',(#2068,#2069,#2070,#2071,#2072,#2073));
#445=EDGE_LOOP('',(#2074,#2075,#2076,#2077,#2078,#2079));
#446=EDGE_LOOP('',(#2080,#2081,#2082,#2083));
#447=EDGE_LOOP('',(#2084,#2085,#2086,#2087,#2088,#2089));
#448=EDGE_LOOP('',(#2090,#2091,#2092,#2093));
#449=EDGE_LOOP('',(#2094,#2095,#2096,#2097,#2098,#2099,#2100));
#450=EDGE_LOOP('',(#2101,#2102,#2103,#2104));
#451=EDGE_LOOP('',(#2105,#2106,#2107,#2108,#2109));
#452=EDGE_LOOP('',(#2110,#2111,#2112,#2113,#2114));
#453=EDGE_LOOP('',(#2115,#2116,#2117,#2118,#2119,#2120,#2121,#2122));
#454=EDGE_LOOP('',(#2123,#2124,#2125,#2126,#2127,#2128));
#455=EDGE_LOOP('',(#2129,#2130,#2131,#2132,#2133,#2134));
#456=EDGE_LOOP('',(#2135,#2136,#2137,#2138));
#457=EDGE_LOOP('',(#2139,#2140,#2141));
#458=EDGE_LOOP('',(#2142,#2143,#2144,#2145));
#459=EDGE_LOOP('',(#2146,#2147,#2148,#2149));
#460=EDGE_LOOP('',(#2150,#2151,#2152,#2153));
#461=EDGE_LOOP('',(#2154,#2155,#2156,#2157));
#462=EDGE_LOOP('',(#2158,#2159,#2160));
#463=EDGE_LOOP('',(#2161,#2162,#2163,#2164));
#464=EDGE_LOOP('',(#2165,#2166,#2167,#2168));
#465=EDGE_LOOP('',(#2169,#2170,#2171,#2172));
#466=EDGE_LOOP('',(#2173,#2174,#2175,#2176));
#467=EDGE_LOOP('',(#2177,#2178,#2179,#2180));
#468=EDGE_LOOP('',(#2181,#2182,#2183,#2184));
#469=EDGE_LOOP('',(#2185,#2186,#2187,#2188));
#470=EDGE_LOOP('',(#2189,#2190,#2191,#2192));
#471=EDGE_LOOP('',(#2193,#2194,#2195,#2196,#2197,#2198,#2199,#2200));
#472=EDGE_LOOP('',(#2201,#2202,#2203,#2204));
#473=EDGE_LOOP('',(#2205,#2206,#2207,#2208));
#474=EDGE_LOOP('',(#2209,#2210,#2211,#2212));
#475=EDGE_LOOP('',(#2213,#2214,#2215,#2216));
#476=EDGE_LOOP('',(#2217,#2218,#2219,#2220,#2221,#2222,#2223,#2224));
#477=EDGE_LOOP('',(#2225,#2226,#2227,#2228));
#478=EDGE_LOOP('',(#2229,#2230,#2231,#2232));
#479=EDGE_LOOP('',(#2233,#2234,#2235,#2236));
#480=EDGE_LOOP('',(#2237,#2238,#2239,#2240));
#481=EDGE_LOOP('',(#2241,#2242,#2243,#2244));
#482=EDGE_LOOP('',(#2245,#2246,#2247,#2248));
#483=EDGE_LOOP('',(#2249,#2250,#2251,#2252));
#484=EDGE_LOOP('',(#2253,#2254,#2255,#2256));
#485=EDGE_LOOP('',(#2257,#2258,#2259,#2260,#2261));
#486=EDGE_LOOP('',(#2262,#2263,#2264,#2265,#2266,#2267));
#487=EDGE_LOOP('',(#2268,#2269,#2270,#2271));
#488=EDGE_LOOP('',(#2272,#2273,#2274,#2275,#2276,#2277));
#489=EDGE_LOOP('',(#2278,#2279,#2280));
#490=EDGE_LOOP('',(#2281,#2282,#2283));
#491=EDGE_LOOP('',(#2284,#2285,#2286));
#492=EDGE_LOOP('',(#2287,#2288,#2289,#2290,#2291,#2292));
#493=EDGE_LOOP('',(#2293,#2294,#2295,#2296));
#494=EDGE_LOOP('',(#2297,#2298,#2299,#2300,#2301,#2302));
#495=EDGE_LOOP('',(#2303,#2304,#2305));
#496=EDGE_LOOP('',(#2306,#2307,#2308));
#497=EDGE_LOOP('',(#2309,#2310,#2311));
#498=EDGE_LOOP('',(#2312,#2313,#2314));
#499=EDGE_LOOP('',(#2315,#2316,#2317));
#500=EDGE_LOOP('',(#2318,#2319,#2320,#2321));
#501=EDGE_LOOP('',(#2322,#2323,#2324,#2325));
#502=EDGE_LOOP('',(#2326,#2327,#2328));
#503=EDGE_LOOP('',(#2329,#2330,#2331,#2332,#2333,#2334));
#504=EDGE_LOOP('',(#2335,#2336,#2337));
#505=EDGE_LOOP('',(#2338,#2339,#2340));
#506=EDGE_LOOP('',(#2341,#2342,#2343));
#507=EDGE_LOOP('',(#2344,#2345,#2346));
#508=EDGE_LOOP('',(#2347,#2348,#2349));
#509=EDGE_LOOP('',(#2350,#2351,#2352));
#510=EDGE_LOOP('',(#2353,#2354,#2355,#2356));
#511=EDGE_LOOP('',(#2357,#2358,#2359,#2360));
#512=EDGE_LOOP('',(#2361,#2362,#2363,#2364));
#513=EDGE_LOOP('',(#2365,#2366,#2367));
#514=EDGE_LOOP('',(#2368,#2369,#2370));
#515=EDGE_LOOP('',(#2371,#2372,#2373,#2374));
#516=EDGE_LOOP('',(#2375,#2376,#2377,#2378));
#517=EDGE_LOOP('',(#2379,#2380,#2381,#2382));
#518=EDGE_LOOP('',(#2383,#2384,#2385));
#519=EDGE_LOOP('',(#2386,#2387,#2388));
#520=EDGE_LOOP('',(#2389,#2390,#2391,#2392));
#521=EDGE_LOOP('',(#2393,#2394,#2395,#2396));
#522=EDGE_LOOP('',(#2397,#2398,#2399,#2400));
#523=EDGE_LOOP('',(#2401,#2402,#2403));
#524=EDGE_LOOP('',(#2404,#2405,#2406));
#525=EDGE_LOOP('',(#2407,#2408,#2409,#2410));
#526=EDGE_LOOP('',(#2411,#2412,#2413,#2414));
#527=EDGE_LOOP('',(#2415,#2416,#2417,#2418));
#528=EDGE_LOOP('',(#2419,#2420,#2421));
#529=EDGE_LOOP('',(#2422,#2423,#2424));
#530=EDGE_LOOP('',(#2425,#2426,#2427,#2428));
#531=EDGE_LOOP('',(#2429,#2430,#2431,#2432));
#532=EDGE_LOOP('',(#2433,#2434,#2435,#2436));
#533=EDGE_LOOP('',(#2437,#2438,#2439,#2440));
#534=EDGE_LOOP('',(#2441,#2442,#2443,#2444));
#535=EDGE_LOOP('',(#2445,#2446,#2447,#2448));
#536=EDGE_LOOP('',(#2449,#2450,#2451,#2452));
#537=EDGE_LOOP('',(#2453,#2454,#2455,#2456));
#538=EDGE_LOOP('',(#2457,#2458,#2459,#2460));
#539=EDGE_LOOP('',(#2461));
#540=EDGE_LOOP('',(#2462));
#541=EDGE_LOOP('',(#2463,#2464,#2465,#2466));
#542=EDGE_LOOP('',(#2467));
#543=EDGE_LOOP('',(#2468));
#544=EDGE_LOOP('',(#2469,#2470,#2471,#2472));
#545=EDGE_LOOP('',(#2473));
#546=EDGE_LOOP('',(#2474));
#547=EDGE_LOOP('',(#2475,#2476,#2477,#2478));
#548=EDGE_LOOP('',(#2479));
#549=EDGE_LOOP('',(#2480));
#550=EDGE_LOOP('',(#2481,#2482,#2483,#2484));
#551=EDGE_LOOP('',(#2485,#2486,#2487,#2488,#2489,#2490));
#552=EDGE_LOOP('',(#2491,#2492,#2493,#2494));
#553=EDGE_LOOP('',(#2495,#2496,#2497,#2498));
#554=EDGE_LOOP('',(#2499,#2500,#2501,#2502));
#555=EDGE_LOOP('',(#2503,#2504,#2505,#2506));
#556=EDGE_LOOP('',(#2507,#2508,#2509,#2510));
#557=EDGE_LOOP('',(#2511,#2512,#2513,#2514));
#558=EDGE_LOOP('',(#2515,#2516,#2517,#2518));
#559=EDGE_LOOP('',(#2519,#2520,#2521,#2522));
#560=EDGE_LOOP('',(#2523,#2524,#2525,#2526));
#561=EDGE_LOOP('',(#2527,#2528,#2529,#2530));
#562=EDGE_LOOP('',(#2531,#2532,#2533,#2534));
#563=EDGE_LOOP('',(#2535,#2536,#2537,#2538));
#564=EDGE_LOOP('',(#2539,#2540,#2541,#2542));
#565=EDGE_LOOP('',(#2543,#2544,#2545,#2546));
#566=EDGE_LOOP('',(#2547,#2548,#2549,#2550));
#567=EDGE_LOOP('',(#2551,#2552,#2553,#2554));
#568=EDGE_LOOP('',(#2555,#2556,#2557,#2558));
#569=EDGE_LOOP('',(#2559,#2560,#2561,#2562));
#570=EDGE_LOOP('',(#2563,#2564,#2565,#2566));
#571=EDGE_LOOP('',(#2567,#2568,#2569,#2570));
#572=EDGE_LOOP('',(#2571,#2572,#2573,#2574));
#573=EDGE_LOOP('',(#2575,#2576,#2577,#2578));
#574=EDGE_LOOP('',(#2579,#2580,#2581,#2582,#2583,#2584,#2585,#2586,#2587,
#2588,#2589,#2590));
#575=EDGE_LOOP('',(#2591));
#576=EDGE_LOOP('',(#2592));
#577=EDGE_LOOP('',(#2593));
#578=EDGE_LOOP('',(#2594));
#579=EDGE_LOOP('',(#2595,#2596,#2597,#2598,#2599,#2600));
#580=EDGE_LOOP('',(#2601,#2602,#2603,#2604,#2605,#2606,#2607,#2608,#2609,
#2610,#2611,#2612));
#581=EDGE_LOOP('',(#2613));
#582=EDGE_LOOP('',(#2614));
#583=EDGE_LOOP('',(#2615));
#584=EDGE_LOOP('',(#2616));
#585=EDGE_LOOP('',(#2617,#2618,#2619,#2620,#2621,#2622,#2623));
#586=EDGE_LOOP('',(#2624,#2625,#2626,#2627));
#587=EDGE_LOOP('',(#2628));
#588=EDGE_LOOP('',(#2629,#2630,#2631,#2632));
#589=EDGE_LOOP('',(#2633,#2634,#2635,#2636,#2637,#2638,#2639,#2640));
#590=EDGE_LOOP('',(#2641,#2642,#2643,#2644,#2645,#2646,#2647,#2648,#2649,
#2650,#2651,#2652,#2653,#2654,#2655,#2656));
#591=EDGE_LOOP('',(#2657,#2658,#2659,#2660,#2661,#2662,#2663,#2664,#2665,
#2666,#2667,#2668,#2669,#2670,#2671,#2672,#2673,#2674));
#592=EDGE_LOOP('',(#2675));
#593=EDGE_LOOP('',(#2676,#2677,#2678,#2679));
#594=EDGE_LOOP('',(#2680,#2681,#2682,#2683));
#595=EDGE_LOOP('',(#2684,#2685,#2686,#2687));
#596=EDGE_LOOP('',(#2688,#2689,#2690,#2691));
#597=EDGE_LOOP('',(#2692,#2693,#2694,#2695));
#598=EDGE_LOOP('',(#2696,#2697,#2698,#2699));
#599=EDGE_LOOP('',(#2700,#2701,#2702,#2703,#2704,#2705));
#600=EDGE_LOOP('',(#2706));
#601=EDGE_LOOP('',(#2707,#2708,#2709,#2710));
#602=EDGE_LOOP('',(#2711,#2712,#2713,#2714));
#603=EDGE_LOOP('',(#2715,#2716,#2717,#2718));
#604=EDGE_LOOP('',(#2719,#2720,#2721,#2722));
#605=EDGE_LOOP('',(#2723,#2724,#2725,#2726));
#606=EDGE_LOOP('',(#2727,#2728,#2729,#2730));
#607=EDGE_LOOP('',(#2731,#2732,#2733,#2734));
#608=EDGE_LOOP('',(#2735,#2736,#2737,#2738,#2739,#2740));
#609=EDGE_LOOP('',(#2741));
#610=EDGE_LOOP('',(#2742,#2743,#2744,#2745));
#611=EDGE_LOOP('',(#2746,#2747,#2748,#2749));
#612=EDGE_LOOP('',(#2750,#2751,#2752,#2753));
#613=EDGE_LOOP('',(#2754,#2755,#2756,#2757,#2758,#2759));
#614=EDGE_LOOP('',(#2760));
#615=B_SPLINE_CURVE_WITH_KNOTS('',3,(#4094,#4095,#4096,#4097,#4098,#4099,
#4100,#4101,#4102,#4103),.UNSPECIFIED.,.F.,.F.,(4,2,2,2,4),(0.,0.0213630263529321,
0.0427260527058643,0.0601020133280566,0.077477973950249),.UNSPECIFIED.);
#616=B_SPLINE_CURVE_WITH_KNOTS('',3,(#4106,#4107,#4108,#4109,#4110,#4111,
#4112,#4113,#4114,#4115),.UNSPECIFIED.,.F.,.F.,(4,2,2,2,4),(0.201116386791166,
0.218492347413358,0.23586830803555,0.257231334388482,0.262105703023166),
 .UNSPECIFIED.);
#617=B_SPLINE_CURVE_WITH_KNOTS('',3,(#4188,#4189,#4190,#4191,#4192,#4193,
#4194,#4195),.UNSPECIFIED.,.F.,.F.,(4,2,2,4),(0.201164916823587,0.216801854504085,
0.232438792184582,0.249764635540329),.UNSPECIFIED.);
#618=B_SPLINE_CURVE_WITH_KNOTS('',3,(#4247,#4248,#4249,#4250,#4251,#4252,
#4253,#4254,#4255,#4256),.UNSPECIFIED.,.F.,.F.,(4,1,1,1,1,2,4),(-0.0665769203044578,
-0.0532615362435662,-0.0399461521826747,-0.0266307681217831,-0.0133153840608916,
0.,0.000282850160699948),.UNSPECIFIED.);
#619=B_SPLINE_CURVE_WITH_KNOTS('',3,(#4304,#4305,#4306,#4307,#4308,#4309,
#4310,#4311,#4312,#4313),.UNSPECIFIED.,.F.,.F.,(4,2,2,2,4),(0.,0.0926188439513107,
0.185237687902621,0.260480744427939,0.335723800953257),.UNSPECIFIED.);
#620=B_SPLINE_CURVE_WITH_KNOTS('',3,(#4316,#4317,#4318,#4319,#4320,#4321,
#4322,#4323,#4324,#4325),.UNSPECIFIED.,.F.,.F.,(4,2,2,2,4),(0.801668166618113,
0.869679176325595,0.937690186033076,1.03748340824864,1.13727663046421),
 .UNSPECIFIED.);
#621=B_SPLINE_CURVE_WITH_KNOTS('',3,(#4326,#4327,#4328,#4329,#4330,#4331,
#4332,#4333,#4334,#4335),.UNSPECIFIED.,.F.,.F.,(4,2,2,2,4),(0.,0.0997932222155681,
0.199586444431136,0.267597454138618,0.3356084638461),.UNSPECIFIED.);
#622=B_SPLINE_CURVE_WITH_KNOTS('',3,(#4336,#4337,#4338,#4339,#4340,#4341,
#4342,#4343,#4344,#4345),.UNSPECIFIED.,.F.,.F.,(4,2,2,2,4),(0.801668166618113,
0.869679176325595,0.937690186033077,1.03748340824864,1.13727663046421),
 .UNSPECIFIED.);
#623=B_SPLINE_CURVE_WITH_KNOTS('',3,(#4360,#4361,#4362,#4363,#4364,#4365,
#4366,#4367),.UNSPECIFIED.,.F.,.F.,(4,2,2,4),(0.299807973997492,0.333428077781036,
0.367048181564579,0.434288389131666),.UNSPECIFIED.);
#624=B_SPLINE_CURVE_WITH_KNOTS('',3,(#4369,#4370,#4371,#4372,#4373,#4374,
#4375,#4376,#4377,#4378),.UNSPECIFIED.,.F.,.F.,(4,2,2,2,4),(0.,0.099793222215568,
0.199586444431136,0.267597454138618,0.335608463846099),.UNSPECIFIED.);
#625=B_SPLINE_CURVE_WITH_KNOTS('',3,(#4381,#4382,#4383,#4384,#4385,#4386,
#4387,#4388,#4389,#4390),.UNSPECIFIED.,.F.,.F.,(4,2,2,2,4),(0.801783503725271,
0.869794513432752,0.937805523140234,1.0375987453558,1.13739196757137),
 .UNSPECIFIED.);
#626=B_SPLINE_CURVE_WITH_KNOTS('',3,(#4392,#4393,#4394,#4395,#4396,#4397,
#4398,#4399),.UNSPECIFIED.,.F.,.F.,(4,2,2,4),(0.,0.0713939211209427,0.100603651194439,
0.129813381267934),.UNSPECIFIED.);
#627=B_SPLINE_CURVE_WITH_KNOTS('',3,(#4481,#4482,#4483,#4484,#4485,#4486,
#4487,#4488),.UNSPECIFIED.,.F.,.F.,(4,2,2,4),(0.418883031507203,0.449448326060992,
0.50707988471683,0.53180116152331),.UNSPECIFIED.);
#628=LINE('',#4092,#923);
#629=LINE('',#4105,#924);
#630=LINE('',#4120,#925);
#631=LINE('',#4124,#926);
#632=LINE('',#4128,#927);
#633=LINE('',#4130,#928);
#634=LINE('',#4132,#929);
#635=LINE('',#4134,#930);
#636=LINE('',#4136,#931);
#637=LINE('',#4137,#932);
#638=LINE('',#4140,#933);
#639=LINE('',#4142,#934);
#640=LINE('',#4144,#935);
#641=LINE('',#4148,#936);
#642=LINE('',#4150,#937);
#643=LINE('',#4152,#938);
#644=LINE('',#4154,#939);
#645=LINE('',#4156,#940);
#646=LINE('',#4158,#941);
#647=LINE('',#4160,#942);
#648=LINE('',#4164,#943);
#649=LINE('',#4165,#944);
#650=LINE('',#4168,#945);
#651=LINE('',#4171,#946);
#652=LINE('',#4174,#947);
#653=LINE('',#4177,#948);
#654=LINE('',#4183,#949);
#655=LINE('',#4187,#950);
#656=LINE('',#4261,#951);
#657=LINE('',#4263,#952);
#658=LINE('',#4264,#953);
#659=LINE('',#4267,#954);
#660=LINE('',#4269,#955);
#661=LINE('',#4271,#956);
#662=LINE('',#4275,#957);
#663=LINE('',#4277,#958);
#664=LINE('',#4279,#959);
#665=LINE('',#4281,#960);
#666=LINE('',#4283,#961);
#667=LINE('',#4285,#962);
#668=LINE('',#4286,#963);
#669=LINE('',#4290,#964);
#670=LINE('',#4294,#965);
#671=LINE('',#4298,#966);
#672=LINE('',#4315,#967);
#673=LINE('',#4350,#968);
#674=LINE('',#4354,#969);
#675=LINE('',#4380,#970);
#676=LINE('',#4403,#971);
#677=LINE('',#4407,#972);
#678=LINE('',#4410,#973);
#679=LINE('',#4416,#974);
#680=LINE('',#4420,#975);
#681=LINE('',#4421,#976);
#682=LINE('',#4425,#977);
#683=LINE('',#4428,#978);
#684=LINE('',#4432,#979);
#685=LINE('',#4436,#980);
#686=LINE('',#4439,#981);
#687=LINE('',#4443,#982);
#688=LINE('',#4446,#983);
#689=LINE('',#4449,#984);
#690=LINE('',#4453,#985);
#691=LINE('',#4454,#986);
#692=LINE('',#4457,#987);
#693=LINE('',#4459,#988);
#694=LINE('',#4461,#989);
#695=LINE('',#4465,#990);
#696=LINE('',#4469,#991);
#697=LINE('',#4470,#992);
#698=LINE('',#4474,#993);
#699=LINE('',#4477,#994);
#700=LINE('',#4478,#995);
#701=LINE('',#4490,#996);
#702=LINE('',#4494,#997);
#703=LINE('',#4496,#998);
#704=LINE('',#4498,#999);
#705=LINE('',#4499,#1000);
#706=LINE('',#4502,#1001);
#707=LINE('',#4504,#1002);
#708=LINE('',#4506,#1003);
#709=LINE('',#4510,#1004);
#710=LINE('',#4514,#1005);
#711=LINE('',#4515,#1006);
#712=LINE('',#4518,#1007);
#713=LINE('',#4520,#1008);
#714=LINE('',#4522,#1009);
#715=LINE('',#4524,#1010);
#716=LINE('',#4525,#1011);
#717=LINE('',#4528,#1012);
#718=LINE('',#4530,#1013);
#719=LINE('',#4532,#1014);
#720=LINE('',#4534,#1015);
#721=LINE('',#4535,#1016);
#722=LINE('',#4538,#1017);
#723=LINE('',#4540,#1018);
#724=LINE('',#4542,#1019);
#725=LINE('',#4544,#1020);
#726=LINE('',#4545,#1021);
#727=LINE('',#4556,#1022);
#728=LINE('',#4567,#1023);
#729=LINE('',#4568,#1024);
#730=LINE('',#4572,#1025);
#731=LINE('',#4585,#1026);
#732=LINE('',#4590,#1027);
#733=LINE('',#4592,#1028);
#734=LINE('',#4596,#1029);
#735=LINE('',#4597,#1030);
#736=LINE('',#4598,#1031);
#737=LINE('',#4601,#1032);
#738=LINE('',#4602,#1033);
#739=LINE('',#4605,#1034);
#740=LINE('',#4606,#1035);
#741=LINE('',#4608,#1036);
#742=LINE('',#4614,#1037);
#743=LINE('',#4617,#1038);
#744=LINE('',#4623,#1039);
#745=LINE('',#4626,#1040);
#746=LINE('',#4630,#1041);
#747=LINE('',#4632,#1042);
#748=LINE('',#4636,#1043);
#749=LINE('',#4637,#1044);
#750=LINE('',#4644,#1045);
#751=LINE('',#4645,#1046);
#752=LINE('',#4648,#1047);
#753=LINE('',#4649,#1048);
#754=LINE('',#4651,#1049);
#755=LINE('',#4656,#1050);
#756=LINE('',#4657,#1051);
#757=LINE('',#4660,#1052);
#758=LINE('',#4661,#1053);
#759=LINE('',#4663,#1054);
#760=LINE('',#4667,#1055);
#761=LINE('',#4668,#1056);
#762=LINE('',#4669,#1057);
#763=LINE('',#4672,#1058);
#764=LINE('',#4673,#1059);
#765=LINE('',#4678,#1060);
#766=LINE('',#4681,#1061);
#767=LINE('',#4684,#1062);
#768=LINE('',#4686,#1063);
#769=LINE('',#4688,#1064);
#770=LINE('',#4690,#1065);
#771=LINE('',#4691,#1066);
#772=LINE('',#4694,#1067);
#773=LINE('',#4696,#1068);
#774=LINE('',#4697,#1069);
#775=LINE('',#4703,#1070);
#776=LINE('',#4706,#1071);
#777=LINE('',#4709,#1072);
#778=LINE('',#4711,#1073);
#779=LINE('',#4713,#1074);
#780=LINE('',#4715,#1075);
#781=LINE('',#4716,#1076);
#782=LINE('',#4721,#1077);
#783=LINE('',#4722,#1078);
#784=LINE('',#4727,#1079);
#785=LINE('',#4728,#1080);
#786=LINE('',#4733,#1081);
#787=LINE('',#4734,#1082);
#788=LINE('',#4739,#1083);
#789=LINE('',#4740,#1084);
#790=LINE('',#4745,#1085);
#791=LINE('',#4746,#1086);
#792=LINE('',#4749,#1087);
#793=LINE('',#4750,#1088);
#794=LINE('',#4754,#1089);
#795=LINE('',#4756,#1090);
#796=LINE('',#4758,#1091);
#797=LINE('',#4759,#1092);
#798=LINE('',#4762,#1093);
#799=LINE('',#4763,#1094);
#800=LINE('',#4765,#1095);
#801=LINE('',#4767,#1096);
#802=LINE('',#4770,#1097);
#803=LINE('',#4771,#1098);
#804=LINE('',#4776,#1099);
#805=LINE('',#4777,#1100);
#806=LINE('',#4782,#1101);
#807=LINE('',#4783,#1102);
#808=LINE('',#4788,#1103);
#809=LINE('',#4789,#1104);
#810=LINE('',#4794,#1105);
#811=LINE('',#4795,#1106);
#812=LINE('',#4798,#1107);
#813=LINE('',#4800,#1108);
#814=LINE('',#4804,#1109);
#815=LINE('',#4805,#1110);
#816=LINE('',#4808,#1111);
#817=LINE('',#4811,#1112);
#818=LINE('',#4814,#1113);
#819=LINE('',#4815,#1114);
#820=LINE('',#4817,#1115);
#821=LINE('',#4821,#1116);
#822=LINE('',#4823,#1117);
#823=LINE('',#4827,#1118);
#824=LINE('',#4830,#1119);
#825=LINE('',#4833,#1120);
#826=LINE('',#4834,#1121);
#827=LINE('',#4836,#1122);
#828=LINE('',#4840,#1123);
#829=LINE('',#4842,#1124);
#830=LINE('',#4846,#1125);
#831=LINE('',#4849,#1126);
#832=LINE('',#4852,#1127);
#833=LINE('',#4853,#1128);
#834=LINE('',#4855,#1129);
#835=LINE('',#4859,#1130);
#836=LINE('',#4861,#1131);
#837=LINE('',#4865,#1132);
#838=LINE('',#4868,#1133);
#839=LINE('',#4871,#1134);
#840=LINE('',#4872,#1135);
#841=LINE('',#4874,#1136);
#842=LINE('',#4880,#1137);
#843=LINE('',#4881,#1138);
#844=LINE('',#4883,#1139);
#845=LINE('',#4884,#1140);
#846=LINE('',#4886,#1141);
#847=LINE('',#4887,#1142);
#848=LINE('',#4889,#1143);
#849=LINE('',#4890,#1144);
#850=LINE('',#4892,#1145);
#851=LINE('',#4893,#1146);
#852=LINE('',#4898,#1147);
#853=LINE('',#4904,#1148);
#854=LINE('',#4910,#1149);
#855=LINE('',#4916,#1150);
#856=LINE('',#4922,#1151);
#857=LINE('',#4929,#1152);
#858=LINE('',#4936,#1153);
#859=LINE('',#4943,#1154);
#860=LINE('',#4947,#1155);
#861=LINE('',#4949,#1156);
#862=LINE('',#4952,#1157);
#863=LINE('',#4954,#1158);
#864=LINE('',#4956,#1159);
#865=LINE('',#4959,#1160);
#866=LINE('',#4962,#1161);
#867=LINE('',#4965,#1162);
#868=LINE('',#4966,#1163);
#869=LINE('',#4968,#1164);
#870=LINE('',#4971,#1165);
#871=LINE('',#4977,#1166);
#872=LINE('',#4981,#1167);
#873=LINE('',#4983,#1168);
#874=LINE('',#4984,#1169);
#875=LINE('',#4987,#1170);
#876=LINE('',#4989,#1171);
#877=LINE('',#4990,#1172);
#878=LINE('',#4993,#1173);
#879=LINE('',#4995,#1174);
#880=LINE('',#4996,#1175);
#881=LINE('',#4999,#1176);
#882=LINE('',#5001,#1177);
#883=LINE('',#5002,#1178);
#884=LINE('',#5005,#1179);
#885=LINE('',#5007,#1180);
#886=LINE('',#5008,#1181);
#887=LINE('',#5011,#1182);
#888=LINE('',#5013,#1183);
#889=LINE('',#5014,#1184);
#890=LINE('',#5017,#1185);
#891=LINE('',#5019,#1186);
#892=LINE('',#5020,#1187);
#893=LINE('',#5022,#1188);
#894=LINE('',#5023,#1189);
#895=LINE('',#5026,#1190);
#896=LINE('',#5027,#1191);
#897=LINE('',#5030,#1192);
#898=LINE('',#5031,#1193);
#899=LINE('',#5033,#1194);
#900=LINE('',#5035,#1195);
#901=LINE('',#5037,#1196);
#902=LINE('',#5039,#1197);
#903=LINE('',#5041,#1198);
#904=LINE('',#5042,#1199);
#905=LINE('',#5046,#1200);
#906=LINE('',#5048,#1201);
#907=LINE('',#5049,#1202);
#908=LINE('',#5052,#1203);
#909=LINE('',#5053,#1204);
#910=LINE('',#5056,#1205);
#911=LINE('',#5057,#1206);
#912=LINE('',#5060,#1207);
#913=LINE('',#5061,#1208);
#914=LINE('',#5064,#1209);
#915=LINE('',#5065,#1210);
#916=LINE('',#5067,#1211);
#917=LINE('',#5072,#1212);
#918=LINE('',#5074,#1213);
#919=LINE('',#5075,#1214);
#920=LINE('',#5077,#1215);
#921=LINE('',#5083,#1216);
#922=LINE('',#5090,#1217);
#923=VECTOR('',#3259,10.);
#924=VECTOR('',#3260,10.);
#925=VECTOR('',#3265,10.);
#926=VECTOR('',#3268,10.);
#927=VECTOR('',#3271,10.);
#928=VECTOR('',#3272,10.);
#929=VECTOR('',#3273,10.);
#930=VECTOR('',#3274,10.);
#931=VECTOR('',#3275,10.);
#932=VECTOR('',#3276,10.);
#933=VECTOR('',#3279,10.);
#934=VECTOR('',#3280,10.);
#935=VECTOR('',#3281,10.);
#936=VECTOR('',#3284,10.);
#937=VECTOR('',#3285,10.);
#938=VECTOR('',#3286,10.);
#939=VECTOR('',#3287,10.);
#940=VECTOR('',#3288,10.);
#941=VECTOR('',#3289,10.);
#942=VECTOR('',#3290,10.);
#943=VECTOR('',#3293,10.);
#944=VECTOR('',#3294,10.);
#945=VECTOR('',#3295,10.);
#946=VECTOR('',#3298,10.);
#947=VECTOR('',#3299,10.);
#948=VECTOR('',#3302,10.);
#949=VECTOR('',#3307,10.);
#950=VECTOR('',#3310,10.);
#951=VECTOR('',#3315,10.);
#952=VECTOR('',#3316,10.);
#953=VECTOR('',#3317,10.);
#954=VECTOR('',#3320,10.);
#955=VECTOR('',#3321,10.);
#956=VECTOR('',#3322,10.);
#957=VECTOR('',#3325,10.);
#958=VECTOR('',#3326,10.);
#959=VECTOR('',#3327,10.);
#960=VECTOR('',#3328,10.);
#961=VECTOR('',#3329,10.);
#962=VECTOR('',#3330,10.);
#963=VECTOR('',#3331,10.);
#964=VECTOR('',#3334,10.);
#965=VECTOR('',#3337,10.);
#966=VECTOR('',#3340,10.);
#967=VECTOR('',#3347,10.);
#968=VECTOR('',#3352,10.);
#969=VECTOR('',#3355,10.);
#970=VECTOR('',#3362,10.);
#971=VECTOR('',#3365,10.);
#972=VECTOR('',#3370,10.);
#973=VECTOR('',#3373,10.);
#974=VECTOR('',#3380,10.);
#975=VECTOR('',#3385,10.);
#976=VECTOR('',#3386,10.);
#977=VECTOR('',#3391,10.);
#978=VECTOR('',#3394,10.);
#979=VECTOR('',#3397,10.);
#980=VECTOR('',#3400,10.);
#981=VECTOR('',#3403,10.);
#982=VECTOR('',#3406,10.);
#983=VECTOR('',#3409,10.);
#984=VECTOR('',#3412,10.);
#985=VECTOR('',#3417,10.);
#986=VECTOR('',#3418,10.);
#987=VECTOR('',#3423,10.);
#988=VECTOR('',#3426,10.);
#989=VECTOR('',#3429,10.);
#990=VECTOR('',#3434,10.);
#991=VECTOR('',#3439,10.);
#992=VECTOR('',#3440,10.);
#993=VECTOR('',#3445,10.);
#994=VECTOR('',#3448,10.);
#995=VECTOR('',#3449,10.);
#996=VECTOR('',#3454,10.);
#997=VECTOR('',#3457,10.);
#998=VECTOR('',#3458,10.);
#999=VECTOR('',#3459,10.);
#1000=VECTOR('',#3460,10.);
#1001=VECTOR('',#3463,10.);
#1002=VECTOR('',#3464,10.);
#1003=VECTOR('',#3465,10.);
#1004=VECTOR('',#3470,10.);
#1005=VECTOR('',#3473,10.);
#1006=VECTOR('',#3474,10.);
#1007=VECTOR('',#3477,10.);
#1008=VECTOR('',#3478,10.);
#1009=VECTOR('',#3479,10.);
#1010=VECTOR('',#3480,10.);
#1011=VECTOR('',#3481,10.);
#1012=VECTOR('',#3484,10.);
#1013=VECTOR('',#3485,10.);
#1014=VECTOR('',#3486,10.);
#1015=VECTOR('',#3487,10.);
#1016=VECTOR('',#3488,10.);
#1017=VECTOR('',#3491,10.);
#1018=VECTOR('',#3492,10.);
#1019=VECTOR('',#3493,10.);
#1020=VECTOR('',#3494,10.);
#1021=VECTOR('',#3495,10.);
#1022=VECTOR('',#3512,10.);
#1023=VECTOR('',#3525,10.);
#1024=VECTOR('',#3526,10.);
#1025=VECTOR('',#3531,10.);
#1026=VECTOR('',#3552,10.);
#1027=VECTOR('',#3561,10.);
#1028=VECTOR('',#3564,10.);
#1029=VECTOR('',#3567,10.);
#1030=VECTOR('',#3568,10.);
#1031=VECTOR('',#3569,10.);
#1032=VECTOR('',#3572,10.);
#1033=VECTOR('',#3573,10.);
#1034=VECTOR('',#3576,10.);
#1035=VECTOR('',#3577,10.);
#1036=VECTOR('',#3580,10.);
#1037=VECTOR('',#3585,10.);
#1038=VECTOR('',#3588,10.);
#1039=VECTOR('',#3593,10.);
#1040=VECTOR('',#3596,10.);
#1041=VECTOR('',#3601,10.);
#1042=VECTOR('',#3602,10.);
#1043=VECTOR('',#3605,10.);
#1044=VECTOR('',#3606,10.);
#1045=VECTOR('',#3615,10.);
#1046=VECTOR('',#3616,10.);
#1047=VECTOR('',#3619,10.);
#1048=VECTOR('',#3620,10.);
#1049=VECTOR('',#3623,10.);
#1050=VECTOR('',#3628,10.);
#1051=VECTOR('',#3629,10.);
#1052=VECTOR('',#3632,10.);
#1053=VECTOR('',#3633,10.);
#1054=VECTOR('',#3636,10.);
#1055=VECTOR('',#3639,10.);
#1056=VECTOR('',#3640,10.);
#1057=VECTOR('',#3641,10.);
#1058=VECTOR('',#3644,10.);
#1059=VECTOR('',#3645,10.);
#1060=VECTOR('',#3652,10.);
#1061=VECTOR('',#3655,10.);
#1062=VECTOR('',#3658,10.);
#1063=VECTOR('',#3659,10.);
#1064=VECTOR('',#3660,10.);
#1065=VECTOR('',#3661,10.);
#1066=VECTOR('',#3662,10.);
#1067=VECTOR('',#3665,10.);
#1068=VECTOR('',#3666,10.);
#1069=VECTOR('',#3667,10.);
#1070=VECTOR('',#3672,10.);
#1071=VECTOR('',#3675,10.);
#1072=VECTOR('',#3678,10.);
#1073=VECTOR('',#3679,10.);
#1074=VECTOR('',#3680,10.);
#1075=VECTOR('',#3681,10.);
#1076=VECTOR('',#3682,10.);
#1077=VECTOR('',#3685,10.);
#1078=VECTOR('',#3686,10.);
#1079=VECTOR('',#3689,10.);
#1080=VECTOR('',#3690,10.);
#1081=VECTOR('',#3693,10.);
#1082=VECTOR('',#3694,10.);
#1083=VECTOR('',#3697,10.);
#1084=VECTOR('',#3698,10.);
#1085=VECTOR('',#3701,10.);
#1086=VECTOR('',#3702,10.);
#1087=VECTOR('',#3705,10.);
#1088=VECTOR('',#3706,10.);
#1089=VECTOR('',#3709,10.);
#1090=VECTOR('',#3710,10.);
#1091=VECTOR('',#3711,10.);
#1092=VECTOR('',#3712,10.);
#1093=VECTOR('',#3715,10.);
#1094=VECTOR('',#3716,10.);
#1095=VECTOR('',#3719,10.);
#1096=VECTOR('',#3720,10.);
#1097=VECTOR('',#3723,10.);
#1098=VECTOR('',#3724,10.);
#1099=VECTOR('',#3727,10.);
#1100=VECTOR('',#3728,10.);
#1101=VECTOR('',#3731,10.);
#1102=VECTOR('',#3732,10.);
#1103=VECTOR('',#3735,10.);
#1104=VECTOR('',#3736,10.);
#1105=VECTOR('',#3739,10.);
#1106=VECTOR('',#3740,10.);
#1107=VECTOR('',#3741,10.);
#1108=VECTOR('',#3742,10.);
#1109=VECTOR('',#3747,10.);
#1110=VECTOR('',#3748,10.);
#1111=VECTOR('',#3751,10.);
#1112=VECTOR('',#3754,10.);
#1113=VECTOR('',#3757,10.);
#1114=VECTOR('',#3758,10.);
#1115=VECTOR('',#3761,10.);
#1116=VECTOR('',#3764,10.);
#1117=VECTOR('',#3765,10.);
#1118=VECTOR('',#3770,10.);
#1119=VECTOR('',#3773,10.);
#1120=VECTOR('',#3776,10.);
#1121=VECTOR('',#3777,10.);
#1122=VECTOR('',#3780,10.);
#1123=VECTOR('',#3783,10.);
#1124=VECTOR('',#3784,10.);
#1125=VECTOR('',#3789,10.);
#1126=VECTOR('',#3792,10.);
#1127=VECTOR('',#3795,10.);
#1128=VECTOR('',#3796,10.);
#1129=VECTOR('',#3799,10.);
#1130=VECTOR('',#3802,10.);
#1131=VECTOR('',#3803,10.);
#1132=VECTOR('',#3808,10.);
#1133=VECTOR('',#3811,10.);
#1134=VECTOR('',#3814,10.);
#1135=VECTOR('',#3815,10.);
#1136=VECTOR('',#3818,10.);
#1137=VECTOR('',#3823,10.);
#1138=VECTOR('',#3824,10.);
#1139=VECTOR('',#3827,10.);
#1140=VECTOR('',#3828,10.);
#1141=VECTOR('',#3831,10.);
#1142=VECTOR('',#3832,10.);
#1143=VECTOR('',#3835,10.);
#1144=VECTOR('',#3836,10.);
#1145=VECTOR('',#3839,10.);
#1146=VECTOR('',#3840,10.);
#1147=VECTOR('',#3845,1.25);
#1148=VECTOR('',#3852,1.25);
#1149=VECTOR('',#3859,1.25);
#1150=VECTOR('',#3866,1.25);
#1151=VECTOR('',#3873,1.75);
#1152=VECTOR('',#3882,1.75);
#1153=VECTOR('',#3891,1.75);
#1154=VECTOR('',#3900,1.75);
#1155=VECTOR('',#3907,10.);
#1156=VECTOR('',#3910,10.);
#1157=VECTOR('',#3915,10.);
#1158=VECTOR('',#3918,10.);
#1159=VECTOR('',#3921,10.);
#1160=VECTOR('',#3926,10.);
#1161=VECTOR('',#3931,10.);
#1162=VECTOR('',#3936,10.);
#1163=VECTOR('',#3937,10.);
#1164=VECTOR('',#3940,10.);
#1165=VECTOR('',#3945,10.);
#1166=VECTOR('',#3952,4.);
#1167=VECTOR('',#3957,10.);
#1168=VECTOR('',#3958,10.);
#1169=VECTOR('',#3959,10.);
#1170=VECTOR('',#3962,10.);
#1171=VECTOR('',#3963,10.);
#1172=VECTOR('',#3964,10.);
#1173=VECTOR('',#3967,10.);
#1174=VECTOR('',#3968,10.);
#1175=VECTOR('',#3969,10.);
#1176=VECTOR('',#3972,10.);
#1177=VECTOR('',#3973,10.);
#1178=VECTOR('',#3974,10.);
#1179=VECTOR('',#3977,10.);
#1180=VECTOR('',#3978,10.);
#1181=VECTOR('',#3979,10.);
#1182=VECTOR('',#3982,10.);
#1183=VECTOR('',#3983,10.);
#1184=VECTOR('',#3984,10.);
#1185=VECTOR('',#3987,10.);
#1186=VECTOR('',#3988,10.);
#1187=VECTOR('',#3989,10.);
#1188=VECTOR('',#3992,10.);
#1189=VECTOR('',#3993,10.);
#1190=VECTOR('',#3996,10.);
#1191=VECTOR('',#3997,10.);
#1192=VECTOR('',#4000,10.);
#1193=VECTOR('',#4001,10.);
#1194=VECTOR('',#4004,10.);
#1195=VECTOR('',#4007,10.);
#1196=VECTOR('',#4010,10.);
#1197=VECTOR('',#4013,10.);
#1198=VECTOR('',#4016,10.);
#1199=VECTOR('',#4017,10.);
#1200=VECTOR('',#4022,10.);
#1201=VECTOR('',#4023,10.);
#1202=VECTOR('',#4024,10.);
#1203=VECTOR('',#4027,10.);
#1204=VECTOR('',#4028,10.);
#1205=VECTOR('',#4031,10.);
#1206=VECTOR('',#4032,10.);
#1207=VECTOR('',#4035,10.);
#1208=VECTOR('',#4036,10.);
#1209=VECTOR('',#4039,10.);
#1210=VECTOR('',#4040,10.);
#1211=VECTOR('',#4043,10.);
#1212=VECTOR('',#4050,1.6);
#1213=VECTOR('',#4053,10.);
#1214=VECTOR('',#4054,10.);
#1215=VECTOR('',#4057,10.);
#1216=VECTOR('',#4066,1.6);
#1217=VECTOR('',#4077,1.6);
#1218=ELLIPSE('',#2986,0.522162915732911,0.4);
#1219=ELLIPSE('',#2997,0.740051923323965,0.4);
#1220=ELLIPSE('',#3022,0.594288412494554,0.5);
#1221=ELLIPSE('',#3036,0.77786191343021,0.5);
#1222=ELLIPSE('',#3039,4.66717148058126,3.);
#1223=ELLIPSE('',#3047,3.01277268739566,3.);
#1224=ELLIPSE('',#3092,14.142135623731,10.);
#1225=ELLIPSE('',#3093,16.9705627484771,12.);
#1226=ELLIPSE('',#3095,16.9705627484771,12.);
#1227=ELLIPSE('',#3096,14.142135623731,10.);
#1228=VERTEX_POINT('',#4088);
#1229=VERTEX_POINT('',#4089);
#1230=VERTEX_POINT('',#4091);
#1231=VERTEX_POINT('',#4093);
#1232=VERTEX_POINT('',#4104);
#1233=VERTEX_POINT('',#4117);
#1234=VERTEX_POINT('',#4119);
#1235=VERTEX_POINT('',#4121);
#1236=VERTEX_POINT('',#4123);
#1237=VERTEX_POINT('',#4126);
#1238=VERTEX_POINT('',#4127);
#1239=VERTEX_POINT('',#4129);
#1240=VERTEX_POINT('',#4131);
#1241=VERTEX_POINT('',#4133);
#1242=VERTEX_POINT('',#4135);
#1243=VERTEX_POINT('',#4139);
#1244=VERTEX_POINT('',#4141);
#1245=VERTEX_POINT('',#4143);
#1246=VERTEX_POINT('',#4145);
#1247=VERTEX_POINT('',#4147);
#1248=VERTEX_POINT('',#4149);
#1249=VERTEX_POINT('',#4151);
#1250=VERTEX_POINT('',#4153);
#1251=VERTEX_POINT('',#4155);
#1252=VERTEX_POINT('',#4157);
#1253=VERTEX_POINT('',#4159);
#1254=VERTEX_POINT('',#4161);
#1255=VERTEX_POINT('',#4163);
#1256=VERTEX_POINT('',#4166);
#1257=VERTEX_POINT('',#4167);
#1258=VERTEX_POINT('',#4169);
#1259=VERTEX_POINT('',#4172);
#1260=VERTEX_POINT('',#4173);
#1261=VERTEX_POINT('',#4175);
#1262=VERTEX_POINT('',#4179);
#1263=VERTEX_POINT('',#4180);
#1264=VERTEX_POINT('',#4182);
#1265=VERTEX_POINT('',#4184);
#1266=VERTEX_POINT('',#4186);
#1267=VERTEX_POINT('',#4246);
#1268=VERTEX_POINT('',#4259);
#1269=VERTEX_POINT('',#4260);
#1270=VERTEX_POINT('',#4262);
#1271=VERTEX_POINT('',#4266);
#1272=VERTEX_POINT('',#4268);
#1273=VERTEX_POINT('',#4270);
#1274=VERTEX_POINT('',#4272);
#1275=VERTEX_POINT('',#4274);
#1276=VERTEX_POINT('',#4276);
#1277=VERTEX_POINT('',#4278);
#1278=VERTEX_POINT('',#4280);
#1279=VERTEX_POINT('',#4282);
#1280=VERTEX_POINT('',#4284);
#1281=VERTEX_POINT('',#4288);
#1282=VERTEX_POINT('',#4289);
#1283=VERTEX_POINT('',#4291);
#1284=VERTEX_POINT('',#4293);
#1285=VERTEX_POINT('',#4295);
#1286=VERTEX_POINT('',#4297);
#1287=VERTEX_POINT('',#4300);
#1288=VERTEX_POINT('',#4303);
#1289=VERTEX_POINT('',#4314);
#1290=VERTEX_POINT('',#4347);
#1291=VERTEX_POINT('',#4349);
#1292=VERTEX_POINT('',#4351);
#1293=VERTEX_POINT('',#4353);
#1294=VERTEX_POINT('',#4356);
#1295=VERTEX_POINT('',#4359);
#1296=VERTEX_POINT('',#4368);
#1297=VERTEX_POINT('',#4379);
#1298=VERTEX_POINT('',#4391);
#1299=VERTEX_POINT('',#4400);
#1300=VERTEX_POINT('',#4402);
#1301=VERTEX_POINT('',#4406);
#1302=VERTEX_POINT('',#4408);
#1303=VERTEX_POINT('',#4411);
#1304=VERTEX_POINT('',#4414);
#1305=VERTEX_POINT('',#4419);
#1306=VERTEX_POINT('',#4423);
#1307=VERTEX_POINT('',#4427);
#1308=VERTEX_POINT('',#4429);
#1309=VERTEX_POINT('',#4431);
#1310=VERTEX_POINT('',#4433);
#1311=VERTEX_POINT('',#4435);
#1312=VERTEX_POINT('',#4437);
#1313=VERTEX_POINT('',#4440);
#1314=VERTEX_POINT('',#4442);
#1315=VERTEX_POINT('',#4444);
#1316=VERTEX_POINT('',#4448);
#1317=VERTEX_POINT('',#4452);
#1318=VERTEX_POINT('',#4464);
#1319=VERTEX_POINT('',#4468);
#1320=VERTEX_POINT('',#4472);
#1321=VERTEX_POINT('',#4476);
#1322=VERTEX_POINT('',#4480);
#1323=VERTEX_POINT('',#4492);
#1324=VERTEX_POINT('',#4493);
#1325=VERTEX_POINT('',#4495);
#1326=VERTEX_POINT('',#4497);
#1327=VERTEX_POINT('',#4501);
#1328=VERTEX_POINT('',#4503);
#1329=VERTEX_POINT('',#4505);
#1330=VERTEX_POINT('',#4509);
#1331=VERTEX_POINT('',#4511);
#1332=VERTEX_POINT('',#4513);
#1333=VERTEX_POINT('',#4517);
#1334=VERTEX_POINT('',#4519);
#1335=VERTEX_POINT('',#4521);
#1336=VERTEX_POINT('',#4523);
#1337=VERTEX_POINT('',#4527);
#1338=VERTEX_POINT('',#4529);
#1339=VERTEX_POINT('',#4531);
#1340=VERTEX_POINT('',#4533);
#1341=VERTEX_POINT('',#4537);
#1342=VERTEX_POINT('',#4539);
#1343=VERTEX_POINT('',#4541);
#1344=VERTEX_POINT('',#4543);
#1345=VERTEX_POINT('',#4550);
#1346=VERTEX_POINT('',#4554);
#1347=VERTEX_POINT('',#4558);
#1348=VERTEX_POINT('',#4559);
#1349=VERTEX_POINT('',#4564);
#1350=VERTEX_POINT('',#4565);
#1351=VERTEX_POINT('',#4570);
#1352=VERTEX_POINT('',#4579);
#1353=VERTEX_POINT('',#4583);
#1354=VERTEX_POINT('',#4594);
#1355=VERTEX_POINT('',#4595);
#1356=VERTEX_POINT('',#4600);
#1357=VERTEX_POINT('',#4604);
#1358=VERTEX_POINT('',#4610);
#1359=VERTEX_POINT('',#4611);
#1360=VERTEX_POINT('',#4613);
#1361=VERTEX_POINT('',#4615);
#1362=VERTEX_POINT('',#4619);
#1363=VERTEX_POINT('',#4620);
#1364=VERTEX_POINT('',#4622);
#1365=VERTEX_POINT('',#4624);
#1366=VERTEX_POINT('',#4629);
#1367=VERTEX_POINT('',#4631);
#1368=VERTEX_POINT('',#4633);
#1369=VERTEX_POINT('',#4635);
#1370=VERTEX_POINT('',#4641);
#1371=VERTEX_POINT('',#4642);
#1372=VERTEX_POINT('',#4647);
#1373=VERTEX_POINT('',#4653);
#1374=VERTEX_POINT('',#4654);
#1375=VERTEX_POINT('',#4659);
#1376=VERTEX_POINT('',#4665);
#1377=VERTEX_POINT('',#4666);
#1378=VERTEX_POINT('',#4671);
#1379=VERTEX_POINT('',#4677);
#1380=VERTEX_POINT('',#4679);
#1381=VERTEX_POINT('',#4683);
#1382=VERTEX_POINT('',#4685);
#1383=VERTEX_POINT('',#4687);
#1384=VERTEX_POINT('',#4689);
#1385=VERTEX_POINT('',#4693);
#1386=VERTEX_POINT('',#4695);
#1387=VERTEX_POINT('',#4699);
#1388=VERTEX_POINT('',#4700);
#1389=VERTEX_POINT('',#4702);
#1390=VERTEX_POINT('',#4704);
#1391=VERTEX_POINT('',#4708);
#1392=VERTEX_POINT('',#4710);
#1393=VERTEX_POINT('',#4712);
#1394=VERTEX_POINT('',#4714);
#1395=VERTEX_POINT('',#4717);
#1396=VERTEX_POINT('',#4718);
#1397=VERTEX_POINT('',#4720);
#1398=VERTEX_POINT('',#4723);
#1399=VERTEX_POINT('',#4724);
#1400=VERTEX_POINT('',#4726);
#1401=VERTEX_POINT('',#4729);
#1402=VERTEX_POINT('',#4730);
#1403=VERTEX_POINT('',#4732);
#1404=VERTEX_POINT('',#4735);
#1405=VERTEX_POINT('',#4736);
#1406=VERTEX_POINT('',#4738);
#1407=VERTEX_POINT('',#4741);
#1408=VERTEX_POINT('',#4742);
#1409=VERTEX_POINT('',#4744);
#1410=VERTEX_POINT('',#4748);
#1411=VERTEX_POINT('',#4752);
#1412=VERTEX_POINT('',#4753);
#1413=VERTEX_POINT('',#4755);
#1414=VERTEX_POINT('',#4757);
#1415=VERTEX_POINT('',#4761);
#1416=VERTEX_POINT('',#4766);
#1417=VERTEX_POINT('',#4768);
#1418=VERTEX_POINT('',#4772);
#1419=VERTEX_POINT('',#4773);
#1420=VERTEX_POINT('',#4775);
#1421=VERTEX_POINT('',#4778);
#1422=VERTEX_POINT('',#4779);
#1423=VERTEX_POINT('',#4781);
#1424=VERTEX_POINT('',#4784);
#1425=VERTEX_POINT('',#4785);
#1426=VERTEX_POINT('',#4787);
#1427=VERTEX_POINT('',#4790);
#1428=VERTEX_POINT('',#4791);
#1429=VERTEX_POINT('',#4793);
#1430=VERTEX_POINT('',#4796);
#1431=VERTEX_POINT('',#4797);
#1432=VERTEX_POINT('',#4799);
#1433=VERTEX_POINT('',#4803);
#1434=VERTEX_POINT('',#4807);
#1435=VERTEX_POINT('',#4809);
#1436=VERTEX_POINT('',#4813);
#1437=VERTEX_POINT('',#4819);
#1438=VERTEX_POINT('',#4820);
#1439=VERTEX_POINT('',#4822);
#1440=VERTEX_POINT('',#4826);
#1441=VERTEX_POINT('',#4828);
#1442=VERTEX_POINT('',#4832);
#1443=VERTEX_POINT('',#4838);
#1444=VERTEX_POINT('',#4839);
#1445=VERTEX_POINT('',#4841);
#1446=VERTEX_POINT('',#4845);
#1447=VERTEX_POINT('',#4847);
#1448=VERTEX_POINT('',#4851);
#1449=VERTEX_POINT('',#4857);
#1450=VERTEX_POINT('',#4858);
#1451=VERTEX_POINT('',#4860);
#1452=VERTEX_POINT('',#4864);
#1453=VERTEX_POINT('',#4866);
#1454=VERTEX_POINT('',#4870);
#1455=VERTEX_POINT('',#4876);
#1456=VERTEX_POINT('',#4877);
#1457=VERTEX_POINT('',#4879);
#1458=VERTEX_POINT('',#4895);
#1459=VERTEX_POINT('',#4897);
#1460=VERTEX_POINT('',#4901);
#1461=VERTEX_POINT('',#4903);
#1462=VERTEX_POINT('',#4907);
#1463=VERTEX_POINT('',#4909);
#1464=VERTEX_POINT('',#4913);
#1465=VERTEX_POINT('',#4915);
#1466=VERTEX_POINT('',#4919);
#1467=VERTEX_POINT('',#4921);
#1468=VERTEX_POINT('',#4926);
#1469=VERTEX_POINT('',#4928);
#1470=VERTEX_POINT('',#4933);
#1471=VERTEX_POINT('',#4935);
#1472=VERTEX_POINT('',#4940);
#1473=VERTEX_POINT('',#4942);
#1474=VERTEX_POINT('',#4974);
#1475=VERTEX_POINT('',#4976);
#1476=VERTEX_POINT('',#4980);
#1477=VERTEX_POINT('',#4982);
#1478=VERTEX_POINT('',#4986);
#1479=VERTEX_POINT('',#4988);
#1480=VERTEX_POINT('',#4992);
#1481=VERTEX_POINT('',#4994);
#1482=VERTEX_POINT('',#4998);
#1483=VERTEX_POINT('',#5000);
#1484=VERTEX_POINT('',#5004);
#1485=VERTEX_POINT('',#5006);
#1486=VERTEX_POINT('',#5010);
#1487=VERTEX_POINT('',#5012);
#1488=VERTEX_POINT('',#5016);
#1489=VERTEX_POINT('',#5018);
#1490=VERTEX_POINT('',#5025);
#1491=VERTEX_POINT('',#5029);
#1492=VERTEX_POINT('',#5045);
#1493=VERTEX_POINT('',#5047);
#1494=VERTEX_POINT('',#5051);
#1495=VERTEX_POINT('',#5055);
#1496=VERTEX_POINT('',#5059);
#1497=VERTEX_POINT('',#5063);
#1498=VERTEX_POINT('',#5069);
#1499=VERTEX_POINT('',#5082);
#1500=VERTEX_POINT('',#5089);
#1501=EDGE_CURVE('',#1228,#1229,#1218,.F.);
#1502=EDGE_CURVE('',#1228,#1230,#628,.T.);
#1503=EDGE_CURVE('',#1230,#1231,#615,.T.);
#1504=EDGE_CURVE('',#1231,#1232,#629,.T.);
#1505=EDGE_CURVE('',#1232,#1229,#616,.T.);
#1506=EDGE_CURVE('',#1233,#1231,#60,.T.);
#1507=EDGE_CURVE('',#1233,#1234,#630,.T.);
#1508=EDGE_CURVE('',#1235,#1234,#61,.T.);
#1509=EDGE_CURVE('',#1236,#1235,#631,.T.);
#1510=EDGE_CURVE('',#1232,#1236,#62,.T.);
#1511=EDGE_CURVE('',#1237,#1238,#632,.T.);
#1512=EDGE_CURVE('',#1238,#1239,#633,.T.);
#1513=EDGE_CURVE('',#1239,#1240,#634,.T.);
#1514=EDGE_CURVE('',#1240,#1241,#635,.T.);
#1515=EDGE_CURVE('',#1241,#1242,#636,.T.);
#1516=EDGE_CURVE('',#1242,#1237,#637,.T.);
#1517=EDGE_CURVE('',#1243,#1228,#638,.T.);
#1518=EDGE_CURVE('',#1243,#1244,#639,.T.);
#1519=EDGE_CURVE('',#1245,#1244,#640,.T.);
#1520=EDGE_CURVE('',#1246,#1245,#63,.T.);
#1521=EDGE_CURVE('',#1246,#1247,#641,.T.);
#1522=EDGE_CURVE('',#1248,#1247,#642,.T.);
#1523=EDGE_CURVE('',#1249,#1248,#643,.T.);
#1524=EDGE_CURVE('',#1250,#1249,#644,.T.);
#1525=EDGE_CURVE('',#1251,#1250,#645,.T.);
#1526=EDGE_CURVE('',#1251,#1252,#646,.T.);
#1527=EDGE_CURVE('',#1252,#1253,#647,.T.);
#1528=EDGE_CURVE('',#1253,#1254,#64,.T.);
#1529=EDGE_CURVE('',#1254,#1255,#648,.T.);
#1530=EDGE_CURVE('',#1230,#1255,#649,.T.);
#1531=EDGE_CURVE('',#1256,#1257,#650,.T.);
#1532=EDGE_CURVE('',#1257,#1258,#65,.T.);
#1533=EDGE_CURVE('',#1258,#1256,#651,.T.);
#1534=EDGE_CURVE('',#1259,#1260,#652,.T.);
#1535=EDGE_CURVE('',#1260,#1261,#66,.T.);
#1536=EDGE_CURVE('',#1261,#1259,#653,.T.);
#1537=EDGE_CURVE('',#1262,#1263,#1219,.F.);
#1538=EDGE_CURVE('',#1262,#1264,#654,.T.);
#1539=EDGE_CURVE('',#1264,#1265,#67,.T.);
#1540=EDGE_CURVE('',#1265,#1266,#655,.T.);
#1541=EDGE_CURVE('',#1266,#1263,#617,.T.);
#1542=EDGE_CURVE('',#1264,#1267,#618,.T.);
#1543=EDGE_CURVE('',#1265,#1267,#68,.T.);
#1544=EDGE_CURVE('',#1268,#1269,#656,.T.);
#1545=EDGE_CURVE('',#1268,#1270,#657,.T.);
#1546=EDGE_CURVE('',#1269,#1270,#658,.T.);
#1547=EDGE_CURVE('',#1262,#1271,#659,.T.);
#1548=EDGE_CURVE('',#1272,#1271,#660,.T.);
#1549=EDGE_CURVE('',#1273,#1272,#661,.T.);
#1550=EDGE_CURVE('',#1274,#1273,#69,.T.);
#1551=EDGE_CURVE('',#1275,#1274,#662,.T.);
#1552=EDGE_CURVE('',#1276,#1275,#663,.T.);
#1553=EDGE_CURVE('',#1277,#1276,#664,.T.);
#1554=EDGE_CURVE('',#1278,#1277,#665,.T.);
#1555=EDGE_CURVE('',#1279,#1278,#666,.T.);
#1556=EDGE_CURVE('',#1280,#1279,#667,.T.);
#1557=EDGE_CURVE('',#1267,#1280,#668,.T.);
#1558=EDGE_CURVE('',#1281,#1282,#669,.T.);
#1559=EDGE_CURVE('',#1283,#1281,#70,.T.);
#1560=EDGE_CURVE('',#1283,#1284,#670,.T.);
#1561=EDGE_CURVE('',#1285,#1284,#71,.T.);
#1562=EDGE_CURVE('',#1286,#1285,#671,.T.);
#1563=EDGE_CURVE('',#1282,#1286,#72,.T.);
#1564=EDGE_CURVE('',#1287,#1287,#73,.T.);
#1565=EDGE_CURVE('',#1250,#1288,#619,.T.);
#1566=EDGE_CURVE('',#1288,#1289,#672,.T.);
#1567=EDGE_CURVE('',#1289,#1278,#620,.T.);
#1568=EDGE_CURVE('',#1278,#1281,#621,.T.);
#1569=EDGE_CURVE('',#1250,#1282,#622,.F.);
#1570=EDGE_CURVE('',#1290,#1288,#74,.T.);
#1571=EDGE_CURVE('',#1290,#1291,#673,.T.);
#1572=EDGE_CURVE('',#1292,#1291,#75,.T.);
#1573=EDGE_CURVE('',#1293,#1292,#674,.T.);
#1574=EDGE_CURVE('',#1289,#1293,#76,.T.);
#1575=EDGE_CURVE('',#1294,#1294,#77,.T.);
#1576=EDGE_CURVE('',#1280,#1295,#623,.F.);
#1577=EDGE_CURVE('',#1279,#1296,#624,.T.);
#1578=EDGE_CURVE('',#1296,#1297,#675,.T.);
#1579=EDGE_CURVE('',#1297,#1249,#625,.T.);
#1580=EDGE_CURVE('',#1248,#1298,#626,.T.);
#1581=EDGE_CURVE('',#1298,#1299,#78,.T.);
#1582=EDGE_CURVE('',#1299,#1300,#676,.T.);
#1583=EDGE_CURVE('',#1295,#1300,#79,.F.);
#1584=EDGE_CURVE('',#1299,#1301,#677,.T.);
#1585=EDGE_CURVE('',#1302,#1301,#80,.T.);
#1586=EDGE_CURVE('',#1300,#1302,#678,.T.);
#1587=EDGE_CURVE('',#1303,#1303,#81,.T.);
#1588=EDGE_CURVE('',#1266,#1304,#82,.T.);
#1589=EDGE_CURVE('',#1304,#1298,#679,.T.);
#1590=EDGE_CURVE('',#1263,#1247,#1220,.F.);
#1591=EDGE_CURVE('',#1304,#1305,#680,.T.);
#1592=EDGE_CURVE('',#1301,#1305,#681,.T.);
#1593=EDGE_CURVE('',#1306,#1255,#83,.T.);
#1594=EDGE_CURVE('',#1306,#1233,#682,.T.);
#1595=EDGE_CURVE('',#1254,#1307,#683,.T.);
#1596=EDGE_CURVE('',#1308,#1307,#84,.T.);
#1597=EDGE_CURVE('',#1308,#1309,#684,.T.);
#1598=EDGE_CURVE('',#1310,#1309,#85,.T.);
#1599=EDGE_CURVE('',#1311,#1310,#685,.T.);
#1600=EDGE_CURVE('',#1311,#1312,#86,.F.);
#1601=EDGE_CURVE('',#1312,#1270,#686,.T.);
#1602=EDGE_CURVE('',#1268,#1313,#87,.T.);
#1603=EDGE_CURVE('',#1313,#1314,#687,.T.);
#1604=EDGE_CURVE('',#1315,#1314,#88,.F.);
#1605=EDGE_CURVE('',#1315,#1306,#688,.T.);
#1606=EDGE_CURVE('',#1295,#1316,#689,.F.);
#1607=EDGE_CURVE('',#1316,#1265,#89,.T.);
#1608=EDGE_CURVE('',#1317,#1302,#690,.T.);
#1609=EDGE_CURVE('',#1316,#1317,#691,.T.);
#1610=EDGE_CURVE('',#1229,#1269,#1221,.F.);
#1611=EDGE_CURVE('',#1236,#1313,#692,.T.);
#1612=EDGE_CURVE('',#1314,#1235,#693,.T.);
#1613=EDGE_CURVE('',#1311,#1283,#694,.T.);
#1614=EDGE_CURVE('',#1277,#1312,#1222,.T.);
#1615=EDGE_CURVE('',#1293,#1318,#695,.T.);
#1616=EDGE_CURVE('',#1318,#1296,#90,.T.);
#1617=EDGE_CURVE('',#1319,#1292,#696,.T.);
#1618=EDGE_CURVE('',#1318,#1319,#697,.T.);
#1619=EDGE_CURVE('',#1297,#1320,#91,.T.);
#1620=EDGE_CURVE('',#1320,#1290,#698,.T.);
#1621=EDGE_CURVE('',#1320,#1321,#699,.T.);
#1622=EDGE_CURVE('',#1291,#1321,#700,.T.);
#1623=EDGE_CURVE('',#1307,#1322,#627,.T.);
#1624=EDGE_CURVE('',#1322,#1251,#1223,.T.);
#1625=EDGE_CURVE('',#1286,#1308,#701,.T.);
#1626=EDGE_CURVE('',#1323,#1324,#702,.T.);
#1627=EDGE_CURVE('',#1325,#1323,#703,.T.);
#1628=EDGE_CURVE('',#1326,#1325,#704,.T.);
#1629=EDGE_CURVE('',#1326,#1324,#705,.T.);
#1630=EDGE_CURVE('',#1324,#1327,#706,.T.);
#1631=EDGE_CURVE('',#1328,#1326,#707,.T.);
#1632=EDGE_CURVE('',#1329,#1328,#708,.T.);
#1633=EDGE_CURVE('',#1327,#1329,#92,.T.);
#1634=EDGE_CURVE('',#1330,#1323,#709,.T.);
#1635=EDGE_CURVE('',#1331,#1330,#93,.T.);
#1636=EDGE_CURVE('',#1332,#1331,#710,.T.);
#1637=EDGE_CURVE('',#1325,#1332,#711,.T.);
#1638=EDGE_CURVE('',#1333,#1327,#712,.T.);
#1639=EDGE_CURVE('',#1334,#1333,#713,.T.);
#1640=EDGE_CURVE('',#1335,#1334,#714,.T.);
#1641=EDGE_CURVE('',#1336,#1335,#715,.T.);
#1642=EDGE_CURVE('',#1330,#1336,#716,.T.);
#1643=EDGE_CURVE('',#1328,#1337,#717,.T.);
#1644=EDGE_CURVE('',#1337,#1338,#718,.T.);
#1645=EDGE_CURVE('',#1338,#1339,#719,.T.);
#1646=EDGE_CURVE('',#1340,#1339,#720,.T.);
#1647=EDGE_CURVE('',#1329,#1340,#721,.T.);
#1648=EDGE_CURVE('',#1341,#1331,#722,.T.);
#1649=EDGE_CURVE('',#1342,#1341,#723,.T.);
#1650=EDGE_CURVE('',#1342,#1343,#724,.T.);
#1651=EDGE_CURVE('',#1343,#1344,#725,.T.);
#1652=EDGE_CURVE('',#1344,#1332,#726,.T.);
#1653=EDGE_CURVE('',#1340,#1333,#94,.F.);
#1654=EDGE_CURVE('',#1336,#1341,#95,.F.);
#1655=EDGE_CURVE('',#1345,#1336,#96,.F.);
#1656=EDGE_CURVE('',#1341,#1345,#97,.F.);
#1657=EDGE_CURVE('',#1335,#1346,#98,.T.);
#1658=EDGE_CURVE('',#1346,#1345,#727,.T.);
#1659=EDGE_CURVE('',#1347,#1348,#99,.T.);
#1660=EDGE_CURVE('',#1348,#1346,#100,.T.);
#1661=EDGE_CURVE('',#1335,#1347,#101,.T.);
#1662=EDGE_CURVE('',#1349,#1350,#102,.T.);
#1663=EDGE_CURVE('',#1350,#1348,#728,.T.);
#1664=EDGE_CURVE('',#1347,#1349,#729,.T.);
#1665=EDGE_CURVE('',#1351,#1342,#103,.T.);
#1666=EDGE_CURVE('',#1345,#1351,#730,.T.);
#1667=EDGE_CURVE('',#1275,#1340,#104,.F.);
#1668=EDGE_CURVE('',#1333,#1275,#105,.F.);
#1669=EDGE_CURVE('',#1274,#1334,#106,.T.);
#1670=EDGE_CURVE('',#1273,#1352,#107,.T.);
#1671=EDGE_CURVE('',#1352,#1334,#108,.T.);
#1672=EDGE_CURVE('',#1272,#1353,#109,.T.);
#1673=EDGE_CURVE('',#1353,#1352,#731,.T.);
#1674=EDGE_CURVE('',#1339,#1276,#110,.T.);
#1675=EDGE_CURVE('',#1352,#1347,#732,.T.);
#1676=EDGE_CURVE('',#1349,#1353,#733,.T.);
#1677=EDGE_CURVE('',#1354,#1355,#734,.T.);
#1678=EDGE_CURVE('',#1354,#1338,#735,.T.);
#1679=EDGE_CURVE('',#1355,#1337,#736,.T.);
#1680=EDGE_CURVE('',#1356,#1344,#737,.T.);
#1681=EDGE_CURVE('',#1355,#1356,#738,.T.);
#1682=EDGE_CURVE('',#1356,#1357,#739,.T.);
#1683=EDGE_CURVE('',#1357,#1343,#740,.T.);
#1684=EDGE_CURVE('',#1357,#1354,#741,.T.);
#1685=EDGE_CURVE('',#1358,#1359,#1224,.T.);
#1686=EDGE_CURVE('',#1360,#1358,#742,.T.);
#1687=EDGE_CURVE('',#1361,#1360,#1225,.T.);
#1688=EDGE_CURVE('',#1359,#1361,#743,.T.);
#1689=EDGE_CURVE('',#1362,#1363,#1226,.T.);
#1690=EDGE_CURVE('',#1364,#1362,#744,.T.);
#1691=EDGE_CURVE('',#1365,#1364,#1227,.T.);
#1692=EDGE_CURVE('',#1363,#1365,#745,.T.);
#1693=EDGE_CURVE('',#1361,#1363,#111,.T.);
#1694=EDGE_CURVE('',#1366,#1360,#746,.T.);
#1695=EDGE_CURVE('',#1367,#1366,#747,.T.);
#1696=EDGE_CURVE('',#1368,#1367,#112,.T.);
#1697=EDGE_CURVE('',#1368,#1369,#748,.T.);
#1698=EDGE_CURVE('',#1369,#1362,#749,.T.);
#1699=EDGE_CURVE('',#1365,#1359,#113,.T.);
#1700=EDGE_CURVE('',#1370,#1371,#114,.T.);
#1701=EDGE_CURVE('',#1370,#1258,#750,.T.);
#1702=EDGE_CURVE('',#1371,#1257,#751,.T.);
#1703=EDGE_CURVE('',#1371,#1372,#752,.T.);
#1704=EDGE_CURVE('',#1372,#1256,#753,.T.);
#1705=EDGE_CURVE('',#1372,#1370,#754,.T.);
#1706=EDGE_CURVE('',#1373,#1374,#115,.T.);
#1707=EDGE_CURVE('',#1373,#1261,#755,.T.);
#1708=EDGE_CURVE('',#1374,#1260,#756,.T.);
#1709=EDGE_CURVE('',#1374,#1375,#757,.T.);
#1710=EDGE_CURVE('',#1375,#1259,#758,.T.);
#1711=EDGE_CURVE('',#1375,#1373,#759,.T.);
#1712=EDGE_CURVE('',#1376,#1377,#760,.T.);
#1713=EDGE_CURVE('',#1376,#1253,#761,.T.);
#1714=EDGE_CURVE('',#1377,#1252,#762,.T.);
#1715=EDGE_CURVE('',#1377,#1378,#763,.T.);
#1716=EDGE_CURVE('',#1378,#1322,#764,.T.);
#1717=EDGE_CURVE('',#1378,#1376,#116,.T.);
#1718=EDGE_CURVE('',#1245,#1379,#765,.T.);
#1719=EDGE_CURVE('',#1379,#1380,#117,.T.);
#1720=EDGE_CURVE('',#1380,#1246,#766,.T.);
#1721=EDGE_CURVE('',#1381,#1379,#767,.T.);
#1722=EDGE_CURVE('',#1382,#1381,#768,.T.);
#1723=EDGE_CURVE('',#1383,#1382,#769,.T.);
#1724=EDGE_CURVE('',#1384,#1383,#770,.T.);
#1725=EDGE_CURVE('',#1384,#1380,#771,.T.);
#1726=EDGE_CURVE('',#1244,#1385,#772,.T.);
#1727=EDGE_CURVE('',#1385,#1386,#773,.T.);
#1728=EDGE_CURVE('',#1386,#1381,#774,.T.);
#1729=EDGE_CURVE('',#1387,#1388,#118,.T.);
#1730=EDGE_CURVE('',#1388,#1389,#775,.T.);
#1731=EDGE_CURVE('',#1389,#1390,#119,.T.);
#1732=EDGE_CURVE('',#1390,#1387,#776,.T.);
#1733=EDGE_CURVE('',#1387,#1391,#777,.T.);
#1734=EDGE_CURVE('',#1392,#1391,#778,.T.);
#1735=EDGE_CURVE('',#1393,#1392,#779,.T.);
#1736=EDGE_CURVE('',#1394,#1393,#780,.T.);
#1737=EDGE_CURVE('',#1388,#1394,#781,.T.);
#1738=EDGE_CURVE('',#1395,#1396,#120,.T.);
#1739=EDGE_CURVE('',#1396,#1397,#782,.T.);
#1740=EDGE_CURVE('',#1397,#1395,#783,.T.);
#1741=EDGE_CURVE('',#1398,#1399,#121,.T.);
#1742=EDGE_CURVE('',#1399,#1400,#784,.T.);
#1743=EDGE_CURVE('',#1400,#1398,#785,.T.);
#1744=EDGE_CURVE('',#1401,#1402,#122,.T.);
#1745=EDGE_CURVE('',#1402,#1403,#786,.T.);
#1746=EDGE_CURVE('',#1403,#1401,#787,.T.);
#1747=EDGE_CURVE('',#1404,#1405,#123,.T.);
#1748=EDGE_CURVE('',#1405,#1406,#788,.T.);
#1749=EDGE_CURVE('',#1406,#1404,#789,.T.);
#1750=EDGE_CURVE('',#1407,#1408,#124,.T.);
#1751=EDGE_CURVE('',#1408,#1409,#790,.T.);
#1752=EDGE_CURVE('',#1409,#1407,#791,.T.);
#1753=EDGE_CURVE('',#1410,#1390,#792,.T.);
#1754=EDGE_CURVE('',#1391,#1410,#793,.T.);
#1755=EDGE_CURVE('',#1411,#1412,#794,.T.);
#1756=EDGE_CURVE('',#1413,#1411,#795,.T.);
#1757=EDGE_CURVE('',#1414,#1413,#796,.T.);
#1758=EDGE_CURVE('',#1412,#1414,#797,.T.);
#1759=EDGE_CURVE('',#1415,#1412,#798,.T.);
#1760=EDGE_CURVE('',#1411,#1415,#799,.T.);
#1761=EDGE_CURVE('',#1414,#1366,#800,.T.);
#1762=EDGE_CURVE('',#1366,#1416,#801,.T.);
#1763=EDGE_CURVE('',#1416,#1417,#125,.T.);
#1764=EDGE_CURVE('',#1417,#1369,#802,.T.);
#1765=EDGE_CURVE('',#1369,#1412,#803,.T.);
#1766=EDGE_CURVE('',#1418,#1419,#126,.T.);
#1767=EDGE_CURVE('',#1419,#1420,#804,.T.);
#1768=EDGE_CURVE('',#1420,#1418,#805,.T.);
#1769=EDGE_CURVE('',#1421,#1422,#127,.T.);
#1770=EDGE_CURVE('',#1422,#1423,#806,.T.);
#1771=EDGE_CURVE('',#1423,#1421,#807,.T.);
#1772=EDGE_CURVE('',#1424,#1425,#128,.T.);
#1773=EDGE_CURVE('',#1425,#1426,#808,.T.);
#1774=EDGE_CURVE('',#1426,#1424,#809,.T.);
#1775=EDGE_CURVE('',#1427,#1428,#129,.T.);
#1776=EDGE_CURVE('',#1428,#1429,#810,.T.);
#1777=EDGE_CURVE('',#1429,#1427,#811,.T.);
#1778=EDGE_CURVE('',#1430,#1431,#812,.T.);
#1779=EDGE_CURVE('',#1431,#1432,#813,.T.);
#1780=EDGE_CURVE('',#1432,#1430,#130,.T.);
#1781=EDGE_CURVE('',#1433,#1413,#814,.T.);
#1782=EDGE_CURVE('',#1433,#1414,#815,.T.);
#1783=EDGE_CURVE('',#1395,#1434,#816,.T.);
#1784=EDGE_CURVE('',#1434,#1435,#131,.T.);
#1785=EDGE_CURVE('',#1396,#1435,#817,.T.);
#1786=EDGE_CURVE('',#1397,#1436,#818,.T.);
#1787=EDGE_CURVE('',#1436,#1434,#819,.T.);
#1788=EDGE_CURVE('',#1435,#1436,#820,.T.);
#1789=EDGE_CURVE('',#1437,#1438,#821,.T.);
#1790=EDGE_CURVE('',#1439,#1437,#822,.T.);
#1791=EDGE_CURVE('',#1438,#1439,#132,.T.);
#1792=EDGE_CURVE('',#1398,#1440,#823,.T.);
#1793=EDGE_CURVE('',#1440,#1441,#133,.T.);
#1794=EDGE_CURVE('',#1399,#1441,#824,.T.);
#1795=EDGE_CURVE('',#1400,#1442,#825,.T.);
#1796=EDGE_CURVE('',#1442,#1440,#826,.T.);
#1797=EDGE_CURVE('',#1441,#1442,#827,.T.);
#1798=EDGE_CURVE('',#1443,#1444,#828,.T.);
#1799=EDGE_CURVE('',#1445,#1443,#829,.T.);
#1800=EDGE_CURVE('',#1444,#1445,#134,.T.);
#1801=EDGE_CURVE('',#1401,#1446,#830,.T.);
#1802=EDGE_CURVE('',#1446,#1447,#135,.T.);
#1803=EDGE_CURVE('',#1402,#1447,#831,.T.);
#1804=EDGE_CURVE('',#1403,#1448,#832,.T.);
#1805=EDGE_CURVE('',#1448,#1446,#833,.T.);
#1806=EDGE_CURVE('',#1447,#1448,#834,.T.);
#1807=EDGE_CURVE('',#1449,#1450,#835,.T.);
#1808=EDGE_CURVE('',#1451,#1449,#836,.T.);
#1809=EDGE_CURVE('',#1450,#1451,#136,.T.);
#1810=EDGE_CURVE('',#1404,#1452,#837,.T.);
#1811=EDGE_CURVE('',#1452,#1453,#137,.T.);
#1812=EDGE_CURVE('',#1405,#1453,#838,.T.);
#1813=EDGE_CURVE('',#1406,#1454,#839,.T.);
#1814=EDGE_CURVE('',#1454,#1452,#840,.T.);
#1815=EDGE_CURVE('',#1453,#1454,#841,.T.);
#1816=EDGE_CURVE('',#1455,#1456,#138,.T.);
#1817=EDGE_CURVE('',#1457,#1455,#842,.T.);
#1818=EDGE_CURVE('',#1456,#1457,#843,.T.);
#1819=EDGE_CURVE('',#1438,#1427,#844,.T.);
#1820=EDGE_CURVE('',#1429,#1437,#845,.T.);
#1821=EDGE_CURVE('',#1444,#1418,#846,.T.);
#1822=EDGE_CURVE('',#1420,#1443,#847,.T.);
#1823=EDGE_CURVE('',#1450,#1424,#848,.T.);
#1824=EDGE_CURVE('',#1426,#1449,#849,.T.);
#1825=EDGE_CURVE('',#1456,#1422,#850,.T.);
#1826=EDGE_CURVE('',#1421,#1455,#851,.T.);
#1827=EDGE_CURVE('',#1458,#1458,#139,.T.);
#1828=EDGE_CURVE('',#1458,#1459,#852,.T.);
#1829=EDGE_CURVE('',#1459,#1459,#140,.T.);
#1830=EDGE_CURVE('',#1460,#1460,#141,.T.);
#1831=EDGE_CURVE('',#1460,#1461,#853,.T.);
#1832=EDGE_CURVE('',#1461,#1461,#142,.T.);
#1833=EDGE_CURVE('',#1462,#1462,#143,.T.);
#1834=EDGE_CURVE('',#1462,#1463,#854,.T.);
#1835=EDGE_CURVE('',#1463,#1463,#144,.T.);
#1836=EDGE_CURVE('',#1464,#1464,#145,.T.);
#1837=EDGE_CURVE('',#1464,#1465,#855,.T.);
#1838=EDGE_CURVE('',#1465,#1465,#146,.T.);
#1839=EDGE_CURVE('',#1466,#1466,#147,.T.);
#1840=EDGE_CURVE('',#1466,#1467,#856,.T.);
#1841=EDGE_CURVE('',#1467,#1467,#148,.T.);
#1842=EDGE_CURVE('',#1468,#1468,#149,.T.);
#1843=EDGE_CURVE('',#1468,#1469,#857,.T.);
#1844=EDGE_CURVE('',#1469,#1469,#150,.T.);
#1845=EDGE_CURVE('',#1470,#1470,#151,.T.);
#1846=EDGE_CURVE('',#1470,#1471,#858,.T.);
#1847=EDGE_CURVE('',#1471,#1471,#152,.T.);
#1848=EDGE_CURVE('',#1472,#1472,#153,.T.);
#1849=EDGE_CURVE('',#1472,#1473,#859,.T.);
#1850=EDGE_CURVE('',#1473,#1473,#154,.T.);
#1851=EDGE_CURVE('',#1416,#1358,#860,.T.);
#1852=EDGE_CURVE('',#1417,#1364,#861,.T.);
#1853=EDGE_CURVE('',#1415,#1368,#862,.T.);
#1854=EDGE_CURVE('',#1367,#1433,#863,.T.);
#1855=EDGE_CURVE('',#1419,#1445,#864,.T.);
#1856=EDGE_CURVE('',#1423,#1457,#865,.T.);
#1857=EDGE_CURVE('',#1425,#1451,#866,.T.);
#1858=EDGE_CURVE('',#1431,#1409,#867,.T.);
#1859=EDGE_CURVE('',#1407,#1430,#868,.T.);
#1860=EDGE_CURVE('',#1432,#1408,#869,.T.);
#1861=EDGE_CURVE('',#1428,#1439,#870,.T.);
#1862=EDGE_CURVE('',#1474,#1474,#155,.T.);
#1863=EDGE_CURVE('',#1474,#1475,#871,.T.);
#1864=EDGE_CURVE('',#1475,#1475,#156,.T.);
#1865=EDGE_CURVE('',#1476,#1385,#872,.T.);
#1866=EDGE_CURVE('',#1476,#1477,#873,.T.);
#1867=EDGE_CURVE('',#1386,#1477,#874,.T.);
#1868=EDGE_CURVE('',#1478,#1476,#875,.T.);
#1869=EDGE_CURVE('',#1478,#1479,#876,.T.);
#1870=EDGE_CURVE('',#1477,#1479,#877,.T.);
#1871=EDGE_CURVE('',#1480,#1478,#878,.T.);
#1872=EDGE_CURVE('',#1480,#1481,#879,.T.);
#1873=EDGE_CURVE('',#1479,#1481,#880,.T.);
#1874=EDGE_CURVE('',#1482,#1480,#881,.T.);
#1875=EDGE_CURVE('',#1482,#1483,#882,.T.);
#1876=EDGE_CURVE('',#1481,#1483,#883,.T.);
#1877=EDGE_CURVE('',#1484,#1482,#884,.T.);
#1878=EDGE_CURVE('',#1484,#1485,#885,.T.);
#1879=EDGE_CURVE('',#1483,#1485,#886,.T.);
#1880=EDGE_CURVE('',#1486,#1484,#887,.T.);
#1881=EDGE_CURVE('',#1486,#1487,#888,.T.);
#1882=EDGE_CURVE('',#1485,#1487,#889,.T.);
#1883=EDGE_CURVE('',#1488,#1486,#890,.T.);
#1884=EDGE_CURVE('',#1489,#1488,#891,.T.);
#1885=EDGE_CURVE('',#1487,#1489,#892,.T.);
#1886=EDGE_CURVE('',#1394,#1489,#893,.T.);
#1887=EDGE_CURVE('',#1382,#1393,#894,.T.);
#1888=EDGE_CURVE('',#1488,#1490,#895,.T.);
#1889=EDGE_CURVE('',#1490,#1389,#896,.T.);
#1890=EDGE_CURVE('',#1243,#1491,#897,.T.);
#1891=EDGE_CURVE('',#1491,#1490,#898,.T.);
#1892=EDGE_CURVE('',#1271,#1384,#899,.T.);
#1893=EDGE_CURVE('',#1392,#1383,#900,.T.);
#1894=EDGE_CURVE('',#1384,#1391,#901,.T.);
#1895=EDGE_CURVE('',#1410,#1350,#902,.T.);
#1896=EDGE_CURVE('',#1491,#1411,#903,.T.);
#1897=EDGE_CURVE('',#1413,#1351,#904,.T.);
#1898=EDGE_CURVE('',#1237,#1492,#905,.T.);
#1899=EDGE_CURVE('',#1492,#1493,#906,.T.);
#1900=EDGE_CURVE('',#1238,#1493,#907,.T.);
#1901=EDGE_CURVE('',#1242,#1494,#908,.T.);
#1902=EDGE_CURVE('',#1494,#1492,#909,.T.);
#1903=EDGE_CURVE('',#1241,#1495,#910,.T.);
#1904=EDGE_CURVE('',#1495,#1494,#911,.T.);
#1905=EDGE_CURVE('',#1240,#1496,#912,.T.);
#1906=EDGE_CURVE('',#1496,#1495,#913,.T.);
#1907=EDGE_CURVE('',#1239,#1497,#914,.T.);
#1908=EDGE_CURVE('',#1497,#1496,#915,.T.);
#1909=EDGE_CURVE('',#1493,#1497,#916,.T.);
#1910=EDGE_CURVE('',#1498,#1498,#157,.T.);
#1911=EDGE_CURVE('',#1498,#1287,#917,.T.);
#1912=EDGE_CURVE('',#1284,#1310,#918,.T.);
#1913=EDGE_CURVE('',#1309,#1285,#919,.T.);
#1914=EDGE_CURVE('',#1234,#1315,#920,.T.);
#1915=EDGE_CURVE('',#1303,#1499,#921,.T.);
#1916=EDGE_CURVE('',#1499,#1499,#158,.T.);
#1917=EDGE_CURVE('',#1305,#1317,#159,.T.);
#1918=EDGE_CURVE('',#1294,#1500,#922,.T.);
#1919=EDGE_CURVE('',#1500,#1500,#160,.T.);
#1920=EDGE_CURVE('',#1321,#1319,#161,.T.);
#1921=ORIENTED_EDGE('',*,*,#1501,.F.);
#1922=ORIENTED_EDGE('',*,*,#1502,.T.);
#1923=ORIENTED_EDGE('',*,*,#1503,.T.);
#1924=ORIENTED_EDGE('',*,*,#1504,.T.);
#1925=ORIENTED_EDGE('',*,*,#1505,.T.);
#1926=ORIENTED_EDGE('',*,*,#1504,.F.);
#1927=ORIENTED_EDGE('',*,*,#1506,.F.);
#1928=ORIENTED_EDGE('',*,*,#1507,.T.);
#1929=ORIENTED_EDGE('',*,*,#1508,.F.);
#1930=ORIENTED_EDGE('',*,*,#1509,.F.);
#1931=ORIENTED_EDGE('',*,*,#1510,.F.);
#1932=ORIENTED_EDGE('',*,*,#1511,.T.);
#1933=ORIENTED_EDGE('',*,*,#1512,.T.);
#1934=ORIENTED_EDGE('',*,*,#1513,.T.);
#1935=ORIENTED_EDGE('',*,*,#1514,.T.);
#1936=ORIENTED_EDGE('',*,*,#1515,.T.);
#1937=ORIENTED_EDGE('',*,*,#1516,.T.);
#1938=ORIENTED_EDGE('',*,*,#1502,.F.);
#1939=ORIENTED_EDGE('',*,*,#1517,.F.);
#1940=ORIENTED_EDGE('',*,*,#1518,.T.);
#1941=ORIENTED_EDGE('',*,*,#1519,.F.);
#1942=ORIENTED_EDGE('',*,*,#1520,.F.);
#1943=ORIENTED_EDGE('',*,*,#1521,.T.);
#1944=ORIENTED_EDGE('',*,*,#1522,.F.);
#1945=ORIENTED_EDGE('',*,*,#1523,.F.);
#1946=ORIENTED_EDGE('',*,*,#1524,.F.);
#1947=ORIENTED_EDGE('',*,*,#1525,.F.);
#1948=ORIENTED_EDGE('',*,*,#1526,.T.);
#1949=ORIENTED_EDGE('',*,*,#1527,.T.);
#1950=ORIENTED_EDGE('',*,*,#1528,.T.);
#1951=ORIENTED_EDGE('',*,*,#1529,.T.);
#1952=ORIENTED_EDGE('',*,*,#1530,.F.);
#1953=ORIENTED_EDGE('',*,*,#1531,.T.);
#1954=ORIENTED_EDGE('',*,*,#1532,.T.);
#1955=ORIENTED_EDGE('',*,*,#1533,.T.);
#1956=ORIENTED_EDGE('',*,*,#1534,.T.);
#1957=ORIENTED_EDGE('',*,*,#1535,.T.);
#1958=ORIENTED_EDGE('',*,*,#1536,.T.);
#1959=ORIENTED_EDGE('',*,*,#1537,.F.);
#1960=ORIENTED_EDGE('',*,*,#1538,.T.);
#1961=ORIENTED_EDGE('',*,*,#1539,.T.);
#1962=ORIENTED_EDGE('',*,*,#1540,.T.);
#1963=ORIENTED_EDGE('',*,*,#1541,.T.);
#1964=ORIENTED_EDGE('',*,*,#1539,.F.);
#1965=ORIENTED_EDGE('',*,*,#1542,.T.);
#1966=ORIENTED_EDGE('',*,*,#1543,.F.);
#1967=ORIENTED_EDGE('',*,*,#1544,.F.);
#1968=ORIENTED_EDGE('',*,*,#1545,.T.);
#1969=ORIENTED_EDGE('',*,*,#1546,.F.);
#1970=ORIENTED_EDGE('',*,*,#1542,.F.);
#1971=ORIENTED_EDGE('',*,*,#1538,.F.);
#1972=ORIENTED_EDGE('',*,*,#1547,.T.);
#1973=ORIENTED_EDGE('',*,*,#1548,.F.);
#1974=ORIENTED_EDGE('',*,*,#1549,.F.);
#1975=ORIENTED_EDGE('',*,*,#1550,.F.);
#1976=ORIENTED_EDGE('',*,*,#1551,.F.);
#1977=ORIENTED_EDGE('',*,*,#1552,.F.);
#1978=ORIENTED_EDGE('',*,*,#1553,.F.);
#1979=ORIENTED_EDGE('',*,*,#1554,.F.);
#1980=ORIENTED_EDGE('',*,*,#1555,.F.);
#1981=ORIENTED_EDGE('',*,*,#1556,.F.);
#1982=ORIENTED_EDGE('',*,*,#1557,.F.);
#1983=ORIENTED_EDGE('',*,*,#1558,.F.);
#1984=ORIENTED_EDGE('',*,*,#1559,.F.);
#1985=ORIENTED_EDGE('',*,*,#1560,.T.);
#1986=ORIENTED_EDGE('',*,*,#1561,.F.);
#1987=ORIENTED_EDGE('',*,*,#1562,.F.);
#1988=ORIENTED_EDGE('',*,*,#1563,.F.);
#1989=ORIENTED_EDGE('',*,*,#1564,.T.);
#1990=ORIENTED_EDGE('',*,*,#1565,.T.);
#1991=ORIENTED_EDGE('',*,*,#1566,.T.);
#1992=ORIENTED_EDGE('',*,*,#1567,.T.);
#1993=ORIENTED_EDGE('',*,*,#1568,.T.);
#1994=ORIENTED_EDGE('',*,*,#1558,.T.);
#1995=ORIENTED_EDGE('',*,*,#1569,.F.);
#1996=ORIENTED_EDGE('',*,*,#1566,.F.);
#1997=ORIENTED_EDGE('',*,*,#1570,.F.);
#1998=ORIENTED_EDGE('',*,*,#1571,.T.);
#1999=ORIENTED_EDGE('',*,*,#1572,.F.);
#2000=ORIENTED_EDGE('',*,*,#1573,.F.);
#2001=ORIENTED_EDGE('',*,*,#1574,.F.);
#2002=ORIENTED_EDGE('',*,*,#1575,.T.);
#2003=ORIENTED_EDGE('',*,*,#1576,.F.);
#2004=ORIENTED_EDGE('',*,*,#1556,.T.);
#2005=ORIENTED_EDGE('',*,*,#1577,.T.);
#2006=ORIENTED_EDGE('',*,*,#1578,.T.);
#2007=ORIENTED_EDGE('',*,*,#1579,.T.);
#2008=ORIENTED_EDGE('',*,*,#1523,.T.);
#2009=ORIENTED_EDGE('',*,*,#1580,.T.);
#2010=ORIENTED_EDGE('',*,*,#1581,.T.);
#2011=ORIENTED_EDGE('',*,*,#1582,.T.);
#2012=ORIENTED_EDGE('',*,*,#1583,.F.);
#2013=ORIENTED_EDGE('',*,*,#1582,.F.);
#2014=ORIENTED_EDGE('',*,*,#1584,.T.);
#2015=ORIENTED_EDGE('',*,*,#1585,.F.);
#2016=ORIENTED_EDGE('',*,*,#1586,.F.);
#2017=ORIENTED_EDGE('',*,*,#1587,.T.);
#2018=ORIENTED_EDGE('',*,*,#1588,.T.);
#2019=ORIENTED_EDGE('',*,*,#1589,.T.);
#2020=ORIENTED_EDGE('',*,*,#1580,.F.);
#2021=ORIENTED_EDGE('',*,*,#1522,.T.);
#2022=ORIENTED_EDGE('',*,*,#1590,.F.);
#2023=ORIENTED_EDGE('',*,*,#1541,.F.);
#2024=ORIENTED_EDGE('',*,*,#1589,.F.);
#2025=ORIENTED_EDGE('',*,*,#1591,.T.);
#2026=ORIENTED_EDGE('',*,*,#1592,.F.);
#2027=ORIENTED_EDGE('',*,*,#1584,.F.);
#2028=ORIENTED_EDGE('',*,*,#1581,.F.);
#2029=ORIENTED_EDGE('',*,*,#1593,.F.);
#2030=ORIENTED_EDGE('',*,*,#1594,.T.);
#2031=ORIENTED_EDGE('',*,*,#1506,.T.);
#2032=ORIENTED_EDGE('',*,*,#1503,.F.);
#2033=ORIENTED_EDGE('',*,*,#1530,.T.);
#2034=ORIENTED_EDGE('',*,*,#1593,.T.);
#2035=ORIENTED_EDGE('',*,*,#1529,.F.);
#2036=ORIENTED_EDGE('',*,*,#1595,.T.);
#2037=ORIENTED_EDGE('',*,*,#1596,.F.);
#2038=ORIENTED_EDGE('',*,*,#1597,.T.);
#2039=ORIENTED_EDGE('',*,*,#1598,.F.);
#2040=ORIENTED_EDGE('',*,*,#1599,.F.);
#2041=ORIENTED_EDGE('',*,*,#1600,.T.);
#2042=ORIENTED_EDGE('',*,*,#1601,.T.);
#2043=ORIENTED_EDGE('',*,*,#1545,.F.);
#2044=ORIENTED_EDGE('',*,*,#1602,.T.);
#2045=ORIENTED_EDGE('',*,*,#1603,.T.);
#2046=ORIENTED_EDGE('',*,*,#1604,.F.);
#2047=ORIENTED_EDGE('',*,*,#1605,.T.);
#2048=ORIENTED_EDGE('',*,*,#1606,.T.);
#2049=ORIENTED_EDGE('',*,*,#1607,.T.);
#2050=ORIENTED_EDGE('',*,*,#1543,.T.);
#2051=ORIENTED_EDGE('',*,*,#1557,.T.);
#2052=ORIENTED_EDGE('',*,*,#1576,.T.);
#2053=ORIENTED_EDGE('',*,*,#1606,.F.);
#2054=ORIENTED_EDGE('',*,*,#1583,.T.);
#2055=ORIENTED_EDGE('',*,*,#1586,.T.);
#2056=ORIENTED_EDGE('',*,*,#1608,.F.);
#2057=ORIENTED_EDGE('',*,*,#1609,.F.);
#2058=ORIENTED_EDGE('',*,*,#1602,.F.);
#2059=ORIENTED_EDGE('',*,*,#1544,.T.);
#2060=ORIENTED_EDGE('',*,*,#1610,.F.);
#2061=ORIENTED_EDGE('',*,*,#1505,.F.);
#2062=ORIENTED_EDGE('',*,*,#1510,.T.);
#2063=ORIENTED_EDGE('',*,*,#1611,.T.);
#2064=ORIENTED_EDGE('',*,*,#1611,.F.);
#2065=ORIENTED_EDGE('',*,*,#1509,.T.);
#2066=ORIENTED_EDGE('',*,*,#1612,.F.);
#2067=ORIENTED_EDGE('',*,*,#1603,.F.);
#2068=ORIENTED_EDGE('',*,*,#1600,.F.);
#2069=ORIENTED_EDGE('',*,*,#1613,.T.);
#2070=ORIENTED_EDGE('',*,*,#1559,.T.);
#2071=ORIENTED_EDGE('',*,*,#1568,.F.);
#2072=ORIENTED_EDGE('',*,*,#1554,.T.);
#2073=ORIENTED_EDGE('',*,*,#1614,.T.);
#2074=ORIENTED_EDGE('',*,*,#1574,.T.);
#2075=ORIENTED_EDGE('',*,*,#1615,.T.);
#2076=ORIENTED_EDGE('',*,*,#1616,.T.);
#2077=ORIENTED_EDGE('',*,*,#1577,.F.);
#2078=ORIENTED_EDGE('',*,*,#1555,.T.);
#2079=ORIENTED_EDGE('',*,*,#1567,.F.);
#2080=ORIENTED_EDGE('',*,*,#1615,.F.);
#2081=ORIENTED_EDGE('',*,*,#1573,.T.);
#2082=ORIENTED_EDGE('',*,*,#1617,.F.);
#2083=ORIENTED_EDGE('',*,*,#1618,.F.);
#2084=ORIENTED_EDGE('',*,*,#1619,.T.);
#2085=ORIENTED_EDGE('',*,*,#1620,.T.);
#2086=ORIENTED_EDGE('',*,*,#1570,.T.);
#2087=ORIENTED_EDGE('',*,*,#1565,.F.);
#2088=ORIENTED_EDGE('',*,*,#1524,.T.);
#2089=ORIENTED_EDGE('',*,*,#1579,.F.);
#2090=ORIENTED_EDGE('',*,*,#1620,.F.);
#2091=ORIENTED_EDGE('',*,*,#1621,.T.);
#2092=ORIENTED_EDGE('',*,*,#1622,.F.);
#2093=ORIENTED_EDGE('',*,*,#1571,.F.);
#2094=ORIENTED_EDGE('',*,*,#1596,.T.);
#2095=ORIENTED_EDGE('',*,*,#1623,.T.);
#2096=ORIENTED_EDGE('',*,*,#1624,.T.);
#2097=ORIENTED_EDGE('',*,*,#1525,.T.);
#2098=ORIENTED_EDGE('',*,*,#1569,.T.);
#2099=ORIENTED_EDGE('',*,*,#1563,.T.);
#2100=ORIENTED_EDGE('',*,*,#1625,.T.);
#2101=ORIENTED_EDGE('',*,*,#1626,.F.);
#2102=ORIENTED_EDGE('',*,*,#1627,.F.);
#2103=ORIENTED_EDGE('',*,*,#1628,.F.);
#2104=ORIENTED_EDGE('',*,*,#1629,.T.);
#2105=ORIENTED_EDGE('',*,*,#1630,.F.);
#2106=ORIENTED_EDGE('',*,*,#1629,.F.);
#2107=ORIENTED_EDGE('',*,*,#1631,.F.);
#2108=ORIENTED_EDGE('',*,*,#1632,.F.);
#2109=ORIENTED_EDGE('',*,*,#1633,.F.);
#2110=ORIENTED_EDGE('',*,*,#1634,.F.);
#2111=ORIENTED_EDGE('',*,*,#1635,.F.);
#2112=ORIENTED_EDGE('',*,*,#1636,.F.);
#2113=ORIENTED_EDGE('',*,*,#1637,.F.);
#2114=ORIENTED_EDGE('',*,*,#1627,.T.);
#2115=ORIENTED_EDGE('',*,*,#1634,.T.);
#2116=ORIENTED_EDGE('',*,*,#1626,.T.);
#2117=ORIENTED_EDGE('',*,*,#1630,.T.);
#2118=ORIENTED_EDGE('',*,*,#1638,.F.);
#2119=ORIENTED_EDGE('',*,*,#1639,.F.);
#2120=ORIENTED_EDGE('',*,*,#1640,.F.);
#2121=ORIENTED_EDGE('',*,*,#1641,.F.);
#2122=ORIENTED_EDGE('',*,*,#1642,.F.);
#2123=ORIENTED_EDGE('',*,*,#1632,.T.);
#2124=ORIENTED_EDGE('',*,*,#1643,.T.);
#2125=ORIENTED_EDGE('',*,*,#1644,.T.);
#2126=ORIENTED_EDGE('',*,*,#1645,.T.);
#2127=ORIENTED_EDGE('',*,*,#1646,.F.);
#2128=ORIENTED_EDGE('',*,*,#1647,.F.);
#2129=ORIENTED_EDGE('',*,*,#1636,.T.);
#2130=ORIENTED_EDGE('',*,*,#1648,.F.);
#2131=ORIENTED_EDGE('',*,*,#1649,.F.);
#2132=ORIENTED_EDGE('',*,*,#1650,.T.);
#2133=ORIENTED_EDGE('',*,*,#1651,.T.);
#2134=ORIENTED_EDGE('',*,*,#1652,.T.);
#2135=ORIENTED_EDGE('',*,*,#1633,.T.);
#2136=ORIENTED_EDGE('',*,*,#1647,.T.);
#2137=ORIENTED_EDGE('',*,*,#1653,.T.);
#2138=ORIENTED_EDGE('',*,*,#1638,.T.);
#2139=ORIENTED_EDGE('',*,*,#1654,.F.);
#2140=ORIENTED_EDGE('',*,*,#1655,.F.);
#2141=ORIENTED_EDGE('',*,*,#1656,.F.);
#2142=ORIENTED_EDGE('',*,*,#1657,.T.);
#2143=ORIENTED_EDGE('',*,*,#1658,.T.);
#2144=ORIENTED_EDGE('',*,*,#1655,.T.);
#2145=ORIENTED_EDGE('',*,*,#1641,.T.);
#2146=ORIENTED_EDGE('',*,*,#1659,.T.);
#2147=ORIENTED_EDGE('',*,*,#1660,.T.);
#2148=ORIENTED_EDGE('',*,*,#1657,.F.);
#2149=ORIENTED_EDGE('',*,*,#1661,.T.);
#2150=ORIENTED_EDGE('',*,*,#1662,.T.);
#2151=ORIENTED_EDGE('',*,*,#1663,.T.);
#2152=ORIENTED_EDGE('',*,*,#1659,.F.);
#2153=ORIENTED_EDGE('',*,*,#1664,.T.);
#2154=ORIENTED_EDGE('',*,*,#1665,.T.);
#2155=ORIENTED_EDGE('',*,*,#1649,.T.);
#2156=ORIENTED_EDGE('',*,*,#1656,.T.);
#2157=ORIENTED_EDGE('',*,*,#1666,.T.);
#2158=ORIENTED_EDGE('',*,*,#1667,.F.);
#2159=ORIENTED_EDGE('',*,*,#1668,.F.);
#2160=ORIENTED_EDGE('',*,*,#1653,.F.);
#2161=ORIENTED_EDGE('',*,*,#1669,.T.);
#2162=ORIENTED_EDGE('',*,*,#1639,.T.);
#2163=ORIENTED_EDGE('',*,*,#1668,.T.);
#2164=ORIENTED_EDGE('',*,*,#1551,.T.);
#2165=ORIENTED_EDGE('',*,*,#1670,.T.);
#2166=ORIENTED_EDGE('',*,*,#1671,.T.);
#2167=ORIENTED_EDGE('',*,*,#1669,.F.);
#2168=ORIENTED_EDGE('',*,*,#1550,.T.);
#2169=ORIENTED_EDGE('',*,*,#1672,.T.);
#2170=ORIENTED_EDGE('',*,*,#1673,.T.);
#2171=ORIENTED_EDGE('',*,*,#1670,.F.);
#2172=ORIENTED_EDGE('',*,*,#1549,.T.);
#2173=ORIENTED_EDGE('',*,*,#1635,.T.);
#2174=ORIENTED_EDGE('',*,*,#1642,.T.);
#2175=ORIENTED_EDGE('',*,*,#1654,.T.);
#2176=ORIENTED_EDGE('',*,*,#1648,.T.);
#2177=ORIENTED_EDGE('',*,*,#1674,.T.);
#2178=ORIENTED_EDGE('',*,*,#1552,.T.);
#2179=ORIENTED_EDGE('',*,*,#1667,.T.);
#2180=ORIENTED_EDGE('',*,*,#1646,.T.);
#2181=ORIENTED_EDGE('',*,*,#1661,.F.);
#2182=ORIENTED_EDGE('',*,*,#1640,.T.);
#2183=ORIENTED_EDGE('',*,*,#1671,.F.);
#2184=ORIENTED_EDGE('',*,*,#1675,.T.);
#2185=ORIENTED_EDGE('',*,*,#1664,.F.);
#2186=ORIENTED_EDGE('',*,*,#1675,.F.);
#2187=ORIENTED_EDGE('',*,*,#1673,.F.);
#2188=ORIENTED_EDGE('',*,*,#1676,.F.);
#2189=ORIENTED_EDGE('',*,*,#1677,.F.);
#2190=ORIENTED_EDGE('',*,*,#1678,.T.);
#2191=ORIENTED_EDGE('',*,*,#1644,.F.);
#2192=ORIENTED_EDGE('',*,*,#1679,.F.);
#2193=ORIENTED_EDGE('',*,*,#1637,.T.);
#2194=ORIENTED_EDGE('',*,*,#1652,.F.);
#2195=ORIENTED_EDGE('',*,*,#1680,.F.);
#2196=ORIENTED_EDGE('',*,*,#1681,.F.);
#2197=ORIENTED_EDGE('',*,*,#1679,.T.);
#2198=ORIENTED_EDGE('',*,*,#1643,.F.);
#2199=ORIENTED_EDGE('',*,*,#1631,.T.);
#2200=ORIENTED_EDGE('',*,*,#1628,.T.);
#2201=ORIENTED_EDGE('',*,*,#1682,.F.);
#2202=ORIENTED_EDGE('',*,*,#1680,.T.);
#2203=ORIENTED_EDGE('',*,*,#1651,.F.);
#2204=ORIENTED_EDGE('',*,*,#1683,.F.);
#2205=ORIENTED_EDGE('',*,*,#1677,.T.);
#2206=ORIENTED_EDGE('',*,*,#1681,.T.);
#2207=ORIENTED_EDGE('',*,*,#1682,.T.);
#2208=ORIENTED_EDGE('',*,*,#1684,.T.);
#2209=ORIENTED_EDGE('',*,*,#1685,.F.);
#2210=ORIENTED_EDGE('',*,*,#1686,.F.);
#2211=ORIENTED_EDGE('',*,*,#1687,.F.);
#2212=ORIENTED_EDGE('',*,*,#1688,.F.);
#2213=ORIENTED_EDGE('',*,*,#1689,.F.);
#2214=ORIENTED_EDGE('',*,*,#1690,.F.);
#2215=ORIENTED_EDGE('',*,*,#1691,.F.);
#2216=ORIENTED_EDGE('',*,*,#1692,.F.);
#2217=ORIENTED_EDGE('',*,*,#1689,.T.);
#2218=ORIENTED_EDGE('',*,*,#1693,.F.);
#2219=ORIENTED_EDGE('',*,*,#1687,.T.);
#2220=ORIENTED_EDGE('',*,*,#1694,.F.);
#2221=ORIENTED_EDGE('',*,*,#1695,.F.);
#2222=ORIENTED_EDGE('',*,*,#1696,.F.);
#2223=ORIENTED_EDGE('',*,*,#1697,.T.);
#2224=ORIENTED_EDGE('',*,*,#1698,.T.);
#2225=ORIENTED_EDGE('',*,*,#1692,.T.);
#2226=ORIENTED_EDGE('',*,*,#1699,.T.);
#2227=ORIENTED_EDGE('',*,*,#1688,.T.);
#2228=ORIENTED_EDGE('',*,*,#1693,.T.);
#2229=ORIENTED_EDGE('',*,*,#1700,.F.);
#2230=ORIENTED_EDGE('',*,*,#1701,.T.);
#2231=ORIENTED_EDGE('',*,*,#1532,.F.);
#2232=ORIENTED_EDGE('',*,*,#1702,.F.);
#2233=ORIENTED_EDGE('',*,*,#1703,.F.);
#2234=ORIENTED_EDGE('',*,*,#1702,.T.);
#2235=ORIENTED_EDGE('',*,*,#1531,.F.);
#2236=ORIENTED_EDGE('',*,*,#1704,.F.);
#2237=ORIENTED_EDGE('',*,*,#1705,.F.);
#2238=ORIENTED_EDGE('',*,*,#1704,.T.);
#2239=ORIENTED_EDGE('',*,*,#1533,.F.);
#2240=ORIENTED_EDGE('',*,*,#1701,.F.);
#2241=ORIENTED_EDGE('',*,*,#1706,.F.);
#2242=ORIENTED_EDGE('',*,*,#1707,.T.);
#2243=ORIENTED_EDGE('',*,*,#1535,.F.);
#2244=ORIENTED_EDGE('',*,*,#1708,.F.);
#2245=ORIENTED_EDGE('',*,*,#1709,.F.);
#2246=ORIENTED_EDGE('',*,*,#1708,.T.);
#2247=ORIENTED_EDGE('',*,*,#1534,.F.);
#2248=ORIENTED_EDGE('',*,*,#1710,.F.);
#2249=ORIENTED_EDGE('',*,*,#1711,.F.);
#2250=ORIENTED_EDGE('',*,*,#1710,.T.);
#2251=ORIENTED_EDGE('',*,*,#1536,.F.);
#2252=ORIENTED_EDGE('',*,*,#1707,.F.);
#2253=ORIENTED_EDGE('',*,*,#1712,.F.);
#2254=ORIENTED_EDGE('',*,*,#1713,.T.);
#2255=ORIENTED_EDGE('',*,*,#1527,.F.);
#2256=ORIENTED_EDGE('',*,*,#1714,.F.);
#2257=ORIENTED_EDGE('',*,*,#1715,.F.);
#2258=ORIENTED_EDGE('',*,*,#1714,.T.);
#2259=ORIENTED_EDGE('',*,*,#1526,.F.);
#2260=ORIENTED_EDGE('',*,*,#1624,.F.);
#2261=ORIENTED_EDGE('',*,*,#1716,.F.);
#2262=ORIENTED_EDGE('',*,*,#1717,.F.);
#2263=ORIENTED_EDGE('',*,*,#1716,.T.);
#2264=ORIENTED_EDGE('',*,*,#1623,.F.);
#2265=ORIENTED_EDGE('',*,*,#1595,.F.);
#2266=ORIENTED_EDGE('',*,*,#1528,.F.);
#2267=ORIENTED_EDGE('',*,*,#1713,.F.);
#2268=ORIENTED_EDGE('',*,*,#1520,.T.);
#2269=ORIENTED_EDGE('',*,*,#1718,.T.);
#2270=ORIENTED_EDGE('',*,*,#1719,.T.);
#2271=ORIENTED_EDGE('',*,*,#1720,.T.);
#2272=ORIENTED_EDGE('',*,*,#1719,.F.);
#2273=ORIENTED_EDGE('',*,*,#1721,.F.);
#2274=ORIENTED_EDGE('',*,*,#1722,.F.);
#2275=ORIENTED_EDGE('',*,*,#1723,.F.);
#2276=ORIENTED_EDGE('',*,*,#1724,.F.);
#2277=ORIENTED_EDGE('',*,*,#1725,.T.);
#2278=ORIENTED_EDGE('',*,*,#1703,.T.);
#2279=ORIENTED_EDGE('',*,*,#1705,.T.);
#2280=ORIENTED_EDGE('',*,*,#1700,.T.);
#2281=ORIENTED_EDGE('',*,*,#1709,.T.);
#2282=ORIENTED_EDGE('',*,*,#1711,.T.);
#2283=ORIENTED_EDGE('',*,*,#1706,.T.);
#2284=ORIENTED_EDGE('',*,*,#1715,.T.);
#2285=ORIENTED_EDGE('',*,*,#1717,.T.);
#2286=ORIENTED_EDGE('',*,*,#1712,.T.);
#2287=ORIENTED_EDGE('',*,*,#1718,.F.);
#2288=ORIENTED_EDGE('',*,*,#1519,.T.);
#2289=ORIENTED_EDGE('',*,*,#1726,.T.);
#2290=ORIENTED_EDGE('',*,*,#1727,.T.);
#2291=ORIENTED_EDGE('',*,*,#1728,.T.);
#2292=ORIENTED_EDGE('',*,*,#1721,.T.);
#2293=ORIENTED_EDGE('',*,*,#1729,.T.);
#2294=ORIENTED_EDGE('',*,*,#1730,.T.);
#2295=ORIENTED_EDGE('',*,*,#1731,.T.);
#2296=ORIENTED_EDGE('',*,*,#1732,.T.);
#2297=ORIENTED_EDGE('',*,*,#1729,.F.);
#2298=ORIENTED_EDGE('',*,*,#1733,.T.);
#2299=ORIENTED_EDGE('',*,*,#1734,.F.);
#2300=ORIENTED_EDGE('',*,*,#1735,.F.);
#2301=ORIENTED_EDGE('',*,*,#1736,.F.);
#2302=ORIENTED_EDGE('',*,*,#1737,.F.);
#2303=ORIENTED_EDGE('',*,*,#1738,.T.);
#2304=ORIENTED_EDGE('',*,*,#1739,.T.);
#2305=ORIENTED_EDGE('',*,*,#1740,.T.);
#2306=ORIENTED_EDGE('',*,*,#1741,.T.);
#2307=ORIENTED_EDGE('',*,*,#1742,.T.);
#2308=ORIENTED_EDGE('',*,*,#1743,.T.);
#2309=ORIENTED_EDGE('',*,*,#1744,.T.);
#2310=ORIENTED_EDGE('',*,*,#1745,.T.);
#2311=ORIENTED_EDGE('',*,*,#1746,.T.);
#2312=ORIENTED_EDGE('',*,*,#1747,.T.);
#2313=ORIENTED_EDGE('',*,*,#1748,.T.);
#2314=ORIENTED_EDGE('',*,*,#1749,.T.);
#2315=ORIENTED_EDGE('',*,*,#1750,.T.);
#2316=ORIENTED_EDGE('',*,*,#1751,.T.);
#2317=ORIENTED_EDGE('',*,*,#1752,.T.);
#2318=ORIENTED_EDGE('',*,*,#1732,.F.);
#2319=ORIENTED_EDGE('',*,*,#1753,.F.);
#2320=ORIENTED_EDGE('',*,*,#1754,.F.);
#2321=ORIENTED_EDGE('',*,*,#1733,.F.);
#2322=ORIENTED_EDGE('',*,*,#1755,.F.);
#2323=ORIENTED_EDGE('',*,*,#1756,.F.);
#2324=ORIENTED_EDGE('',*,*,#1757,.F.);
#2325=ORIENTED_EDGE('',*,*,#1758,.F.);
#2326=ORIENTED_EDGE('',*,*,#1755,.T.);
#2327=ORIENTED_EDGE('',*,*,#1759,.F.);
#2328=ORIENTED_EDGE('',*,*,#1760,.F.);
#2329=ORIENTED_EDGE('',*,*,#1761,.T.);
#2330=ORIENTED_EDGE('',*,*,#1762,.T.);
#2331=ORIENTED_EDGE('',*,*,#1763,.T.);
#2332=ORIENTED_EDGE('',*,*,#1764,.T.);
#2333=ORIENTED_EDGE('',*,*,#1765,.T.);
#2334=ORIENTED_EDGE('',*,*,#1758,.T.);
#2335=ORIENTED_EDGE('',*,*,#1766,.T.);
#2336=ORIENTED_EDGE('',*,*,#1767,.T.);
#2337=ORIENTED_EDGE('',*,*,#1768,.T.);
#2338=ORIENTED_EDGE('',*,*,#1769,.T.);
#2339=ORIENTED_EDGE('',*,*,#1770,.T.);
#2340=ORIENTED_EDGE('',*,*,#1771,.T.);
#2341=ORIENTED_EDGE('',*,*,#1772,.T.);
#2342=ORIENTED_EDGE('',*,*,#1773,.T.);
#2343=ORIENTED_EDGE('',*,*,#1774,.T.);
#2344=ORIENTED_EDGE('',*,*,#1775,.T.);
#2345=ORIENTED_EDGE('',*,*,#1776,.T.);
#2346=ORIENTED_EDGE('',*,*,#1777,.T.);
#2347=ORIENTED_EDGE('',*,*,#1778,.T.);
#2348=ORIENTED_EDGE('',*,*,#1779,.T.);
#2349=ORIENTED_EDGE('',*,*,#1780,.T.);
#2350=ORIENTED_EDGE('',*,*,#1757,.T.);
#2351=ORIENTED_EDGE('',*,*,#1781,.F.);
#2352=ORIENTED_EDGE('',*,*,#1782,.T.);
#2353=ORIENTED_EDGE('',*,*,#1738,.F.);
#2354=ORIENTED_EDGE('',*,*,#1783,.T.);
#2355=ORIENTED_EDGE('',*,*,#1784,.T.);
#2356=ORIENTED_EDGE('',*,*,#1785,.F.);
#2357=ORIENTED_EDGE('',*,*,#1740,.F.);
#2358=ORIENTED_EDGE('',*,*,#1786,.T.);
#2359=ORIENTED_EDGE('',*,*,#1787,.T.);
#2360=ORIENTED_EDGE('',*,*,#1783,.F.);
#2361=ORIENTED_EDGE('',*,*,#1739,.F.);
#2362=ORIENTED_EDGE('',*,*,#1785,.T.);
#2363=ORIENTED_EDGE('',*,*,#1788,.T.);
#2364=ORIENTED_EDGE('',*,*,#1786,.F.);
#2365=ORIENTED_EDGE('',*,*,#1788,.F.);
#2366=ORIENTED_EDGE('',*,*,#1784,.F.);
#2367=ORIENTED_EDGE('',*,*,#1787,.F.);
#2368=ORIENTED_EDGE('',*,*,#1789,.F.);
#2369=ORIENTED_EDGE('',*,*,#1790,.F.);
#2370=ORIENTED_EDGE('',*,*,#1791,.F.);
#2371=ORIENTED_EDGE('',*,*,#1741,.F.);
#2372=ORIENTED_EDGE('',*,*,#1792,.T.);
#2373=ORIENTED_EDGE('',*,*,#1793,.T.);
#2374=ORIENTED_EDGE('',*,*,#1794,.F.);
#2375=ORIENTED_EDGE('',*,*,#1743,.F.);
#2376=ORIENTED_EDGE('',*,*,#1795,.T.);
#2377=ORIENTED_EDGE('',*,*,#1796,.T.);
#2378=ORIENTED_EDGE('',*,*,#1792,.F.);
#2379=ORIENTED_EDGE('',*,*,#1742,.F.);
#2380=ORIENTED_EDGE('',*,*,#1794,.T.);
#2381=ORIENTED_EDGE('',*,*,#1797,.T.);
#2382=ORIENTED_EDGE('',*,*,#1795,.F.);
#2383=ORIENTED_EDGE('',*,*,#1797,.F.);
#2384=ORIENTED_EDGE('',*,*,#1793,.F.);
#2385=ORIENTED_EDGE('',*,*,#1796,.F.);
#2386=ORIENTED_EDGE('',*,*,#1798,.F.);
#2387=ORIENTED_EDGE('',*,*,#1799,.F.);
#2388=ORIENTED_EDGE('',*,*,#1800,.F.);
#2389=ORIENTED_EDGE('',*,*,#1744,.F.);
#2390=ORIENTED_EDGE('',*,*,#1801,.T.);
#2391=ORIENTED_EDGE('',*,*,#1802,.T.);
#2392=ORIENTED_EDGE('',*,*,#1803,.F.);
#2393=ORIENTED_EDGE('',*,*,#1746,.F.);
#2394=ORIENTED_EDGE('',*,*,#1804,.T.);
#2395=ORIENTED_EDGE('',*,*,#1805,.T.);
#2396=ORIENTED_EDGE('',*,*,#1801,.F.);
#2397=ORIENTED_EDGE('',*,*,#1745,.F.);
#2398=ORIENTED_EDGE('',*,*,#1803,.T.);
#2399=ORIENTED_EDGE('',*,*,#1806,.T.);
#2400=ORIENTED_EDGE('',*,*,#1804,.F.);
#2401=ORIENTED_EDGE('',*,*,#1806,.F.);
#2402=ORIENTED_EDGE('',*,*,#1802,.F.);
#2403=ORIENTED_EDGE('',*,*,#1805,.F.);
#2404=ORIENTED_EDGE('',*,*,#1807,.F.);
#2405=ORIENTED_EDGE('',*,*,#1808,.F.);
#2406=ORIENTED_EDGE('',*,*,#1809,.F.);
#2407=ORIENTED_EDGE('',*,*,#1747,.F.);
#2408=ORIENTED_EDGE('',*,*,#1810,.T.);
#2409=ORIENTED_EDGE('',*,*,#1811,.T.);
#2410=ORIENTED_EDGE('',*,*,#1812,.F.);
#2411=ORIENTED_EDGE('',*,*,#1749,.F.);
#2412=ORIENTED_EDGE('',*,*,#1813,.T.);
#2413=ORIENTED_EDGE('',*,*,#1814,.T.);
#2414=ORIENTED_EDGE('',*,*,#1810,.F.);
#2415=ORIENTED_EDGE('',*,*,#1748,.F.);
#2416=ORIENTED_EDGE('',*,*,#1812,.T.);
#2417=ORIENTED_EDGE('',*,*,#1815,.T.);
#2418=ORIENTED_EDGE('',*,*,#1813,.F.);
#2419=ORIENTED_EDGE('',*,*,#1815,.F.);
#2420=ORIENTED_EDGE('',*,*,#1811,.F.);
#2421=ORIENTED_EDGE('',*,*,#1814,.F.);
#2422=ORIENTED_EDGE('',*,*,#1816,.F.);
#2423=ORIENTED_EDGE('',*,*,#1817,.F.);
#2424=ORIENTED_EDGE('',*,*,#1818,.F.);
#2425=ORIENTED_EDGE('',*,*,#1789,.T.);
#2426=ORIENTED_EDGE('',*,*,#1819,.T.);
#2427=ORIENTED_EDGE('',*,*,#1777,.F.);
#2428=ORIENTED_EDGE('',*,*,#1820,.T.);
#2429=ORIENTED_EDGE('',*,*,#1798,.T.);
#2430=ORIENTED_EDGE('',*,*,#1821,.T.);
#2431=ORIENTED_EDGE('',*,*,#1768,.F.);
#2432=ORIENTED_EDGE('',*,*,#1822,.T.);
#2433=ORIENTED_EDGE('',*,*,#1807,.T.);
#2434=ORIENTED_EDGE('',*,*,#1823,.T.);
#2435=ORIENTED_EDGE('',*,*,#1774,.F.);
#2436=ORIENTED_EDGE('',*,*,#1824,.T.);
#2437=ORIENTED_EDGE('',*,*,#1816,.T.);
#2438=ORIENTED_EDGE('',*,*,#1825,.T.);
#2439=ORIENTED_EDGE('',*,*,#1769,.F.);
#2440=ORIENTED_EDGE('',*,*,#1826,.T.);
#2441=ORIENTED_EDGE('',*,*,#1827,.F.);
#2442=ORIENTED_EDGE('',*,*,#1828,.T.);
#2443=ORIENTED_EDGE('',*,*,#1829,.F.);
#2444=ORIENTED_EDGE('',*,*,#1828,.F.);
#2445=ORIENTED_EDGE('',*,*,#1830,.F.);
#2446=ORIENTED_EDGE('',*,*,#1831,.T.);
#2447=ORIENTED_EDGE('',*,*,#1832,.F.);
#2448=ORIENTED_EDGE('',*,*,#1831,.F.);
#2449=ORIENTED_EDGE('',*,*,#1833,.F.);
#2450=ORIENTED_EDGE('',*,*,#1834,.T.);
#2451=ORIENTED_EDGE('',*,*,#1835,.F.);
#2452=ORIENTED_EDGE('',*,*,#1834,.F.);
#2453=ORIENTED_EDGE('',*,*,#1836,.F.);
#2454=ORIENTED_EDGE('',*,*,#1837,.T.);
#2455=ORIENTED_EDGE('',*,*,#1838,.F.);
#2456=ORIENTED_EDGE('',*,*,#1837,.F.);
#2457=ORIENTED_EDGE('',*,*,#1839,.F.);
#2458=ORIENTED_EDGE('',*,*,#1840,.T.);
#2459=ORIENTED_EDGE('',*,*,#1841,.T.);
#2460=ORIENTED_EDGE('',*,*,#1840,.F.);
#2461=ORIENTED_EDGE('',*,*,#1841,.F.);
#2462=ORIENTED_EDGE('',*,*,#1829,.T.);
#2463=ORIENTED_EDGE('',*,*,#1842,.F.);
#2464=ORIENTED_EDGE('',*,*,#1843,.T.);
#2465=ORIENTED_EDGE('',*,*,#1844,.T.);
#2466=ORIENTED_EDGE('',*,*,#1843,.F.);
#2467=ORIENTED_EDGE('',*,*,#1844,.F.);
#2468=ORIENTED_EDGE('',*,*,#1838,.T.);
#2469=ORIENTED_EDGE('',*,*,#1845,.F.);
#2470=ORIENTED_EDGE('',*,*,#1846,.T.);
#2471=ORIENTED_EDGE('',*,*,#1847,.T.);
#2472=ORIENTED_EDGE('',*,*,#1846,.F.);
#2473=ORIENTED_EDGE('',*,*,#1847,.F.);
#2474=ORIENTED_EDGE('',*,*,#1835,.T.);
#2475=ORIENTED_EDGE('',*,*,#1848,.F.);
#2476=ORIENTED_EDGE('',*,*,#1849,.T.);
#2477=ORIENTED_EDGE('',*,*,#1850,.T.);
#2478=ORIENTED_EDGE('',*,*,#1849,.F.);
#2479=ORIENTED_EDGE('',*,*,#1850,.F.);
#2480=ORIENTED_EDGE('',*,*,#1832,.T.);
#2481=ORIENTED_EDGE('',*,*,#1686,.T.);
#2482=ORIENTED_EDGE('',*,*,#1851,.F.);
#2483=ORIENTED_EDGE('',*,*,#1762,.F.);
#2484=ORIENTED_EDGE('',*,*,#1694,.T.);
#2485=ORIENTED_EDGE('',*,*,#1691,.T.);
#2486=ORIENTED_EDGE('',*,*,#1852,.F.);
#2487=ORIENTED_EDGE('',*,*,#1763,.F.);
#2488=ORIENTED_EDGE('',*,*,#1851,.T.);
#2489=ORIENTED_EDGE('',*,*,#1685,.T.);
#2490=ORIENTED_EDGE('',*,*,#1699,.F.);
#2491=ORIENTED_EDGE('',*,*,#1690,.T.);
#2492=ORIENTED_EDGE('',*,*,#1698,.F.);
#2493=ORIENTED_EDGE('',*,*,#1764,.F.);
#2494=ORIENTED_EDGE('',*,*,#1852,.T.);
#2495=ORIENTED_EDGE('',*,*,#1853,.F.);
#2496=ORIENTED_EDGE('',*,*,#1759,.T.);
#2497=ORIENTED_EDGE('',*,*,#1765,.F.);
#2498=ORIENTED_EDGE('',*,*,#1697,.F.);
#2499=ORIENTED_EDGE('',*,*,#1854,.F.);
#2500=ORIENTED_EDGE('',*,*,#1695,.T.);
#2501=ORIENTED_EDGE('',*,*,#1761,.F.);
#2502=ORIENTED_EDGE('',*,*,#1782,.F.);
#2503=ORIENTED_EDGE('',*,*,#1800,.T.);
#2504=ORIENTED_EDGE('',*,*,#1855,.F.);
#2505=ORIENTED_EDGE('',*,*,#1766,.F.);
#2506=ORIENTED_EDGE('',*,*,#1821,.F.);
#2507=ORIENTED_EDGE('',*,*,#1799,.T.);
#2508=ORIENTED_EDGE('',*,*,#1822,.F.);
#2509=ORIENTED_EDGE('',*,*,#1767,.F.);
#2510=ORIENTED_EDGE('',*,*,#1855,.T.);
#2511=ORIENTED_EDGE('',*,*,#1818,.T.);
#2512=ORIENTED_EDGE('',*,*,#1856,.F.);
#2513=ORIENTED_EDGE('',*,*,#1770,.F.);
#2514=ORIENTED_EDGE('',*,*,#1825,.F.);
#2515=ORIENTED_EDGE('',*,*,#1817,.T.);
#2516=ORIENTED_EDGE('',*,*,#1826,.F.);
#2517=ORIENTED_EDGE('',*,*,#1771,.F.);
#2518=ORIENTED_EDGE('',*,*,#1856,.T.);
#2519=ORIENTED_EDGE('',*,*,#1809,.T.);
#2520=ORIENTED_EDGE('',*,*,#1857,.F.);
#2521=ORIENTED_EDGE('',*,*,#1772,.F.);
#2522=ORIENTED_EDGE('',*,*,#1823,.F.);
#2523=ORIENTED_EDGE('',*,*,#1808,.T.);
#2524=ORIENTED_EDGE('',*,*,#1824,.F.);
#2525=ORIENTED_EDGE('',*,*,#1773,.F.);
#2526=ORIENTED_EDGE('',*,*,#1857,.T.);
#2527=ORIENTED_EDGE('',*,*,#1752,.F.);
#2528=ORIENTED_EDGE('',*,*,#1858,.F.);
#2529=ORIENTED_EDGE('',*,*,#1778,.F.);
#2530=ORIENTED_EDGE('',*,*,#1859,.F.);
#2531=ORIENTED_EDGE('',*,*,#1750,.F.);
#2532=ORIENTED_EDGE('',*,*,#1859,.T.);
#2533=ORIENTED_EDGE('',*,*,#1780,.F.);
#2534=ORIENTED_EDGE('',*,*,#1860,.T.);
#2535=ORIENTED_EDGE('',*,*,#1751,.F.);
#2536=ORIENTED_EDGE('',*,*,#1860,.F.);
#2537=ORIENTED_EDGE('',*,*,#1779,.F.);
#2538=ORIENTED_EDGE('',*,*,#1858,.T.);
#2539=ORIENTED_EDGE('',*,*,#1791,.T.);
#2540=ORIENTED_EDGE('',*,*,#1861,.F.);
#2541=ORIENTED_EDGE('',*,*,#1775,.F.);
#2542=ORIENTED_EDGE('',*,*,#1819,.F.);
#2543=ORIENTED_EDGE('',*,*,#1790,.T.);
#2544=ORIENTED_EDGE('',*,*,#1820,.F.);
#2545=ORIENTED_EDGE('',*,*,#1776,.F.);
#2546=ORIENTED_EDGE('',*,*,#1861,.T.);
#2547=ORIENTED_EDGE('',*,*,#1862,.F.);
#2548=ORIENTED_EDGE('',*,*,#1863,.T.);
#2549=ORIENTED_EDGE('',*,*,#1864,.F.);
#2550=ORIENTED_EDGE('',*,*,#1863,.F.);
#2551=ORIENTED_EDGE('',*,*,#1865,.F.);
#2552=ORIENTED_EDGE('',*,*,#1866,.T.);
#2553=ORIENTED_EDGE('',*,*,#1867,.F.);
#2554=ORIENTED_EDGE('',*,*,#1727,.F.);
#2555=ORIENTED_EDGE('',*,*,#1868,.F.);
#2556=ORIENTED_EDGE('',*,*,#1869,.T.);
#2557=ORIENTED_EDGE('',*,*,#1870,.F.);
#2558=ORIENTED_EDGE('',*,*,#1866,.F.);
#2559=ORIENTED_EDGE('',*,*,#1871,.F.);
#2560=ORIENTED_EDGE('',*,*,#1872,.T.);
#2561=ORIENTED_EDGE('',*,*,#1873,.F.);
#2562=ORIENTED_EDGE('',*,*,#1869,.F.);
#2563=ORIENTED_EDGE('',*,*,#1874,.F.);
#2564=ORIENTED_EDGE('',*,*,#1875,.T.);
#2565=ORIENTED_EDGE('',*,*,#1876,.F.);
#2566=ORIENTED_EDGE('',*,*,#1872,.F.);
#2567=ORIENTED_EDGE('',*,*,#1877,.F.);
#2568=ORIENTED_EDGE('',*,*,#1878,.T.);
#2569=ORIENTED_EDGE('',*,*,#1879,.F.);
#2570=ORIENTED_EDGE('',*,*,#1875,.F.);
#2571=ORIENTED_EDGE('',*,*,#1880,.F.);
#2572=ORIENTED_EDGE('',*,*,#1881,.T.);
#2573=ORIENTED_EDGE('',*,*,#1882,.F.);
#2574=ORIENTED_EDGE('',*,*,#1878,.F.);
#2575=ORIENTED_EDGE('',*,*,#1883,.F.);
#2576=ORIENTED_EDGE('',*,*,#1884,.F.);
#2577=ORIENTED_EDGE('',*,*,#1885,.F.);
#2578=ORIENTED_EDGE('',*,*,#1881,.F.);
#2579=ORIENTED_EDGE('',*,*,#1867,.T.);
#2580=ORIENTED_EDGE('',*,*,#1870,.T.);
#2581=ORIENTED_EDGE('',*,*,#1873,.T.);
#2582=ORIENTED_EDGE('',*,*,#1876,.T.);
#2583=ORIENTED_EDGE('',*,*,#1879,.T.);
#2584=ORIENTED_EDGE('',*,*,#1882,.T.);
#2585=ORIENTED_EDGE('',*,*,#1885,.T.);
#2586=ORIENTED_EDGE('',*,*,#1886,.F.);
#2587=ORIENTED_EDGE('',*,*,#1736,.T.);
#2588=ORIENTED_EDGE('',*,*,#1887,.F.);
#2589=ORIENTED_EDGE('',*,*,#1722,.T.);
#2590=ORIENTED_EDGE('',*,*,#1728,.F.);
#2591=ORIENTED_EDGE('',*,*,#1827,.T.);
#2592=ORIENTED_EDGE('',*,*,#1830,.T.);
#2593=ORIENTED_EDGE('',*,*,#1833,.T.);
#2594=ORIENTED_EDGE('',*,*,#1836,.T.);
#2595=ORIENTED_EDGE('',*,*,#1730,.F.);
#2596=ORIENTED_EDGE('',*,*,#1737,.T.);
#2597=ORIENTED_EDGE('',*,*,#1886,.T.);
#2598=ORIENTED_EDGE('',*,*,#1884,.T.);
#2599=ORIENTED_EDGE('',*,*,#1888,.T.);
#2600=ORIENTED_EDGE('',*,*,#1889,.T.);
#2601=ORIENTED_EDGE('',*,*,#1883,.T.);
#2602=ORIENTED_EDGE('',*,*,#1880,.T.);
#2603=ORIENTED_EDGE('',*,*,#1877,.T.);
#2604=ORIENTED_EDGE('',*,*,#1874,.T.);
#2605=ORIENTED_EDGE('',*,*,#1871,.T.);
#2606=ORIENTED_EDGE('',*,*,#1868,.T.);
#2607=ORIENTED_EDGE('',*,*,#1865,.T.);
#2608=ORIENTED_EDGE('',*,*,#1726,.F.);
#2609=ORIENTED_EDGE('',*,*,#1518,.F.);
#2610=ORIENTED_EDGE('',*,*,#1890,.T.);
#2611=ORIENTED_EDGE('',*,*,#1891,.T.);
#2612=ORIENTED_EDGE('',*,*,#1888,.F.);
#2613=ORIENTED_EDGE('',*,*,#1839,.T.);
#2614=ORIENTED_EDGE('',*,*,#1842,.T.);
#2615=ORIENTED_EDGE('',*,*,#1845,.T.);
#2616=ORIENTED_EDGE('',*,*,#1848,.T.);
#2617=ORIENTED_EDGE('',*,*,#1720,.F.);
#2618=ORIENTED_EDGE('',*,*,#1725,.F.);
#2619=ORIENTED_EDGE('',*,*,#1892,.F.);
#2620=ORIENTED_EDGE('',*,*,#1547,.F.);
#2621=ORIENTED_EDGE('',*,*,#1537,.T.);
#2622=ORIENTED_EDGE('',*,*,#1590,.T.);
#2623=ORIENTED_EDGE('',*,*,#1521,.F.);
#2624=ORIENTED_EDGE('',*,*,#1735,.T.);
#2625=ORIENTED_EDGE('',*,*,#1893,.T.);
#2626=ORIENTED_EDGE('',*,*,#1723,.T.);
#2627=ORIENTED_EDGE('',*,*,#1887,.T.);
#2628=ORIENTED_EDGE('',*,*,#1864,.T.);
#2629=ORIENTED_EDGE('',*,*,#1734,.T.);
#2630=ORIENTED_EDGE('',*,*,#1894,.F.);
#2631=ORIENTED_EDGE('',*,*,#1724,.T.);
#2632=ORIENTED_EDGE('',*,*,#1893,.F.);
#2633=ORIENTED_EDGE('',*,*,#1662,.F.);
#2634=ORIENTED_EDGE('',*,*,#1676,.T.);
#2635=ORIENTED_EDGE('',*,*,#1672,.F.);
#2636=ORIENTED_EDGE('',*,*,#1548,.T.);
#2637=ORIENTED_EDGE('',*,*,#1892,.T.);
#2638=ORIENTED_EDGE('',*,*,#1894,.T.);
#2639=ORIENTED_EDGE('',*,*,#1754,.T.);
#2640=ORIENTED_EDGE('',*,*,#1895,.T.);
#2641=ORIENTED_EDGE('',*,*,#1663,.F.);
#2642=ORIENTED_EDGE('',*,*,#1895,.F.);
#2643=ORIENTED_EDGE('',*,*,#1753,.T.);
#2644=ORIENTED_EDGE('',*,*,#1731,.F.);
#2645=ORIENTED_EDGE('',*,*,#1889,.F.);
#2646=ORIENTED_EDGE('',*,*,#1891,.F.);
#2647=ORIENTED_EDGE('',*,*,#1896,.T.);
#2648=ORIENTED_EDGE('',*,*,#1760,.T.);
#2649=ORIENTED_EDGE('',*,*,#1853,.T.);
#2650=ORIENTED_EDGE('',*,*,#1696,.T.);
#2651=ORIENTED_EDGE('',*,*,#1854,.T.);
#2652=ORIENTED_EDGE('',*,*,#1781,.T.);
#2653=ORIENTED_EDGE('',*,*,#1897,.T.);
#2654=ORIENTED_EDGE('',*,*,#1666,.F.);
#2655=ORIENTED_EDGE('',*,*,#1658,.F.);
#2656=ORIENTED_EDGE('',*,*,#1660,.F.);
#2657=ORIENTED_EDGE('',*,*,#1665,.F.);
#2658=ORIENTED_EDGE('',*,*,#1897,.F.);
#2659=ORIENTED_EDGE('',*,*,#1756,.T.);
#2660=ORIENTED_EDGE('',*,*,#1896,.F.);
#2661=ORIENTED_EDGE('',*,*,#1890,.F.);
#2662=ORIENTED_EDGE('',*,*,#1517,.T.);
#2663=ORIENTED_EDGE('',*,*,#1501,.T.);
#2664=ORIENTED_EDGE('',*,*,#1610,.T.);
#2665=ORIENTED_EDGE('',*,*,#1546,.T.);
#2666=ORIENTED_EDGE('',*,*,#1601,.F.);
#2667=ORIENTED_EDGE('',*,*,#1614,.F.);
#2668=ORIENTED_EDGE('',*,*,#1553,.T.);
#2669=ORIENTED_EDGE('',*,*,#1674,.F.);
#2670=ORIENTED_EDGE('',*,*,#1645,.F.);
#2671=ORIENTED_EDGE('',*,*,#1678,.F.);
#2672=ORIENTED_EDGE('',*,*,#1684,.F.);
#2673=ORIENTED_EDGE('',*,*,#1683,.T.);
#2674=ORIENTED_EDGE('',*,*,#1650,.F.);
#2675=ORIENTED_EDGE('',*,*,#1862,.T.);
#2676=ORIENTED_EDGE('',*,*,#1511,.F.);
#2677=ORIENTED_EDGE('',*,*,#1898,.T.);
#2678=ORIENTED_EDGE('',*,*,#1899,.T.);
#2679=ORIENTED_EDGE('',*,*,#1900,.F.);
#2680=ORIENTED_EDGE('',*,*,#1516,.F.);
#2681=ORIENTED_EDGE('',*,*,#1901,.T.);
#2682=ORIENTED_EDGE('',*,*,#1902,.T.);
#2683=ORIENTED_EDGE('',*,*,#1898,.F.);
#2684=ORIENTED_EDGE('',*,*,#1515,.F.);
#2685=ORIENTED_EDGE('',*,*,#1903,.T.);
#2686=ORIENTED_EDGE('',*,*,#1904,.T.);
#2687=ORIENTED_EDGE('',*,*,#1901,.F.);
#2688=ORIENTED_EDGE('',*,*,#1514,.F.);
#2689=ORIENTED_EDGE('',*,*,#1905,.T.);
#2690=ORIENTED_EDGE('',*,*,#1906,.T.);
#2691=ORIENTED_EDGE('',*,*,#1903,.F.);
#2692=ORIENTED_EDGE('',*,*,#1513,.F.);
#2693=ORIENTED_EDGE('',*,*,#1907,.T.);
#2694=ORIENTED_EDGE('',*,*,#1908,.T.);
#2695=ORIENTED_EDGE('',*,*,#1905,.F.);
#2696=ORIENTED_EDGE('',*,*,#1512,.F.);
#2697=ORIENTED_EDGE('',*,*,#1900,.T.);
#2698=ORIENTED_EDGE('',*,*,#1909,.T.);
#2699=ORIENTED_EDGE('',*,*,#1907,.F.);
#2700=ORIENTED_EDGE('',*,*,#1909,.F.);
#2701=ORIENTED_EDGE('',*,*,#1899,.F.);
#2702=ORIENTED_EDGE('',*,*,#1902,.F.);
#2703=ORIENTED_EDGE('',*,*,#1904,.F.);
#2704=ORIENTED_EDGE('',*,*,#1906,.F.);
#2705=ORIENTED_EDGE('',*,*,#1908,.F.);
#2706=ORIENTED_EDGE('',*,*,#1910,.F.);
#2707=ORIENTED_EDGE('',*,*,#1910,.T.);
#2708=ORIENTED_EDGE('',*,*,#1911,.T.);
#2709=ORIENTED_EDGE('',*,*,#1564,.F.);
#2710=ORIENTED_EDGE('',*,*,#1911,.F.);
#2711=ORIENTED_EDGE('',*,*,#1561,.T.);
#2712=ORIENTED_EDGE('',*,*,#1912,.T.);
#2713=ORIENTED_EDGE('',*,*,#1598,.T.);
#2714=ORIENTED_EDGE('',*,*,#1913,.T.);
#2715=ORIENTED_EDGE('',*,*,#1508,.T.);
#2716=ORIENTED_EDGE('',*,*,#1914,.T.);
#2717=ORIENTED_EDGE('',*,*,#1604,.T.);
#2718=ORIENTED_EDGE('',*,*,#1612,.T.);
#2719=ORIENTED_EDGE('',*,*,#1594,.F.);
#2720=ORIENTED_EDGE('',*,*,#1605,.F.);
#2721=ORIENTED_EDGE('',*,*,#1914,.F.);
#2722=ORIENTED_EDGE('',*,*,#1507,.F.);
#2723=ORIENTED_EDGE('',*,*,#1613,.F.);
#2724=ORIENTED_EDGE('',*,*,#1599,.T.);
#2725=ORIENTED_EDGE('',*,*,#1912,.F.);
#2726=ORIENTED_EDGE('',*,*,#1560,.F.);
#2727=ORIENTED_EDGE('',*,*,#1625,.F.);
#2728=ORIENTED_EDGE('',*,*,#1562,.T.);
#2729=ORIENTED_EDGE('',*,*,#1913,.F.);
#2730=ORIENTED_EDGE('',*,*,#1597,.F.);
#2731=ORIENTED_EDGE('',*,*,#1587,.F.);
#2732=ORIENTED_EDGE('',*,*,#1915,.T.);
#2733=ORIENTED_EDGE('',*,*,#1916,.F.);
#2734=ORIENTED_EDGE('',*,*,#1915,.F.);
#2735=ORIENTED_EDGE('',*,*,#1540,.F.);
#2736=ORIENTED_EDGE('',*,*,#1607,.F.);
#2737=ORIENTED_EDGE('',*,*,#1609,.T.);
#2738=ORIENTED_EDGE('',*,*,#1917,.F.);
#2739=ORIENTED_EDGE('',*,*,#1591,.F.);
#2740=ORIENTED_EDGE('',*,*,#1588,.F.);
#2741=ORIENTED_EDGE('',*,*,#1916,.T.);
#2742=ORIENTED_EDGE('',*,*,#1917,.T.);
#2743=ORIENTED_EDGE('',*,*,#1608,.T.);
#2744=ORIENTED_EDGE('',*,*,#1585,.T.);
#2745=ORIENTED_EDGE('',*,*,#1592,.T.);
#2746=ORIENTED_EDGE('',*,*,#1575,.F.);
#2747=ORIENTED_EDGE('',*,*,#1918,.T.);
#2748=ORIENTED_EDGE('',*,*,#1919,.F.);
#2749=ORIENTED_EDGE('',*,*,#1918,.F.);
#2750=ORIENTED_EDGE('',*,*,#1572,.T.);
#2751=ORIENTED_EDGE('',*,*,#1622,.T.);
#2752=ORIENTED_EDGE('',*,*,#1920,.T.);
#2753=ORIENTED_EDGE('',*,*,#1617,.T.);
#2754=ORIENTED_EDGE('',*,*,#1578,.F.);
#2755=ORIENTED_EDGE('',*,*,#1616,.F.);
#2756=ORIENTED_EDGE('',*,*,#1618,.T.);
#2757=ORIENTED_EDGE('',*,*,#1920,.F.);
#2758=ORIENTED_EDGE('',*,*,#1621,.F.);
#2759=ORIENTED_EDGE('',*,*,#1619,.F.);
#2760=ORIENTED_EDGE('',*,*,#1919,.T.);
#2761=CYLINDRICAL_SURFACE('',#2985,0.4);
#2762=CYLINDRICAL_SURFACE('',#2996,0.4);
#2763=CYLINDRICAL_SURFACE('',#3008,1.5);
#2764=CYLINDRICAL_SURFACE('',#3014,1.5);
#2765=CYLINDRICAL_SURFACE('',#3020,0.5);
#2766=CYLINDRICAL_SURFACE('',#3024,0.5);
#2767=CYLINDRICAL_SURFACE('',#3032,0.5);
#2768=CYLINDRICAL_SURFACE('',#3035,0.5);
#2769=CYLINDRICAL_SURFACE('',#3038,3.);
#2770=CYLINDRICAL_SURFACE('',#3040,3.);
#2771=CYLINDRICAL_SURFACE('',#3043,3.);
#2772=CYLINDRICAL_SURFACE('',#3046,3.);
#2773=CYLINDRICAL_SURFACE('',#3056,1.);
#2774=CYLINDRICAL_SURFACE('',#3062,1.);
#2775=CYLINDRICAL_SURFACE('',#3068,1.);
#2776=CYLINDRICAL_SURFACE('',#3070,1.);
#2777=CYLINDRICAL_SURFACE('',#3075,1.);
#2778=CYLINDRICAL_SURFACE('',#3080,1.);
#2779=CYLINDRICAL_SURFACE('',#3082,1.);
#2780=CYLINDRICAL_SURFACE('',#3083,1.);
#2781=CYLINDRICAL_SURFACE('',#3085,4.);
#2782=CYLINDRICAL_SURFACE('',#3097,12.);
#2783=CYLINDRICAL_SURFACE('',#3102,3.);
#2784=CYLINDRICAL_SURFACE('',#3106,3.);
#2785=CYLINDRICAL_SURFACE('',#3112,2.7);
#2786=CYLINDRICAL_SURFACE('',#3114,1.);
#2787=CYLINDRICAL_SURFACE('',#3118,1.);
#2788=CYLINDRICAL_SURFACE('',#3138,3.);
#2789=CYLINDRICAL_SURFACE('',#3144,3.);
#2790=CYLINDRICAL_SURFACE('',#3150,3.);
#2791=CYLINDRICAL_SURFACE('',#3156,3.);
#2792=CYLINDRICAL_SURFACE('',#3165,1.6);
#2793=CYLINDRICAL_SURFACE('',#3166,1.25);
#2794=CYLINDRICAL_SURFACE('',#3169,1.25);
#2795=CYLINDRICAL_SURFACE('',#3172,1.25);
#2796=CYLINDRICAL_SURFACE('',#3175,1.25);
#2797=CYLINDRICAL_SURFACE('',#3178,1.75);
#2798=CYLINDRICAL_SURFACE('',#3182,1.75);
#2799=CYLINDRICAL_SURFACE('',#3186,1.75);
#2800=CYLINDRICAL_SURFACE('',#3190,1.75);
#2801=CYLINDRICAL_SURFACE('',#3195,10.);
#2802=CYLINDRICAL_SURFACE('',#3199,1.6);
#2803=CYLINDRICAL_SURFACE('',#3203,1.6);
#2804=CYLINDRICAL_SURFACE('',#3206,2.7);
#2805=CYLINDRICAL_SURFACE('',#3208,1.6);
#2806=CYLINDRICAL_SURFACE('',#3210,4.);
#2807=CYLINDRICAL_SURFACE('',#3237,1.6);
#2808=CYLINDRICAL_SURFACE('',#3238,7.5);
#2809=CYLINDRICAL_SURFACE('',#3239,6.);
#2810=CYLINDRICAL_SURFACE('',#3243,1.6);
#2811=CYLINDRICAL_SURFACE('',#3247,7.5);
#2812=CYLINDRICAL_SURFACE('',#3248,1.6);
#2813=CYLINDRICAL_SURFACE('',#3250,7.5);
#2814=ADVANCED_FACE('',(#261),#2761,.F.);
#2815=ADVANCED_FACE('',(#262,#20),#162,.T.);
#2816=ADVANCED_FACE('',(#263,#21,#22),#163,.T.);
#2817=ADVANCED_FACE('',(#264),#2762,.F.);
#2818=ADVANCED_FACE('',(#265),#19,.T.);
#2819=ADVANCED_FACE('',(#266),#164,.T.);
#2820=ADVANCED_FACE('',(#267),#165,.T.);
#2821=ADVANCED_FACE('',(#268,#23),#166,.T.);
#2822=ADVANCED_FACE('',(#269),#2763,.F.);
#2823=ADVANCED_FACE('',(#270,#24),#167,.T.);
#2824=ADVANCED_FACE('',(#271),#2764,.F.);
#2825=ADVANCED_FACE('',(#272,#25),#168,.T.);
#2826=ADVANCED_FACE('',(#273),#2765,.F.);
#2827=ADVANCED_FACE('',(#274),#169,.T.);
#2828=ADVANCED_FACE('',(#275),#2766,.F.);
#2829=ADVANCED_FACE('',(#276),#170,.T.);
#2830=ADVANCED_FACE('',(#277),#2767,.F.);
#2831=ADVANCED_FACE('',(#278),#171,.T.);
#2832=ADVANCED_FACE('',(#279),#2768,.F.);
#2833=ADVANCED_FACE('',(#280),#172,.T.);
#2834=ADVANCED_FACE('',(#281),#2769,.F.);
#2835=ADVANCED_FACE('',(#282),#2770,.F.);
#2836=ADVANCED_FACE('',(#283),#173,.T.);
#2837=ADVANCED_FACE('',(#284),#2771,.F.);
#2838=ADVANCED_FACE('',(#285),#174,.T.);
#2839=ADVANCED_FACE('',(#286),#2772,.F.);
#2840=ADVANCED_FACE('',(#287),#175,.F.);
#2841=ADVANCED_FACE('',(#288),#176,.F.);
#2842=ADVANCED_FACE('',(#289),#177,.F.);
#2843=ADVANCED_FACE('',(#290),#178,.T.);
#2844=ADVANCED_FACE('',(#291),#179,.T.);
#2845=ADVANCED_FACE('',(#292),#180,.T.);
#2846=ADVANCED_FACE('',(#293),#2773,.T.);
#2847=ADVANCED_FACE('',(#294),#17,.T.);
#2848=ADVANCED_FACE('',(#295),#2774,.T.);
#2849=ADVANCED_FACE('',(#296),#15,.T.);
#2850=ADVANCED_FACE('',(#297),#2775,.T.);
#2851=ADVANCED_FACE('',(#298),#2776,.T.);
#2852=ADVANCED_FACE('',(#299),#18,.T.);
#2853=ADVANCED_FACE('',(#300),#2777,.T.);
#2854=ADVANCED_FACE('',(#301),#16,.T.);
#2855=ADVANCED_FACE('',(#302),#2778,.T.);
#2856=ADVANCED_FACE('',(#303),#2779,.T.);
#2857=ADVANCED_FACE('',(#304),#2780,.T.);
#2858=ADVANCED_FACE('',(#305),#2781,.F.);
#2859=ADVANCED_FACE('',(#306),#181,.T.);
#2860=ADVANCED_FACE('',(#307),#182,.T.);
#2861=ADVANCED_FACE('',(#308),#183,.T.);
#2862=ADVANCED_FACE('',(#309),#184,.T.);
#2863=ADVANCED_FACE('',(#310),#185,.T.);
#2864=ADVANCED_FACE('',(#311),#186,.F.);
#2865=ADVANCED_FACE('',(#312),#187,.F.);
#2866=ADVANCED_FACE('',(#313),#2782,.T.);
#2867=ADVANCED_FACE('',(#314),#188,.T.);
#2868=ADVANCED_FACE('',(#315),#2783,.F.);
#2869=ADVANCED_FACE('',(#316),#189,.F.);
#2870=ADVANCED_FACE('',(#317),#190,.F.);
#2871=ADVANCED_FACE('',(#318),#2784,.F.);
#2872=ADVANCED_FACE('',(#319),#191,.F.);
#2873=ADVANCED_FACE('',(#320),#192,.F.);
#2874=ADVANCED_FACE('',(#321),#193,.F.);
#2875=ADVANCED_FACE('',(#322),#194,.F.);
#2876=ADVANCED_FACE('',(#323),#2785,.F.);
#2877=ADVANCED_FACE('',(#324),#2786,.T.);
#2878=ADVANCED_FACE('',(#325,#26,#27,#28),#195,.T.);
#2879=ADVANCED_FACE('',(#326),#196,.T.);
#2880=ADVANCED_FACE('',(#327),#2787,.T.);
#2881=ADVANCED_FACE('',(#328,#29,#30,#31,#32,#33),#197,.T.);
#2882=ADVANCED_FACE('',(#329),#198,.F.);
#2883=ADVANCED_FACE('',(#330),#199,.F.);
#2884=ADVANCED_FACE('',(#331),#200,.T.);
#2885=ADVANCED_FACE('',(#332,#34,#35,#36,#37,#38),#201,.T.);
#2886=ADVANCED_FACE('',(#333),#202,.T.);
#2887=ADVANCED_FACE('',(#334),#2788,.F.);
#2888=ADVANCED_FACE('',(#335),#203,.F.);
#2889=ADVANCED_FACE('',(#336),#204,.F.);
#2890=ADVANCED_FACE('',(#337,#39),#205,.T.);
#2891=ADVANCED_FACE('',(#338),#2789,.F.);
#2892=ADVANCED_FACE('',(#339),#206,.F.);
#2893=ADVANCED_FACE('',(#340),#207,.F.);
#2894=ADVANCED_FACE('',(#341,#40),#208,.T.);
#2895=ADVANCED_FACE('',(#342),#2790,.F.);
#2896=ADVANCED_FACE('',(#343),#209,.F.);
#2897=ADVANCED_FACE('',(#344),#210,.F.);
#2898=ADVANCED_FACE('',(#345,#41),#211,.T.);
#2899=ADVANCED_FACE('',(#346),#2791,.F.);
#2900=ADVANCED_FACE('',(#347),#212,.F.);
#2901=ADVANCED_FACE('',(#348),#213,.F.);
#2902=ADVANCED_FACE('',(#349,#42),#214,.T.);
#2903=ADVANCED_FACE('',(#350),#215,.F.);
#2904=ADVANCED_FACE('',(#351),#216,.F.);
#2905=ADVANCED_FACE('',(#352),#217,.F.);
#2906=ADVANCED_FACE('',(#353),#2792,.F.);
#2907=ADVANCED_FACE('',(#354),#2793,.F.);
#2908=ADVANCED_FACE('',(#355),#2794,.F.);
#2909=ADVANCED_FACE('',(#356),#2795,.F.);
#2910=ADVANCED_FACE('',(#357),#2796,.F.);
#2911=ADVANCED_FACE('',(#358),#2797,.F.);
#2912=ADVANCED_FACE('',(#359,#43),#218,.T.);
#2913=ADVANCED_FACE('',(#360),#2798,.F.);
#2914=ADVANCED_FACE('',(#361,#44),#219,.T.);
#2915=ADVANCED_FACE('',(#362),#2799,.F.);
#2916=ADVANCED_FACE('',(#363,#45),#220,.T.);
#2917=ADVANCED_FACE('',(#364),#2800,.F.);
#2918=ADVANCED_FACE('',(#365,#46),#221,.T.);
#2919=ADVANCED_FACE('',(#366),#222,.T.);
#2920=ADVANCED_FACE('',(#367),#2801,.F.);
#2921=ADVANCED_FACE('',(#368),#223,.T.);
#2922=ADVANCED_FACE('',(#369),#224,.T.);
#2923=ADVANCED_FACE('',(#370),#225,.T.);
#2924=ADVANCED_FACE('',(#371),#2802,.F.);
#2925=ADVANCED_FACE('',(#372),#226,.F.);
#2926=ADVANCED_FACE('',(#373),#227,.F.);
#2927=ADVANCED_FACE('',(#374),#228,.F.);
#2928=ADVANCED_FACE('',(#375),#2803,.F.);
#2929=ADVANCED_FACE('',(#376),#229,.F.);
#2930=ADVANCED_FACE('',(#377),#230,.F.);
#2931=ADVANCED_FACE('',(#378),#2804,.F.);
#2932=ADVANCED_FACE('',(#379),#231,.F.);
#2933=ADVANCED_FACE('',(#380),#2805,.F.);
#2934=ADVANCED_FACE('',(#381),#232,.F.);
#2935=ADVANCED_FACE('',(#382),#2806,.F.);
#2936=ADVANCED_FACE('',(#383),#233,.F.);
#2937=ADVANCED_FACE('',(#384),#234,.F.);
#2938=ADVANCED_FACE('',(#385),#235,.F.);
#2939=ADVANCED_FACE('',(#386),#236,.F.);
#2940=ADVANCED_FACE('',(#387),#237,.F.);
#2941=ADVANCED_FACE('',(#388),#238,.F.);
#2942=ADVANCED_FACE('',(#389),#239,.F.);
#2943=ADVANCED_FACE('',(#390,#47,#48,#49,#50),#240,.T.);
#2944=ADVANCED_FACE('',(#391),#241,.T.);
#2945=ADVANCED_FACE('',(#392,#51,#52,#53,#54),#242,.T.);
#2946=ADVANCED_FACE('',(#393),#243,.F.);
#2947=ADVANCED_FACE('',(#394,#55),#244,.T.);
#2948=ADVANCED_FACE('',(#395),#245,.T.);
#2949=ADVANCED_FACE('',(#396),#246,.T.);
#2950=ADVANCED_FACE('',(#397),#247,.T.);
#2951=ADVANCED_FACE('',(#398,#56),#248,.F.);
#2952=ADVANCED_FACE('',(#399),#249,.F.);
#2953=ADVANCED_FACE('',(#400),#250,.F.);
#2954=ADVANCED_FACE('',(#401),#251,.F.);
#2955=ADVANCED_FACE('',(#402),#252,.F.);
#2956=ADVANCED_FACE('',(#403),#253,.F.);
#2957=ADVANCED_FACE('',(#404),#254,.F.);
#2958=ADVANCED_FACE('',(#405,#57),#255,.T.);
#2959=ADVANCED_FACE('',(#406),#2807,.F.);
#2960=ADVANCED_FACE('',(#407),#2808,.T.);
#2961=ADVANCED_FACE('',(#408),#2809,.T.);
#2962=ADVANCED_FACE('',(#409),#256,.T.);
#2963=ADVANCED_FACE('',(#410),#257,.T.);
#2964=ADVANCED_FACE('',(#411),#258,.T.);
#2965=ADVANCED_FACE('',(#412),#2810,.F.);
#2966=ADVANCED_FACE('',(#413,#58),#259,.T.);
#2967=ADVANCED_FACE('',(#414),#2811,.T.);
#2968=ADVANCED_FACE('',(#415),#2812,.F.);
#2969=ADVANCED_FACE('',(#416),#2813,.T.);
#2970=ADVANCED_FACE('',(#417,#59),#260,.T.);
#2971=CLOSED_SHELL('',(#2814,#2815,#2816,#2817,#2818,#2819,#2820,#2821,
#2822,#2823,#2824,#2825,#2826,#2827,#2828,#2829,#2830,#2831,#2832,#2833,
#2834,#2835,#2836,#2837,#2838,#2839,#2840,#2841,#2842,#2843,#2844,#2845,
#2846,#2847,#2848,#2849,#2850,#2851,#2852,#2853,#2854,#2855,#2856,#2857,
#2858,#2859,#2860,#2861,#2862,#2863,#2864,#2865,#2866,#2867,#2868,#2869,
#2870,#2871,#2872,#2873,#2874,#2875,#2876,#2877,#2878,#2879,#2880,#2881,
#2882,#2883,#2884,#2885,#2886,#2887,#2888,#2889,#2890,#2891,#2892,#2893,
#2894,#2895,#2896,#2897,#2898,#2899,#2900,#2901,#2902,#2903,#2904,#2905,
#2906,#2907,#2908,#2909,#2910,#2911,#2912,#2913,#2914,#2915,#2916,#2917,
#2918,#2919,#2920,#2921,#2922,#2923,#2924,#2925,#2926,#2927,#2928,#2929,
#2930,#2931,#2932,#2933,#2934,#2935,#2936,#2937,#2938,#2939,#2940,#2941,
#2942,#2943,#2944,#2945,#2946,#2947,#2948,#2949,#2950,#2951,#2952,#2953,
#2954,#2955,#2956,#2957,#2958,#2959,#2960,#2961,#2962,#2963,#2964,#2965,
#2966,#2967,#2968,#2969,#2970));
#2972=DERIVED_UNIT_ELEMENT(#2974,1.);
#2973=DERIVED_UNIT_ELEMENT(#5100,-3.);
#2974=(
MASS_UNIT()
NAMED_UNIT(*)
SI_UNIT(.KILO.,.GRAM.)
);
#2975=DERIVED_UNIT((#2972,#2973));
#2976=MEASURE_REPRESENTATION_ITEM('density measure',
POSITIVE_RATIO_MEASURE(7850.),#2975);
#2977=PROPERTY_DEFINITION_REPRESENTATION(#2982,#2979);
#2978=PROPERTY_DEFINITION_REPRESENTATION(#2983,#2980);
#2979=REPRESENTATION('material name',(#2981),#5097);
#2980=REPRESENTATION('density',(#2976),#5097);
#2981=DESCRIPTIVE_REPRESENTATION_ITEM('A\X\E7o','A\X\E7o');
#2982=PROPERTY_DEFINITION('material property','material name',#5107);
#2983=PROPERTY_DEFINITION('material property','density of part',#5107);
#2984=AXIS2_PLACEMENT_3D('',#4086,#3253,#3254);
#2985=AXIS2_PLACEMENT_3D('',#4087,#3255,#3256);
#2986=AXIS2_PLACEMENT_3D('',#4090,#3257,#3258);
#2987=AXIS2_PLACEMENT_3D('',#4116,#3261,#3262);
#2988=AXIS2_PLACEMENT_3D('',#4118,#3263,#3264);
#2989=AXIS2_PLACEMENT_3D('',#4122,#3266,#3267);
#2990=AXIS2_PLACEMENT_3D('',#4125,#3269,#3270);
#2991=AXIS2_PLACEMENT_3D('',#4138,#3277,#3278);
#2992=AXIS2_PLACEMENT_3D('',#4146,#3282,#3283);
#2993=AXIS2_PLACEMENT_3D('',#4162,#3291,#3292);
#2994=AXIS2_PLACEMENT_3D('',#4170,#3296,#3297);
#2995=AXIS2_PLACEMENT_3D('',#4176,#3300,#3301);
#2996=AXIS2_PLACEMENT_3D('',#4178,#3303,#3304);
#2997=AXIS2_PLACEMENT_3D('',#4181,#3305,#3306);
#2998=AXIS2_PLACEMENT_3D('',#4185,#3308,#3309);
#2999=AXIS2_PLACEMENT_3D('',#4257,#3311,#3312);
#3000=AXIS2_PLACEMENT_3D('',#4258,#3313,#3314);
#3001=AXIS2_PLACEMENT_3D('',#4265,#3318,#3319);
#3002=AXIS2_PLACEMENT_3D('',#4273,#3323,#3324);
#3003=AXIS2_PLACEMENT_3D('',#4287,#3332,#3333);
#3004=AXIS2_PLACEMENT_3D('',#4292,#3335,#3336);
#3005=AXIS2_PLACEMENT_3D('',#4296,#3338,#3339);
#3006=AXIS2_PLACEMENT_3D('',#4299,#3341,#3342);
#3007=AXIS2_PLACEMENT_3D('',#4301,#3343,#3344);
#3008=AXIS2_PLACEMENT_3D('',#4302,#3345,#3346);
#3009=AXIS2_PLACEMENT_3D('',#4346,#3348,#3349);
#3010=AXIS2_PLACEMENT_3D('',#4348,#3350,#3351);
#3011=AXIS2_PLACEMENT_3D('',#4352,#3353,#3354);
#3012=AXIS2_PLACEMENT_3D('',#4355,#3356,#3357);
#3013=AXIS2_PLACEMENT_3D('',#4357,#3358,#3359);
#3014=AXIS2_PLACEMENT_3D('',#4358,#3360,#3361);
#3015=AXIS2_PLACEMENT_3D('',#4401,#3363,#3364);
#3016=AXIS2_PLACEMENT_3D('',#4404,#3366,#3367);
#3017=AXIS2_PLACEMENT_3D('',#4405,#3368,#3369);
#3018=AXIS2_PLACEMENT_3D('',#4409,#3371,#3372);
#3019=AXIS2_PLACEMENT_3D('',#4412,#3374,#3375);
#3020=AXIS2_PLACEMENT_3D('',#4413,#3376,#3377);
#3021=AXIS2_PLACEMENT_3D('',#4415,#3378,#3379);
#3022=AXIS2_PLACEMENT_3D('',#4417,#3381,#3382);
#3023=AXIS2_PLACEMENT_3D('',#4418,#3383,#3384);
#3024=AXIS2_PLACEMENT_3D('',#4422,#3387,#3388);
#3025=AXIS2_PLACEMENT_3D('',#4424,#3389,#3390);
#3026=AXIS2_PLACEMENT_3D('',#4426,#3392,#3393);
#3027=AXIS2_PLACEMENT_3D('',#4430,#3395,#3396);
#3028=AXIS2_PLACEMENT_3D('',#4434,#3398,#3399);
#3029=AXIS2_PLACEMENT_3D('',#4438,#3401,#3402);
#3030=AXIS2_PLACEMENT_3D('',#4441,#3404,#3405);
#3031=AXIS2_PLACEMENT_3D('',#4445,#3407,#3408);
#3032=AXIS2_PLACEMENT_3D('',#4447,#3410,#3411);
#3033=AXIS2_PLACEMENT_3D('',#4450,#3413,#3414);
#3034=AXIS2_PLACEMENT_3D('',#4451,#3415,#3416);
#3035=AXIS2_PLACEMENT_3D('',#4455,#3419,#3420);
#3036=AXIS2_PLACEMENT_3D('',#4456,#3421,#3422);
#3037=AXIS2_PLACEMENT_3D('',#4458,#3424,#3425);
#3038=AXIS2_PLACEMENT_3D('',#4460,#3427,#3428);
#3039=AXIS2_PLACEMENT_3D('',#4462,#3430,#3431);
#3040=AXIS2_PLACEMENT_3D('',#4463,#3432,#3433);
#3041=AXIS2_PLACEMENT_3D('',#4466,#3435,#3436);
#3042=AXIS2_PLACEMENT_3D('',#4467,#3437,#3438);
#3043=AXIS2_PLACEMENT_3D('',#4471,#3441,#3442);
#3044=AXIS2_PLACEMENT_3D('',#4473,#3443,#3444);
#3045=AXIS2_PLACEMENT_3D('',#4475,#3446,#3447);
#3046=AXIS2_PLACEMENT_3D('',#4479,#3450,#3451);
#3047=AXIS2_PLACEMENT_3D('',#4489,#3452,#3453);
#3048=AXIS2_PLACEMENT_3D('',#4491,#3455,#3456);
#3049=AXIS2_PLACEMENT_3D('',#4500,#3461,#3462);
#3050=AXIS2_PLACEMENT_3D('',#4507,#3466,#3467);
#3051=AXIS2_PLACEMENT_3D('',#4508,#3468,#3469);
#3052=AXIS2_PLACEMENT_3D('',#4512,#3471,#3472);
#3053=AXIS2_PLACEMENT_3D('',#4516,#3475,#3476);
#3054=AXIS2_PLACEMENT_3D('',#4526,#3482,#3483);
#3055=AXIS2_PLACEMENT_3D('',#4536,#3489,#3490);
#3056=AXIS2_PLACEMENT_3D('',#4546,#3496,#3497);
#3057=AXIS2_PLACEMENT_3D('',#4547,#3498,#3499);
#3058=AXIS2_PLACEMENT_3D('',#4548,#3500,#3501);
#3059=AXIS2_PLACEMENT_3D('',#4549,#3502,#3503);
#3060=AXIS2_PLACEMENT_3D('',#4551,#3504,#3505);
#3061=AXIS2_PLACEMENT_3D('',#4552,#3506,#3507);
#3062=AXIS2_PLACEMENT_3D('',#4553,#3508,#3509);
#3063=AXIS2_PLACEMENT_3D('',#4555,#3510,#3511);
#3064=AXIS2_PLACEMENT_3D('',#4557,#3513,#3514);
#3065=AXIS2_PLACEMENT_3D('',#4560,#3515,#3516);
#3066=AXIS2_PLACEMENT_3D('',#4561,#3517,#3518);
#3067=AXIS2_PLACEMENT_3D('',#4562,#3519,#3520);
#3068=AXIS2_PLACEMENT_3D('',#4563,#3521,#3522);
#3069=AXIS2_PLACEMENT_3D('',#4566,#3523,#3524);
#3070=AXIS2_PLACEMENT_3D('',#4569,#3527,#3528);
#3071=AXIS2_PLACEMENT_3D('',#4571,#3529,#3530);
#3072=AXIS2_PLACEMENT_3D('',#4573,#3532,#3533);
#3073=AXIS2_PLACEMENT_3D('',#4574,#3534,#3535);
#3074=AXIS2_PLACEMENT_3D('',#4575,#3536,#3537);
#3075=AXIS2_PLACEMENT_3D('',#4576,#3538,#3539);
#3076=AXIS2_PLACEMENT_3D('',#4577,#3540,#3541);
#3077=AXIS2_PLACEMENT_3D('',#4578,#3542,#3543);
#3078=AXIS2_PLACEMENT_3D('',#4580,#3544,#3545);
#3079=AXIS2_PLACEMENT_3D('',#4581,#3546,#3547);
#3080=AXIS2_PLACEMENT_3D('',#4582,#3548,#3549);
#3081=AXIS2_PLACEMENT_3D('',#4584,#3550,#3551);
#3082=AXIS2_PLACEMENT_3D('',#4586,#3553,#3554);
#3083=AXIS2_PLACEMENT_3D('',#4587,#3555,#3556);
#3084=AXIS2_PLACEMENT_3D('',#4588,#3557,#3558);
#3085=AXIS2_PLACEMENT_3D('',#4589,#3559,#3560);
#3086=AXIS2_PLACEMENT_3D('',#4591,#3562,#3563);
#3087=AXIS2_PLACEMENT_3D('',#4593,#3565,#3566);
#3088=AXIS2_PLACEMENT_3D('',#4599,#3570,#3571);
#3089=AXIS2_PLACEMENT_3D('',#4603,#3574,#3575);
#3090=AXIS2_PLACEMENT_3D('',#4607,#3578,#3579);
#3091=AXIS2_PLACEMENT_3D('',#4609,#3581,#3582);
#3092=AXIS2_PLACEMENT_3D('',#4612,#3583,#3584);
#3093=AXIS2_PLACEMENT_3D('',#4616,#3586,#3587);
#3094=AXIS2_PLACEMENT_3D('',#4618,#3589,#3590);
#3095=AXIS2_PLACEMENT_3D('',#4621,#3591,#3592);
#3096=AXIS2_PLACEMENT_3D('',#4625,#3594,#3595);
#3097=AXIS2_PLACEMENT_3D('',#4627,#3597,#3598);
#3098=AXIS2_PLACEMENT_3D('',#4628,#3599,#3600);
#3099=AXIS2_PLACEMENT_3D('',#4634,#3603,#3604);
#3100=AXIS2_PLACEMENT_3D('',#4638,#3607,#3608);
#3101=AXIS2_PLACEMENT_3D('',#4639,#3609,#3610);
#3102=AXIS2_PLACEMENT_3D('',#4640,#3611,#3612);
#3103=AXIS2_PLACEMENT_3D('',#4643,#3613,#3614);
#3104=AXIS2_PLACEMENT_3D('',#4646,#3617,#3618);
#3105=AXIS2_PLACEMENT_3D('',#4650,#3621,#3622);
#3106=AXIS2_PLACEMENT_3D('',#4652,#3624,#3625);
#3107=AXIS2_PLACEMENT_3D('',#4655,#3626,#3627);
#3108=AXIS2_PLACEMENT_3D('',#4658,#3630,#3631);
#3109=AXIS2_PLACEMENT_3D('',#4662,#3634,#3635);
#3110=AXIS2_PLACEMENT_3D('',#4664,#3637,#3638);
#3111=AXIS2_PLACEMENT_3D('',#4670,#3642,#3643);
#3112=AXIS2_PLACEMENT_3D('',#4674,#3646,#3647);
#3113=AXIS2_PLACEMENT_3D('',#4675,#3648,#3649);
#3114=AXIS2_PLACEMENT_3D('',#4676,#3650,#3651);
#3115=AXIS2_PLACEMENT_3D('',#4680,#3653,#3654);
#3116=AXIS2_PLACEMENT_3D('',#4682,#3656,#3657);
#3117=AXIS2_PLACEMENT_3D('',#4692,#3663,#3664);
#3118=AXIS2_PLACEMENT_3D('',#4698,#3668,#3669);
#3119=AXIS2_PLACEMENT_3D('',#4701,#3670,#3671);
#3120=AXIS2_PLACEMENT_3D('',#4705,#3673,#3674);
#3121=AXIS2_PLACEMENT_3D('',#4707,#3676,#3677);
#3122=AXIS2_PLACEMENT_3D('',#4719,#3683,#3684);
#3123=AXIS2_PLACEMENT_3D('',#4725,#3687,#3688);
#3124=AXIS2_PLACEMENT_3D('',#4731,#3691,#3692);
#3125=AXIS2_PLACEMENT_3D('',#4737,#3695,#3696);
#3126=AXIS2_PLACEMENT_3D('',#4743,#3699,#3700);
#3127=AXIS2_PLACEMENT_3D('',#4747,#3703,#3704);
#3128=AXIS2_PLACEMENT_3D('',#4751,#3707,#3708);
#3129=AXIS2_PLACEMENT_3D('',#4760,#3713,#3714);
#3130=AXIS2_PLACEMENT_3D('',#4764,#3717,#3718);
#3131=AXIS2_PLACEMENT_3D('',#4769,#3721,#3722);
#3132=AXIS2_PLACEMENT_3D('',#4774,#3725,#3726);
#3133=AXIS2_PLACEMENT_3D('',#4780,#3729,#3730);
#3134=AXIS2_PLACEMENT_3D('',#4786,#3733,#3734);
#3135=AXIS2_PLACEMENT_3D('',#4792,#3737,#3738);
#3136=AXIS2_PLACEMENT_3D('',#4801,#3743,#3744);
#3137=AXIS2_PLACEMENT_3D('',#4802,#3745,#3746);
#3138=AXIS2_PLACEMENT_3D('',#4806,#3749,#3750);
#3139=AXIS2_PLACEMENT_3D('',#4810,#3752,#3753);
#3140=AXIS2_PLACEMENT_3D('',#4812,#3755,#3756);
#3141=AXIS2_PLACEMENT_3D('',#4816,#3759,#3760);
#3142=AXIS2_PLACEMENT_3D('',#4818,#3762,#3763);
#3143=AXIS2_PLACEMENT_3D('',#4824,#3766,#3767);
#3144=AXIS2_PLACEMENT_3D('',#4825,#3768,#3769);
#3145=AXIS2_PLACEMENT_3D('',#4829,#3771,#3772);
#3146=AXIS2_PLACEMENT_3D('',#4831,#3774,#3775);
#3147=AXIS2_PLACEMENT_3D('',#4835,#3778,#3779);
#3148=AXIS2_PLACEMENT_3D('',#4837,#3781,#3782);
#3149=AXIS2_PLACEMENT_3D('',#4843,#3785,#3786);
#3150=AXIS2_PLACEMENT_3D('',#4844,#3787,#3788);
#3151=AXIS2_PLACEMENT_3D('',#4848,#3790,#3791);
#3152=AXIS2_PLACEMENT_3D('',#4850,#3793,#3794);
#3153=AXIS2_PLACEMENT_3D('',#4854,#3797,#3798);
#3154=AXIS2_PLACEMENT_3D('',#4856,#3800,#3801);
#3155=AXIS2_PLACEMENT_3D('',#4862,#3804,#3805);
#3156=AXIS2_PLACEMENT_3D('',#4863,#3806,#3807);
#3157=AXIS2_PLACEMENT_3D('',#4867,#3809,#3810);
#3158=AXIS2_PLACEMENT_3D('',#4869,#3812,#3813);
#3159=AXIS2_PLACEMENT_3D('',#4873,#3816,#3817);
#3160=AXIS2_PLACEMENT_3D('',#4875,#3819,#3820);
#3161=AXIS2_PLACEMENT_3D('',#4878,#3821,#3822);
#3162=AXIS2_PLACEMENT_3D('',#4882,#3825,#3826);
#3163=AXIS2_PLACEMENT_3D('',#4885,#3829,#3830);
#3164=AXIS2_PLACEMENT_3D('',#4888,#3833,#3834);
#3165=AXIS2_PLACEMENT_3D('',#4891,#3837,#3838);
#3166=AXIS2_PLACEMENT_3D('',#4894,#3841,#3842);
#3167=AXIS2_PLACEMENT_3D('',#4896,#3843,#3844);
#3168=AXIS2_PLACEMENT_3D('',#4899,#3846,#3847);
#3169=AXIS2_PLACEMENT_3D('',#4900,#3848,#3849);
#3170=AXIS2_PLACEMENT_3D('',#4902,#3850,#3851);
#3171=AXIS2_PLACEMENT_3D('',#4905,#3853,#3854);
#3172=AXIS2_PLACEMENT_3D('',#4906,#3855,#3856);
#3173=AXIS2_PLACEMENT_3D('',#4908,#3857,#3858);
#3174=AXIS2_PLACEMENT_3D('',#4911,#3860,#3861);
#3175=AXIS2_PLACEMENT_3D('',#4912,#3862,#3863);
#3176=AXIS2_PLACEMENT_3D('',#4914,#3864,#3865);
#3177=AXIS2_PLACEMENT_3D('',#4917,#3867,#3868);
#3178=AXIS2_PLACEMENT_3D('',#4918,#3869,#3870);
#3179=AXIS2_PLACEMENT_3D('',#4920,#3871,#3872);
#3180=AXIS2_PLACEMENT_3D('',#4923,#3874,#3875);
#3181=AXIS2_PLACEMENT_3D('',#4924,#3876,#3877);
#3182=AXIS2_PLACEMENT_3D('',#4925,#3878,#3879);
#3183=AXIS2_PLACEMENT_3D('',#4927,#3880,#3881);
#3184=AXIS2_PLACEMENT_3D('',#4930,#3883,#3884);
#3185=AXIS2_PLACEMENT_3D('',#4931,#3885,#3886);
#3186=AXIS2_PLACEMENT_3D('',#4932,#3887,#3888);
#3187=AXIS2_PLACEMENT_3D('',#4934,#3889,#3890);
#3188=AXIS2_PLACEMENT_3D('',#4937,#3892,#3893);
#3189=AXIS2_PLACEMENT_3D('',#4938,#3894,#3895);
#3190=AXIS2_PLACEMENT_3D('',#4939,#3896,#3897);
#3191=AXIS2_PLACEMENT_3D('',#4941,#3898,#3899);
#3192=AXIS2_PLACEMENT_3D('',#4944,#3901,#3902);
#3193=AXIS2_PLACEMENT_3D('',#4945,#3903,#3904);
#3194=AXIS2_PLACEMENT_3D('',#4946,#3905,#3906);
#3195=AXIS2_PLACEMENT_3D('',#4948,#3908,#3909);
#3196=AXIS2_PLACEMENT_3D('',#4950,#3911,#3912);
#3197=AXIS2_PLACEMENT_3D('',#4951,#3913,#3914);
#3198=AXIS2_PLACEMENT_3D('',#4953,#3916,#3917);
#3199=AXIS2_PLACEMENT_3D('',#4955,#3919,#3920);
#3200=AXIS2_PLACEMENT_3D('',#4957,#3922,#3923);
#3201=AXIS2_PLACEMENT_3D('',#4958,#3924,#3925);
#3202=AXIS2_PLACEMENT_3D('',#4960,#3927,#3928);
#3203=AXIS2_PLACEMENT_3D('',#4961,#3929,#3930);
#3204=AXIS2_PLACEMENT_3D('',#4963,#3932,#3933);
#3205=AXIS2_PLACEMENT_3D('',#4964,#3934,#3935);
#3206=AXIS2_PLACEMENT_3D('',#4967,#3938,#3939);
#3207=AXIS2_PLACEMENT_3D('',#4969,#3941,#3942);
#3208=AXIS2_PLACEMENT_3D('',#4970,#3943,#3944);
#3209=AXIS2_PLACEMENT_3D('',#4972,#3946,#3947);
#3210=AXIS2_PLACEMENT_3D('',#4973,#3948,#3949);
#3211=AXIS2_PLACEMENT_3D('',#4975,#3950,#3951);
#3212=AXIS2_PLACEMENT_3D('',#4978,#3953,#3954);
#3213=AXIS2_PLACEMENT_3D('',#4979,#3955,#3956);
#3214=AXIS2_PLACEMENT_3D('',#4985,#3960,#3961);
#3215=AXIS2_PLACEMENT_3D('',#4991,#3965,#3966);
#3216=AXIS2_PLACEMENT_3D('',#4997,#3970,#3971);
#3217=AXIS2_PLACEMENT_3D('',#5003,#3975,#3976);
#3218=AXIS2_PLACEMENT_3D('',#5009,#3980,#3981);
#3219=AXIS2_PLACEMENT_3D('',#5015,#3985,#3986);
#3220=AXIS2_PLACEMENT_3D('',#5021,#3990,#3991);
#3221=AXIS2_PLACEMENT_3D('',#5024,#3994,#3995);
#3222=AXIS2_PLACEMENT_3D('',#5028,#3998,#3999);
#3223=AXIS2_PLACEMENT_3D('',#5032,#4002,#4003);
#3224=AXIS2_PLACEMENT_3D('',#5034,#4005,#4006);
#3225=AXIS2_PLACEMENT_3D('',#5036,#4008,#4009);
#3226=AXIS2_PLACEMENT_3D('',#5038,#4011,#4012);
#3227=AXIS2_PLACEMENT_3D('',#5040,#4014,#4015);
#3228=AXIS2_PLACEMENT_3D('',#5043,#4018,#4019);
#3229=AXIS2_PLACEMENT_3D('',#5044,#4020,#4021);
#3230=AXIS2_PLACEMENT_3D('',#5050,#4025,#4026);
#3231=AXIS2_PLACEMENT_3D('',#5054,#4029,#4030);
#3232=AXIS2_PLACEMENT_3D('',#5058,#4033,#4034);
#3233=AXIS2_PLACEMENT_3D('',#5062,#4037,#4038);
#3234=AXIS2_PLACEMENT_3D('',#5066,#4041,#4042);
#3235=AXIS2_PLACEMENT_3D('',#5068,#4044,#4045);
#3236=AXIS2_PLACEMENT_3D('',#5070,#4046,#4047);
#3237=AXIS2_PLACEMENT_3D('',#5071,#4048,#4049);
#3238=AXIS2_PLACEMENT_3D('',#5073,#4051,#4052);
#3239=AXIS2_PLACEMENT_3D('',#5076,#4055,#4056);
#3240=AXIS2_PLACEMENT_3D('',#5078,#4058,#4059);
#3241=AXIS2_PLACEMENT_3D('',#5079,#4060,#4061);
#3242=AXIS2_PLACEMENT_3D('',#5080,#4062,#4063);
#3243=AXIS2_PLACEMENT_3D('',#5081,#4064,#4065);
#3244=AXIS2_PLACEMENT_3D('',#5084,#4067,#4068);
#3245=AXIS2_PLACEMENT_3D('',#5085,#4069,#4070);
#3246=AXIS2_PLACEMENT_3D('',#5086,#4071,#4072);
#3247=AXIS2_PLACEMENT_3D('',#5087,#4073,#4074);
#3248=AXIS2_PLACEMENT_3D('',#5088,#4075,#4076);
#3249=AXIS2_PLACEMENT_3D('',#5091,#4078,#4079);
#3250=AXIS2_PLACEMENT_3D('',#5092,#4080,#4081);
#3251=AXIS2_PLACEMENT_3D('',#5093,#4082,#4083);
#3252=AXIS2_PLACEMENT_3D('',#5094,#4084,#4085);
#3253=DIRECTION('axis',(0.,0.,1.));
#3254=DIRECTION('refdir',(1.,0.,0.));
#3255=DIRECTION('center_axis',(-0.642787609686539,-0.766044443118978,0.));
#3256=DIRECTION('ref_axis',(-0.541675220419706,0.454519477672041,-0.707106781186546));
#3257=DIRECTION('center_axis',(0.,-1.,0.));
#3258=DIRECTION('ref_axis',(-1.,0.,2.65775055824014E-16));
#3259=DIRECTION('',(0.642787609686539,0.766044443118978,0.));
#3260=DIRECTION('',(-0.642787609686539,-0.766044443118978,0.));
#3261=DIRECTION('center_axis',(0.766044443118978,-0.642787609686539,0.));
#3262=DIRECTION('ref_axis',(0.642787609686539,0.766044443118978,0.));
#3263=DIRECTION('center_axis',(0.766044443118978,-0.642787609686539,0.));
#3264=DIRECTION('ref_axis',(-0.454519477672039,-0.541675220419704,-0.707106781186548));
#3265=DIRECTION('',(0.,0.,1.));
#3266=DIRECTION('center_axis',(-0.766044443118978,0.642787609686539,0.));
#3267=DIRECTION('ref_axis',(0.454519477672041,0.541675220419704,0.707106781186547));
#3268=DIRECTION('',(0.,0.,1.));
#3269=DIRECTION('center_axis',(0.766044443118978,-0.642787609686539,0.));
#3270=DIRECTION('ref_axis',(0.454519477672039,0.541675220419707,-0.707106781186547));
#3271=DIRECTION('',(-0.32139380484327,-0.38302222155949,-0.866025403784438));
#3272=DIRECTION('',(-0.642787609686539,-0.766044443118978,6.8677238799413E-16));
#3273=DIRECTION('',(-0.321393804843269,-0.383022221559488,0.866025403784439));
#3274=DIRECTION('',(0.32139380484327,0.383022221559489,0.866025403784439));
#3275=DIRECTION('',(0.642787609686539,0.766044443118978,-6.86772387994129E-16));
#3276=DIRECTION('',(0.321393804843269,0.383022221559489,-0.866025403784439));
#3277=DIRECTION('center_axis',(0.,0.,1.));
#3278=DIRECTION('ref_axis',(1.,0.,0.));
#3279=DIRECTION('',(-1.,0.,0.));
#3280=DIRECTION('',(0.,1.,0.));
#3281=DIRECTION('',(1.,0.,0.));
#3282=DIRECTION('center_axis',(0.,0.,-1.));
#3283=DIRECTION('ref_axis',(-0.15024404699268,0.988648939888807,0.));
#3284=DIRECTION('',(-0.954853452686521,-0.297077235567838,0.));
#3285=DIRECTION('',(-0.766044443118979,0.642787609686538,0.));
#3286=DIRECTION('',(-0.642787609686538,-0.766044443118979,0.));
#3287=DIRECTION('',(-0.76604444311898,0.642787609686537,0.));
#3288=DIRECTION('',(-0.766044443118978,0.642787609686539,0.));
#3289=DIRECTION('',(0.710526315789474,0.703670629322154,0.));
#3290=DIRECTION('',(0.710526315789476,-0.703670629322153,0.));
#3291=DIRECTION('center_axis',(0.,0.,-1.));
#3292=DIRECTION('ref_axis',(-0.703670629322187,0.710526315789441,0.));
#3293=DIRECTION('',(-0.642787609686539,-0.766044443118979,0.));
#3294=DIRECTION('',(-0.766044443118981,0.642787609686535,0.));
#3295=DIRECTION('',(0.697674418604652,-0.716414967476713,0.));
#3296=DIRECTION('center_axis',(0.,0.,-1.));
#3297=DIRECTION('ref_axis',(1.,0.,0.));
#3298=DIRECTION('',(0.697674418604652,0.716414967476714,0.));
#3299=DIRECTION('',(0.697674418604652,-0.716414967476714,0.));
#3300=DIRECTION('center_axis',(0.,0.,-1.));
#3301=DIRECTION('ref_axis',(1.,0.,0.));
#3302=DIRECTION('',(0.697674418604651,0.716414967476715,0.));
#3303=DIRECTION('center_axis',(0.642787609686539,0.766044443118978,0.));
#3304=DIRECTION('ref_axis',(0.541675220419701,-0.454519477672042,-0.70710678118655));
#3305=DIRECTION('center_axis',(-0.297077235567838,0.954853452686522,0.));
#3306=DIRECTION('ref_axis',(0.954853452686522,0.297077235567838,-4.68811287777011E-17));
#3307=DIRECTION('',(-0.642787609686539,-0.766044443118978,0.));
#3308=DIRECTION('center_axis',(-0.642787609686538,-0.766044443118979,0.));
#3309=DIRECTION('ref_axis',(0.,0.,-1.));
#3310=DIRECTION('',(0.642787609686539,0.766044443118978,0.));
#3311=DIRECTION('center_axis',(-0.766044443118978,0.642787609686539,0.));
#3312=DIRECTION('ref_axis',(0.454519477672043,0.541675220419701,-0.707106781186549));
#3313=DIRECTION('center_axis',(0.,0.,1.));
#3314=DIRECTION('ref_axis',(1.,0.,0.));
#3315=DIRECTION('',(0.76604444311898,-0.642787609686536,0.));
#3316=DIRECTION('',(-0.642787609686539,-0.766044443118979,0.));
#3317=DIRECTION('',(-1.,0.,0.));
#3318=DIRECTION('center_axis',(0.,0.,1.));
#3319=DIRECTION('ref_axis',(1.,0.,0.));
#3320=DIRECTION('',(-0.954853452686521,-0.297077235567838,0.));
#3321=DIRECTION('',(1.,0.,0.));
#3322=DIRECTION('',(0.,1.,0.));
#3323=DIRECTION('center_axis',(0.,0.,1.));
#3324=DIRECTION('ref_axis',(0.707106781186547,-0.707106781186548,0.));
#3325=DIRECTION('',(1.,0.,0.));
#3326=DIRECTION('',(0.,1.,0.));
#3327=DIRECTION('',(-1.,0.,0.));
#3328=DIRECTION('',(0.76604444311898,-0.642787609686537,0.));
#3329=DIRECTION('',(0.76604444311898,-0.642787609686537,0.));
#3330=DIRECTION('',(-0.642787609686538,-0.766044443118979,0.));
#3331=DIRECTION('',(0.766044443118978,-0.64278760968654,0.));
#3332=DIRECTION('center_axis',(-0.766044443118979,0.642787609686539,0.));
#3333=DIRECTION('ref_axis',(-0.642787609686538,-0.766044443118979,0.));
#3334=DIRECTION('',(0.642787609686538,0.766044443118979,0.));
#3335=DIRECTION('center_axis',(-0.766044443118979,0.642787609686539,0.));
#3336=DIRECTION('ref_axis',(0.454519477672042,0.541675220419703,-0.707106781186548));
#3337=DIRECTION('',(0.,0.,1.));
#3338=DIRECTION('center_axis',(0.766044443118979,-0.642787609686539,0.));
#3339=DIRECTION('ref_axis',(-0.454519477672042,-0.541675220419703,0.707106781186548));
#3340=DIRECTION('',(0.,0.,1.));
#3341=DIRECTION('center_axis',(-0.766044443118979,0.642787609686539,0.));
#3342=DIRECTION('ref_axis',(-0.454519477672043,-0.541675220419703,-0.707106781186547));
#3343=DIRECTION('center_axis',(0.766044443118979,-0.642787609686539,0.));
#3344=DIRECTION('ref_axis',(0.,0.,-1.));
#3345=DIRECTION('center_axis',(-0.642787609686538,-0.766044443118979,0.));
#3346=DIRECTION('ref_axis',(-0.541675220419703,0.454519477672043,-0.707106781186547));
#3347=DIRECTION('',(-0.642787609686538,-0.766044443118979,0.));
#3348=DIRECTION('center_axis',(0.766044443118979,-0.642787609686538,0.));
#3349=DIRECTION('ref_axis',(0.642787609686538,0.766044443118979,0.));
#3350=DIRECTION('center_axis',(0.766044443118979,-0.642787609686538,0.));
#3351=DIRECTION('ref_axis',(-0.454519477672041,-0.541675220419703,-0.707106781186548));
#3352=DIRECTION('',(0.,0.,1.));
#3353=DIRECTION('center_axis',(-0.766044443118979,0.642787609686538,0.));
#3354=DIRECTION('ref_axis',(0.454519477672042,0.541675220419703,0.707106781186548));
#3355=DIRECTION('',(0.,0.,1.));
#3356=DIRECTION('center_axis',(0.766044443118979,-0.642787609686538,0.));
#3357=DIRECTION('ref_axis',(0.454519477672042,0.541675220419703,-0.707106781186548));
#3358=DIRECTION('center_axis',(-0.766044443118979,0.642787609686538,0.));
#3359=DIRECTION('ref_axis',(0.,0.,-1.));
#3360=DIRECTION('center_axis',(-0.642787609686539,-0.766044443118979,0.));
#3361=DIRECTION('ref_axis',(-0.541675220419702,0.454519477672043,-0.707106781186548));
#3362=DIRECTION('',(0.642787609686538,0.766044443118979,0.));
#3363=DIRECTION('center_axis',(0.642787609686538,0.766044443118979,0.));
#3364=DIRECTION('ref_axis',(-0.541675220419702,0.454519477672043,-0.707106781186548));
#3365=DIRECTION('',(-0.642787609686539,-0.766044443118979,0.));
#3366=DIRECTION('center_axis',(-0.64278760968654,-0.766044443118978,0.));
#3367=DIRECTION('ref_axis',(-0.541675220419702,0.454519477672043,-0.707106781186548));
#3368=DIRECTION('center_axis',(0.766044443118979,-0.642787609686539,0.));
#3369=DIRECTION('ref_axis',(0.642787609686539,0.766044443118979,0.));
#3370=DIRECTION('',(0.,0.,1.));
#3371=DIRECTION('center_axis',(-0.766044443118979,0.642787609686539,0.));
#3372=DIRECTION('ref_axis',(0.454519477672043,0.541675220419703,0.707106781186548));
#3373=DIRECTION('',(0.,0.,1.));
#3374=DIRECTION('center_axis',(-0.766044443118979,0.642787609686539,0.));
#3375=DIRECTION('ref_axis',(0.,0.,-1.));
#3376=DIRECTION('center_axis',(0.766044443118979,-0.642787609686538,0.));
#3377=DIRECTION('ref_axis',(-0.454519477672039,-0.541675220419704,-0.707106781186548));
#3378=DIRECTION('center_axis',(-0.766044443118978,0.642787609686539,0.));
#3379=DIRECTION('ref_axis',(-0.454519477672039,-0.541675220419704,-0.707106781186548));
#3380=DIRECTION('',(0.766044443118979,-0.642787609686538,0.));
#3381=DIRECTION('center_axis',(-0.297077235567838,0.954853452686522,0.));
#3382=DIRECTION('ref_axis',(-0.954853452686521,-0.297077235567838,1.75139555761677E-16));
#3383=DIRECTION('center_axis',(0.642787609686538,0.766044443118979,0.));
#3384=DIRECTION('ref_axis',(-0.766044443118979,0.642787609686538,0.));
#3385=DIRECTION('',(0.,0.,1.));
#3386=DIRECTION('',(-0.766044443118979,0.642787609686538,0.));
#3387=DIRECTION('center_axis',(0.766044443118981,-0.642787609686535,0.));
#3388=DIRECTION('ref_axis',(-0.454519477672039,-0.541675220419704,-0.707106781186548));
#3389=DIRECTION('center_axis',(0.766044443118979,-0.642787609686539,0.));
#3390=DIRECTION('ref_axis',(-0.454519477672039,-0.541675220419704,-0.707106781186548));
#3391=DIRECTION('',(0.766044443118981,-0.642787609686535,0.));
#3392=DIRECTION('center_axis',(0.766044443118979,-0.642787609686539,0.));
#3393=DIRECTION('ref_axis',(0.642787609686539,0.766044443118979,0.));
#3394=DIRECTION('',(0.,0.,1.));
#3395=DIRECTION('center_axis',(0.766044443118979,-0.642787609686539,0.));
#3396=DIRECTION('ref_axis',(-0.454519477672043,-0.541675220419703,-0.707106781186547));
#3397=DIRECTION('',(0.,0.,1.));
#3398=DIRECTION('center_axis',(-0.766044443118979,0.642787609686539,0.));
#3399=DIRECTION('ref_axis',(0.454519477672044,0.541675220419702,0.707106781186547));
#3400=DIRECTION('',(0.,0.,1.));
#3401=DIRECTION('center_axis',(0.766044443118979,-0.642787609686539,0.));
#3402=DIRECTION('ref_axis',(0.454519477672042,0.541675220419703,-0.707106781186548));
#3403=DIRECTION('',(0.,0.,-1.));
#3404=DIRECTION('center_axis',(0.766044443118979,-0.642787609686539,0.));
#3405=DIRECTION('ref_axis',(0.454519477672039,0.541675220419707,-0.707106781186547));
#3406=DIRECTION('',(0.,0.,1.));
#3407=DIRECTION('center_axis',(-0.766044443118979,0.642787609686539,0.));
#3408=DIRECTION('ref_axis',(0.454519477672041,0.541675220419704,0.707106781186547));
#3409=DIRECTION('',(0.,0.,-1.));
#3410=DIRECTION('center_axis',(-0.766044443118978,0.64278760968654,0.));
#3411=DIRECTION('ref_axis',(0.454519477672043,0.541675220419701,-0.707106781186549));
#3412=DIRECTION('',(0.766044443118978,-0.64278760968654,0.));
#3413=DIRECTION('center_axis',(-0.766044443118978,0.642787609686539,0.));
#3414=DIRECTION('ref_axis',(0.454519477672043,0.541675220419701,-0.707106781186549));
#3415=DIRECTION('center_axis',(-0.64278760968654,-0.766044443118978,0.));
#3416=DIRECTION('ref_axis',(0.766044443118978,-0.64278760968654,0.));
#3417=DIRECTION('',(0.766044443118978,-0.64278760968654,0.));
#3418=DIRECTION('',(0.,0.,1.));
#3419=DIRECTION('center_axis',(-0.766044443118981,0.642787609686536,0.));
#3420=DIRECTION('ref_axis',(0.454519477672039,0.541675220419707,-0.707106781186547));
#3421=DIRECTION('center_axis',(0.,-1.,0.));
#3422=DIRECTION('ref_axis',(1.,0.,1.7840940105444E-16));
#3423=DIRECTION('',(-0.76604444311898,0.642787609686536,0.));
#3424=DIRECTION('center_axis',(-0.642787609686536,-0.766044443118981,0.));
#3425=DIRECTION('ref_axis',(0.76604444311898,-0.642787609686536,0.));
#3426=DIRECTION('',(0.76604444311898,-0.642787609686536,0.));
#3427=DIRECTION('center_axis',(-0.76604444311898,0.642787609686537,0.));
#3428=DIRECTION('ref_axis',(0.454519477672042,0.541675220419703,-0.707106781186548));
#3429=DIRECTION('',(-0.76604444311898,0.642787609686537,0.));
#3430=DIRECTION('center_axis',(0.,-1.,0.));
#3431=DIRECTION('ref_axis',(1.,0.,-5.94698003514801E-17));
#3432=DIRECTION('center_axis',(-0.76604444311898,0.642787609686537,0.));
#3433=DIRECTION('ref_axis',(0.454519477672042,0.541675220419703,-0.707106781186548));
#3434=DIRECTION('',(-0.76604444311898,0.642787609686537,0.));
#3435=DIRECTION('center_axis',(-0.766044443118979,0.642787609686538,0.));
#3436=DIRECTION('ref_axis',(0.454519477672042,0.541675220419703,-0.707106781186548));
#3437=DIRECTION('center_axis',(-0.642787609686537,-0.76604444311898,0.));
#3438=DIRECTION('ref_axis',(0.76604444311898,-0.642787609686537,0.));
#3439=DIRECTION('',(0.76604444311898,-0.642787609686537,0.));
#3440=DIRECTION('',(0.,0.,1.));
#3441=DIRECTION('center_axis',(0.76604444311898,-0.642787609686537,0.));
#3442=DIRECTION('ref_axis',(-0.454519477672041,-0.541675220419703,-0.707106781186548));
#3443=DIRECTION('center_axis',(-0.766044443118979,0.642787609686538,0.));
#3444=DIRECTION('ref_axis',(-0.454519477672041,-0.541675220419703,-0.707106781186548));
#3445=DIRECTION('',(0.76604444311898,-0.642787609686537,0.));
#3446=DIRECTION('center_axis',(0.642787609686537,0.76604444311898,0.));
#3447=DIRECTION('ref_axis',(-0.76604444311898,0.642787609686537,0.));
#3448=DIRECTION('',(0.,0.,1.));
#3449=DIRECTION('',(-0.76604444311898,0.642787609686537,0.));
#3450=DIRECTION('center_axis',(0.766044443118978,-0.642787609686539,0.));
#3451=DIRECTION('ref_axis',(-0.454519477672043,-0.541675220419703,-0.707106781186547));
#3452=DIRECTION('center_axis',(0.703670629322154,-0.710526315789474,0.));
#3453=DIRECTION('ref_axis',(-0.710526315789474,-0.703670629322154,9.0283824654655E-15));
#3454=DIRECTION('',(0.766044443118978,-0.642787609686539,0.));
#3455=DIRECTION('center_axis',(1.,0.,0.));
#3456=DIRECTION('ref_axis',(0.,0.,-1.));
#3457=DIRECTION('',(0.,3.39517744533687E-17,1.));
#3458=DIRECTION('',(0.,1.,0.));
#3459=DIRECTION('',(0.,0.,-1.));
#3460=DIRECTION('',(0.,1.,0.));
#3461=DIRECTION('center_axis',(0.,0.,1.));
#3462=DIRECTION('ref_axis',(1.,0.,0.));
#3463=DIRECTION('',(-1.,0.,0.));
#3464=DIRECTION('',(1.,0.,0.));
#3465=DIRECTION('',(0.,-1.,0.));
#3466=DIRECTION('center_axis',(0.,0.,1.));
#3467=DIRECTION('ref_axis',(-0.707106781186548,0.707106781186548,0.));
#3468=DIRECTION('center_axis',(0.,0.,-1.));
#3469=DIRECTION('ref_axis',(-1.,0.,0.));
#3470=DIRECTION('',(1.,0.,0.));
#3471=DIRECTION('center_axis',(0.,0.,-1.));
#3472=DIRECTION('ref_axis',(-0.707106781186548,0.707106781186548,0.));
#3473=DIRECTION('',(0.,1.,0.));
#3474=DIRECTION('',(-1.,0.,0.));
#3475=DIRECTION('center_axis',(0.,1.,-3.39517744533687E-17));
#3476=DIRECTION('ref_axis',(0.,-3.39517744533687E-17,-1.));
#3477=DIRECTION('',(0.,-3.39517744533687E-17,-1.));
#3478=DIRECTION('',(-1.,0.,0.));
#3479=DIRECTION('',(0.,3.39517744533687E-17,1.));
#3480=DIRECTION('',(1.,0.,0.));
#3481=DIRECTION('',(0.,-3.39517744533687E-17,-1.));
#3482=DIRECTION('center_axis',(-1.,0.,0.));
#3483=DIRECTION('ref_axis',(0.,0.,1.));
#3484=DIRECTION('',(0.,0.,1.));
#3485=DIRECTION('',(0.,-0.928476704243557,-0.371390642958357));
#3486=DIRECTION('',(0.,0.,1.));
#3487=DIRECTION('',(0.,-1.,0.));
#3488=DIRECTION('',(0.,3.39517744533687E-17,1.));
#3489=DIRECTION('center_axis',(-1.,0.,0.));
#3490=DIRECTION('ref_axis',(0.,0.,1.));
#3491=DIRECTION('',(0.,3.39517744533687E-17,1.));
#3492=DIRECTION('',(0.,1.,0.));
#3493=DIRECTION('',(0.,0.,1.));
#3494=DIRECTION('',(0.,0.928476677526961,-0.371390709749848));
#3495=DIRECTION('',(0.,0.,1.));
#3496=DIRECTION('center_axis',(0.,-3.39517744533687E-17,-1.));
#3497=DIRECTION('ref_axis',(-0.707106781186548,0.707106781186548,0.));
#3498=DIRECTION('center_axis',(0.,0.,1.));
#3499=DIRECTION('ref_axis',(-1.,0.,0.));
#3500=DIRECTION('center_axis',(0.408248290463864,-0.408248290463859,-0.816496580927728));
#3501=DIRECTION('ref_axis',(-0.577350269189633,0.577350269189623,-0.577350269189622));
#3502=DIRECTION('center_axis',(0.,0.,-1.));
#3503=DIRECTION('ref_axis',(0.,1.,0.));
#3504=DIRECTION('center_axis',(-1.,-4.44089209850063E-15,0.));
#3505=DIRECTION('ref_axis',(0.,0.,-1.));
#3506=DIRECTION('center_axis',(0.,1.,1.11022302462516E-15));
#3507=DIRECTION('ref_axis',(-1.,0.,0.));
#3508=DIRECTION('center_axis',(-1.,0.,0.));
#3509=DIRECTION('ref_axis',(0.,0.707106781186545,-0.70710678118655));
#3510=DIRECTION('center_axis',(-1.,-1.11022302462516E-15,0.));
#3511=DIRECTION('ref_axis',(-1.11022302462516E-15,1.,0.));
#3512=DIRECTION('',(-1.,0.,0.));
#3513=DIRECTION('center_axis',(0.,0.,-1.));
#3514=DIRECTION('ref_axis',(-1.,0.,0.));
#3515=DIRECTION('center_axis',(0.,-1.,0.));
#3516=DIRECTION('ref_axis',(-1.,0.,0.));
#3517=DIRECTION('center_axis',(0.,0.,-1.));
#3518=DIRECTION('ref_axis',(0.707106781186547,-0.707106781186548,0.));
#3519=DIRECTION('center_axis',(0.,0.,1.));
#3520=DIRECTION('ref_axis',(0.707106781186547,-0.707106781186548,0.));
#3521=DIRECTION('center_axis',(0.,1.,0.));
#3522=DIRECTION('ref_axis',(-0.707106781186549,0.,-0.707106781186546));
#3523=DIRECTION('center_axis',(0.,-1.,0.));
#3524=DIRECTION('ref_axis',(-0.707106781186549,0.,-0.707106781186546));
#3525=DIRECTION('',(0.,-1.,0.));
#3526=DIRECTION('',(0.,1.,0.));
#3527=DIRECTION('center_axis',(0.,-1.,0.));
#3528=DIRECTION('ref_axis',(-0.707106781186546,0.,-0.707106781186549));
#3529=DIRECTION('center_axis',(0.,1.,0.));
#3530=DIRECTION('ref_axis',(-0.707106781186546,0.,-0.707106781186549));
#3531=DIRECTION('',(0.,-1.,0.));
#3532=DIRECTION('center_axis',(-0.408248290463863,0.408248290463863,-0.816496580927726));
#3533=DIRECTION('ref_axis',(-0.577350269189626,0.577350269189625,0.577350269189626));
#3534=DIRECTION('center_axis',(0.,1.,0.));
#3535=DIRECTION('ref_axis',(0.,0.,1.));
#3536=DIRECTION('center_axis',(-1.,0.,0.));
#3537=DIRECTION('ref_axis',(0.,1.,0.));
#3538=DIRECTION('center_axis',(-1.,0.,0.));
#3539=DIRECTION('ref_axis',(0.,0.707106781186548,0.707106781186547));
#3540=DIRECTION('center_axis',(-1.,0.,0.));
#3541=DIRECTION('ref_axis',(0.,0.,1.));
#3542=DIRECTION('center_axis',(0.,0.,1.));
#3543=DIRECTION('ref_axis',(1.,0.,0.));
#3544=DIRECTION('center_axis',(0.,-1.,0.));
#3545=DIRECTION('ref_axis',(0.,0.,1.));
#3546=DIRECTION('center_axis',(0.,0.,-1.));
#3547=DIRECTION('ref_axis',(0.707106781186547,-0.707106781186548,0.));
#3548=DIRECTION('center_axis',(0.,1.,0.));
#3549=DIRECTION('ref_axis',(-0.707106781186547,0.,0.707106781186548));
#3550=DIRECTION('center_axis',(0.,-1.,0.));
#3551=DIRECTION('ref_axis',(-0.707106781186547,0.,0.707106781186548));
#3552=DIRECTION('',(0.,-1.,0.));
#3553=DIRECTION('center_axis',(0.,-3.39517744533687E-17,-1.));
#3554=DIRECTION('ref_axis',(-0.707106781186548,0.707106781186548,0.));
#3555=DIRECTION('center_axis',(0.,1.,0.));
#3556=DIRECTION('ref_axis',(-0.707106781186548,0.,0.707106781186547));
#3557=DIRECTION('center_axis',(0.,1.,0.));
#3558=DIRECTION('ref_axis',(-0.707106781186548,0.,0.707106781186547));
#3559=DIRECTION('center_axis',(0.,3.39517744533687E-17,1.));
#3560=DIRECTION('ref_axis',(0.707106781186547,-0.707106781186548,0.));
#3561=DIRECTION('',(0.,-3.39517744533687E-17,-1.));
#3562=DIRECTION('center_axis',(-1.,0.,0.));
#3563=DIRECTION('ref_axis',(0.,0.,1.));
#3564=DIRECTION('',(0.,0.,1.));
#3565=DIRECTION('center_axis',(0.,0.371390642958357,-0.928476704243557));
#3566=DIRECTION('ref_axis',(0.,-0.928476704243557,-0.371390642958357));
#3567=DIRECTION('',(0.,0.928476704243557,0.371390642958357));
#3568=DIRECTION('',(-1.,0.,0.));
#3569=DIRECTION('',(-1.,0.,0.));
#3570=DIRECTION('center_axis',(0.,-1.,0.));
#3571=DIRECTION('ref_axis',(0.,0.,1.));
#3572=DIRECTION('',(-1.,0.,0.));
#3573=DIRECTION('',(0.,0.,-1.));
#3574=DIRECTION('center_axis',(0.,0.371390709749848,0.928476677526961));
#3575=DIRECTION('ref_axis',(0.,0.928476677526961,-0.371390709749848));
#3576=DIRECTION('',(0.,-0.928476677526961,0.371390709749848));
#3577=DIRECTION('',(-1.,0.,0.));
#3578=DIRECTION('center_axis',(-1.,0.,0.));
#3579=DIRECTION('ref_axis',(0.,0.,1.));
#3580=DIRECTION('',(0.,0.,1.));
#3581=DIRECTION('center_axis',(0.,0.707106781186548,0.707106781186548));
#3582=DIRECTION('ref_axis',(0.,-0.707106781186548,0.707106781186548));
#3583=DIRECTION('center_axis',(0.,-0.707106781186548,-0.707106781186548));
#3584=DIRECTION('ref_axis',(0.,0.707106781186547,-0.707106781186547));
#3585=DIRECTION('',(1.,0.,0.));
#3586=DIRECTION('center_axis',(0.,0.707106781186548,0.707106781186548));
#3587=DIRECTION('ref_axis',(0.,0.707106781186548,-0.707106781186548));
#3588=DIRECTION('',(-1.,0.,0.));
#3589=DIRECTION('center_axis',(0.,0.707106781186548,0.707106781186548));
#3590=DIRECTION('ref_axis',(0.,-0.707106781186548,0.707106781186548));
#3591=DIRECTION('center_axis',(0.,0.707106781186548,0.707106781186548));
#3592=DIRECTION('ref_axis',(0.,0.707106781186548,-0.707106781186548));
#3593=DIRECTION('',(1.,0.,0.));
#3594=DIRECTION('center_axis',(0.,-0.707106781186548,-0.707106781186548));
#3595=DIRECTION('ref_axis',(0.,0.707106781186547,-0.707106781186547));
#3596=DIRECTION('',(-1.,0.,0.));
#3597=DIRECTION('center_axis',(0.,0.,-1.));
#3598=DIRECTION('ref_axis',(1.83697019872103E-16,1.,0.));
#3599=DIRECTION('center_axis',(0.,0.,-1.));
#3600=DIRECTION('ref_axis',(-0.945695463936548,-0.325053979347796,0.));
#3601=DIRECTION('',(0.,0.,-1.));
#3602=DIRECTION('',(0.,0.,-1.));
#3603=DIRECTION('center_axis',(0.,0.,1.));
#3604=DIRECTION('ref_axis',(-1.,0.,0.));
#3605=DIRECTION('',(0.,0.,-1.));
#3606=DIRECTION('',(0.,0.,-1.));
#3607=DIRECTION('center_axis',(0.,0.,-1.));
#3608=DIRECTION('ref_axis',(-1.,0.,0.));
#3609=DIRECTION('center_axis',(0.,0.,1.));
#3610=DIRECTION('ref_axis',(-1.,0.,0.));
#3611=DIRECTION('center_axis',(0.,0.,1.));
#3612=DIRECTION('ref_axis',(3.3690166589284E-15,-1.,0.));
#3613=DIRECTION('center_axis',(0.,0.,1.));
#3614=DIRECTION('ref_axis',(1.,0.,0.));
#3615=DIRECTION('',(0.,0.,1.));
#3616=DIRECTION('',(0.,0.,1.));
#3617=DIRECTION('center_axis',(0.716414967476713,0.697674418604652,0.));
#3618=DIRECTION('ref_axis',(-0.697674418604652,0.716414967476713,0.));
#3619=DIRECTION('',(-0.697674418604652,0.716414967476713,0.));
#3620=DIRECTION('',(0.,0.,1.));
#3621=DIRECTION('center_axis',(-0.716414967476714,0.697674418604652,0.));
#3622=DIRECTION('ref_axis',(-0.697674418604652,-0.716414967476714,0.));
#3623=DIRECTION('',(-0.697674418604652,-0.716414967476714,0.));
#3624=DIRECTION('center_axis',(0.,0.,1.));
#3625=DIRECTION('ref_axis',(7.04481399828022E-16,-1.,0.));
#3626=DIRECTION('center_axis',(0.,0.,1.));
#3627=DIRECTION('ref_axis',(1.,0.,0.));
#3628=DIRECTION('',(0.,0.,1.));
#3629=DIRECTION('',(0.,0.,1.));
#3630=DIRECTION('center_axis',(0.716414967476714,0.697674418604652,0.));
#3631=DIRECTION('ref_axis',(-0.697674418604652,0.716414967476714,0.));
#3632=DIRECTION('',(-0.697674418604652,0.716414967476714,0.));
#3633=DIRECTION('',(0.,0.,1.));
#3634=DIRECTION('center_axis',(-0.716414967476715,0.697674418604651,0.));
#3635=DIRECTION('ref_axis',(-0.697674418604651,-0.716414967476715,0.));
#3636=DIRECTION('',(-0.697674418604651,-0.716414967476715,0.));
#3637=DIRECTION('center_axis',(0.703670629322153,0.710526315789476,0.));
#3638=DIRECTION('ref_axis',(-0.710526315789476,0.703670629322153,0.));
#3639=DIRECTION('',(-0.710526315789476,0.703670629322153,0.));
#3640=DIRECTION('',(0.,0.,1.));
#3641=DIRECTION('',(0.,0.,1.));
#3642=DIRECTION('center_axis',(-0.703670629322154,0.710526315789474,0.));
#3643=DIRECTION('ref_axis',(-0.710526315789474,-0.703670629322154,0.));
#3644=DIRECTION('',(-0.710526315789474,-0.703670629322154,0.));
#3645=DIRECTION('',(0.,0.,1.));
#3646=DIRECTION('center_axis',(0.,0.,1.));
#3647=DIRECTION('ref_axis',(-6.78469626159817E-15,-1.,0.));
#3648=DIRECTION('center_axis',(0.,0.,1.));
#3649=DIRECTION('ref_axis',(-0.703670629322187,0.710526315789441,0.));
#3650=DIRECTION('center_axis',(0.,0.,1.));
#3651=DIRECTION('ref_axis',(-0.15024404699268,0.988648939888807,0.));
#3652=DIRECTION('',(0.,0.,-1.));
#3653=DIRECTION('center_axis',(0.,0.,1.));
#3654=DIRECTION('ref_axis',(-0.15024404699268,0.988648939888807,0.));
#3655=DIRECTION('',(0.,0.,1.));
#3656=DIRECTION('center_axis',(0.,0.,-1.));
#3657=DIRECTION('ref_axis',(-1.,0.,0.));
#3658=DIRECTION('',(-1.,0.,0.));
#3659=DIRECTION('',(0.,1.,0.));
#3660=DIRECTION('',(1.,0.,0.));
#3661=DIRECTION('',(0.,-1.,0.));
#3662=DIRECTION('',(0.954853452686521,0.297077235567838,0.));
#3663=DIRECTION('center_axis',(0.,1.,0.));
#3664=DIRECTION('ref_axis',(0.,0.,1.));
#3665=DIRECTION('',(0.,0.,-1.));
#3666=DIRECTION('',(-1.,0.,0.));
#3667=DIRECTION('',(0.,0.,1.));
#3668=DIRECTION('center_axis',(0.,0.,1.));
#3669=DIRECTION('ref_axis',(-0.15024404699268,0.988648939888807,0.));
#3670=DIRECTION('center_axis',(0.,0.,-1.));
#3671=DIRECTION('ref_axis',(-0.15024404699268,0.988648939888807,0.));
#3672=DIRECTION('',(0.,0.,-1.));
#3673=DIRECTION('center_axis',(0.,0.,1.));
#3674=DIRECTION('ref_axis',(-0.15024404699268,0.988648939888807,0.));
#3675=DIRECTION('',(0.,0.,1.));
#3676=DIRECTION('center_axis',(0.,0.,1.));
#3677=DIRECTION('ref_axis',(1.,0.,0.));
#3678=DIRECTION('',(-0.954853452686521,-0.297077235567838,0.));
#3679=DIRECTION('',(0.,1.,0.));
#3680=DIRECTION('',(-1.,0.,0.));
#3681=DIRECTION('',(0.,-1.,0.));
#3682=DIRECTION('',(1.,0.,0.));
#3683=DIRECTION('center_axis',(0.,0.,-1.));
#3684=DIRECTION('ref_axis',(1.,0.,0.));
#3685=DIRECTION('',(0.697674418604652,0.716414967476714,0.));
#3686=DIRECTION('',(0.697674418604652,-0.716414967476713,0.));
#3687=DIRECTION('center_axis',(0.,0.,-1.));
#3688=DIRECTION('ref_axis',(1.,0.,0.));
#3689=DIRECTION('',(0.697674418604652,0.716414967476714,0.));
#3690=DIRECTION('',(0.697674418604651,-0.716414967476714,0.));
#3691=DIRECTION('center_axis',(0.,0.,-1.));
#3692=DIRECTION('ref_axis',(1.,0.,0.));
#3693=DIRECTION('',(0.697674418604651,0.716414967476714,0.));
#3694=DIRECTION('',(0.697674418604652,-0.716414967476714,0.));
#3695=DIRECTION('center_axis',(0.,0.,-1.));
#3696=DIRECTION('ref_axis',(1.,0.,0.));
#3697=DIRECTION('',(0.697674418604651,0.716414967476715,0.));
#3698=DIRECTION('',(0.697674418604652,-0.716414967476714,0.));
#3699=DIRECTION('center_axis',(0.,0.,-1.));
#3700=DIRECTION('ref_axis',(-1.,0.,0.));
#3701=DIRECTION('',(0.7105263157895,0.703670629322128,0.));
#3702=DIRECTION('',(0.710526315789496,-0.703670629322132,0.));
#3703=DIRECTION('center_axis',(0.297077235567838,-0.954853452686522,0.));
#3704=DIRECTION('ref_axis',(0.954853452686521,0.297077235567838,0.));
#3705=DIRECTION('',(0.954853452686521,0.297077235567838,0.));
#3706=DIRECTION('',(0.,0.,-1.));
#3707=DIRECTION('center_axis',(0.,0.901957183806381,0.431825472361303));
#3708=DIRECTION('ref_axis',(0.,0.431825472361303,-0.901957183806381));
#3709=DIRECTION('',(0.,0.431825472361303,-0.901957183806381));
#3710=DIRECTION('',(1.,0.,0.));
#3711=DIRECTION('',(0.,-0.431825472361303,0.901957183806381));
#3712=DIRECTION('',(-1.,0.,0.));
#3713=DIRECTION('center_axis',(1.,0.,0.));
#3714=DIRECTION('ref_axis',(0.,-1.,0.));
#3715=DIRECTION('',(0.,0.,-1.));
#3716=DIRECTION('',(0.,1.,0.));
#3717=DIRECTION('center_axis',(0.,0.,-1.));
#3718=DIRECTION('ref_axis',(-1.,0.,0.));
#3719=DIRECTION('',(-0.688068478573151,0.725645759853959,0.));
#3720=DIRECTION('',(1.,0.,0.));
#3721=DIRECTION('center_axis',(0.,0.,-1.));
#3722=DIRECTION('ref_axis',(-1.,0.,0.));
#3723=DIRECTION('',(1.,0.,0.));
#3724=DIRECTION('',(-0.688068478573151,-0.725645759853959,0.));
#3725=DIRECTION('center_axis',(0.,0.,1.));
#3726=DIRECTION('ref_axis',(-1.,0.,0.));
#3727=DIRECTION('',(-0.695652173913044,0.718378767037317,0.));
#3728=DIRECTION('',(-0.695652173913044,-0.718378767037317,0.));
#3729=DIRECTION('center_axis',(0.,0.,1.));
#3730=DIRECTION('ref_axis',(-1.,0.,0.));
#3731=DIRECTION('',(-0.695652173913044,0.718378767037317,0.));
#3732=DIRECTION('',(-0.695652173913044,-0.718378767037317,0.));
#3733=DIRECTION('center_axis',(0.,0.,1.));
#3734=DIRECTION('ref_axis',(-1.,0.,0.));
#3735=DIRECTION('',(-0.695652173913043,0.718378767037318,0.));
#3736=DIRECTION('',(-0.695652173913043,-0.718378767037318,0.));
#3737=DIRECTION('center_axis',(0.,0.,1.));
#3738=DIRECTION('ref_axis',(-1.,0.,0.));
#3739=DIRECTION('',(-0.695652173913044,0.718378767037317,0.));
#3740=DIRECTION('',(-0.695652173913042,-0.718378767037319,0.));
#3741=DIRECTION('',(-0.710526315789496,0.703670629322132,0.));
#3742=DIRECTION('',(-0.7105263157895,-0.703670629322128,0.));
#3743=DIRECTION('center_axis',(0.,0.,1.));
#3744=DIRECTION('ref_axis',(-1.,0.,0.));
#3745=DIRECTION('center_axis',(-1.,0.,0.));
#3746=DIRECTION('ref_axis',(0.,1.,0.));
#3747=DIRECTION('',(0.,-1.,0.));
#3748=DIRECTION('',(0.,0.,-1.));
#3749=DIRECTION('center_axis',(0.,0.,-1.));
#3750=DIRECTION('ref_axis',(3.61394601875787E-15,-1.,0.));
#3751=DIRECTION('',(0.,0.,-1.));
#3752=DIRECTION('center_axis',(0.,0.,-1.));
#3753=DIRECTION('ref_axis',(1.,0.,0.));
#3754=DIRECTION('',(0.,0.,-1.));
#3755=DIRECTION('center_axis',(0.716414967476713,0.697674418604652,0.));
#3756=DIRECTION('ref_axis',(0.697674418604652,-0.716414967476713,0.));
#3757=DIRECTION('',(0.,0.,-1.));
#3758=DIRECTION('',(0.697674418604652,-0.716414967476713,0.));
#3759=DIRECTION('center_axis',(-0.716414967476714,0.697674418604652,0.));
#3760=DIRECTION('ref_axis',(0.697674418604652,0.716414967476714,0.));
#3761=DIRECTION('',(0.697674418604652,0.716414967476714,0.));
#3762=DIRECTION('center_axis',(0.,0.,1.));
#3763=DIRECTION('ref_axis',(1.,0.,0.));
#3764=DIRECTION('',(-0.695652173913042,-0.718378767037319,0.));
#3765=DIRECTION('',(-0.695652173913044,0.718378767037317,0.));
#3766=DIRECTION('center_axis',(0.,0.,1.));
#3767=DIRECTION('ref_axis',(-1.,0.,0.));
#3768=DIRECTION('center_axis',(0.,0.,-1.));
#3769=DIRECTION('ref_axis',(1.39349996950756E-15,-1.,0.));
#3770=DIRECTION('',(0.,0.,-1.));
#3771=DIRECTION('center_axis',(0.,0.,-1.));
#3772=DIRECTION('ref_axis',(1.,0.,0.));
#3773=DIRECTION('',(0.,0.,-1.));
#3774=DIRECTION('center_axis',(0.716414967476714,0.697674418604651,0.));
#3775=DIRECTION('ref_axis',(0.697674418604651,-0.716414967476714,0.));
#3776=DIRECTION('',(0.,0.,-1.));
#3777=DIRECTION('',(0.697674418604651,-0.716414967476714,0.));
#3778=DIRECTION('center_axis',(-0.716414967476714,0.697674418604652,0.));
#3779=DIRECTION('ref_axis',(0.697674418604652,0.716414967476714,0.));
#3780=DIRECTION('',(0.697674418604652,0.716414967476714,0.));
#3781=DIRECTION('center_axis',(0.,0.,1.));
#3782=DIRECTION('ref_axis',(1.,0.,0.));
#3783=DIRECTION('',(-0.695652173913044,-0.718378767037317,0.));
#3784=DIRECTION('',(-0.695652173913044,0.718378767037317,0.));
#3785=DIRECTION('center_axis',(0.,0.,1.));
#3786=DIRECTION('ref_axis',(-1.,0.,0.));
#3787=DIRECTION('center_axis',(0.,0.,-1.));
#3788=DIRECTION('ref_axis',(1.61554457443259E-15,-1.,0.));
#3789=DIRECTION('',(0.,0.,-1.));
#3790=DIRECTION('center_axis',(0.,0.,-1.));
#3791=DIRECTION('ref_axis',(1.,0.,0.));
#3792=DIRECTION('',(0.,0.,-1.));
#3793=DIRECTION('center_axis',(0.716414967476714,0.697674418604652,0.));
#3794=DIRECTION('ref_axis',(0.697674418604652,-0.716414967476714,0.));
#3795=DIRECTION('',(0.,0.,-1.));
#3796=DIRECTION('',(0.697674418604652,-0.716414967476714,0.));
#3797=DIRECTION('center_axis',(-0.716414967476714,0.697674418604651,0.));
#3798=DIRECTION('ref_axis',(0.697674418604651,0.716414967476714,0.));
#3799=DIRECTION('',(0.697674418604651,0.716414967476714,0.));
#3800=DIRECTION('center_axis',(0.,0.,1.));
#3801=DIRECTION('ref_axis',(1.,0.,0.));
#3802=DIRECTION('',(-0.695652173913043,-0.718378767037318,0.));
#3803=DIRECTION('',(-0.695652173913043,0.718378767037318,0.));
#3804=DIRECTION('center_axis',(0.,0.,1.));
#3805=DIRECTION('ref_axis',(-1.,0.,0.));
#3806=DIRECTION('center_axis',(0.,0.,-1.));
#3807=DIRECTION('ref_axis',(9.49410759657493E-16,-1.,0.));
#3808=DIRECTION('',(0.,0.,-1.));
#3809=DIRECTION('center_axis',(0.,0.,-1.));
#3810=DIRECTION('ref_axis',(1.,0.,0.));
#3811=DIRECTION('',(0.,0.,-1.));
#3812=DIRECTION('center_axis',(0.716414967476714,0.697674418604652,0.));
#3813=DIRECTION('ref_axis',(0.697674418604652,-0.716414967476714,0.));
#3814=DIRECTION('',(0.,0.,-1.));
#3815=DIRECTION('',(0.697674418604652,-0.716414967476714,0.));
#3816=DIRECTION('center_axis',(-0.716414967476715,0.697674418604651,0.));
#3817=DIRECTION('ref_axis',(0.697674418604651,0.716414967476715,0.));
#3818=DIRECTION('',(0.697674418604651,0.716414967476715,0.));
#3819=DIRECTION('center_axis',(0.,0.,1.));
#3820=DIRECTION('ref_axis',(1.,0.,0.));
#3821=DIRECTION('center_axis',(0.,0.,1.));
#3822=DIRECTION('ref_axis',(-1.,0.,0.));
#3823=DIRECTION('',(-0.695652173913044,-0.718378767037317,0.));
#3824=DIRECTION('',(-0.695652173913044,0.718378767037317,0.));
#3825=DIRECTION('center_axis',(-0.718378767037319,0.695652173913042,0.));
#3826=DIRECTION('ref_axis',(-0.695652173913042,-0.718378767037319,0.));
#3827=DIRECTION('',(0.,0.,-1.));
#3828=DIRECTION('',(0.,0.,1.));
#3829=DIRECTION('center_axis',(-0.718378767037317,0.695652173913045,0.));
#3830=DIRECTION('ref_axis',(-0.695652173913044,-0.718378767037317,0.));
#3831=DIRECTION('',(0.,0.,-1.));
#3832=DIRECTION('',(0.,0.,1.));
#3833=DIRECTION('center_axis',(-0.718378767037318,0.695652173913043,0.));
#3834=DIRECTION('ref_axis',(-0.695652173913043,-0.718378767037318,0.));
#3835=DIRECTION('',(0.,0.,-1.));
#3836=DIRECTION('',(0.,0.,1.));
#3837=DIRECTION('center_axis',(0.,0.,1.));
#3838=DIRECTION('ref_axis',(-6.12323399573677E-17,-1.,0.));
#3839=DIRECTION('',(0.,0.,-1.));
#3840=DIRECTION('',(0.,0.,1.));
#3841=DIRECTION('center_axis',(1.,0.,0.));
#3842=DIRECTION('ref_axis',(0.,0.,1.));
#3843=DIRECTION('center_axis',(1.,0.,0.));
#3844=DIRECTION('ref_axis',(0.,0.,1.));
#3845=DIRECTION('',(1.,0.,0.));
#3846=DIRECTION('center_axis',(-1.,0.,0.));
#3847=DIRECTION('ref_axis',(0.,0.,1.));
#3848=DIRECTION('center_axis',(1.,0.,0.));
#3849=DIRECTION('ref_axis',(0.,0.,1.));
#3850=DIRECTION('center_axis',(1.,0.,0.));
#3851=DIRECTION('ref_axis',(0.,0.,1.));
#3852=DIRECTION('',(1.,0.,0.));
#3853=DIRECTION('center_axis',(-1.,0.,0.));
#3854=DIRECTION('ref_axis',(0.,0.,1.));
#3855=DIRECTION('center_axis',(1.,0.,0.));
#3856=DIRECTION('ref_axis',(0.,0.,1.));
#3857=DIRECTION('center_axis',(1.,0.,0.));
#3858=DIRECTION('ref_axis',(0.,0.,1.));
#3859=DIRECTION('',(1.,0.,0.));
#3860=DIRECTION('center_axis',(-1.,0.,0.));
#3861=DIRECTION('ref_axis',(0.,0.,1.));
#3862=DIRECTION('center_axis',(1.,0.,0.));
#3863=DIRECTION('ref_axis',(0.,0.,1.));
#3864=DIRECTION('center_axis',(1.,0.,0.));
#3865=DIRECTION('ref_axis',(0.,0.,1.));
#3866=DIRECTION('',(1.,0.,0.));
#3867=DIRECTION('center_axis',(-1.,0.,0.));
#3868=DIRECTION('ref_axis',(0.,0.,1.));
#3869=DIRECTION('center_axis',(-1.,0.,0.));
#3870=DIRECTION('ref_axis',(0.,0.,-1.));
#3871=DIRECTION('center_axis',(-1.,0.,0.));
#3872=DIRECTION('ref_axis',(0.,0.,-1.));
#3873=DIRECTION('',(-1.,0.,0.));
#3874=DIRECTION('center_axis',(-1.,0.,0.));
#3875=DIRECTION('ref_axis',(0.,0.,-1.));
#3876=DIRECTION('center_axis',(1.,0.,0.));
#3877=DIRECTION('ref_axis',(0.,0.,-1.));
#3878=DIRECTION('center_axis',(-1.,0.,0.));
#3879=DIRECTION('ref_axis',(0.,0.,-1.));
#3880=DIRECTION('center_axis',(-1.,0.,0.));
#3881=DIRECTION('ref_axis',(0.,0.,-1.));
#3882=DIRECTION('',(-1.,0.,0.));
#3883=DIRECTION('center_axis',(-1.,0.,0.));
#3884=DIRECTION('ref_axis',(0.,0.,-1.));
#3885=DIRECTION('center_axis',(1.,0.,0.));
#3886=DIRECTION('ref_axis',(0.,0.,-1.));
#3887=DIRECTION('center_axis',(-1.,0.,0.));
#3888=DIRECTION('ref_axis',(0.,0.,-1.));
#3889=DIRECTION('center_axis',(-1.,0.,0.));
#3890=DIRECTION('ref_axis',(0.,0.,-1.));
#3891=DIRECTION('',(-1.,0.,0.));
#3892=DIRECTION('center_axis',(-1.,0.,0.));
#3893=DIRECTION('ref_axis',(0.,0.,-1.));
#3894=DIRECTION('center_axis',(1.,0.,0.));
#3895=DIRECTION('ref_axis',(0.,0.,-1.));
#3896=DIRECTION('center_axis',(-1.,0.,0.));
#3897=DIRECTION('ref_axis',(0.,0.,-1.));
#3898=DIRECTION('center_axis',(-1.,0.,0.));
#3899=DIRECTION('ref_axis',(0.,0.,-1.));
#3900=DIRECTION('',(-1.,0.,0.));
#3901=DIRECTION('center_axis',(-1.,0.,0.));
#3902=DIRECTION('ref_axis',(0.,0.,-1.));
#3903=DIRECTION('center_axis',(1.,0.,0.));
#3904=DIRECTION('ref_axis',(0.,0.,-1.));
#3905=DIRECTION('center_axis',(0.,-1.,0.));
#3906=DIRECTION('ref_axis',(-1.,0.,0.));
#3907=DIRECTION('',(0.,0.,-1.));
#3908=DIRECTION('center_axis',(0.,0.,-1.));
#3909=DIRECTION('ref_axis',(1.83697019872103E-16,1.,0.));
#3910=DIRECTION('',(0.,0.,-1.));
#3911=DIRECTION('center_axis',(0.,-1.,0.));
#3912=DIRECTION('ref_axis',(-1.,0.,0.));
#3913=DIRECTION('center_axis',(0.725645759853959,-0.688068478573151,0.));
#3914=DIRECTION('ref_axis',(-0.688068478573151,-0.725645759853959,0.));
#3915=DIRECTION('',(0.688068478573151,0.725645759853959,0.));
#3916=DIRECTION('center_axis',(-0.725645759853959,-0.688068478573151,0.));
#3917=DIRECTION('ref_axis',(-0.688068478573151,0.725645759853959,0.));
#3918=DIRECTION('',(0.688068478573151,-0.725645759853959,0.));
#3919=DIRECTION('center_axis',(0.,0.,1.));
#3920=DIRECTION('ref_axis',(-6.12323399573677E-17,-1.,0.));
#3921=DIRECTION('',(0.,0.,1.));
#3922=DIRECTION('center_axis',(0.718378767037317,0.695652173913045,0.));
#3923=DIRECTION('ref_axis',(-0.695652173913044,0.718378767037317,0.));
#3924=DIRECTION('center_axis',(0.718378767037317,0.695652173913044,0.));
#3925=DIRECTION('ref_axis',(-0.695652173913044,0.718378767037317,0.));
#3926=DIRECTION('',(0.,0.,1.));
#3927=DIRECTION('center_axis',(-0.718378767037317,0.695652173913044,0.));
#3928=DIRECTION('ref_axis',(-0.695652173913044,-0.718378767037317,0.));
#3929=DIRECTION('center_axis',(0.,0.,1.));
#3930=DIRECTION('ref_axis',(1.93716910436791E-15,-1.,0.));
#3931=DIRECTION('',(0.,0.,1.));
#3932=DIRECTION('center_axis',(0.718378767037318,0.695652173913043,0.));
#3933=DIRECTION('ref_axis',(-0.695652173913043,0.718378767037318,0.));
#3934=DIRECTION('center_axis',(0.703670629322132,0.710526315789496,0.));
#3935=DIRECTION('ref_axis',(-0.710526315789496,0.703670629322132,0.));
#3936=DIRECTION('',(0.,0.,1.));
#3937=DIRECTION('',(0.,0.,-1.));
#3938=DIRECTION('center_axis',(0.,0.,1.));
#3939=DIRECTION('ref_axis',(-9.83119495665875E-15,-1.,0.));
#3940=DIRECTION('',(0.,0.,1.));
#3941=DIRECTION('center_axis',(-0.703670629322128,0.7105263157895,0.));
#3942=DIRECTION('ref_axis',(-0.7105263157895,-0.703670629322128,0.));
#3943=DIRECTION('center_axis',(0.,0.,1.));
#3944=DIRECTION('ref_axis',(1.93716910436791E-15,-1.,0.));
#3945=DIRECTION('',(0.,0.,1.));
#3946=DIRECTION('center_axis',(0.718378767037317,0.695652173913044,0.));
#3947=DIRECTION('ref_axis',(-0.695652173913044,0.718378767037317,0.));
#3948=DIRECTION('center_axis',(0.,1.,0.));
#3949=DIRECTION('ref_axis',(-1.,0.,0.));
#3950=DIRECTION('center_axis',(0.,1.,0.));
#3951=DIRECTION('ref_axis',(-1.,0.,0.));
#3952=DIRECTION('',(0.,1.,0.));
#3953=DIRECTION('center_axis',(0.,-1.,0.));
#3954=DIRECTION('ref_axis',(-1.,0.,0.));
#3955=DIRECTION('center_axis',(0.,0.,1.));
#3956=DIRECTION('ref_axis',(0.,1.,0.));
#3957=DIRECTION('',(0.,1.,0.));
#3958=DIRECTION('',(-1.,0.,0.));
#3959=DIRECTION('',(0.,-1.,0.));
#3960=DIRECTION('center_axis',(0.,1.,0.));
#3961=DIRECTION('ref_axis',(0.,0.,-1.));
#3962=DIRECTION('',(0.,0.,-1.));
#3963=DIRECTION('',(-1.,0.,0.));
#3964=DIRECTION('',(0.,0.,1.));
#3965=DIRECTION('center_axis',(0.,0.,1.));
#3966=DIRECTION('ref_axis',(0.,1.,0.));
#3967=DIRECTION('',(0.,1.,0.));
#3968=DIRECTION('',(-1.,0.,0.));
#3969=DIRECTION('',(0.,-1.,0.));
#3970=DIRECTION('center_axis',(0.,-1.,0.));
#3971=DIRECTION('ref_axis',(0.,0.,1.));
#3972=DIRECTION('',(0.,0.,1.));
#3973=DIRECTION('',(-1.,0.,0.));
#3974=DIRECTION('',(0.,0.,-1.));
#3975=DIRECTION('center_axis',(0.,0.,-1.));
#3976=DIRECTION('ref_axis',(0.,-1.,0.));
#3977=DIRECTION('',(0.,-1.,0.));
#3978=DIRECTION('',(-1.,0.,0.));
#3979=DIRECTION('',(0.,1.,0.));
#3980=DIRECTION('center_axis',(0.,1.,0.));
#3981=DIRECTION('ref_axis',(0.,0.,-1.));
#3982=DIRECTION('',(0.,0.,-1.));
#3983=DIRECTION('',(-1.,0.,0.));
#3984=DIRECTION('',(0.,0.,1.));
#3985=DIRECTION('center_axis',(0.,0.,-1.));
#3986=DIRECTION('ref_axis',(0.,-1.,0.));
#3987=DIRECTION('',(0.,-1.,0.));
#3988=DIRECTION('',(1.,0.,0.));
#3989=DIRECTION('',(0.,1.,0.));
#3990=DIRECTION('center_axis',(-1.,0.,0.));
#3991=DIRECTION('ref_axis',(0.,0.,1.));
#3992=DIRECTION('',(0.,0.,1.));
#3993=DIRECTION('',(0.,0.,-1.));
#3994=DIRECTION('center_axis',(0.,1.,0.));
#3995=DIRECTION('ref_axis',(0.,0.,1.));
#3996=DIRECTION('',(0.,0.,-1.));
#3997=DIRECTION('',(-1.,0.,0.));
#3998=DIRECTION('center_axis',(1.,0.,0.));
#3999=DIRECTION('ref_axis',(0.,0.,-1.));
#4000=DIRECTION('',(0.,0.,-1.));
#4001=DIRECTION('',(0.,1.,0.));
#4002=DIRECTION('center_axis',(0.297077235567838,-0.954853452686522,0.));
#4003=DIRECTION('ref_axis',(0.954853452686521,0.297077235567838,0.));
#4004=DIRECTION('',(0.,0.,-1.));
#4005=DIRECTION('center_axis',(0.,1.,0.));
#4006=DIRECTION('ref_axis',(0.,0.,1.));
#4007=DIRECTION('',(0.,0.,1.));
#4008=DIRECTION('center_axis',(1.,0.,0.));
#4009=DIRECTION('ref_axis',(0.,0.,-1.));
#4010=DIRECTION('',(0.,0.,-1.));
#4011=DIRECTION('center_axis',(0.,1.,0.));
#4012=DIRECTION('ref_axis',(0.,0.,1.));
#4013=DIRECTION('',(-1.,0.,0.));
#4014=DIRECTION('center_axis',(0.,0.,-1.));
#4015=DIRECTION('ref_axis',(-1.,0.,0.));
#4016=DIRECTION('',(-1.,0.,0.));
#4017=DIRECTION('',(-1.,0.,0.));
#4018=DIRECTION('center_axis',(0.,1.,0.));
#4019=DIRECTION('ref_axis',(1.,0.,0.));
#4020=DIRECTION('center_axis',(0.556670399226419,0.663413948168938,-0.500000000000002));
#4021=DIRECTION('ref_axis',(-0.321393804843271,-0.38302222155949,-0.866025403784438));
#4022=DIRECTION('',(-0.766044443118978,0.642787609686539,0.));
#4023=DIRECTION('',(-0.321393804843271,-0.38302222155949,-0.866025403784438));
#4024=DIRECTION('',(-0.766044443118978,0.642787609686539,0.));
#4025=DIRECTION('center_axis',(0.556670399226419,0.663413948168939,0.5));
#4026=DIRECTION('ref_axis',(0.321393804843269,0.383022221559489,-0.866025403784439));
#4027=DIRECTION('',(-0.766044443118978,0.642787609686539,0.));
#4028=DIRECTION('',(0.321393804843269,0.383022221559489,-0.866025403784439));
#4029=DIRECTION('center_axis',(4.41448781677463E-16,5.26098171510453E-16,
1.));
#4030=DIRECTION('ref_axis',(0.642787609686539,0.766044443118978,-6.86772387994129E-16));
#4031=DIRECTION('',(-0.766044443118978,0.642787609686539,0.));
#4032=DIRECTION('',(0.642787609686539,0.766044443118978,-6.86772387994129E-16));
#4033=DIRECTION('center_axis',(-0.556670399226419,-0.663413948168938,0.5));
#4034=DIRECTION('ref_axis',(0.32139380484327,0.383022221559489,0.866025403784439));
#4035=DIRECTION('',(-0.766044443118978,0.642787609686539,0.));
#4036=DIRECTION('',(0.32139380484327,0.383022221559489,0.866025403784439));
#4037=DIRECTION('center_axis',(-0.55667039922642,-0.663413948168939,-0.499999999999999));
#4038=DIRECTION('ref_axis',(-0.321393804843269,-0.383022221559488,0.866025403784439));
#4039=DIRECTION('',(-0.766044443118978,0.642787609686539,0.));
#4040=DIRECTION('',(-0.321393804843269,-0.383022221559488,0.866025403784439));
#4041=DIRECTION('center_axis',(-4.41448781677463E-16,-5.26098171510454E-16,
-1.));
#4042=DIRECTION('ref_axis',(-0.642787609686539,-0.766044443118978,6.8677238799413E-16));
#4043=DIRECTION('',(-0.642787609686539,-0.766044443118978,6.8677238799413E-16));
#4044=DIRECTION('center_axis',(0.766044443118978,-0.642787609686539,0.));
#4045=DIRECTION('ref_axis',(0.,0.,-1.));
#4046=DIRECTION('center_axis',(0.766044443118978,-0.642787609686539,0.));
#4047=DIRECTION('ref_axis',(0.,0.,-1.));
#4048=DIRECTION('center_axis',(-0.766044443118978,0.642787609686539,0.));
#4049=DIRECTION('ref_axis',(0.,0.,-1.));
#4050=DIRECTION('',(-0.766044443118978,0.642787609686539,0.));
#4051=DIRECTION('center_axis',(-0.766044443118978,0.642787609686539,0.));
#4052=DIRECTION('ref_axis',(0.454519477672044,0.541675220419702,0.707106781186547));
#4053=DIRECTION('',(0.76604444311898,-0.642787609686537,0.));
#4054=DIRECTION('',(-0.766044443118978,0.642787609686539,0.));
#4055=DIRECTION('center_axis',(-0.766044443118981,0.642787609686535,0.));
#4056=DIRECTION('ref_axis',(0.454519477672041,0.541675220419704,0.707106781186547));
#4057=DIRECTION('',(-0.766044443118981,0.642787609686535,0.));
#4058=DIRECTION('center_axis',(0.642787609686535,0.766044443118981,0.));
#4059=DIRECTION('ref_axis',(-0.766044443118981,0.642787609686535,0.));
#4060=DIRECTION('center_axis',(-0.642787609686537,-0.76604444311898,0.));
#4061=DIRECTION('ref_axis',(0.76604444311898,-0.642787609686537,0.));
#4062=DIRECTION('center_axis',(0.642787609686539,0.766044443118978,0.));
#4063=DIRECTION('ref_axis',(-0.766044443118978,0.642787609686539,0.));
#4064=DIRECTION('center_axis',(-0.766044443118978,0.642787609686539,0.));
#4065=DIRECTION('ref_axis',(0.,0.,-1.));
#4066=DIRECTION('',(-0.766044443118978,0.642787609686539,0.));
#4067=DIRECTION('center_axis',(0.766044443118978,-0.642787609686539,0.));
#4068=DIRECTION('ref_axis',(0.,0.,-1.));
#4069=DIRECTION('center_axis',(-0.766044443118978,0.642787609686539,0.));
#4070=DIRECTION('ref_axis',(-0.642787609686539,-0.766044443118978,0.));
#4071=DIRECTION('center_axis',(0.766044443118978,-0.642787609686539,0.));
#4072=DIRECTION('ref_axis',(-0.454519477672044,-0.541675220419702,0.707106781186547));
#4073=DIRECTION('center_axis',(-0.766044443118979,0.642787609686538,0.));
#4074=DIRECTION('ref_axis',(0.454519477672043,0.541675220419703,0.707106781186548));
#4075=DIRECTION('center_axis',(-0.766044443118978,0.642787609686539,0.));
#4076=DIRECTION('ref_axis',(0.,0.,-1.));
#4077=DIRECTION('',(-0.766044443118978,0.642787609686539,0.));
#4078=DIRECTION('center_axis',(0.766044443118979,-0.642787609686538,0.));
#4079=DIRECTION('ref_axis',(0.,0.,-1.));
#4080=DIRECTION('center_axis',(0.76604444311898,-0.642787609686537,0.));
#4081=DIRECTION('ref_axis',(-0.454519477672042,-0.541675220419703,0.707106781186547));
#4082=DIRECTION('center_axis',(0.766044443118979,-0.642787609686538,0.));
#4083=DIRECTION('ref_axis',(-0.454519477672042,-0.541675220419703,0.707106781186547));
#4084=DIRECTION('center_axis',(-0.766044443118979,0.642787609686538,0.));
#4085=DIRECTION('ref_axis',(-0.642787609686538,-0.766044443118979,0.));
#4086=CARTESIAN_POINT('',(0.,0.,0.));
#4087=CARTESIAN_POINT('Origin',(13.3181826838605,-3.99952794770238,0.4));
#4088=CARTESIAN_POINT('',(16.6741851096608,0.,0.));
#4089=CARTESIAN_POINT('',(16.5249145201237,-1.63746176710788E-12,0.0166926083713722));
#4090=CARTESIAN_POINT('Origin',(16.6741851096608,-5.55111512312578E-16,
0.4));
#4091=CARTESIAN_POINT('',(24.8863970047855,9.7869330291598,0.));
#4092=CARTESIAN_POINT('',(13.3181826838605,-3.99952794770238,0.));
#4093=CARTESIAN_POINT('',(24.2650788961948,9.66876447184726,0.4));
#4094=CARTESIAN_POINT('Ctrl Pts',(24.8863970047855,9.7869330291598,0.));
#4095=CARTESIAN_POINT('Ctrl Pts',(24.8159131250949,9.77678909923207,3.24819058168646E-17));
#4096=CARTESIAN_POINT('Ctrl Pts',(24.7392554870169,9.76577524480508,0.00886784074175411));
#4097=CARTESIAN_POINT('Ctrl Pts',(24.5922881347479,9.74376238497578,0.0481731007795332));
#4098=CARTESIAN_POINT('Ctrl Pts',(24.5219880872586,9.73274206093937,0.0786347184162006));
#4099=CARTESIAN_POINT('Ctrl Pts',(24.4150238608215,9.71394295585435,0.148490237869046));
#4100=CARTESIAN_POINT('Ctrl Pts',(24.3678523502275,9.70478350189962,0.189756681975835));
#4101=CARTESIAN_POINT('Ctrl Pts',(24.2965261797407,9.68664117867922,0.287082433569469));
#4102=CARTESIAN_POINT('Ctrl Pts',(24.2725249309911,9.67763831056621,0.343250350246582));
#4103=CARTESIAN_POINT('Ctrl Pts',(24.2650788961949,9.66876447184722,0.400000000000001));
#4104=CARTESIAN_POINT('',(16.538640632956,0.460753913674892,0.4));
#4105=CARTESIAN_POINT('',(13.0117649066129,-3.74241290382776,0.4));
#4106=CARTESIAN_POINT('Ctrl Pts',(16.538640632956,0.460753913674893,0.400000000000001));
#4107=CARTESIAN_POINT('Ctrl Pts',(16.5311945981597,0.451880074955906,0.343250350246581));
#4108=CARTESIAN_POINT('Ctrl Pts',(16.5264962769498,0.426680127463704,0.28708243356947));
#4109=CARTESIAN_POINT('Ctrl Pts',(16.5210152359097,0.353287180409805,0.189756681975835));
#4110=CARTESIAN_POINT('Ctrl Pts',(16.5201861814942,0.305241788567836,0.148490237869046));
#4111=CARTESIAN_POINT('Ctrl Pts',(16.5202468200531,0.196638158737802,0.0786347184162002));
#4112=CARTESIAN_POINT('Ctrl Pts',(16.5216013946377,0.12549246774701,0.0481731007795332));
#4113=CARTESIAN_POINT('Ctrl Pts',(16.5239608154609,0.0342659077394207,0.02403636060834));
#4114=CARTESIAN_POINT('Ctrl Pts',(16.5244280250155,0.0171589634935043,0.0200941158264498));
#4115=CARTESIAN_POINT('Ctrl Pts',(16.5249145201236,-1.72602082985113E-12,
0.0166926083716794));
#4116=CARTESIAN_POINT('Origin',(16.5451341064562,0.468492534047187,0.));
#4117=CARTESIAN_POINT('',(24.2585854226946,9.66102585147493,0.5));
#4118=CARTESIAN_POINT('Origin',(24.5799792275379,10.0440480730345,0.5));
#4119=CARTESIAN_POINT('',(24.2585854226946,9.66102585147493,11.));
#4120=CARTESIAN_POINT('',(24.2585854226946,9.66102585147493,0.));
#4121=CARTESIAN_POINT('',(16.5451341064562,0.468492534047185,11.));
#4122=CARTESIAN_POINT('Origin',(20.4018597645754,5.06475919276108,11.));
#4123=CARTESIAN_POINT('',(16.5451341064562,0.468492534047185,0.5));
#4124=CARTESIAN_POINT('',(16.5451341064562,0.468492534047185,0.));
#4125=CARTESIAN_POINT('Origin',(16.2237403016129,0.0854703124876932,0.5));
#4126=CARTESIAN_POINT('',(22.4800959216873,7.54150459925839,11.));
#4127=CARTESIAN_POINT('',(21.4409778431314,6.3031318960097,8.2));
#4128=CARTESIAN_POINT('',(20.2073820969108,4.8329897336424,4.87596189432336));
#4129=CARTESIAN_POINT('',(19.3627416860194,3.82638648951233,8.2));
#4130=CARTESIAN_POINT('',(18.9930559747938,3.38581221502845,8.2));
#4131=CARTESIAN_POINT('',(18.3236236074634,2.58801378626364,11.));
#4132=CARTESIAN_POINT('',(20.1517150569881,4.76664833882551,6.07403810567664));
#4133=CARTESIAN_POINT('',(19.3627416860194,3.82638648951233,13.8));
#4134=CARTESIAN_POINT('',(16.5704688219648,0.498685272272004,6.27596189432336));
#4135=CARTESIAN_POINT('',(21.4409778431314,6.3031318960097,13.8));
#4136=CARTESIAN_POINT('',(17.9539378962378,2.14743951177976,13.8));
#4137=CARTESIAN_POINT('',(22.7495102533781,7.86258009694723,10.2740381056766));
#4138=CARTESIAN_POINT('Origin',(0.,0.,0.));
#4139=CARTESIAN_POINT('',(40.,0.,0.));
#4140=CARTESIAN_POINT('',(0.,0.,0.));
#4141=CARTESIAN_POINT('',(40.,30.,0.));
#4142=CARTESIAN_POINT('',(40.,0.,0.));
#4143=CARTESIAN_POINT('',(34.2935584607861,30.,0.));
#4144=CARTESIAN_POINT('',(0.,30.,0.));
#4145=CARTESIAN_POINT('',(33.9964812252182,29.9548534526865,0.));
#4146=CARTESIAN_POINT('Origin',(34.2935584607861,29.,0.));
#4147=CARTESIAN_POINT('',(11.5190333725555,22.961593856775,0.));
#4148=CARTESIAN_POINT('',(-1.74839735707254,18.8337859369772,0.));
#4149=CARTESIAN_POINT('',(15.3557695485853,19.7421899465438,0.));
#4150=CARTESIAN_POINT('',(15.1362339096024,19.9264022202446,0.));
#4151=CARTESIAN_POINT('',(16.9627385728016,21.6573010543413,0.));
#4152=CARTESIAN_POINT('',(7.16219017851463,9.97746229605628,0.));
#4153=CARTESIAN_POINT('',(21.4057963428917,17.9291329181594,0.));
#4154=CARTESIAN_POINT('',(18.9647318188638,19.9774292599511,0.));
#4155=CARTESIAN_POINT('',(24.372249024038,15.4399835675047,2.22044604925031E-15));
#4156=CARTESIAN_POINT('',(21.071354037441,18.2097633333131,0.));
#4157=CARTESIAN_POINT('',(26.2673757230966,17.3168246743539,-4.32133671068868E-7));
#4158=CARTESIAN_POINT('',(15.3078616363828,6.46305613251721,2.22044604925031E-15));
#4159=CARTESIAN_POINT('',(28.1672864222666,15.4352457269854,-4.32133671068868E-7));
#4160=CARTESIAN_POINT('',(24.9158223739817,18.6553372313132,0.));
#4161=CARTESIAN_POINT('',(23.75512020525,14.5060527638505,0.));
#4162=CARTESIAN_POINT('Origin',(26.2673757230967,13.5168246743539,0.));
#4163=CARTESIAN_POINT('',(21.8988236766215,12.2938047069373,0.));
#4164=CARTESIAN_POINT('',(22.541611286308,13.0598491500563,0.));
#4165=CARTESIAN_POINT('',(19.840781374153,14.0207072438858,0.));
#4166=CARTESIAN_POINT('',(31.2889654673001,22.9572747125598,-4.32133671068868E-7));
#4167=CARTESIAN_POINT('',(33.4382103697302,20.7502979683738,-4.32133671068868E-7));
#4168=CARTESIAN_POINT('',(30.4859452762173,23.7818651930712,0.));
#4169=CARTESIAN_POINT('',(29.13972056487,20.7502979683737,-4.32133671068868E-7));
#4170=CARTESIAN_POINT('Origin',(31.2889654673001,18.6572747125598,0.));
#4171=CARTESIAN_POINT('',(17.9367168599656,9.2463653016973,2.22044604925031E-15));
#4172=CARTESIAN_POINT('',(31.2889654673001,13.0572747125598,-4.32133671068868E-7));
#4173=CARTESIAN_POINT('',(33.4382103697302,10.8502979683737,-4.32133671068868E-7));
#4174=CARTESIAN_POINT('',(28.0118145164431,16.4224547009132,2.22044604925031E-15));
#4175=CARTESIAN_POINT('',(29.13972056487,10.8502979683737,-4.32133671068868E-7));
#4176=CARTESIAN_POINT('Origin',(31.2889654673001,8.75727471255978,0.));
#4177=CARTESIAN_POINT('',(20.4108476197399,1.88695480953936,0.));
#4178=CARTESIAN_POINT('Origin',(3.06385240782809,13.4163760078793,0.4));
#4179=CARTESIAN_POINT('',(10.9157444602574,22.7738965700238,0.));
#4180=CARTESIAN_POINT('',(11.2658245730626,22.8828146787555,0.0525372686297932));
#4181=CARTESIAN_POINT('Origin',(10.9157444602574,22.7738965700238,0.4));
#4182=CARTESIAN_POINT('',(1.28773035425719,11.2996761696503,0.));
#4183=CARTESIAN_POINT('',(3.06385240782809,13.4163760078793,0.));
#4184=CARTESIAN_POINT('',(1.59414813150477,11.0425611257757,0.4));
#4185=CARTESIAN_POINT('Origin',(1.28773035425719,11.2996761696503,0.4));
#4186=CARTESIAN_POINT('',(11.2489492238033,22.548705013305,0.4));
#4187=CARTESIAN_POINT('',(3.37027018507568,13.1592609640047,0.4));
#4188=CARTESIAN_POINT('Ctrl Pts',(11.2489492238033,22.548705013305,0.4));
#4189=CARTESIAN_POINT('Ctrl Pts',(11.2556500436663,22.55669073945,0.348929975390775));
#4190=CARTESIAN_POINT('Ctrl Pts',(11.2602026446316,22.5781233190945,0.297496710926936));
#4191=CARTESIAN_POINT('Ctrl Pts',(11.2658387664234,22.6409635914663,0.206807198276585));
#4192=CARTESIAN_POINT('Ctrl Pts',(11.2669793415159,22.6822120373574,0.167444261343201));
#4193=CARTESIAN_POINT('Ctrl Pts',(11.2676245693634,22.7710002092848,0.102722041883938));
#4194=CARTESIAN_POINT('Ctrl Pts',(11.2669949944443,22.8250971534414,0.0742076335365462));
#4195=CARTESIAN_POINT('Ctrl Pts',(11.2658245730506,22.8828146787599,0.0525372686435646));
#4196=CARTESIAN_POINT('Ctrl Pts',(1.59414813150477,11.0425611257757,0.4));
#4197=CARTESIAN_POINT('Ctrl Pts',(1.59300693631909,11.0412011023134,0.391302427552433));
#4198=CARTESIAN_POINT('Ctrl Pts',(1.58988506175206,11.0374805970825,0.369970619690227));
#4199=CARTESIAN_POINT('Ctrl Pts',(1.57854920896652,11.0239710538002,0.313493465730597));
#4200=CARTESIAN_POINT('Ctrl Pts',(1.54953916820277,10.9893982334987,0.220410976835369));
#4201=CARTESIAN_POINT('Ctrl Pts',(1.46831439010209,10.8925983123895,0.0715388076760635));
#4202=CARTESIAN_POINT('Ctrl Pts',(1.34714758104711,10.7481973323951,0.00116710476687193));
#4203=CARTESIAN_POINT('Ctrl Pts',(1.28195735236305,10.6705066431588,1.51964086439998E-5));
#4204=CARTESIAN_POINT('Ctrl Pts',(1.28060295111093,10.6688925306008,0.));
#4205=CARTESIAN_POINT('Ctrl Pts',(1.27924780016171,10.6672775245885,0.));
#4206=CARTESIAN_POINT('Ctrl Pts',(1.59414813150477,11.0425611257757,0.29528024488034));
#4207=CARTESIAN_POINT('Ctrl Pts',(1.59128082862619,11.0427664769058,0.288028207821223));
#4208=CARTESIAN_POINT('Ctrl Pts',(1.58304958143113,11.0416543820213,0.270169776738777));
#4209=CARTESIAN_POINT('Ctrl Pts',(1.55830703071157,11.027463832807,0.224982344679495));
#4210=CARTESIAN_POINT('Ctrl Pts',(1.51389019789143,10.984641946822,0.153189929264543));
#4211=CARTESIAN_POINT('Ctrl Pts',(1.42952624202833,10.8774166193349,0.0473662636774717));
#4212=CARTESIAN_POINT('Ctrl Pts',(1.3326734792953,10.7419279099961,0.000791888251111929));
#4213=CARTESIAN_POINT('Ctrl Pts',(1.28138120279568,10.6702568825207,9.9367130754069E-6));
#4214=CARTESIAN_POINT('Ctrl Pts',(1.28031459725021,10.6687675398624,0.));
#4215=CARTESIAN_POINT('Ctrl Pts',(1.27924780016171,10.6672775245885,0.));
#4216=CARTESIAN_POINT('Ctrl Pts',(1.52781421755884,11.0982218885023,0.0865927747949463));
#4217=CARTESIAN_POINT('Ctrl Pts',(1.51744584642026,11.0924924221341,0.0840489308814348));
#4218=CARTESIAN_POINT('Ctrl Pts',(1.49496985850114,11.0773426085252,0.0779380417933994));
#4219=CARTESIAN_POINT('Ctrl Pts',(1.45551042056497,11.0363895238894,0.0629993012728083));
#4220=CARTESIAN_POINT('Ctrl Pts',(1.40766843700287,10.9653729197179,0.040770220347582));
#4221=CARTESIAN_POINT('Ctrl Pts',(1.34954707350338,10.8443125935209,0.011516205128085));
#4222=CARTESIAN_POINT('Ctrl Pts',(1.30380827516366,10.7293717641992,0.000187608926257931));
#4223=CARTESIAN_POINT('Ctrl Pts',(1.28022770166874,10.6697575317402,2.61911113546947E-6));
#4224=CARTESIAN_POINT('Ctrl Pts',(1.27973788952878,10.6685175583855,0.));
#4225=CARTESIAN_POINT('Ctrl Pts',(1.27924780016171,10.6672775245885,0.));
#4226=CARTESIAN_POINT('Ctrl Pts',(1.36795034075137,11.23236360857,1.39376999560536E-16));
#4227=CARTESIAN_POINT('Ctrl Pts',(1.34548266441609,11.2078649900892,4.72608369041697E-5));
#4228=CARTESIAN_POINT('Ctrl Pts',(1.30701358260326,11.1508815449001,-5.59800186117998E-5));
#4229=CARTESIAN_POINT('Ctrl Pts',(1.27333281342448,11.0497014519037,0.000143539330322872));
#4230=CARTESIAN_POINT('Ctrl Pts',(1.26167219494134,10.9361545241072,0.00010385959142241));
#4231=CARTESIAN_POINT('Ctrl Pts',(1.26668229341201,10.8095292601112,0.000234729323806813));
#4232=CARTESIAN_POINT('Ctrl Pts',(1.27490925541202,10.7168749285572,2.16500285433036E-5));
#4233=CARTESIAN_POINT('Ctrl Pts',(1.27907458360694,10.6692573308042,-2.90479529833287E-7));
#4234=CARTESIAN_POINT('Ctrl Pts',(1.27916118180734,10.6682675769086,0.));
#4235=CARTESIAN_POINT('Ctrl Pts',(1.27924780016171,10.6672775245885,0.));
#4236=CARTESIAN_POINT('Ctrl Pts',(1.28773035425717,11.2996761696504,1.38777878078145E-16));
#4237=CARTESIAN_POINT('Ctrl Pts',(1.25920047461531,11.2656755830909,1.93231278438682E-16));
#4238=CARTESIAN_POINT('Ctrl Pts',(1.21267630183584,11.1876325416543,1.44778787975826E-15));
#4239=CARTESIAN_POINT('Ctrl Pts',(1.18212947314737,11.056118848298,1.28868566538684E-15));
#4240=CARTESIAN_POINT('Ctrl Pts',(1.18871229192943,10.9214055255141,3.9575870004149E-15));
#4241=CARTESIAN_POINT('Ctrl Pts',(1.22537504100877,10.7920520155188,1.66304400619749E-15));
#4242=CARTESIAN_POINT('Ctrl Pts',(1.26047022472044,10.7106173552416,7.52145584817302E-15));
#4243=CARTESIAN_POINT('Ctrl Pts',(1.27849788425657,10.6690073535234,-3.73967379515892E-17));
#4244=CARTESIAN_POINT('Ctrl Pts',(1.27887282794663,10.6681425861702,0.));
#4245=CARTESIAN_POINT('Ctrl Pts',(1.27924780016171,10.6672775245885,0.));
#4246=CARTESIAN_POINT('',(1.27924780016172,10.6672775245885,0.));
#4247=CARTESIAN_POINT('Ctrl Pts',(1.28773035425717,11.2996761696504,1.38777878078145E-16));
#4248=CARTESIAN_POINT('Ctrl Pts',(1.25920047461531,11.2656755830909,1.93231278438682E-16));
#4249=CARTESIAN_POINT('Ctrl Pts',(1.21267630183584,11.1876325416543,1.44778787975826E-15));
#4250=CARTESIAN_POINT('Ctrl Pts',(1.18212947314737,11.056118848298,1.28868566538684E-15));
#4251=CARTESIAN_POINT('Ctrl Pts',(1.18871229192943,10.9214055255141,3.9575870004149E-15));
#4252=CARTESIAN_POINT('Ctrl Pts',(1.22537504100877,10.7920520155188,1.66304400619749E-15));
#4253=CARTESIAN_POINT('Ctrl Pts',(1.26047022472044,10.7106173552416,7.52145584817302E-15));
#4254=CARTESIAN_POINT('Ctrl Pts',(1.27849788425657,10.6690073535234,-3.73967379515892E-17));
#4255=CARTESIAN_POINT('Ctrl Pts',(1.27887282794663,10.6681425861702,0.));
#4256=CARTESIAN_POINT('Ctrl Pts',(1.27924780016171,10.6672775245885,0.));
#4257=CARTESIAN_POINT('Origin',(1.27924780016171,10.6672775245885,0.5));
#4258=CARTESIAN_POINT('Origin',(0.,0.,0.));
#4259=CARTESIAN_POINT('',(13.5425847506965,2.33522694639057,0.));
#4260=CARTESIAN_POINT('',(16.3255998535803,0.,0.));
#4261=CARTESIAN_POINT('',(10.1439646727698,5.18700780029048,0.));
#4262=CARTESIAN_POINT('',(11.5830966812649,0.,0.));
#4263=CARTESIAN_POINT('',(22.541611286308,13.0598491500563,0.));
#4264=CARTESIAN_POINT('',(0.,0.,0.));
#4265=CARTESIAN_POINT('Origin',(0.,0.,0.));
#4266=CARTESIAN_POINT('',(2.,20.,0.));
#4267=CARTESIAN_POINT('',(-1.74839735707254,18.8337859369772,0.));
#4268=CARTESIAN_POINT('',(1.,20.,0.));
#4269=CARTESIAN_POINT('',(0.,20.,0.));
#4270=CARTESIAN_POINT('',(1.,11.0313860954187,0.));
#4271=CARTESIAN_POINT('',(1.,0.,0.));
#4272=CARTESIAN_POINT('',(-4.,6.0313860954187,0.));
#4273=CARTESIAN_POINT('Origin',(-4.,11.0313860954187,0.));
#4274=CARTESIAN_POINT('',(-16.,6.0313860954187,0.));
#4275=CARTESIAN_POINT('',(0.,6.0313860954187,0.));
#4276=CARTESIAN_POINT('',(-16.,0.,0.));
#4277=CARTESIAN_POINT('',(-16.,1.75784652385467,0.));
#4278=CARTESIAN_POINT('',(10.1027045461386,0.,0.));
#4279=CARTESIAN_POINT('',(0.,0.,0.));
#4280=CARTESIAN_POINT('',(7.90725653947441,1.84219961266079,0.));
#4281=CARTESIAN_POINT('',(6.61525868012497,2.92631453992273,0.));
#4282=CARTESIAN_POINT('',(3.46419876938433,5.57036774884271,0.));
#4283=CARTESIAN_POINT('',(4.39372979507994,4.79039860801369,0.));
#4284=CARTESIAN_POINT('',(5.07116779360066,7.48547885664016,0.));
#4285=CARTESIAN_POINT('',(7.16219017851463,9.97746229605628,0.));
#4286=CARTESIAN_POINT('',(3.53020549023758,8.77849975705022,0.));
#4287=CARTESIAN_POINT('Origin',(20.6265001785106,14.6668181742726,0.));
#4288=CARTESIAN_POINT('',(10.7263344018322,2.86826004263779,1.5));
#4289=CARTESIAN_POINT('',(20.8848518098909,14.9747096591227,1.5));
#4290=CARTESIAN_POINT('',(12.7543146132832,5.28511274534457,1.5));
#4291=CARTESIAN_POINT('',(10.9846860332125,3.17615152748793,3.));
#4292=CARTESIAN_POINT('Origin',(9.0563232041529,0.878018198130972,3.));
#4293=CARTESIAN_POINT('',(10.9846860332125,3.17615152748793,10.5));
#4294=CARTESIAN_POINT('',(10.9846860332125,3.17615152748793,0.));
#4295=CARTESIAN_POINT('',(20.6265001785106,14.6668181742726,10.5));
#4296=CARTESIAN_POINT('Origin',(15.8055931058615,8.92148485088026,10.5));
#4297=CARTESIAN_POINT('',(20.6265001785106,14.6668181742726,3.));
#4298=CARTESIAN_POINT('',(20.6265001785106,14.6668181742726,0.));
#4299=CARTESIAN_POINT('Origin',(22.5548630075702,16.9649515036295,3.));
#4300=CARTESIAN_POINT('',(15.8055931058615,8.92148485088026,12.6));
#4301=CARTESIAN_POINT('Origin',(15.8055931058615,8.92148485088026,11.));
#4302=CARTESIAN_POINT('Origin',(6.78434087595567,0.503960836482026,1.5));
#4303=CARTESIAN_POINT('',(18.586718480534,16.9030724881824,1.5));
#4304=CARTESIAN_POINT('Ctrl Pts',(21.4057963428917,17.9291329181594,0.));
#4305=CARTESIAN_POINT('Ctrl Pts',(21.1072210216411,17.8506047750453,-3.39206317936317E-16));
#4306=CARTESIAN_POINT('Ctrl Pts',(20.781544893234,17.7651367667459,0.0334552151535955));
#4307=CARTESIAN_POINT('Ctrl Pts',(20.1519112743832,17.5904442068011,0.181692911801466));
#4308=CARTESIAN_POINT('Ctrl Pts',(19.8480920203665,17.5009037630011,0.296690001690908));
#4309=CARTESIAN_POINT('Ctrl Pts',(19.3777829889005,17.3426246810759,0.555227789060103));
#4310=CARTESIAN_POINT('Ctrl Pts',(19.1636027159424,17.2624182459049,0.707580911446187));
#4311=CARTESIAN_POINT('Ctrl Pts',(18.8080971573534,17.0908411140343,1.07117001233074));
#4312=CARTESIAN_POINT('Ctrl Pts',(18.667327321283,16.9991383637398,1.28279200530229));
#4313=CARTESIAN_POINT('Ctrl Pts',(18.586718480534,16.9030724881823,1.5));
#4314=CARTESIAN_POINT('',(8.4282010724752,4.79662287169742,1.5));
#4315=CARTESIAN_POINT('',(5.6352742112772,1.46814225101183,1.5));
#4316=CARTESIAN_POINT('Ctrl Pts',(8.42820107247519,4.79662287169742,1.5));
#4317=CARTESIAN_POINT('Ctrl Pts',(8.35534001520479,4.70979044493521,1.30366912618764));
#4318=CARTESIAN_POINT('Ctrl Pts',(8.29371758183886,4.57372246140937,1.10926493679923));
#4319=CARTESIAN_POINT('Ctrl Pts',(8.19222097089795,4.23986909556492,0.769611844229081));
#4320=CARTESIAN_POINT('Ctrl Pts',(8.15189520191689,4.04258862195964,0.624002033997046));
#4321=CARTESIAN_POINT('Ctrl Pts',(8.07242853759817,3.56509659562093,0.343723650255774));
#4322=CARTESIAN_POINT('Ctrl Pts',(8.03307759239791,3.2305103142396,0.210550803064633));
#4323=CARTESIAN_POINT('Ctrl Pts',(7.96439426401508,2.53477740640716,0.0387769468213413));
#4324=CARTESIAN_POINT('Ctrl Pts',(7.93471894237031,2.1737081290356,4.08341357952475E-17));
#4325=CARTESIAN_POINT('Ctrl Pts',(7.90725653947441,1.84219961266079,0.));
#4326=CARTESIAN_POINT('Ctrl Pts',(7.90725653947439,1.8421996126608,0.));
#4327=CARTESIAN_POINT('Ctrl Pts',(8.22895990037265,1.92681064969858,-2.81646043536136E-17));
#4328=CARTESIAN_POINT('Ctrl Pts',(8.57939065857738,2.01873415855457,0.0387769468213408));
#4329=CARTESIAN_POINT('Ctrl Pts',(9.25262708542672,2.20718678443669,0.210550803064632));
#4330=CARTESIAN_POINT('Ctrl Pts',(9.57529702945908,2.30404019839249,0.343723650255773));
#4331=CARTESIAN_POINT('Ctrl Pts',(10.0317356375547,2.46521520574379,0.624002033997045));
#4332=CARTESIAN_POINT('Ctrl Pts',(10.2190164811826,2.53918573041335,0.769611844229079));
#4333=CARTESIAN_POINT('Ctrl Pts',(10.5301731627061,2.69711340835927,1.10926493679923));
#4334=CARTESIAN_POINT('Ctrl Pts',(10.6534733445617,2.7814276158756,1.30366912618764));
#4335=CARTESIAN_POINT('Ctrl Pts',(10.7263344018321,2.86826004263781,1.5));
#4336=CARTESIAN_POINT('Ctrl Pts',(20.8848518098909,14.9747096591227,1.5));
#4337=CARTESIAN_POINT('Ctrl Pts',(20.9577128671613,15.061542085885,1.30366912618764));
#4338=CARTESIAN_POINT('Ctrl Pts',(21.0193353005273,15.1976100694108,1.10926493679923));
#4339=CARTESIAN_POINT('Ctrl Pts',(21.1208319114682,15.5314634352552,0.769611844229078));
#4340=CARTESIAN_POINT('Ctrl Pts',(21.1611576804492,15.7287439088605,0.624002033997045));
#4341=CARTESIAN_POINT('Ctrl Pts',(21.2406243447679,16.2062359351992,0.343723650255773));
#4342=CARTESIAN_POINT('Ctrl Pts',(21.2799752899682,16.5408222165806,0.210550803064631));
#4343=CARTESIAN_POINT('Ctrl Pts',(21.348658618351,17.236555124413,0.0387769468213408));
#4344=CARTESIAN_POINT('Ctrl Pts',(21.3783339399958,17.5976244017846,-3.12596969543022E-16));
#4345=CARTESIAN_POINT('Ctrl Pts',(21.4057963428917,17.9291329181594,-2.77555756156289E-16));
#4346=CARTESIAN_POINT('Origin',(8.68655270385555,5.10451435654754,0.));
#4347=CARTESIAN_POINT('',(18.3283668491536,16.5951810033322,3.));
#4348=CARTESIAN_POINT('Origin',(20.2567296782132,18.8933143326892,3.));
#4349=CARTESIAN_POINT('',(18.3283668491536,16.5951810033322,10.5));
#4350=CARTESIAN_POINT('',(18.3283668491536,16.5951810033322,0.));
#4351=CARTESIAN_POINT('',(8.68655270385555,5.10451435654754,10.5));
#4352=CARTESIAN_POINT('Origin',(13.5074597765046,10.8498476799399,10.5));
#4353=CARTESIAN_POINT('',(8.68655270385555,5.10451435654754,3.));
#4354=CARTESIAN_POINT('',(8.68655270385555,5.10451435654754,0.));
#4355=CARTESIAN_POINT('Origin',(6.75818987479594,2.8063810271906,3.));
#4356=CARTESIAN_POINT('',(13.5074597765046,10.8498476799399,12.6));
#4357=CARTESIAN_POINT('Origin',(13.5074597765046,10.8498476799399,11.));
#4358=CARTESIAN_POINT('Origin',(2.34128310586558,4.23212897266395,1.5));
#4359=CARTESIAN_POINT('',(4.53609787414393,8.5871594733765,0.5));
#4360=CARTESIAN_POINT('Ctrl Pts',(4.53609787414393,8.5871594733765,0.5));
#4361=CARTESIAN_POINT('Ctrl Pts',(4.59333008232274,8.53913594860219,0.416470180588222));
#4362=CARTESIAN_POINT('Ctrl Pts',(4.64324467824347,8.47116562377689,0.343557218311998));
#4363=CARTESIAN_POINT('Ctrl Pts',(4.7381851482051,8.31143153447016,0.217869713558697));
#4364=CARTESIAN_POINT('Ctrl Pts',(4.78287110051807,8.21933140327381,0.165266400549048));
#4365=CARTESIAN_POINT('Ctrl Pts',(4.91297024520127,7.92208140754329,0.0394772100765126));
#4366=CARTESIAN_POINT('Ctrl Pts',(4.99450944216952,7.69609594620984,8.76430036487628E-17));
#4367=CARTESIAN_POINT('Ctrl Pts',(5.07116779360066,7.48547885664016,0.));
#4368=CARTESIAN_POINT('',(6.28327663174207,6.59642817881971,1.5));
#4369=CARTESIAN_POINT('Ctrl Pts',(3.46419876938433,5.57036774884271,0.));
#4370=CARTESIAN_POINT('Ctrl Pts',(3.78590213028258,5.65497878588049,0.));
#4371=CARTESIAN_POINT('Ctrl Pts',(4.13633288848732,5.74690229473648,0.0387769468213412));
#4372=CARTESIAN_POINT('Ctrl Pts',(4.80956931533665,5.93535492061859,0.210550803064632));
#4373=CARTESIAN_POINT('Ctrl Pts',(5.13223925936901,6.0322083345744,0.343723650255773));
#4374=CARTESIAN_POINT('Ctrl Pts',(5.58867786746466,6.19338334192569,0.624002033997045));
#4375=CARTESIAN_POINT('Ctrl Pts',(5.77595871109249,6.26735386659526,0.76961184422908));
#4376=CARTESIAN_POINT('Ctrl Pts',(6.08711539261607,6.42528154454118,1.10926493679923));
#4377=CARTESIAN_POINT('Ctrl Pts',(6.21041557447165,6.50959575205751,1.30366912618764));
#4378=CARTESIAN_POINT('Ctrl Pts',(6.28327663174205,6.59642817881972,1.5));
#4379=CARTESIAN_POINT('',(16.4417940398008,18.7028777953046,1.5));
#4380=CARTESIAN_POINT('',(8.3112568431931,9.01328088152648,1.5));
#4381=CARTESIAN_POINT('Ctrl Pts',(16.4417940398008,18.7028777953046,1.5));
#4382=CARTESIAN_POINT('Ctrl Pts',(16.5146550970712,18.7897102220668,1.30366912618764));
#4383=CARTESIAN_POINT('Ctrl Pts',(16.5762775304372,18.9257782055927,1.10926493679923));
#4384=CARTESIAN_POINT('Ctrl Pts',(16.6777741413781,19.2596315714371,0.76961184422908));
#4385=CARTESIAN_POINT('Ctrl Pts',(16.7180999103591,19.4569120450424,0.624002033997046));
#4386=CARTESIAN_POINT('Ctrl Pts',(16.7975665746779,19.9344040713811,0.343723650255773));
#4387=CARTESIAN_POINT('Ctrl Pts',(16.8369175198781,20.2689903527625,0.210550803064633));
#4388=CARTESIAN_POINT('Ctrl Pts',(16.905600848261,20.9647232605949,0.0387769468213419));
#4389=CARTESIAN_POINT('Ctrl Pts',(16.9352761699057,21.3257925379665,1.08891028787327E-16));
#4390=CARTESIAN_POINT('Ctrl Pts',(16.9627385728016,21.6573010543413,0.));
#4391=CARTESIAN_POINT('',(14.177912019442,20.0778261201612,0.5));
#4392=CARTESIAN_POINT('Ctrl Pts',(15.3557695485853,19.7421899465438,6.93889390390723E-17));
#4393=CARTESIAN_POINT('Ctrl Pts',(15.1214052584591,19.7835146942076,2.09992246051561E-16));
#4394=CARTESIAN_POINT('Ctrl Pts',(14.8449172546145,19.8322664210408,0.0522601610136625));
#4395=CARTESIAN_POINT('Ctrl Pts',(14.5467242340503,19.9092246018683,0.184981553151898));
#4396=CARTESIAN_POINT('Ctrl Pts',(14.4565722098585,19.9359926827331,0.235605325336719));
#4397=CARTESIAN_POINT('Ctrl Pts',(14.2969449633374,19.9993292412299,0.356772312304486));
#4398=CARTESIAN_POINT('Ctrl Pts',(14.2276363559038,20.0361024477756,0.42742784216805));
#4399=CARTESIAN_POINT('Ctrl Pts',(14.177912019442,20.0778261201612,0.500000000000002));
#4400=CARTESIAN_POINT('',(13.8853090790635,20.3233491395141,1.5));
#4401=CARTESIAN_POINT('Origin',(15.034375743742,19.3591677249843,1.5));
#4402=CARTESIAN_POINT('',(4.24349493376547,8.83268249272945,1.5));
#4403=CARTESIAN_POINT('',(1.19221644118712,5.19631038719376,1.5));
#4404=CARTESIAN_POINT('Origin',(5.39256159844394,7.86850107819965,1.5));
#4405=CARTESIAN_POINT('Origin',(4.24349493376547,8.83268249272946,0.));
#4406=CARTESIAN_POINT('',(13.8853090790635,20.3233491395141,10.5));
#4407=CARTESIAN_POINT('',(13.8853090790635,20.3233491395141,0.));
#4408=CARTESIAN_POINT('',(4.24349493376547,8.83268249272945,10.5));
#4409=CARTESIAN_POINT('Origin',(9.0644020064145,14.5780158161218,10.5));
#4410=CARTESIAN_POINT('',(4.24349493376547,8.83268249272945,0.));
#4411=CARTESIAN_POINT('',(9.0644020064145,14.5780158161218,12.6));
#4412=CARTESIAN_POINT('Origin',(9.0644020064145,14.5780158161218,11.));
#4413=CARTESIAN_POINT('Origin',(15.1362339096024,19.9264022202446,0.5));
#4414=CARTESIAN_POINT('',(11.2424557503031,22.5409663929327,0.5));
#4415=CARTESIAN_POINT('Origin',(11.5638495551463,22.9239886144922,0.5));
#4416=CARTESIAN_POINT('',(14.8148401047592,19.5433799986851,0.5));
#4417=CARTESIAN_POINT('Origin',(11.5190333725555,22.961593856775,0.5));
#4418=CARTESIAN_POINT('Origin',(13.8853090790635,20.3233491395141,0.));
#4419=CARTESIAN_POINT('',(11.2424557503031,22.5409663929327,10.5));
#4420=CARTESIAN_POINT('',(11.2424557503031,22.5409663929327,0.));
#4421=CARTESIAN_POINT('',(13.2245957468734,20.8777534528688,10.5));
#4422=CARTESIAN_POINT('Origin',(19.840781374153,14.0207072438858,0.5));
#4423=CARTESIAN_POINT('',(21.5774298717782,11.9107824853778,0.5));
#4424=CARTESIAN_POINT('Origin',(21.8988236766214,12.2938047069373,0.5));
#4425=CARTESIAN_POINT('',(19.5193875693098,13.6376850223263,0.5));
#4426=CARTESIAN_POINT('Origin',(12.8997971410099,1.56918250327159,0.));
#4427=CARTESIAN_POINT('',(23.75512020525,14.5060527638504,0.213748100596321));
#4428=CARTESIAN_POINT('',(23.75512020525,14.5060527638505,-29.0000004321337));
#4429=CARTESIAN_POINT('',(22.541611286308,13.0598491500563,3.));
#4430=CARTESIAN_POINT('Origin',(24.4699741153676,15.3579824794132,3.));
#4431=CARTESIAN_POINT('',(22.541611286308,13.0598491500563,10.5));
#4432=CARTESIAN_POINT('',(22.541611286308,13.0598491500563,0.));
#4433=CARTESIAN_POINT('',(12.8997971410099,1.56918250327159,10.5));
#4434=CARTESIAN_POINT('Origin',(17.720704213659,7.31451582666392,10.5));
#4435=CARTESIAN_POINT('',(12.8997971410099,1.56918250327159,3.));
#4436=CARTESIAN_POINT('',(12.8997971410099,1.56918250327159,0.));
#4437=CARTESIAN_POINT('',(11.5830966812649,-2.77555756156289E-16,0.154916549710018));
#4438=CARTESIAN_POINT('Origin',(10.9714343119503,-0.728950826085351,3.));
#4439=CARTESIAN_POINT('',(11.5830966812649,0.,-8.175));
#4440=CARTESIAN_POINT('',(13.8639785555397,2.71824916795006,0.5));
#4441=CARTESIAN_POINT('Origin',(13.5425847506965,2.33522694639057,0.5));
#4442=CARTESIAN_POINT('',(13.8639785555397,2.71824916795006,11.));
#4443=CARTESIAN_POINT('',(13.8639785555397,2.71824916795006,0.));
#4444=CARTESIAN_POINT('',(21.5774298717782,11.9107824853778,11.));
#4445=CARTESIAN_POINT('Origin',(17.7207042136589,7.31451582666395,11.));
#4446=CARTESIAN_POINT('',(21.5774298717782,11.9107824853778,0.));
#4447=CARTESIAN_POINT('Origin',(3.53020549023758,8.77849975705022,0.5));
#4448=CARTESIAN_POINT('',(1.60064160500499,11.050299746148,0.5));
#4449=CARTESIAN_POINT('',(3.85159929508084,9.1615219786097,0.5));
#4450=CARTESIAN_POINT('Origin',(1.27924780016171,10.6672775245885,0.5));
#4451=CARTESIAN_POINT('Origin',(1.60064160500499,11.050299746148,0.));
#4452=CARTESIAN_POINT('',(1.60064160500499,11.050299746148,10.5));
#4453=CARTESIAN_POINT('',(2.2613549371951,10.4958954327934,10.5));
#4454=CARTESIAN_POINT('',(1.60064160500499,11.050299746148,0.));
#4455=CARTESIAN_POINT('Origin',(10.1439646727698,5.18700780029048,0.5));
#4456=CARTESIAN_POINT('Origin',(16.3255998535803,0.,0.5));
#4457=CARTESIAN_POINT('',(10.4653584776131,5.57003002184997,0.5));
#4458=CARTESIAN_POINT('Origin',(13.8639785555397,2.71824916795006,0.));
#4459=CARTESIAN_POINT('',(14.5342674432689,2.15581000947433,11.));
#4460=CARTESIAN_POINT('Origin',(6.61525868012497,2.92631453992273,3.));
#4461=CARTESIAN_POINT('',(8.54362150918458,5.22444786927967,3.));
#4462=CARTESIAN_POINT('Origin',(10.1027045461386,0.,3.));
#4463=CARTESIAN_POINT('Origin',(4.39372979507994,4.79039860801369,3.));
#4464=CARTESIAN_POINT('',(6.54162826312241,6.90431966366984,3.));
#4465=CARTESIAN_POINT('',(6.32209262413955,7.08853193737063,3.));
#4466=CARTESIAN_POINT('Origin',(4.61326543406281,4.60618633431289,3.));
#4467=CARTESIAN_POINT('Origin',(6.54162826312241,6.90431966366984,0.));
#4468=CARTESIAN_POINT('',(6.54162826312241,6.90431966366984,10.5));
#4469=CARTESIAN_POINT('',(7.0778593733057,6.45436833688926,10.5));
#4470=CARTESIAN_POINT('',(6.54162826312241,6.90431966366984,0.));
#4471=CARTESIAN_POINT('Origin',(18.9647318188638,19.9774292599511,3.));
#4472=CARTESIAN_POINT('',(16.1834424084205,18.3949863104545,3.));
#4473=CARTESIAN_POINT('Origin',(18.1118052374801,20.6931196398115,3.));
#4474=CARTESIAN_POINT('',(17.0363689898042,17.6792959305942,3.));
#4475=CARTESIAN_POINT('Origin',(18.3283668491536,16.5951810033322,0.));
#4476=CARTESIAN_POINT('',(16.1834424084205,18.3949863104545,10.5));
#4477=CARTESIAN_POINT('',(16.1834424084205,18.3949863104545,0.));
#4478=CARTESIAN_POINT('',(17.7921357389703,17.0451323301128,10.5));
#4479=CARTESIAN_POINT('Origin',(21.071354037441,18.2097633333131,3.));
#4480=CARTESIAN_POINT('',(24.3674650239267,15.4352457269854,-4.32133671068868E-7));
#4481=CARTESIAN_POINT('Ctrl Pts',(23.75512020525,14.5060527638504,0.213748100596316));
#4482=CARTESIAN_POINT('Ctrl Pts',(23.7913473930723,14.5980557644416,0.176322469046556));
#4483=CARTESIAN_POINT('Ctrl Pts',(23.8330220569677,14.6890140292413,0.143328188661876));
#4484=CARTESIAN_POINT('Ctrl Pts',(23.9685050450778,14.9455028024152,0.0623672600422777));
#4485=CARTESIAN_POINT('Ctrl Pts',(24.0760199926572,15.105722942474,0.0271952317062932));
#4486=CARTESIAN_POINT('Ctrl Pts',(24.2518323738578,15.3152479793923,0.0038563262835629));
#4487=CARTESIAN_POINT('Ctrl Pts',(24.3080797954865,15.3764334913432,0.000193485731960087));
#4488=CARTESIAN_POINT('Ctrl Pts',(24.3674650228879,15.4352457259567,7.49171566165084E-6));
#4489=CARTESIAN_POINT('Origin',(24.372249024038,15.4399835675047,3.));
#4490=CARTESIAN_POINT('',(19.1429912083814,15.9116300039562,3.));
#4491=CARTESIAN_POINT('Origin',(-14.4999999627471,5.00000007450581,-12.5000001862645));
#4492=CARTESIAN_POINT('',(-14.4999999627471,7.0313860954187,-15.0000002235174));
#4493=CARTESIAN_POINT('',(-14.4999999627471,7.0313860954187,-12.5000001862645));
#4494=CARTESIAN_POINT('',(-14.4999999627471,7.0313860954187,-6.25000009313226));
#4495=CARTESIAN_POINT('',(-14.4999999627471,5.00000007450581,-15.0000002235174));
#4496=CARTESIAN_POINT('',(-14.4999999627471,5.00000007450581,-15.0000002235174));
#4497=CARTESIAN_POINT('',(-14.4999999627471,5.00000007450581,-12.5000001862645));
#4498=CARTESIAN_POINT('',(-14.4999999627471,5.00000007450581,-15.7500002644956));
#4499=CARTESIAN_POINT('',(-14.4999999627471,5.00000007450581,-12.5000001862645));
#4500=CARTESIAN_POINT('Origin',(-17.,5.00000007450581,-12.5000001862645));
#4501=CARTESIAN_POINT('',(-16.,7.0313860954187,-12.5000001862645));
#4502=CARTESIAN_POINT('',(-8.5,7.0313860954187,-12.5000001862645));
#4503=CARTESIAN_POINT('',(-17.,5.00000007450581,-12.5000001862645));
#4504=CARTESIAN_POINT('',(-8.5,5.00000007450581,-12.5000001862645));
#4505=CARTESIAN_POINT('',(-17.,6.0313860954187,-12.5000001862645));
#4506=CARTESIAN_POINT('',(-17.,4.25784656110758,-12.5000001862645));
#4507=CARTESIAN_POINT('Origin',(-16.,6.0313860954187,-12.5000001862645));
#4508=CARTESIAN_POINT('Origin',(-14.4999999627471,5.00000007450581,-15.0000002235174));
#4509=CARTESIAN_POINT('',(-16.,7.0313860954187,-15.0000002235174));
#4510=CARTESIAN_POINT('',(-7.24999998137355,7.0313860954187,-15.0000002235174));
#4511=CARTESIAN_POINT('',(-17.,6.0313860954187,-15.0000002235174));
#4512=CARTESIAN_POINT('Origin',(-16.,6.0313860954187,-15.0000002235174));
#4513=CARTESIAN_POINT('',(-17.,5.00000007450581,-15.0000002235174));
#4514=CARTESIAN_POINT('',(-17.,4.25784656110758,-15.0000002235174));
#4515=CARTESIAN_POINT('',(-7.24999998137355,5.00000007450581,-15.0000002235174));
#4516=CARTESIAN_POINT('Origin',(0.,7.0313860954187,0.));
#4517=CARTESIAN_POINT('',(-16.,7.0313860954187,-1.));
#4518=CARTESIAN_POINT('',(-16.,7.0313860954187,-8.175));
#4519=CARTESIAN_POINT('',(-4.,7.0313860954187,-1.));
#4520=CARTESIAN_POINT('',(0.,7.0313860954187,-1.));
#4521=CARTESIAN_POINT('',(-4.,7.0313860954187,-31.7));
#4522=CARTESIAN_POINT('',(-4.,7.0313860954187,-16.35));
#4523=CARTESIAN_POINT('',(-16.,7.0313860954187,-31.7));
#4524=CARTESIAN_POINT('',(20.,7.0313860954187,-31.7));
#4525=CARTESIAN_POINT('',(-16.,7.0313860954187,-8.175));
#4526=CARTESIAN_POINT('Origin',(-17.,3.51569304770935,-16.35));
#4527=CARTESIAN_POINT('',(-17.,5.00000007450581,-8.00000017881393));
#4528=CARTESIAN_POINT('',(-17.,5.00000007450581,-19.0000003427267));
#4529=CARTESIAN_POINT('',(-17.,0.,-10.));
#4530=CARTESIAN_POINT('',(-17.,0.,-10.));
#4531=CARTESIAN_POINT('',(-17.,0.,-1.));
#4532=CARTESIAN_POINT('',(-17.,0.,-32.7));
#4533=CARTESIAN_POINT('',(-17.,6.0313860954187,-1.));
#4534=CARTESIAN_POINT('',(-17.,1.75784652385467,-1.));
#4535=CARTESIAN_POINT('',(-17.,6.0313860954187,-8.175));
#4536=CARTESIAN_POINT('Origin',(-17.,3.51569304770935,-16.35));
#4537=CARTESIAN_POINT('',(-17.,6.0313860954187,-31.7));
#4538=CARTESIAN_POINT('',(-17.,6.0313860954187,-8.175));
#4539=CARTESIAN_POINT('',(-17.,0.,-31.7));
#4540=CARTESIAN_POINT('',(-17.,1.75784652385467,-31.7));
#4541=CARTESIAN_POINT('',(-17.,0.,-17.0000001043081));
#4542=CARTESIAN_POINT('',(-17.,0.,-32.7));
#4543=CARTESIAN_POINT('',(-17.,5.00000007450581,-19.0000003427267));
#4544=CARTESIAN_POINT('',(-17.,5.00000007450581,-19.0000003427267));
#4545=CARTESIAN_POINT('',(-17.,5.00000007450581,-19.0000003427267));
#4546=CARTESIAN_POINT('Origin',(-16.,6.0313860954187,-8.175));
#4547=CARTESIAN_POINT('Origin',(-16.,6.0313860954187,-1.));
#4548=CARTESIAN_POINT('Origin',(-16.,6.0313860954187,-31.7));
#4549=CARTESIAN_POINT('Origin',(-16.,6.0313860954187,-31.7));
#4550=CARTESIAN_POINT('',(-16.,6.0313860954187,-32.7));
#4551=CARTESIAN_POINT('Origin',(-16.,6.0313860954187,-31.7));
#4552=CARTESIAN_POINT('Origin',(-16.,6.0313860954187,-31.7));
#4553=CARTESIAN_POINT('Origin',(20.,6.0313860954187,-31.7));
#4554=CARTESIAN_POINT('',(-4.,6.0313860954187,-32.7));
#4555=CARTESIAN_POINT('Origin',(-4.,6.0313860954187,-31.7));
#4556=CARTESIAN_POINT('',(20.,6.0313860954187,-32.7));
#4557=CARTESIAN_POINT('Origin',(-4.,11.0313860954187,-31.7));
#4558=CARTESIAN_POINT('',(0.,11.0313860954187,-31.7));
#4559=CARTESIAN_POINT('',(1.,11.0313860954187,-32.7));
#4560=CARTESIAN_POINT('Origin',(1.,11.0313860954187,-31.7));
#4561=CARTESIAN_POINT('Origin',(-4.,11.0313860954187,-32.7));
#4562=CARTESIAN_POINT('Origin',(-4.,11.0313860954187,-31.7));
#4563=CARTESIAN_POINT('Origin',(1.,0.,-31.7));
#4564=CARTESIAN_POINT('',(0.,20.,-31.7));
#4565=CARTESIAN_POINT('',(1.,20.,-32.7));
#4566=CARTESIAN_POINT('Origin',(1.,20.,-31.7));
#4567=CARTESIAN_POINT('',(1.,0.,-32.7));
#4568=CARTESIAN_POINT('',(0.,0.,-31.7));
#4569=CARTESIAN_POINT('Origin',(-16.,1.75784652385467,-31.7));
#4570=CARTESIAN_POINT('',(-16.,0.,-32.7));
#4571=CARTESIAN_POINT('Origin',(-16.,0.,-31.7));
#4572=CARTESIAN_POINT('',(-16.,1.75784652385467,-32.7));
#4573=CARTESIAN_POINT('Origin',(-16.,6.0313860954187,-1.));
#4574=CARTESIAN_POINT('Origin',(-16.,6.0313860954187,-1.));
#4575=CARTESIAN_POINT('Origin',(-16.,6.0313860954187,-1.));
#4576=CARTESIAN_POINT('Origin',(0.,6.0313860954187,-1.));
#4577=CARTESIAN_POINT('Origin',(-4.,6.0313860954187,-1.));
#4578=CARTESIAN_POINT('Origin',(-4.,11.0313860954187,-1.));
#4579=CARTESIAN_POINT('',(0.,11.0313860954187,-1.));
#4580=CARTESIAN_POINT('Origin',(1.,11.0313860954187,-1.));
#4581=CARTESIAN_POINT('Origin',(-4.,11.0313860954187,-1.));
#4582=CARTESIAN_POINT('Origin',(1.,0.,-1.));
#4583=CARTESIAN_POINT('',(0.,20.,-1.));
#4584=CARTESIAN_POINT('Origin',(1.,20.,-1.));
#4585=CARTESIAN_POINT('',(0.,0.,-1.));
#4586=CARTESIAN_POINT('Origin',(-16.,6.0313860954187,-8.175));
#4587=CARTESIAN_POINT('Origin',(-16.,1.75784652385467,-1.));
#4588=CARTESIAN_POINT('Origin',(-16.,0.,-1.));
#4589=CARTESIAN_POINT('Origin',(-4.,11.0313860954187,-16.35));
#4590=CARTESIAN_POINT('',(0.,11.0313860954187,-16.35));
#4591=CARTESIAN_POINT('Origin',(0.,0.,-32.7));
#4592=CARTESIAN_POINT('',(0.,20.,-32.7));
#4593=CARTESIAN_POINT('Origin',(0.,5.00000007450581,-8.00000017881393));
#4594=CARTESIAN_POINT('',(0.,0.,-10.));
#4595=CARTESIAN_POINT('',(0.,5.00000007450581,-8.00000017881393));
#4596=CARTESIAN_POINT('',(0.,-1.41379277057298,-10.5655170492412));
#4597=CARTESIAN_POINT('',(0.,0.,-10.));
#4598=CARTESIAN_POINT('',(0.,5.00000007450581,-8.00000017881393));
#4599=CARTESIAN_POINT('Origin',(0.,5.00000007450581,-19.0000003427267));
#4600=CARTESIAN_POINT('',(0.,5.00000007450581,-19.0000003427267));
#4601=CARTESIAN_POINT('',(0.,5.00000007450581,-19.0000003427267));
#4602=CARTESIAN_POINT('',(0.,5.00000007450581,-25.8500001713634));
#4603=CARTESIAN_POINT('Origin',(0.,0.,-17.0000001043081));
#4604=CARTESIAN_POINT('',(0.,0.,-17.0000001043081));
#4605=CARTESIAN_POINT('',(0.,2.70689673820125,-18.0827589125292));
#4606=CARTESIAN_POINT('',(0.,0.,-17.0000001043081));
#4607=CARTESIAN_POINT('Origin',(0.,0.,-32.7));
#4608=CARTESIAN_POINT('',(0.,0.,-32.7));
#4609=CARTESIAN_POINT('Origin',(30.7673757230966,11.5999997407198,-39.6999991126359));
#4610=CARTESIAN_POINT('',(17.0595015323041,9.6161769221804,-37.7161762940965));
#4611=CARTESIAN_POINT('',(16.452805830646,11.5999997407198,-39.6999991126359));
#4612=CARTESIAN_POINT('Origin',(26.2673757230967,13.5168246743539,-41.61682404627));
#4613=CARTESIAN_POINT('',(14.9190301558581,9.6161769221804,-37.7161762940965));
#4614=CARTESIAN_POINT('',(23.9134386277004,9.6161769221804,-37.7161762940965));
#4615=CARTESIAN_POINT('',(14.4214572033853,11.600000628084,-39.7));
#4616=CARTESIAN_POINT('Origin',(26.2673757230966,13.5168246743539,-41.61682404627));
#4617=CARTESIAN_POINT('',(28.5173757230967,11.6000006280839,-39.7));
#4618=CARTESIAN_POINT('Origin',(30.7673757230966,11.5999997407198,-39.6999991126359));
#4619=CARTESIAN_POINT('',(37.6157212903352,9.6161769221804,-37.7161762940965));
#4620=CARTESIAN_POINT('',(38.113294242808,11.600000628084,-39.7));
#4621=CARTESIAN_POINT('Origin',(26.2673757230966,13.5168246743539,-41.61682404627));
#4622=CARTESIAN_POINT('',(35.4752499138892,9.6161769221804,-37.7161762940965));
#4623=CARTESIAN_POINT('',(34.1915485067159,9.6161769221804,-37.7161762940965));
#4624=CARTESIAN_POINT('',(36.0819456155473,11.5999997407198,-39.6999991126359));
#4625=CARTESIAN_POINT('Origin',(26.2673757230967,13.5168246743539,-41.61682404627));
#4626=CARTESIAN_POINT('',(28.5173757230967,11.6000006280839,-39.7));
#4627=CARTESIAN_POINT('Origin',(26.2673757230966,13.5168246743539,-32.7));
#4628=CARTESIAN_POINT('Origin',(26.2673757230967,13.5168246743539,-39.7));
#4629=CARTESIAN_POINT('',(14.9190301558581,9.6161769221804,-37.7));
#4630=CARTESIAN_POINT('',(14.9190301558581,9.6161769221804,-37.7));
#4631=CARTESIAN_POINT('',(14.9190301558581,9.6161769221804,-32.7));
#4632=CARTESIAN_POINT('',(14.9190301558581,9.6161769221804,-32.7));
#4633=CARTESIAN_POINT('',(37.6157212903352,9.6161769221804,-32.7));
#4634=CARTESIAN_POINT('Origin',(26.2673757230966,13.5168246743539,-32.7));
#4635=CARTESIAN_POINT('',(37.6157212903352,9.6161769221804,-37.7));
#4636=CARTESIAN_POINT('',(37.6157212903352,9.6161769221804,-32.7));
#4637=CARTESIAN_POINT('',(37.6157212903352,9.6161769221804,-37.7));
#4638=CARTESIAN_POINT('Origin',(26.2673757230967,17.5665007982672,-39.7));
#4639=CARTESIAN_POINT('Origin',(26.2673757230967,13.5168246743539,-39.7));
#4640=CARTESIAN_POINT('Origin',(31.2889654673001,18.6572747125598,-29.0000004321337));
#4641=CARTESIAN_POINT('',(29.13972056487,20.7502979683737,-4.00000005960464));
#4642=CARTESIAN_POINT('',(33.4382103697302,20.7502979683738,-4.00000005960464));
#4643=CARTESIAN_POINT('Origin',(31.2889654673001,18.6572747125598,-4.00000005960464));
#4644=CARTESIAN_POINT('',(29.13972056487,20.7502979683737,-29.0000004321337));
#4645=CARTESIAN_POINT('',(33.4382103697302,20.7502979683738,-29.0000004321337));
#4646=CARTESIAN_POINT('Origin',(33.4382103697302,20.7502979683738,-29.0000004321337));
#4647=CARTESIAN_POINT('',(31.2889654673001,22.9572747125598,-4.00000005960464));
#4648=CARTESIAN_POINT('',(38.7476135790594,15.2982764722441,-4.00000005960464));
#4649=CARTESIAN_POINT('',(31.2889654673001,22.9572747125598,-29.0000004321337));
#4650=CARTESIAN_POINT('Origin',(31.2889654673001,22.9572747125598,-29.0000004321337));
#4651=CARTESIAN_POINT('',(27.1980339546357,18.7564548337737,-4.00000005960464));
#4652=CARTESIAN_POINT('Origin',(31.2889654673001,8.75727471255978,-29.0000004321337));
#4653=CARTESIAN_POINT('',(29.13972056487,10.8502979683737,-4.00000005960464));
#4654=CARTESIAN_POINT('',(33.4382103697302,10.8502979683737,-4.00000005960464));
#4655=CARTESIAN_POINT('Origin',(31.2889654673001,8.75727471255978,-4.00000005960464));
#4656=CARTESIAN_POINT('',(29.13972056487,10.8502979683737,-29.0000004321337));
#4657=CARTESIAN_POINT('',(33.4382103697302,10.8502979683737,-29.0000004321337));
#4658=CARTESIAN_POINT('Origin',(33.4382103697302,10.8502979683737,-29.0000004321337));
#4659=CARTESIAN_POINT('',(31.2889654673001,13.0572747125598,-4.00000005960464));
#4660=CARTESIAN_POINT('',(36.2734828192852,7.93886598008612,-4.00000005960464));
#4661=CARTESIAN_POINT('',(31.2889654673001,13.0572747125598,-29.0000004321337));
#4662=CARTESIAN_POINT('Origin',(31.2889654673001,13.0572747125598,-29.0000004321337));
#4663=CARTESIAN_POINT('',(29.6721647144099,11.3970443416158,-4.00000005960464));
#4664=CARTESIAN_POINT('Origin',(28.1672864222666,15.4352457269854,-29.0000004321337));
#4665=CARTESIAN_POINT('',(28.1672864222666,15.4352457269854,-4.00000005960464));
#4666=CARTESIAN_POINT('',(26.2673757230966,17.3168246743539,-4.00000005960464));
#4667=CARTESIAN_POINT('',(33.5031034919287,10.1509125898163,-4.00000005960464));
#4668=CARTESIAN_POINT('',(28.1672864222666,15.4352457269854,-29.0000004321337));
#4669=CARTESIAN_POINT('',(26.2673757230966,17.3168246743539,-29.0000004321337));
#4670=CARTESIAN_POINT('Origin',(26.2673757230966,17.3168246743539,-29.0000004321337));
#4671=CARTESIAN_POINT('',(24.3674650239267,15.4352457269854,-4.00000005960464));
#4672=CARTESIAN_POINT('',(24.8950957538929,15.9577854831554,-4.00000005960464));
#4673=CARTESIAN_POINT('',(24.3674650239267,15.4352457269854,-29.0000004321337));
#4674=CARTESIAN_POINT('Origin',(26.2673757230967,13.5168246743539,-29.0000004321337));
#4675=CARTESIAN_POINT('Origin',(26.2673757230967,13.5168246743539,-4.00000005960464));
#4676=CARTESIAN_POINT('Origin',(34.2935584607861,29.,-24.525));
#4677=CARTESIAN_POINT('',(34.2935584607861,30.,-4.00000005960464));
#4678=CARTESIAN_POINT('',(34.2935584607861,30.,-24.525));
#4679=CARTESIAN_POINT('',(33.9964812252182,29.9548534526865,-4.00000005960464));
#4680=CARTESIAN_POINT('Origin',(34.2935584607861,29.,-4.00000005960464));
#4681=CARTESIAN_POINT('',(33.9964812252182,29.9548534526865,-24.525));
#4682=CARTESIAN_POINT('Origin',(36.,2.,-4.00000005960464));
#4683=CARTESIAN_POINT('',(36.,30.,-4.00000005960464));
#4684=CARTESIAN_POINT('',(40.0000005960464,30.,-4.00000005960464));
#4685=CARTESIAN_POINT('',(36.,2.,-4.00000005960464));
#4686=CARTESIAN_POINT('',(36.,2.,-4.00000005960464));
#4687=CARTESIAN_POINT('',(2.,2.,-4.00000005960464));
#4688=CARTESIAN_POINT('',(28.,2.,-4.00000005960464));
#4689=CARTESIAN_POINT('',(2.,20.,-4.00000005960464));
#4690=CARTESIAN_POINT('',(2.,2.,-4.00000005960464));
#4691=CARTESIAN_POINT('',(14.9466799569567,24.0280148546071,-4.00000005960464));
#4692=CARTESIAN_POINT('Origin',(38.,30.,-16.35));
#4693=CARTESIAN_POINT('',(40.,30.,-10.0000001490116));
#4694=CARTESIAN_POINT('',(40.,30.,0.));
#4695=CARTESIAN_POINT('',(36.,30.,-10.0000001490116));
#4696=CARTESIAN_POINT('',(39.,30.,-10.0000001490116));
#4697=CARTESIAN_POINT('',(36.,30.,-32.7));
#4698=CARTESIAN_POINT('Origin',(34.2935584607861,29.,-24.525));
#4699=CARTESIAN_POINT('',(33.9964812252182,29.9548534526865,-29.0000004321337));
#4700=CARTESIAN_POINT('',(34.2935584607861,30.,-29.0000004321337));
#4701=CARTESIAN_POINT('Origin',(34.2935584607861,29.,-29.0000004321337));
#4702=CARTESIAN_POINT('',(34.2935584607861,30.,-32.7));
#4703=CARTESIAN_POINT('',(34.2935584607861,30.,-24.525));
#4704=CARTESIAN_POINT('',(33.9964812252182,29.9548534526865,-32.7));
#4705=CARTESIAN_POINT('Origin',(34.2935584607861,29.,-32.7));
#4706=CARTESIAN_POINT('',(33.9964812252182,29.9548534526865,-24.525));
#4707=CARTESIAN_POINT('Origin',(2.,2.,-29.0000004321337));
#4708=CARTESIAN_POINT('',(2.,20.,-29.0000004321337));
#4709=CARTESIAN_POINT('',(-0.552987016868655,19.2057060449663,-29.0000004321337));
#4710=CARTESIAN_POINT('',(2.,2.,-29.0000004321337));
#4711=CARTESIAN_POINT('',(2.,2.,-29.0000004321337));
#4712=CARTESIAN_POINT('',(36.,2.,-29.0000004321337));
#4713=CARTESIAN_POINT('',(11.,2.,-29.0000004321337));
#4714=CARTESIAN_POINT('',(36.,30.,-29.0000004321337));
#4715=CARTESIAN_POINT('',(36.,2.,-29.0000004321337));
#4716=CARTESIAN_POINT('',(40.0000005960464,30.,-29.0000004321337));
#4717=CARTESIAN_POINT('',(33.4382103697302,20.7502979683738,-29.0000004321337));
#4718=CARTESIAN_POINT('',(29.13972056487,20.7502979683737,-29.0000004321337));
#4719=CARTESIAN_POINT('Origin',(31.2889654673001,18.6572747125598,-29.0000004321337));
#4720=CARTESIAN_POINT('',(31.2889654673001,22.9572747125598,-29.0000004321337));
#4721=CARTESIAN_POINT('',(17.8486683990399,9.15595173114293,-29.0000004321337));
#4722=CARTESIAN_POINT('',(29.3982480234636,24.8987795748749,-29.0000004321337));
#4723=CARTESIAN_POINT('',(23.3950308813233,10.8502979683737,-29.0000004321337));
#4724=CARTESIAN_POINT('',(19.0965410764631,10.8502979683737,-29.0000004321337));
#4725=CARTESIAN_POINT('Origin',(21.2457859788932,8.75727471255978,-29.0000004321337));
#4726=CARTESIAN_POINT('',(21.2457859788932,13.0572747125598,-29.0000004321337));
#4727=CARTESIAN_POINT('',(12.7238764415176,4.30645429940937,-29.0000004321337));
#4728=CARTESIAN_POINT('',(19.3251945463929,15.0294560222925,-29.0000004321337));
#4729=CARTESIAN_POINT('',(23.3950308813233,20.7502979683737,-29.0000004321337));
#4730=CARTESIAN_POINT('',(19.096541076463,20.7502979683737,-29.0000004321337));
#4731=CARTESIAN_POINT('Origin',(21.2457859788932,18.6572747125598,-29.0000004321337));
#4732=CARTESIAN_POINT('',(21.2457859788932,22.9572747125598,-29.0000004321337));
#4733=CARTESIAN_POINT('',(10.2497456817434,11.6658647915673,-29.0000004321337));
#4734=CARTESIAN_POINT('',(21.7993253061671,22.3888665144505,-29.0000004321337));
#4735=CARTESIAN_POINT('',(33.4382103697302,10.8502979683737,-29.0000004321337));
#4736=CARTESIAN_POINT('',(29.13972056487,10.8502979683737,-29.0000004321337));
#4737=CARTESIAN_POINT('Origin',(31.2889654673001,8.75727471255978,-29.0000004321337));
#4738=CARTESIAN_POINT('',(31.2889654673001,13.0572747125598,-29.0000004321337));
#4739=CARTESIAN_POINT('',(20.3227991588141,1.79654123898499,-29.0000004321337));
#4740=CARTESIAN_POINT('',(26.9241172636894,17.5393690827169,-29.0000004321337));
#4741=CARTESIAN_POINT('',(28.1672864222666,15.4352457269855,-29.0000004321337));
#4742=CARTESIAN_POINT('',(24.3674650239267,15.4352457269855,-29.0000004321337));
#4743=CARTESIAN_POINT('Origin',(26.2673757230966,13.5168246743539,-29.0000004321337));
#4744=CARTESIAN_POINT('',(26.2673757230966,17.3168246743539,-29.0000004321337));
#4745=CARTESIAN_POINT('',(16.3126857815932,7.45818498686966,-29.0000004321337));
#4746=CARTESIAN_POINT('',(24.9206935196292,18.6505130861025,-29.0000004321337));
#4747=CARTESIAN_POINT('Origin',(2.,20.,-32.7));
#4748=CARTESIAN_POINT('',(2.,20.,-32.7));
#4749=CARTESIAN_POINT('',(16.4865049650749,24.5070904189075,-32.7));
#4750=CARTESIAN_POINT('',(2.,20.,0.));
#4751=CARTESIAN_POINT('Origin',(30.7673757230966,0.,-32.7));
#4752=CARTESIAN_POINT('',(30.7673757230966,0.,-32.7));
#4753=CARTESIAN_POINT('',(30.7673757230966,2.39382467435395,-37.7));
#4754=CARTESIAN_POINT('',(30.7673757230966,0.223192119809821,-33.1661830964502));
#4755=CARTESIAN_POINT('',(21.7673757230966,0.,-32.7));
#4756=CARTESIAN_POINT('',(25.3836878615483,0.,-32.7));
#4757=CARTESIAN_POINT('',(21.7673757230966,2.39382467435395,-37.7));
#4758=CARTESIAN_POINT('',(21.7673757230966,0.,-32.7));
#4759=CARTESIAN_POINT('',(28.5173757230966,2.39382467435394,-37.7));
#4760=CARTESIAN_POINT('Origin',(30.7673757230966,2.39382467435395,-32.7));
#4761=CARTESIAN_POINT('',(30.7673757230966,2.39382467435395,-32.7));
#4762=CARTESIAN_POINT('',(30.7673757230966,2.39382467435395,-32.7));
#4763=CARTESIAN_POINT('',(30.7673757230966,1.19691233717697,-32.7));
#4764=CARTESIAN_POINT('Origin',(26.2673757230966,13.9553246743539,-37.7));
#4765=CARTESIAN_POINT('',(21.7673757230966,2.39382467435395,-37.7));
#4766=CARTESIAN_POINT('',(17.0595015323041,9.6161769221804,-37.7));
#4767=CARTESIAN_POINT('',(21.6634386277004,9.6161769221804,-37.7));
#4768=CARTESIAN_POINT('',(35.4752499138892,9.6161769221804,-37.7));
#4769=CARTESIAN_POINT('Origin',(26.2673757230967,13.5168246743539,-37.7));
#4770=CARTESIAN_POINT('',(31.9415485067159,9.6161769221804,-37.7));
#4771=CARTESIAN_POINT('',(30.7673757230966,2.39382467435395,-37.7));
#4772=CARTESIAN_POINT('',(20.0963799516335,9.87031819082064,-37.7));
#4773=CARTESIAN_POINT('',(22.3951920061529,9.87031819082064,-37.7));
#4774=CARTESIAN_POINT('Origin',(21.2457859788932,8.75727471255978,-37.7));
#4775=CARTESIAN_POINT('',(21.2457859788932,11.0572747125598,-37.7));
#4776=CARTESIAN_POINT('',(21.2457859788932,11.0572747125598,-37.7));
#4777=CARTESIAN_POINT('',(21.2457859788932,11.0572747125598,-37.7));
#4778=CARTESIAN_POINT('',(30.1395594400404,9.87031819082066,-37.7));
#4779=CARTESIAN_POINT('',(32.4383714945598,9.87031819082066,-37.7));
#4780=CARTESIAN_POINT('Origin',(31.2889654673001,8.75727471255978,-37.7));
#4781=CARTESIAN_POINT('',(31.2889654673001,11.0572747125598,-37.7));
#4782=CARTESIAN_POINT('',(31.2889654673001,11.0572747125598,-37.7));
#4783=CARTESIAN_POINT('',(31.2889654673001,11.0572747125598,-37.7));
#4784=CARTESIAN_POINT('',(20.0963799516335,19.7703181908206,-37.7));
#4785=CARTESIAN_POINT('',(22.3951920061529,19.7703181908206,-37.7));
#4786=CARTESIAN_POINT('Origin',(21.2457859788932,18.6572747125598,-37.7));
#4787=CARTESIAN_POINT('',(21.2457859788932,20.9572747125598,-37.7));
#4788=CARTESIAN_POINT('',(21.2457859788932,20.9572747125598,-37.7));
#4789=CARTESIAN_POINT('',(21.2457859788932,20.9572747125598,-37.7));
#4790=CARTESIAN_POINT('',(30.1395594400404,19.7703181908206,-37.7));
#4791=CARTESIAN_POINT('',(32.4383714945598,19.7703181908206,-37.7));
#4792=CARTESIAN_POINT('Origin',(31.2889654673001,18.6572747125598,-37.7));
#4793=CARTESIAN_POINT('',(31.2889654673001,20.9572747125598,-37.7));
#4794=CARTESIAN_POINT('',(31.2889654673001,20.9572747125598,-37.7));
#4795=CARTESIAN_POINT('',(31.2889654673001,20.9572747125598,-37.7));
#4796=CARTESIAN_POINT('',(28.1672864222666,15.4352457269855,-37.7));
#4797=CARTESIAN_POINT('',(26.2673757230966,17.3168246743539,-37.7));
#4798=CARTESIAN_POINT('',(26.2673757230966,17.3168246743539,-37.7));
#4799=CARTESIAN_POINT('',(24.3674650239267,15.4352457269855,-37.7));
#4800=CARTESIAN_POINT('',(26.2673757230966,17.3168246743539,-37.7));
#4801=CARTESIAN_POINT('Origin',(26.2673757230966,13.5168246743539,-37.7));
#4802=CARTESIAN_POINT('Origin',(21.7673757230966,0.,-32.7));
#4803=CARTESIAN_POINT('',(21.7673757230966,2.39382467435395,-32.7));
#4804=CARTESIAN_POINT('',(21.7673757230966,0.,-32.7));
#4805=CARTESIAN_POINT('',(21.7673757230966,2.39382467435395,-32.7));
#4806=CARTESIAN_POINT('Origin',(31.2889654673001,18.6572747125598,-29.0000004321337));
#4807=CARTESIAN_POINT('',(33.4382103697302,20.7502979683738,-35.0000004321337));
#4808=CARTESIAN_POINT('',(33.4382103697302,20.7502979683738,-29.0000004321337));
#4809=CARTESIAN_POINT('',(29.13972056487,20.7502979683737,-35.0000004321337));
#4810=CARTESIAN_POINT('Origin',(31.2889654673001,18.6572747125598,-35.0000004321337));
#4811=CARTESIAN_POINT('',(29.13972056487,20.7502979683737,-29.0000004321337));
#4812=CARTESIAN_POINT('Origin',(31.2889654673001,22.9572747125598,-29.0000004321337));
#4813=CARTESIAN_POINT('',(31.2889654673001,22.9572747125598,-35.0000004321337));
#4814=CARTESIAN_POINT('',(31.2889654673001,22.9572747125598,-29.0000004321337));
#4815=CARTESIAN_POINT('',(31.2889654673001,22.9572747125598,-35.0000004321337));
#4816=CARTESIAN_POINT('Origin',(29.13972056487,20.7502979683737,-29.0000004321337));
#4817=CARTESIAN_POINT('',(31.2889654673001,22.9572747125598,-35.0000004321337));
#4818=CARTESIAN_POINT('Origin',(31.2889654673001,19.3072747125598,-35.0000004321337));
#4819=CARTESIAN_POINT('',(31.2889654673001,20.9572747125598,-35.0000004321337));
#4820=CARTESIAN_POINT('',(30.1395594400404,19.7703181908206,-35.0000004321337));
#4821=CARTESIAN_POINT('',(30.8766785227395,20.5315185688925,-35.0000004321337));
#4822=CARTESIAN_POINT('',(32.4383714945598,19.7703181908206,-35.0000004321337));
#4823=CARTESIAN_POINT('',(32.2759554254905,19.9380403080229,-35.0000004321337));
#4824=CARTESIAN_POINT('Origin',(31.2889654673001,18.6572747125598,-35.0000004321337));
#4825=CARTESIAN_POINT('Origin',(21.2457859788932,8.75727471255978,-29.0000004321337));
#4826=CARTESIAN_POINT('',(23.3950308813233,10.8502979683737,-35.0000004321337));
#4827=CARTESIAN_POINT('',(23.3950308813233,10.8502979683737,-29.0000004321337));
#4828=CARTESIAN_POINT('',(19.0965410764631,10.8502979683737,-35.0000004321337));
#4829=CARTESIAN_POINT('Origin',(21.2457859788932,8.75727471255978,-35.0000004321337));
#4830=CARTESIAN_POINT('',(19.0965410764631,10.8502979683737,-29.0000004321337));
#4831=CARTESIAN_POINT('Origin',(21.2457859788932,13.0572747125598,-29.0000004321337));
#4832=CARTESIAN_POINT('',(21.2457859788932,13.0572747125598,-35.0000004321337));
#4833=CARTESIAN_POINT('',(21.2457859788932,13.0572747125598,-29.0000004321337));
#4834=CARTESIAN_POINT('',(21.2457859788932,13.0572747125598,-35.0000004321337));
#4835=CARTESIAN_POINT('Origin',(19.0965410764631,10.8502979683737,-29.0000004321337));
#4836=CARTESIAN_POINT('',(21.2457859788932,13.0572747125598,-35.0000004321337));
#4837=CARTESIAN_POINT('Origin',(21.2457859788932,9.40727471255977,-35.0000004321337));
#4838=CARTESIAN_POINT('',(21.2457859788932,11.0572747125598,-35.0000004321337));
#4839=CARTESIAN_POINT('',(20.0963799516335,9.87031819082064,-35.0000004321337));
#4840=CARTESIAN_POINT('',(20.8334990343326,10.6315185688925,-35.0000004321337));
#4841=CARTESIAN_POINT('',(22.3951920061529,9.87031819082064,-35.0000004321337));
#4842=CARTESIAN_POINT('',(22.2327759370836,10.0380403080229,-35.0000004321337));
#4843=CARTESIAN_POINT('Origin',(21.2457859788932,8.75727471255978,-35.0000004321337));
#4844=CARTESIAN_POINT('Origin',(21.2457859788932,18.6572747125598,-29.0000004321337));
#4845=CARTESIAN_POINT('',(23.3950308813233,20.7502979683737,-35.0000004321337));
#4846=CARTESIAN_POINT('',(23.3950308813233,20.7502979683737,-29.0000004321337));
#4847=CARTESIAN_POINT('',(19.096541076463,20.7502979683737,-35.0000004321337));
#4848=CARTESIAN_POINT('Origin',(21.2457859788932,18.6572747125598,-35.0000004321337));
#4849=CARTESIAN_POINT('',(19.096541076463,20.7502979683737,-29.0000004321337));
#4850=CARTESIAN_POINT('Origin',(21.2457859788932,22.9572747125598,-29.0000004321337));
#4851=CARTESIAN_POINT('',(21.2457859788932,22.9572747125598,-35.0000004321337));
#4852=CARTESIAN_POINT('',(21.2457859788932,22.9572747125598,-29.0000004321337));
#4853=CARTESIAN_POINT('',(21.2457859788932,22.9572747125598,-35.0000004321337));
#4854=CARTESIAN_POINT('Origin',(19.096541076463,20.7502979683737,-29.0000004321337));
#4855=CARTESIAN_POINT('',(21.2457859788932,22.9572747125598,-35.0000004321337));
#4856=CARTESIAN_POINT('Origin',(21.2457859788932,19.3072747125598,-35.0000004321337));
#4857=CARTESIAN_POINT('',(21.2457859788932,20.9572747125598,-35.0000004321337));
#4858=CARTESIAN_POINT('',(20.0963799516335,19.7703181908206,-35.0000004321337));
#4859=CARTESIAN_POINT('',(20.8334990343326,20.5315185688925,-35.0000004321337));
#4860=CARTESIAN_POINT('',(22.3951920061529,19.7703181908206,-35.0000004321337));
#4861=CARTESIAN_POINT('',(22.2327759370836,19.9380403080229,-35.0000004321337));
#4862=CARTESIAN_POINT('Origin',(21.2457859788932,18.6572747125598,-35.0000004321337));
#4863=CARTESIAN_POINT('Origin',(31.2889654673001,8.75727471255978,-29.0000004321337));
#4864=CARTESIAN_POINT('',(33.4382103697302,10.8502979683737,-35.0000004321337));
#4865=CARTESIAN_POINT('',(33.4382103697302,10.8502979683737,-29.0000004321337));
#4866=CARTESIAN_POINT('',(29.13972056487,10.8502979683737,-35.0000004321337));
#4867=CARTESIAN_POINT('Origin',(31.2889654673001,8.75727471255978,-35.0000004321337));
#4868=CARTESIAN_POINT('',(29.13972056487,10.8502979683737,-29.0000004321337));
#4869=CARTESIAN_POINT('Origin',(31.2889654673001,13.0572747125598,-29.0000004321337));
#4870=CARTESIAN_POINT('',(31.2889654673001,13.0572747125598,-35.0000004321337));
#4871=CARTESIAN_POINT('',(31.2889654673001,13.0572747125598,-29.0000004321337));
#4872=CARTESIAN_POINT('',(31.2889654673001,13.0572747125598,-35.0000004321337));
#4873=CARTESIAN_POINT('Origin',(29.13972056487,10.8502979683737,-29.0000004321337));
#4874=CARTESIAN_POINT('',(31.2889654673001,13.0572747125598,-35.0000004321337));
#4875=CARTESIAN_POINT('Origin',(31.2889654673001,9.40727471255978,-35.0000004321337));
#4876=CARTESIAN_POINT('',(30.1395594400404,9.87031819082066,-35.0000004321337));
#4877=CARTESIAN_POINT('',(32.4383714945598,9.87031819082066,-35.0000004321337));
#4878=CARTESIAN_POINT('Origin',(31.2889654673001,8.75727471255978,-35.0000004321337));
#4879=CARTESIAN_POINT('',(31.2889654673001,11.0572747125598,-35.0000004321337));
#4880=CARTESIAN_POINT('',(30.8766785227396,10.6315185688925,-35.0000004321337));
#4881=CARTESIAN_POINT('',(32.2759554254905,10.0380403080229,-35.0000004321337));
#4882=CARTESIAN_POINT('Origin',(31.2889654673001,20.9572747125598,-32.7));
#4883=CARTESIAN_POINT('',(30.1395594400404,19.7703181908206,-32.7));
#4884=CARTESIAN_POINT('',(31.2889654673001,20.9572747125598,-32.7));
#4885=CARTESIAN_POINT('Origin',(21.2457859788932,11.0572747125598,-32.7));
#4886=CARTESIAN_POINT('',(20.0963799516335,9.87031819082064,-32.7));
#4887=CARTESIAN_POINT('',(21.2457859788932,11.0572747125598,-32.7));
#4888=CARTESIAN_POINT('Origin',(21.2457859788932,20.9572747125598,-32.7));
#4889=CARTESIAN_POINT('',(20.0963799516335,19.7703181908206,-32.7));
#4890=CARTESIAN_POINT('',(21.2457859788932,20.9572747125598,-32.7));
#4891=CARTESIAN_POINT('Origin',(31.2889654673001,8.75727471255978,-32.7));
#4892=CARTESIAN_POINT('',(32.4383714945598,9.87031819082066,-32.7));
#4893=CARTESIAN_POINT('',(30.1395594400404,9.87031819082066,-32.7));
#4894=CARTESIAN_POINT('Origin',(36.,26.6,-5.85000014901161));
#4895=CARTESIAN_POINT('',(36.,26.6,-7.10000014901161));
#4896=CARTESIAN_POINT('Origin',(36.,26.6,-5.85000014901161));
#4897=CARTESIAN_POINT('',(37.5,26.6,-7.10000014901161));
#4898=CARTESIAN_POINT('',(36.,26.6,-7.10000014901161));
#4899=CARTESIAN_POINT('Origin',(37.5,26.6,-5.85000014901161));
#4900=CARTESIAN_POINT('Origin',(36.,4.484,-6.654));
#4901=CARTESIAN_POINT('',(36.,4.484,-7.904));
#4902=CARTESIAN_POINT('Origin',(36.,4.484,-6.654));
#4903=CARTESIAN_POINT('',(37.5,4.484,-7.904));
#4904=CARTESIAN_POINT('',(36.,4.484,-7.904));
#4905=CARTESIAN_POINT('Origin',(37.5,4.484,-6.654));
#4906=CARTESIAN_POINT('Origin',(36.,28.,-27.000000089407));
#4907=CARTESIAN_POINT('',(36.,28.,-28.250000089407));
#4908=CARTESIAN_POINT('Origin',(36.,28.,-27.000000089407));
#4909=CARTESIAN_POINT('',(37.5,28.,-28.250000089407));
#4910=CARTESIAN_POINT('',(36.,28.,-28.250000089407));
#4911=CARTESIAN_POINT('Origin',(37.5,28.,-27.000000089407));
#4912=CARTESIAN_POINT('Origin',(36.,4.484,-26.962));
#4913=CARTESIAN_POINT('',(36.,4.484,-28.212));
#4914=CARTESIAN_POINT('Origin',(36.,4.484,-26.962));
#4915=CARTESIAN_POINT('',(37.5,4.484,-28.212));
#4916=CARTESIAN_POINT('',(36.,4.484,-28.212));
#4917=CARTESIAN_POINT('Origin',(37.5,4.484,-26.962));
#4918=CARTESIAN_POINT('Origin',(40.,26.6,-5.85000014901161));
#4919=CARTESIAN_POINT('',(40.,26.6,-4.10000014901161));
#4920=CARTESIAN_POINT('Origin',(40.,26.6,-5.85000014901161));
#4921=CARTESIAN_POINT('',(37.5,26.6,-4.10000014901161));
#4922=CARTESIAN_POINT('',(40.,26.6,-4.10000014901161));
#4923=CARTESIAN_POINT('Origin',(37.5,26.6,-5.85000014901161));
#4924=CARTESIAN_POINT('Origin',(37.5,26.6,-5.85000014901161));
#4925=CARTESIAN_POINT('Origin',(40.,4.484,-26.962));
#4926=CARTESIAN_POINT('',(40.,4.484,-25.212));
#4927=CARTESIAN_POINT('Origin',(40.,4.484,-26.962));
#4928=CARTESIAN_POINT('',(37.5,4.484,-25.212));
#4929=CARTESIAN_POINT('',(40.,4.484,-25.212));
#4930=CARTESIAN_POINT('Origin',(37.5,4.484,-26.962));
#4931=CARTESIAN_POINT('Origin',(37.5,4.484,-26.962));
#4932=CARTESIAN_POINT('Origin',(40.,28.,-27.000000089407));
#4933=CARTESIAN_POINT('',(40.,28.,-25.250000089407));
#4934=CARTESIAN_POINT('Origin',(40.,28.,-27.000000089407));
#4935=CARTESIAN_POINT('',(37.5,28.,-25.250000089407));
#4936=CARTESIAN_POINT('',(40.,28.,-25.250000089407));
#4937=CARTESIAN_POINT('Origin',(37.5,28.,-27.000000089407));
#4938=CARTESIAN_POINT('Origin',(37.5,28.,-27.000000089407));
#4939=CARTESIAN_POINT('Origin',(40.,4.484,-6.654));
#4940=CARTESIAN_POINT('',(40.,4.484,-4.904));
#4941=CARTESIAN_POINT('Origin',(40.,4.484,-6.654));
#4942=CARTESIAN_POINT('',(37.5,4.484,-4.904));
#4943=CARTESIAN_POINT('',(40.,4.484,-4.904));
#4944=CARTESIAN_POINT('Origin',(37.5,4.484,-6.654));
#4945=CARTESIAN_POINT('Origin',(37.5,4.484,-6.654));
#4946=CARTESIAN_POINT('Origin',(17.0595015323041,9.6161769221804,-37.7));
#4947=CARTESIAN_POINT('',(17.0595015323041,9.6161769221804,-37.7));
#4948=CARTESIAN_POINT('Origin',(26.2673757230967,13.5168246743539,-37.7));
#4949=CARTESIAN_POINT('',(35.4752499138892,9.6161769221804,-37.7));
#4950=CARTESIAN_POINT('Origin',(37.6157212903352,9.6161769221804,-37.7));
#4951=CARTESIAN_POINT('Origin',(37.6157212903352,9.6161769221804,-32.7));
#4952=CARTESIAN_POINT('',(35.7794760429214,7.67964935358584,-32.7));
#4953=CARTESIAN_POINT('Origin',(21.7673757230966,2.39382467435395,-32.7));
#4954=CARTESIAN_POINT('',(26.6809975343645,-2.78814331852129,-32.7));
#4955=CARTESIAN_POINT('Origin',(21.2457859788932,8.75727471255978,-32.7));
#4956=CARTESIAN_POINT('',(22.3951920061529,9.87031819082064,-32.7));
#4957=CARTESIAN_POINT('Origin',(22.3951920061529,9.87031819082064,-32.7));
#4958=CARTESIAN_POINT('Origin',(32.4383714945598,9.87031819082066,-32.7));
#4959=CARTESIAN_POINT('',(31.2889654673001,11.0572747125598,-32.7));
#4960=CARTESIAN_POINT('Origin',(31.2889654673001,11.0572747125598,-32.7));
#4961=CARTESIAN_POINT('Origin',(21.2457859788932,18.6572747125598,-32.7));
#4962=CARTESIAN_POINT('',(22.3951920061529,19.7703181908206,-32.7));
#4963=CARTESIAN_POINT('Origin',(22.3951920061529,19.7703181908206,-32.7));
#4964=CARTESIAN_POINT('Origin',(28.1672864222666,15.4352457269855,-32.7));
#4965=CARTESIAN_POINT('',(26.2673757230966,17.3168246743539,-32.7));
#4966=CARTESIAN_POINT('',(28.1672864222666,15.4352457269855,-32.7));
#4967=CARTESIAN_POINT('Origin',(26.2673757230966,13.5168246743539,-32.7));
#4968=CARTESIAN_POINT('',(24.3674650239267,15.4352457269855,-32.7));
#4969=CARTESIAN_POINT('Origin',(26.2673757230966,17.3168246743539,-32.7));
#4970=CARTESIAN_POINT('Origin',(31.2889654673001,18.6572747125598,-32.7));
#4971=CARTESIAN_POINT('',(32.4383714945598,19.7703181908206,-32.7));
#4972=CARTESIAN_POINT('Origin',(32.4383714945598,19.7703181908206,-32.7));
#4973=CARTESIAN_POINT('Origin',(20.0000002980232,0.,-16.5000002458692));
#4974=CARTESIAN_POINT('',(24.0000002980232,0.,-16.5000002458692));
#4975=CARTESIAN_POINT('Origin',(20.0000002980232,0.,-16.5000002458692));
#4976=CARTESIAN_POINT('',(24.0000002980232,2.,-16.5000002458692));
#4977=CARTESIAN_POINT('',(24.0000002980232,0.,-16.5000002458692));
#4978=CARTESIAN_POINT('Origin',(20.0000002980232,2.,-16.5000002458692));
#4979=CARTESIAN_POINT('Origin',(40.,23.,-10.0000001490116));
#4980=CARTESIAN_POINT('',(40.,23.,-10.0000001490116));
#4981=CARTESIAN_POINT('',(40.,11.5,-10.0000001490116));
#4982=CARTESIAN_POINT('',(36.,23.,-10.0000001490116));
#4983=CARTESIAN_POINT('',(40.,23.,-10.0000001490116));
#4984=CARTESIAN_POINT('',(36.,12.5,-10.0000001490116));
#4985=CARTESIAN_POINT('Origin',(40.,23.,-6.00000008940697));
#4986=CARTESIAN_POINT('',(40.,23.,-6.00000008940697));
#4987=CARTESIAN_POINT('',(40.,23.,-3.00000004470348));
#4988=CARTESIAN_POINT('',(36.,23.,-6.00000008940697));
#4989=CARTESIAN_POINT('',(40.,23.,-6.00000008940697));
#4990=CARTESIAN_POINT('',(36.,23.,-19.3500000447035));
#4991=CARTESIAN_POINT('Origin',(40.,7.00000010430813,-6.00000008940697));
#4992=CARTESIAN_POINT('',(40.,7.00000010430813,-6.00000008940697));
#4993=CARTESIAN_POINT('',(40.,3.50000005215406,-6.00000008940697));
#4994=CARTESIAN_POINT('',(36.,7.00000010430813,-6.00000008940697));
#4995=CARTESIAN_POINT('',(40.,7.00000010430813,-6.00000008940697));
#4996=CARTESIAN_POINT('',(36.,4.50000005215406,-6.00000008940697));
#4997=CARTESIAN_POINT('Origin',(40.,7.00000010430813,-26.700000089407));
#4998=CARTESIAN_POINT('',(40.,7.00000010430813,-26.700000089407));
#4999=CARTESIAN_POINT('',(40.,7.00000010430813,-13.3500000447035));
#5000=CARTESIAN_POINT('',(36.,7.00000010430813,-26.700000089407));
#5001=CARTESIAN_POINT('',(40.,7.00000010430813,-26.700000089407));
#5002=CARTESIAN_POINT('',(36.,7.00000010430813,-29.7000000447035));
#5003=CARTESIAN_POINT('Origin',(40.,23.0000003427267,-26.700000089407));
#5004=CARTESIAN_POINT('',(40.,23.0000003427267,-26.700000089407));
#5005=CARTESIAN_POINT('',(40.,11.5000001713634,-26.700000089407));
#5006=CARTESIAN_POINT('',(36.,23.0000003427267,-26.700000089407));
#5007=CARTESIAN_POINT('',(40.,23.0000003427267,-26.700000089407));
#5008=CARTESIAN_POINT('',(36.,12.5000001713634,-26.700000089407));
#5009=CARTESIAN_POINT('Origin',(40.,23.0000003427267,-22.700000089407));
#5010=CARTESIAN_POINT('',(40.,23.0000003427267,-22.700000089407));
#5011=CARTESIAN_POINT('',(40.,23.0000003427267,-11.3500000447035));
#5012=CARTESIAN_POINT('',(36.,23.0000003427267,-22.700000089407));
#5013=CARTESIAN_POINT('',(40.,23.0000003427267,-22.700000089407));
#5014=CARTESIAN_POINT('',(36.,23.0000003427267,-27.7000000447035));
#5015=CARTESIAN_POINT('Origin',(40.,30.,-22.700000089407));
#5016=CARTESIAN_POINT('',(40.,30.,-22.700000089407));
#5017=CARTESIAN_POINT('',(40.,15.,-22.700000089407));
#5018=CARTESIAN_POINT('',(36.,30.,-22.700000089407));
#5019=CARTESIAN_POINT('',(39.,30.,-22.700000089407));
#5020=CARTESIAN_POINT('',(36.,16.,-22.700000089407));
#5021=CARTESIAN_POINT('Origin',(36.,2.,-32.7));
#5022=CARTESIAN_POINT('',(36.,30.,-32.7));
#5023=CARTESIAN_POINT('',(36.,2.,-24.525));
#5024=CARTESIAN_POINT('Origin',(38.,30.,-16.35));
#5025=CARTESIAN_POINT('',(40.,30.,-32.7));
#5026=CARTESIAN_POINT('',(40.,30.,0.));
#5027=CARTESIAN_POINT('',(40.,30.,-32.7));
#5028=CARTESIAN_POINT('Origin',(40.,0.,0.));
#5029=CARTESIAN_POINT('',(40.,0.,-32.7));
#5030=CARTESIAN_POINT('',(40.,0.,0.));
#5031=CARTESIAN_POINT('',(40.,0.,-32.7));
#5032=CARTESIAN_POINT('Origin',(2.,20.,-32.7));
#5033=CARTESIAN_POINT('',(2.,20.,0.));
#5034=CARTESIAN_POINT('Origin',(20.,2.,-16.35));
#5035=CARTESIAN_POINT('',(2.,2.,-8.175));
#5036=CARTESIAN_POINT('Origin',(2.,2.,0.));
#5037=CARTESIAN_POINT('',(2.,20.,0.));
#5038=CARTESIAN_POINT('Origin',(1.,20.,-16.35));
#5039=CARTESIAN_POINT('',(2.,20.,-32.7));
#5040=CARTESIAN_POINT('Origin',(40.,0.,-32.7));
#5041=CARTESIAN_POINT('',(40.,0.,-32.7));
#5042=CARTESIAN_POINT('',(40.,0.,-32.7));
#5043=CARTESIAN_POINT('Origin',(20.,0.,-16.35));
#5044=CARTESIAN_POINT('Origin',(22.4800959216873,7.54150459925838,11.));
#5045=CARTESIAN_POINT('',(19.7989403707709,9.79126123316128,11.));
#5046=CARTESIAN_POINT('',(22.4800959216873,7.54150459925839,11.));
#5047=CARTESIAN_POINT('',(18.7598222922149,8.55288852991258,8.2));
#5048=CARTESIAN_POINT('',(18.7598222922149,8.55288852991258,8.2));
#5049=CARTESIAN_POINT('',(21.4409778431314,6.3031318960097,8.2));
#5050=CARTESIAN_POINT('Origin',(21.4409778431314,6.3031318960097,13.8));
#5051=CARTESIAN_POINT('',(18.7598222922149,8.55288852991259,13.8));
#5052=CARTESIAN_POINT('',(21.4409778431314,6.3031318960097,13.8));
#5053=CARTESIAN_POINT('',(19.7989403707709,9.79126123316127,11.));
#5054=CARTESIAN_POINT('Origin',(19.3627416860194,3.82638648951233,13.8));
#5055=CARTESIAN_POINT('',(16.681586135103,6.07614312341522,13.8));
#5056=CARTESIAN_POINT('',(19.3627416860194,3.82638648951233,13.8));
#5057=CARTESIAN_POINT('',(18.7598222922149,8.55288852991259,13.8));
#5058=CARTESIAN_POINT('Origin',(18.3236236074634,2.58801378626364,11.));
#5059=CARTESIAN_POINT('',(15.642468056547,4.83777042016653,11.));
#5060=CARTESIAN_POINT('',(18.3236236074634,2.58801378626364,11.));
#5061=CARTESIAN_POINT('',(16.681586135103,6.07614312341522,13.8));
#5062=CARTESIAN_POINT('Origin',(19.3627416860194,3.82638648951232,8.2));
#5063=CARTESIAN_POINT('',(16.681586135103,6.07614312341521,8.2));
#5064=CARTESIAN_POINT('',(19.3627416860194,3.82638648951233,8.2));
#5065=CARTESIAN_POINT('',(15.642468056547,4.83777042016653,11.));
#5066=CARTESIAN_POINT('Origin',(21.4409778431314,6.3031318960097,8.2));
#5067=CARTESIAN_POINT('',(16.681586135103,6.07614312341521,8.2));
#5068=CARTESIAN_POINT('Origin',(17.720704213659,7.3145158266639,11.));
#5069=CARTESIAN_POINT('',(17.720704213659,7.3145158266639,12.6));
#5070=CARTESIAN_POINT('Origin',(17.720704213659,7.3145158266639,11.));
#5071=CARTESIAN_POINT('Origin',(20.4018597645754,5.06475919276101,11.));
#5072=CARTESIAN_POINT('',(20.4018597645754,5.06475919276101,12.6));
#5073=CARTESIAN_POINT('Origin',(17.2419264367096,7.71625808271802,10.5));
#5074=CARTESIAN_POINT('',(11.4634638101619,2.77440927143384,10.5));
#5075=CARTESIAN_POINT('',(22.0628335093587,13.4615914061104,10.5));
#5076=CARTESIAN_POINT('Origin',(19.7315708768463,5.62719835123677,11.));
#5077=CARTESIAN_POINT('',(23.5882965349655,10.2234650099507,11.));
#5078=CARTESIAN_POINT('Origin',(24.2585854226946,9.66102585147493,0.));
#5079=CARTESIAN_POINT('Origin',(10.9846860332125,3.17615152748793,0.));
#5080=CARTESIAN_POINT('Origin',(22.541611286308,13.0598491500563,0.));
#5081=CARTESIAN_POINT('Origin',(20.4018597645754,5.06475919276101,11.));
#5082=CARTESIAN_POINT('',(6.42154867765402,16.7956330695404,12.6));
#5083=CARTESIAN_POINT('',(20.4018597645754,5.06475919276101,12.6));
#5084=CARTESIAN_POINT('Origin',(6.42154867765402,16.7956330695404,11.));
#5085=CARTESIAN_POINT('Origin',(11.2424557503031,22.5409663929327,0.));
#5086=CARTESIAN_POINT('Origin',(6.42154867765402,16.7956330695404,10.5));
#5087=CARTESIAN_POINT('Origin',(8.40368867422439,15.1324201294764,10.5));
#5088=CARTESIAN_POINT('Origin',(20.4018597645754,5.06475919276101,11.));
#5089=CARTESIAN_POINT('',(11.3625353357714,12.6496529870622,12.6));
#5090=CARTESIAN_POINT('',(20.4018597645754,5.06475919276101,12.6));
#5091=CARTESIAN_POINT('Origin',(11.3625353357714,12.6496529870622,11.));
#5092=CARTESIAN_POINT('Origin',(11.8987664459547,12.1997016602816,10.5));
#5093=CARTESIAN_POINT('Origin',(11.3625353357715,12.6496529870622,10.5));
#5094=CARTESIAN_POINT('Origin',(16.1834424084205,18.3949863104545,0.));
#5095=UNCERTAINTY_MEASURE_WITH_UNIT(LENGTH_MEASURE(0.01),#5099,
'DISTANCE_ACCURACY_VALUE',
'Maximum model space distance between geometric entities at asserted c
onnectivities');
#5096=UNCERTAINTY_MEASURE_WITH_UNIT(LENGTH_MEASURE(0.01),#5099,
'DISTANCE_ACCURACY_VALUE',
'Maximum model space distance between geometric entities at asserted c
onnectivities');
#5097=(
GEOMETRIC_REPRESENTATION_CONTEXT(3)
GLOBAL_UNCERTAINTY_ASSIGNED_CONTEXT((#5095))
GLOBAL_UNIT_ASSIGNED_CONTEXT((#5099,#5101,#5102))
REPRESENTATION_CONTEXT('','3D')
);
#5098=(
GEOMETRIC_REPRESENTATION_CONTEXT(3)
GLOBAL_UNCERTAINTY_ASSIGNED_CONTEXT((#5096))
GLOBAL_UNIT_ASSIGNED_CONTEXT((#5099,#5101,#5102))
REPRESENTATION_CONTEXT('','3D')
);
#5099=(
LENGTH_UNIT()
NAMED_UNIT(*)
SI_UNIT(.MILLI.,.METRE.)
);
#5100=(
LENGTH_UNIT()
NAMED_UNIT(*)
SI_UNIT($,.METRE.)
);
#5101=(
NAMED_UNIT(*)
PLANE_ANGLE_UNIT()
SI_UNIT($,.RADIAN.)
);
#5102=(
NAMED_UNIT(*)
SI_UNIT($,.STERADIAN.)
SOLID_ANGLE_UNIT()
);
#5103=SHAPE_DEFINITION_REPRESENTATION(#5104,#5105);
#5104=PRODUCT_DEFINITION_SHAPE('',$,#5107);
#5105=SHAPE_REPRESENTATION('',(#2984),#5097);
#5106=PRODUCT_DEFINITION_CONTEXT('part definition',#5111,'design');
#5107=PRODUCT_DEFINITION('2026-07-16-11-29-51-119','SupportV4',#5108,
#5106);
#5108=PRODUCT_DEFINITION_FORMATION('',$,#5113);
#5109=PRODUCT_RELATED_PRODUCT_CATEGORY('SupportV4',
'SupportV4',(#5113));
#5110=APPLICATION_PROTOCOL_DEFINITION('international standard',
'automotive_design',2009,#5111);
#5111=APPLICATION_CONTEXT(
'Core Data for Automotive Mechanical Design Process');
#5112=PRODUCT_CONTEXT('part definition',#5111,'mechanical');
#5113=PRODUCT('2026-07-16-11-29-51-119','SupportV4',$,(#5112));
#5114=PRESENTATION_STYLE_ASSIGNMENT((#5115));
#5115=SURFACE_STYLE_USAGE(.BOTH.,#5116);
#5116=SURFACE_SIDE_STYLE('',(#5117));
#5117=SURFACE_STYLE_FILL_AREA(#5118);
#5118=FILL_AREA_STYLE('A\X\E7o - Acetinado',(#5119));
#5119=FILL_AREA_STYLE_COLOUR('A\X\E7o - Acetinado',#5120);
#5120=COLOUR_RGB('A\X\E7o - Acetinado',0.627450980392157,0.627450980392157,
0.627450980392157);
ENDSEC;
END-ISO-10303-21;
