ISO-10303-21;
HEADER;
/* Generated by software containing ST-Developer
 * from STEP Tools, Inc. (www.steptools.com) 
 */

FILE_DESCRIPTION(
/* description */ (''),
/* implementation_level */ '2;1');

FILE_NAME(
/* name */ 'SupportV4.step',
/* time_stamp */ '2026-08-25T10:18:40+02:00',
/* author */ (''),
/* organization */ (''),
/* preprocessor_version */ 'ST-DEVELOPER v20.1',
/* originating_system */ 'Autodesk Translation Framework v15.8.0.0',
/* authorisation */ '');

FILE_SCHEMA (('AUTOMOTIVE_DESIGN { 1 0 10303 214 3 1 1 }'));
ENDSEC;

DATA;
#10=MECHANICAL_DESIGN_GEOMETRIC_PRESENTATION_REPRESENTATION('',(#13),#3675);
#11=SHAPE_REPRESENTATION_RELATIONSHIP('SRR','None',#3682,#12);
#12=ADVANCED_BREP_SHAPE_REPRESENTATION('',(#14),#3674);
#13=STYLED_ITEM('',(#3691),#14);
#14=MANIFOLD_SOLID_BREP('Corpo1',#2217);
#15=ELLIPSE('',#2289,14.142135623731,10.);
#16=ELLIPSE('',#2290,16.9705627484771,12.);
#17=ELLIPSE('',#2292,16.9705627484771,12.);
#18=ELLIPSE('',#2293,14.142135623731,10.);
#19=TOROIDAL_SURFACE('',#2261,5.,1.);
#20=TOROIDAL_SURFACE('',#2274,5.,1.);
#21=SPHERICAL_SURFACE('',#2255,1.);
#22=SPHERICAL_SURFACE('',#2269,1.);
#23=FACE_BOUND('',#265,.T.);
#24=FACE_BOUND('',#267,.T.);
#25=FACE_BOUND('',#268,.T.);
#26=FACE_BOUND('',#269,.T.);
#27=FACE_BOUND('',#270,.T.);
#28=FACE_BOUND('',#310,.T.);
#29=FACE_BOUND('',#311,.T.);
#30=FACE_BOUND('',#312,.T.);
#31=FACE_BOUND('',#313,.T.);
#32=FACE_BOUND('',#317,.T.);
#33=FACE_BOUND('',#318,.T.);
#34=FACE_BOUND('',#319,.T.);
#35=FACE_BOUND('',#320,.T.);
#36=FACE_BOUND('',#321,.T.);
#37=FACE_BOUND('',#326,.T.);
#38=FACE_BOUND('',#327,.T.);
#39=FACE_BOUND('',#328,.T.);
#40=FACE_BOUND('',#329,.T.);
#41=FACE_BOUND('',#330,.T.);
#42=FACE_BOUND('',#336,.T.);
#43=FACE_BOUND('',#341,.T.);
#44=FACE_BOUND('',#346,.T.);
#45=FACE_BOUND('',#351,.T.);
#46=FACE_BOUND('',#362,.T.);
#47=FACE_BOUND('',#365,.T.);
#48=FACE_BOUND('',#368,.T.);
#49=FACE_BOUND('',#371,.T.);
#50=FACE_BOUND('',#397,.T.);
#51=FACE_BOUND('',#398,.T.);
#52=FACE_BOUND('',#399,.T.);
#53=FACE_BOUND('',#400,.T.);
#54=FACE_BOUND('',#403,.T.);
#55=FACE_BOUND('',#404,.T.);
#56=FACE_BOUND('',#405,.T.);
#57=FACE_BOUND('',#406,.T.);
#58=FACE_BOUND('',#409,.T.);
#59=FACE_BOUND('',#414,.T.);
#60=PLANE('',#2234);
#61=PLANE('',#2235);
#62=PLANE('',#2236);
#63=PLANE('',#2237);
#64=PLANE('',#2238);
#65=PLANE('',#2239);
#66=PLANE('',#2245);
#67=PLANE('',#2246);
#68=PLANE('',#2248);
#69=PLANE('',#2250);
#70=PLANE('',#2251);
#71=PLANE('',#2252);
#72=PLANE('',#2283);
#73=PLANE('',#2284);
#74=PLANE('',#2285);
#75=PLANE('',#2286);
#76=PLANE('',#2287);
#77=PLANE('',#2288);
#78=PLANE('',#2291);
#79=PLANE('',#2297);
#80=PLANE('',#2301);
#81=PLANE('',#2302);
#82=PLANE('',#2305);
#83=PLANE('',#2306);
#84=PLANE('',#2307);
#85=PLANE('',#2308);
#86=PLANE('',#2313);
#87=PLANE('',#2314);
#88=PLANE('',#2318);
#89=PLANE('',#2324);
#90=PLANE('',#2325);
#91=PLANE('',#2326);
#92=PLANE('',#2327);
#93=PLANE('',#2334);
#94=PLANE('',#2337);
#95=PLANE('',#2338);
#96=PLANE('',#2339);
#97=PLANE('',#2343);
#98=PLANE('',#2344);
#99=PLANE('',#2345);
#100=PLANE('',#2349);
#101=PLANE('',#2350);
#102=PLANE('',#2351);
#103=PLANE('',#2355);
#104=PLANE('',#2356);
#105=PLANE('',#2357);
#106=PLANE('',#2359);
#107=PLANE('',#2360);
#108=PLANE('',#2361);
#109=PLANE('',#2378);
#110=PLANE('',#2382);
#111=PLANE('',#2386);
#112=PLANE('',#2390);
#113=PLANE('',#2391);
#114=PLANE('',#2393);
#115=PLANE('',#2394);
#116=PLANE('',#2395);
#117=PLANE('',#2397);
#118=PLANE('',#2398);
#119=PLANE('',#2399);
#120=PLANE('',#2401);
#121=PLANE('',#2402);
#122=PLANE('',#2404);
#123=PLANE('',#2406);
#124=PLANE('',#2410);
#125=PLANE('',#2411);
#126=PLANE('',#2412);
#127=PLANE('',#2413);
#128=PLANE('',#2414);
#129=PLANE('',#2415);
#130=PLANE('',#2416);
#131=PLANE('',#2417);
#132=PLANE('',#2418);
#133=PLANE('',#2419);
#134=PLANE('',#2420);
#135=PLANE('',#2421);
#136=PLANE('',#2422);
#137=PLANE('',#2423);
#138=PLANE('',#2424);
#139=PLANE('',#2425);
#140=FACE_OUTER_BOUND('',#259,.T.);
#141=FACE_OUTER_BOUND('',#260,.T.);
#142=FACE_OUTER_BOUND('',#261,.T.);
#143=FACE_OUTER_BOUND('',#262,.T.);
#144=FACE_OUTER_BOUND('',#263,.T.);
#145=FACE_OUTER_BOUND('',#264,.T.);
#146=FACE_OUTER_BOUND('',#266,.T.);
#147=FACE_OUTER_BOUND('',#271,.T.);
#148=FACE_OUTER_BOUND('',#272,.T.);
#149=FACE_OUTER_BOUND('',#273,.T.);
#150=FACE_OUTER_BOUND('',#274,.T.);
#151=FACE_OUTER_BOUND('',#275,.T.);
#152=FACE_OUTER_BOUND('',#276,.T.);
#153=FACE_OUTER_BOUND('',#277,.T.);
#154=FACE_OUTER_BOUND('',#278,.T.);
#155=FACE_OUTER_BOUND('',#279,.T.);
#156=FACE_OUTER_BOUND('',#280,.T.);
#157=FACE_OUTER_BOUND('',#281,.T.);
#158=FACE_OUTER_BOUND('',#282,.T.);
#159=FACE_OUTER_BOUND('',#283,.T.);
#160=FACE_OUTER_BOUND('',#284,.T.);
#161=FACE_OUTER_BOUND('',#285,.T.);
#162=FACE_OUTER_BOUND('',#286,.T.);
#163=FACE_OUTER_BOUND('',#287,.T.);
#164=FACE_OUTER_BOUND('',#288,.T.);
#165=FACE_OUTER_BOUND('',#289,.T.);
#166=FACE_OUTER_BOUND('',#290,.T.);
#167=FACE_OUTER_BOUND('',#291,.T.);
#168=FACE_OUTER_BOUND('',#292,.T.);
#169=FACE_OUTER_BOUND('',#293,.T.);
#170=FACE_OUTER_BOUND('',#294,.T.);
#171=FACE_OUTER_BOUND('',#295,.T.);
#172=FACE_OUTER_BOUND('',#296,.T.);
#173=FACE_OUTER_BOUND('',#297,.T.);
#174=FACE_OUTER_BOUND('',#298,.T.);
#175=FACE_OUTER_BOUND('',#299,.T.);
#176=FACE_OUTER_BOUND('',#300,.T.);
#177=FACE_OUTER_BOUND('',#301,.T.);
#178=FACE_OUTER_BOUND('',#302,.T.);
#179=FACE_OUTER_BOUND('',#303,.T.);
#180=FACE_OUTER_BOUND('',#304,.T.);
#181=FACE_OUTER_BOUND('',#305,.T.);
#182=FACE_OUTER_BOUND('',#306,.T.);
#183=FACE_OUTER_BOUND('',#307,.T.);
#184=FACE_OUTER_BOUND('',#308,.T.);
#185=FACE_OUTER_BOUND('',#309,.T.);
#186=FACE_OUTER_BOUND('',#314,.T.);
#187=FACE_OUTER_BOUND('',#315,.T.);
#188=FACE_OUTER_BOUND('',#316,.T.);
#189=FACE_OUTER_BOUND('',#322,.T.);
#190=FACE_OUTER_BOUND('',#323,.T.);
#191=FACE_OUTER_BOUND('',#324,.T.);
#192=FACE_OUTER_BOUND('',#325,.T.);
#193=FACE_OUTER_BOUND('',#331,.T.);
#194=FACE_OUTER_BOUND('',#332,.T.);
#195=FACE_OUTER_BOUND('',#333,.T.);
#196=FACE_OUTER_BOUND('',#334,.T.);
#197=FACE_OUTER_BOUND('',#335,.T.);
#198=FACE_OUTER_BOUND('',#337,.T.);
#199=FACE_OUTER_BOUND('',#338,.T.);
#200=FACE_OUTER_BOUND('',#339,.T.);
#201=FACE_OUTER_BOUND('',#340,.T.);
#202=FACE_OUTER_BOUND('',#342,.T.);
#203=FACE_OUTER_BOUND('',#343,.T.);
#204=FACE_OUTER_BOUND('',#344,.T.);
#205=FACE_OUTER_BOUND('',#345,.T.);
#206=FACE_OUTER_BOUND('',#347,.T.);
#207=FACE_OUTER_BOUND('',#348,.T.);
#208=FACE_OUTER_BOUND('',#349,.T.);
#209=FACE_OUTER_BOUND('',#350,.T.);
#210=FACE_OUTER_BOUND('',#352,.T.);
#211=FACE_OUTER_BOUND('',#353,.T.);
#212=FACE_OUTER_BOUND('',#354,.T.);
#213=FACE_OUTER_BOUND('',#355,.T.);
#214=FACE_OUTER_BOUND('',#356,.T.);
#215=FACE_OUTER_BOUND('',#357,.T.);
#216=FACE_OUTER_BOUND('',#358,.T.);
#217=FACE_OUTER_BOUND('',#359,.T.);
#218=FACE_OUTER_BOUND('',#360,.T.);
#219=FACE_OUTER_BOUND('',#361,.T.);
#220=FACE_OUTER_BOUND('',#363,.T.);
#221=FACE_OUTER_BOUND('',#364,.T.);
#222=FACE_OUTER_BOUND('',#366,.T.);
#223=FACE_OUTER_BOUND('',#367,.T.);
#224=FACE_OUTER_BOUND('',#369,.T.);
#225=FACE_OUTER_BOUND('',#370,.T.);
#226=FACE_OUTER_BOUND('',#372,.T.);
#227=FACE_OUTER_BOUND('',#373,.T.);
#228=FACE_OUTER_BOUND('',#374,.T.);
#229=FACE_OUTER_BOUND('',#375,.T.);
#230=FACE_OUTER_BOUND('',#376,.T.);
#231=FACE_OUTER_BOUND('',#377,.T.);
#232=FACE_OUTER_BOUND('',#378,.T.);
#233=FACE_OUTER_BOUND('',#379,.T.);
#234=FACE_OUTER_BOUND('',#380,.T.);
#235=FACE_OUTER_BOUND('',#381,.T.);
#236=FACE_OUTER_BOUND('',#382,.T.);
#237=FACE_OUTER_BOUND('',#383,.T.);
#238=FACE_OUTER_BOUND('',#384,.T.);
#239=FACE_OUTER_BOUND('',#385,.T.);
#240=FACE_OUTER_BOUND('',#386,.T.);
#241=FACE_OUTER_BOUND('',#387,.T.);
#242=FACE_OUTER_BOUND('',#388,.T.);
#243=FACE_OUTER_BOUND('',#389,.T.);
#244=FACE_OUTER_BOUND('',#390,.T.);
#245=FACE_OUTER_BOUND('',#391,.T.);
#246=FACE_OUTER_BOUND('',#392,.T.);
#247=FACE_OUTER_BOUND('',#393,.T.);
#248=FACE_OUTER_BOUND('',#394,.T.);
#249=FACE_OUTER_BOUND('',#395,.T.);
#250=FACE_OUTER_BOUND('',#396,.T.);
#251=FACE_OUTER_BOUND('',#401,.T.);
#252=FACE_OUTER_BOUND('',#402,.T.);
#253=FACE_OUTER_BOUND('',#407,.T.);
#254=FACE_OUTER_BOUND('',#408,.T.);
#255=FACE_OUTER_BOUND('',#410,.T.);
#256=FACE_OUTER_BOUND('',#411,.T.);
#257=FACE_OUTER_BOUND('',#412,.T.);
#258=FACE_OUTER_BOUND('',#413,.T.);
#259=EDGE_LOOP('',(#1451,#1452,#1453,#1454));
#260=EDGE_LOOP('',(#1455,#1456,#1457,#1458));
#261=EDGE_LOOP('',(#1459,#1460,#1461,#1462));
#262=EDGE_LOOP('',(#1463,#1464,#1465,#1466));
#263=EDGE_LOOP('',(#1467,#1468,#1469,#1470));
#264=EDGE_LOOP('',(#1471,#1472,#1473,#1474));
#265=EDGE_LOOP('',(#1475));
#266=EDGE_LOOP('',(#1476,#1477,#1478,#1479,#1480,#1481,#1482,#1483,#1484,
#1485));
#267=EDGE_LOOP('',(#1486,#1487,#1488));
#268=EDGE_LOOP('',(#1489,#1490,#1491));
#269=EDGE_LOOP('',(#1492,#1493,#1494));
#270=EDGE_LOOP('',(#1495,#1496,#1497,#1498));
#271=EDGE_LOOP('',(#1499,#1500,#1501,#1502));
#272=EDGE_LOOP('',(#1503,#1504,#1505,#1506,#1507));
#273=EDGE_LOOP('',(#1508,#1509,#1510,#1511,#1512));
#274=EDGE_LOOP('',(#1513,#1514,#1515,#1516,#1517,#1518,#1519,#1520));
#275=EDGE_LOOP('',(#1521,#1522,#1523,#1524,#1525,#1526));
#276=EDGE_LOOP('',(#1527,#1528,#1529,#1530,#1531,#1532));
#277=EDGE_LOOP('',(#1533,#1534,#1535,#1536));
#278=EDGE_LOOP('',(#1537,#1538,#1539));
#279=EDGE_LOOP('',(#1540,#1541,#1542,#1543));
#280=EDGE_LOOP('',(#1544,#1545,#1546,#1547));
#281=EDGE_LOOP('',(#1548,#1549,#1550,#1551));
#282=EDGE_LOOP('',(#1552,#1553,#1554,#1555));
#283=EDGE_LOOP('',(#1556,#1557,#1558));
#284=EDGE_LOOP('',(#1559,#1560,#1561,#1562));
#285=EDGE_LOOP('',(#1563,#1564,#1565,#1566));
#286=EDGE_LOOP('',(#1567,#1568,#1569,#1570));
#287=EDGE_LOOP('',(#1571,#1572,#1573,#1574));
#288=EDGE_LOOP('',(#1575,#1576,#1577,#1578));
#289=EDGE_LOOP('',(#1579,#1580,#1581,#1582));
#290=EDGE_LOOP('',(#1583,#1584,#1585,#1586));
#291=EDGE_LOOP('',(#1587,#1588,#1589,#1590));
#292=EDGE_LOOP('',(#1591,#1592,#1593,#1594,#1595,#1596,#1597,#1598));
#293=EDGE_LOOP('',(#1599,#1600,#1601,#1602));
#294=EDGE_LOOP('',(#1603,#1604,#1605,#1606));
#295=EDGE_LOOP('',(#1607,#1608,#1609,#1610));
#296=EDGE_LOOP('',(#1611,#1612,#1613,#1614));
#297=EDGE_LOOP('',(#1615,#1616,#1617,#1618,#1619,#1620,#1621,#1622));
#298=EDGE_LOOP('',(#1623,#1624,#1625,#1626));
#299=EDGE_LOOP('',(#1627,#1628,#1629,#1630));
#300=EDGE_LOOP('',(#1631,#1632,#1633,#1634));
#301=EDGE_LOOP('',(#1635,#1636,#1637,#1638));
#302=EDGE_LOOP('',(#1639,#1640,#1641,#1642));
#303=EDGE_LOOP('',(#1643,#1644,#1645,#1646));
#304=EDGE_LOOP('',(#1647,#1648,#1649,#1650));
#305=EDGE_LOOP('',(#1651,#1652,#1653,#1654));
#306=EDGE_LOOP('',(#1655,#1656,#1657,#1658));
#307=EDGE_LOOP('',(#1659,#1660,#1661,#1662));
#308=EDGE_LOOP('',(#1663,#1664,#1665,#1666));
#309=EDGE_LOOP('',(#1667,#1668,#1669,#1670,#1671,#1672));
#310=EDGE_LOOP('',(#1673));
#311=EDGE_LOOP('',(#1674,#1675,#1676));
#312=EDGE_LOOP('',(#1677,#1678,#1679));
#313=EDGE_LOOP('',(#1680,#1681,#1682));
#314=EDGE_LOOP('',(#1683,#1684,#1685,#1686,#1687,#1688));
#315=EDGE_LOOP('',(#1689,#1690,#1691,#1692));
#316=EDGE_LOOP('',(#1693,#1694,#1695,#1696,#1697,#1698));
#317=EDGE_LOOP('',(#1699,#1700,#1701));
#318=EDGE_LOOP('',(#1702,#1703,#1704));
#319=EDGE_LOOP('',(#1705,#1706,#1707));
#320=EDGE_LOOP('',(#1708,#1709,#1710));
#321=EDGE_LOOP('',(#1711,#1712,#1713));
#322=EDGE_LOOP('',(#1714,#1715,#1716,#1717));
#323=EDGE_LOOP('',(#1718,#1719,#1720,#1721));
#324=EDGE_LOOP('',(#1722,#1723,#1724));
#325=EDGE_LOOP('',(#1725,#1726,#1727,#1728,#1729,#1730));
#326=EDGE_LOOP('',(#1731,#1732,#1733));
#327=EDGE_LOOP('',(#1734,#1735,#1736));
#328=EDGE_LOOP('',(#1737,#1738,#1739));
#329=EDGE_LOOP('',(#1740,#1741,#1742));
#330=EDGE_LOOP('',(#1743,#1744,#1745));
#331=EDGE_LOOP('',(#1746,#1747,#1748));
#332=EDGE_LOOP('',(#1749,#1750,#1751,#1752));
#333=EDGE_LOOP('',(#1753,#1754,#1755,#1756));
#334=EDGE_LOOP('',(#1757,#1758,#1759,#1760));
#335=EDGE_LOOP('',(#1761,#1762,#1763));
#336=EDGE_LOOP('',(#1764,#1765,#1766));
#337=EDGE_LOOP('',(#1767,#1768,#1769,#1770));
#338=EDGE_LOOP('',(#1771,#1772,#1773,#1774));
#339=EDGE_LOOP('',(#1775,#1776,#1777,#1778));
#340=EDGE_LOOP('',(#1779,#1780,#1781));
#341=EDGE_LOOP('',(#1782,#1783,#1784));
#342=EDGE_LOOP('',(#1785,#1786,#1787,#1788));
#343=EDGE_LOOP('',(#1789,#1790,#1791,#1792));
#344=EDGE_LOOP('',(#1793,#1794,#1795,#1796));
#345=EDGE_LOOP('',(#1797,#1798,#1799));
#346=EDGE_LOOP('',(#1800,#1801,#1802));
#347=EDGE_LOOP('',(#1803,#1804,#1805,#1806));
#348=EDGE_LOOP('',(#1807,#1808,#1809,#1810));
#349=EDGE_LOOP('',(#1811,#1812,#1813,#1814));
#350=EDGE_LOOP('',(#1815,#1816,#1817));
#351=EDGE_LOOP('',(#1818,#1819,#1820));
#352=EDGE_LOOP('',(#1821,#1822,#1823,#1824));
#353=EDGE_LOOP('',(#1825,#1826,#1827,#1828));
#354=EDGE_LOOP('',(#1829,#1830,#1831,#1832));
#355=EDGE_LOOP('',(#1833,#1834,#1835,#1836));
#356=EDGE_LOOP('',(#1837,#1838,#1839,#1840));
#357=EDGE_LOOP('',(#1841,#1842,#1843,#1844));
#358=EDGE_LOOP('',(#1845,#1846,#1847,#1848));
#359=EDGE_LOOP('',(#1849,#1850,#1851,#1852));
#360=EDGE_LOOP('',(#1853,#1854,#1855,#1856));
#361=EDGE_LOOP('',(#1857));
#362=EDGE_LOOP('',(#1858));
#363=EDGE_LOOP('',(#1859,#1860,#1861,#1862));
#364=EDGE_LOOP('',(#1863));
#365=EDGE_LOOP('',(#1864));
#366=EDGE_LOOP('',(#1865,#1866,#1867,#1868));
#367=EDGE_LOOP('',(#1869));
#368=EDGE_LOOP('',(#1870));
#369=EDGE_LOOP('',(#1871,#1872,#1873,#1874));
#370=EDGE_LOOP('',(#1875));
#371=EDGE_LOOP('',(#1876));
#372=EDGE_LOOP('',(#1877,#1878,#1879,#1880));
#373=EDGE_LOOP('',(#1881,#1882,#1883,#1884,#1885,#1886));
#374=EDGE_LOOP('',(#1887,#1888,#1889,#1890));
#375=EDGE_LOOP('',(#1891,#1892,#1893,#1894));
#376=EDGE_LOOP('',(#1895,#1896,#1897,#1898));
#377=EDGE_LOOP('',(#1899,#1900,#1901,#1902));
#378=EDGE_LOOP('',(#1903,#1904,#1905,#1906));
#379=EDGE_LOOP('',(#1907,#1908,#1909,#1910));
#380=EDGE_LOOP('',(#1911,#1912,#1913,#1914));
#381=EDGE_LOOP('',(#1915,#1916,#1917,#1918));
#382=EDGE_LOOP('',(#1919,#1920,#1921,#1922));
#383=EDGE_LOOP('',(#1923,#1924,#1925,#1926));
#384=EDGE_LOOP('',(#1927,#1928,#1929,#1930));
#385=EDGE_LOOP('',(#1931,#1932,#1933,#1934));
#386=EDGE_LOOP('',(#1935,#1936,#1937,#1938));
#387=EDGE_LOOP('',(#1939,#1940,#1941,#1942));
#388=EDGE_LOOP('',(#1943,#1944,#1945,#1946));
#389=EDGE_LOOP('',(#1947,#1948,#1949,#1950));
#390=EDGE_LOOP('',(#1951,#1952,#1953,#1954));
#391=EDGE_LOOP('',(#1955,#1956,#1957,#1958));
#392=EDGE_LOOP('',(#1959,#1960,#1961,#1962));
#393=EDGE_LOOP('',(#1963,#1964,#1965,#1966));
#394=EDGE_LOOP('',(#1967,#1968,#1969,#1970));
#395=EDGE_LOOP('',(#1971,#1972,#1973,#1974));
#396=EDGE_LOOP('',(#1975,#1976,#1977,#1978,#1979,#1980,#1981,#1982,#1983,
#1984,#1985,#1986));
#397=EDGE_LOOP('',(#1987));
#398=EDGE_LOOP('',(#1988));
#399=EDGE_LOOP('',(#1989));
#400=EDGE_LOOP('',(#1990));
#401=EDGE_LOOP('',(#1991,#1992,#1993,#1994,#1995,#1996));
#402=EDGE_LOOP('',(#1997,#1998,#1999,#2000,#2001,#2002,#2003,#2004,#2005,
#2006,#2007,#2008));
#403=EDGE_LOOP('',(#2009));
#404=EDGE_LOOP('',(#2010));
#405=EDGE_LOOP('',(#2011));
#406=EDGE_LOOP('',(#2012));
#407=EDGE_LOOP('',(#2013,#2014,#2015,#2016));
#408=EDGE_LOOP('',(#2017,#2018,#2019,#2020));
#409=EDGE_LOOP('',(#2021));
#410=EDGE_LOOP('',(#2022,#2023,#2024,#2025));
#411=EDGE_LOOP('',(#2026,#2027,#2028,#2029,#2030,#2031,#2032,#2033));
#412=EDGE_LOOP('',(#2034,#2035,#2036,#2037,#2038,#2039,#2040,#2041,#2042,
#2043,#2044,#2045,#2046,#2047,#2048,#2049));
#413=EDGE_LOOP('',(#2050,#2051,#2052,#2053,#2054,#2055,#2056,#2057,#2058,
#2059,#2060,#2061));
#414=EDGE_LOOP('',(#2062));
#415=LINE('',#3053,#645);
#416=LINE('',#3058,#646);
#417=LINE('',#3060,#647);
#418=LINE('',#3062,#648);
#419=LINE('',#3063,#649);
#420=LINE('',#3066,#650);
#421=LINE('',#3068,#651);
#422=LINE('',#3069,#652);
#423=LINE('',#3072,#653);
#424=LINE('',#3074,#654);
#425=LINE('',#3075,#655);
#426=LINE('',#3077,#656);
#427=LINE('',#3078,#657);
#428=LINE('',#3083,#658);
#429=LINE('',#3087,#659);
#430=LINE('',#3089,#660);
#431=LINE('',#3091,#661);
#432=LINE('',#3093,#662);
#433=LINE('',#3095,#663);
#434=LINE('',#3099,#664);
#435=LINE('',#3100,#665);
#436=LINE('',#3103,#666);
#437=LINE('',#3106,#667);
#438=LINE('',#3109,#668);
#439=LINE('',#3112,#669);
#440=LINE('',#3115,#670);
#441=LINE('',#3117,#671);
#442=LINE('',#3122,#672);
#443=LINE('',#3124,#673);
#444=LINE('',#3126,#674);
#445=LINE('',#3127,#675);
#446=LINE('',#3130,#676);
#447=LINE('',#3132,#677);
#448=LINE('',#3134,#678);
#449=LINE('',#3138,#679);
#450=LINE('',#3142,#680);
#451=LINE('',#3143,#681);
#452=LINE('',#3146,#682);
#453=LINE('',#3148,#683);
#454=LINE('',#3150,#684);
#455=LINE('',#3152,#685);
#456=LINE('',#3153,#686);
#457=LINE('',#3156,#687);
#458=LINE('',#3158,#688);
#459=LINE('',#3160,#689);
#460=LINE('',#3162,#690);
#461=LINE('',#3163,#691);
#462=LINE('',#3166,#692);
#463=LINE('',#3168,#693);
#464=LINE('',#3170,#694);
#465=LINE('',#3172,#695);
#466=LINE('',#3173,#696);
#467=LINE('',#3184,#697);
#468=LINE('',#3195,#698);
#469=LINE('',#3196,#699);
#470=LINE('',#3200,#700);
#471=LINE('',#3213,#701);
#472=LINE('',#3218,#702);
#473=LINE('',#3220,#703);
#474=LINE('',#3224,#704);
#475=LINE('',#3225,#705);
#476=LINE('',#3226,#706);
#477=LINE('',#3229,#707);
#478=LINE('',#3230,#708);
#479=LINE('',#3233,#709);
#480=LINE('',#3234,#710);
#481=LINE('',#3236,#711);
#482=LINE('',#3242,#712);
#483=LINE('',#3245,#713);
#484=LINE('',#3251,#714);
#485=LINE('',#3254,#715);
#486=LINE('',#3258,#716);
#487=LINE('',#3260,#717);
#488=LINE('',#3264,#718);
#489=LINE('',#3265,#719);
#490=LINE('',#3272,#720);
#491=LINE('',#3273,#721);
#492=LINE('',#3276,#722);
#493=LINE('',#3277,#723);
#494=LINE('',#3279,#724);
#495=LINE('',#3284,#725);
#496=LINE('',#3285,#726);
#497=LINE('',#3288,#727);
#498=LINE('',#3289,#728);
#499=LINE('',#3291,#729);
#500=LINE('',#3295,#730);
#501=LINE('',#3296,#731);
#502=LINE('',#3297,#732);
#503=LINE('',#3300,#733);
#504=LINE('',#3301,#734);
#505=LINE('',#3306,#735);
#506=LINE('',#3309,#736);
#507=LINE('',#3312,#737);
#508=LINE('',#3314,#738);
#509=LINE('',#3316,#739);
#510=LINE('',#3318,#740);
#511=LINE('',#3319,#741);
#512=LINE('',#3322,#742);
#513=LINE('',#3324,#743);
#514=LINE('',#3325,#744);
#515=LINE('',#3331,#745);
#516=LINE('',#3334,#746);
#517=LINE('',#3337,#747);
#518=LINE('',#3339,#748);
#519=LINE('',#3341,#749);
#520=LINE('',#3343,#750);
#521=LINE('',#3344,#751);
#522=LINE('',#3349,#752);
#523=LINE('',#3350,#753);
#524=LINE('',#3355,#754);
#525=LINE('',#3356,#755);
#526=LINE('',#3361,#756);
#527=LINE('',#3362,#757);
#528=LINE('',#3367,#758);
#529=LINE('',#3368,#759);
#530=LINE('',#3373,#760);
#531=LINE('',#3374,#761);
#532=LINE('',#3377,#762);
#533=LINE('',#3378,#763);
#534=LINE('',#3382,#764);
#535=LINE('',#3384,#765);
#536=LINE('',#3386,#766);
#537=LINE('',#3387,#767);
#538=LINE('',#3390,#768);
#539=LINE('',#3391,#769);
#540=LINE('',#3393,#770);
#541=LINE('',#3395,#771);
#542=LINE('',#3398,#772);
#543=LINE('',#3399,#773);
#544=LINE('',#3404,#774);
#545=LINE('',#3405,#775);
#546=LINE('',#3410,#776);
#547=LINE('',#3411,#777);
#548=LINE('',#3416,#778);
#549=LINE('',#3417,#779);
#550=LINE('',#3422,#780);
#551=LINE('',#3423,#781);
#552=LINE('',#3426,#782);
#553=LINE('',#3428,#783);
#554=LINE('',#3432,#784);
#555=LINE('',#3433,#785);
#556=LINE('',#3436,#786);
#557=LINE('',#3439,#787);
#558=LINE('',#3442,#788);
#559=LINE('',#3443,#789);
#560=LINE('',#3445,#790);
#561=LINE('',#3449,#791);
#562=LINE('',#3451,#792);
#563=LINE('',#3455,#793);
#564=LINE('',#3458,#794);
#565=LINE('',#3461,#795);
#566=LINE('',#3462,#796);
#567=LINE('',#3464,#797);
#568=LINE('',#3468,#798);
#569=LINE('',#3470,#799);
#570=LINE('',#3474,#800);
#571=LINE('',#3477,#801);
#572=LINE('',#3480,#802);
#573=LINE('',#3481,#803);
#574=LINE('',#3483,#804);
#575=LINE('',#3487,#805);
#576=LINE('',#3489,#806);
#577=LINE('',#3493,#807);
#578=LINE('',#3496,#808);
#579=LINE('',#3499,#809);
#580=LINE('',#3500,#810);
#581=LINE('',#3502,#811);
#582=LINE('',#3508,#812);
#583=LINE('',#3509,#813);
#584=LINE('',#3511,#814);
#585=LINE('',#3512,#815);
#586=LINE('',#3514,#816);
#587=LINE('',#3515,#817);
#588=LINE('',#3517,#818);
#589=LINE('',#3518,#819);
#590=LINE('',#3520,#820);
#591=LINE('',#3521,#821);
#592=LINE('',#3526,#822);
#593=LINE('',#3532,#823);
#594=LINE('',#3538,#824);
#595=LINE('',#3544,#825);
#596=LINE('',#3550,#826);
#597=LINE('',#3557,#827);
#598=LINE('',#3564,#828);
#599=LINE('',#3571,#829);
#600=LINE('',#3575,#830);
#601=LINE('',#3577,#831);
#602=LINE('',#3580,#832);
#603=LINE('',#3582,#833);
#604=LINE('',#3584,#834);
#605=LINE('',#3587,#835);
#606=LINE('',#3590,#836);
#607=LINE('',#3593,#837);
#608=LINE('',#3594,#838);
#609=LINE('',#3596,#839);
#610=LINE('',#3599,#840);
#611=LINE('',#3605,#841);
#612=LINE('',#3609,#842);
#613=LINE('',#3611,#843);
#614=LINE('',#3612,#844);
#615=LINE('',#3615,#845);
#616=LINE('',#3617,#846);
#617=LINE('',#3618,#847);
#618=LINE('',#3621,#848);
#619=LINE('',#3623,#849);
#620=LINE('',#3624,#850);
#621=LINE('',#3627,#851);
#622=LINE('',#3629,#852);
#623=LINE('',#3630,#853);
#624=LINE('',#3633,#854);
#625=LINE('',#3635,#855);
#626=LINE('',#3636,#856);
#627=LINE('',#3639,#857);
#628=LINE('',#3641,#858);
#629=LINE('',#3642,#859);
#630=LINE('',#3645,#860);
#631=LINE('',#3647,#861);
#632=LINE('',#3648,#862);
#633=LINE('',#3650,#863);
#634=LINE('',#3651,#864);
#635=LINE('',#3654,#865);
#636=LINE('',#3655,#866);
#637=LINE('',#3658,#867);
#638=LINE('',#3659,#868);
#639=LINE('',#3661,#869);
#640=LINE('',#3663,#870);
#641=LINE('',#3665,#871);
#642=LINE('',#3667,#872);
#643=LINE('',#3669,#873);
#644=LINE('',#3670,#874);
#645=VECTOR('',#2432,2.);
#646=VECTOR('',#2437,10.);
#647=VECTOR('',#2438,10.);
#648=VECTOR('',#2439,10.);
#649=VECTOR('',#2440,10.);
#650=VECTOR('',#2443,10.);
#651=VECTOR('',#2444,10.);
#652=VECTOR('',#2445,10.);
#653=VECTOR('',#2448,10.);
#654=VECTOR('',#2449,10.);
#655=VECTOR('',#2450,10.);
#656=VECTOR('',#2453,10.);
#657=VECTOR('',#2454,10.);
#658=VECTOR('',#2459,10.);
#659=VECTOR('',#2462,10.);
#660=VECTOR('',#2463,10.);
#661=VECTOR('',#2464,10.);
#662=VECTOR('',#2465,10.);
#663=VECTOR('',#2466,10.);
#664=VECTOR('',#2469,10.);
#665=VECTOR('',#2470,10.);
#666=VECTOR('',#2471,10.);
#667=VECTOR('',#2474,10.);
#668=VECTOR('',#2475,10.);
#669=VECTOR('',#2478,10.);
#670=VECTOR('',#2479,10.);
#671=VECTOR('',#2480,10.);
#672=VECTOR('',#2485,10.);
#673=VECTOR('',#2486,10.);
#674=VECTOR('',#2487,10.);
#675=VECTOR('',#2488,10.);
#676=VECTOR('',#2491,10.);
#677=VECTOR('',#2492,10.);
#678=VECTOR('',#2493,10.);
#679=VECTOR('',#2498,10.);
#680=VECTOR('',#2501,10.);
#681=VECTOR('',#2502,10.);
#682=VECTOR('',#2505,10.);
#683=VECTOR('',#2506,10.);
#684=VECTOR('',#2507,10.);
#685=VECTOR('',#2508,10.);
#686=VECTOR('',#2509,10.);
#687=VECTOR('',#2512,10.);
#688=VECTOR('',#2513,10.);
#689=VECTOR('',#2514,10.);
#690=VECTOR('',#2515,10.);
#691=VECTOR('',#2516,10.);
#692=VECTOR('',#2519,10.);
#693=VECTOR('',#2520,10.);
#694=VECTOR('',#2521,10.);
#695=VECTOR('',#2522,10.);
#696=VECTOR('',#2523,10.);
#697=VECTOR('',#2540,10.);
#698=VECTOR('',#2553,10.);
#699=VECTOR('',#2554,10.);
#700=VECTOR('',#2559,10.);
#701=VECTOR('',#2580,10.);
#702=VECTOR('',#2589,10.);
#703=VECTOR('',#2592,10.);
#704=VECTOR('',#2595,10.);
#705=VECTOR('',#2596,10.);
#706=VECTOR('',#2597,10.);
#707=VECTOR('',#2600,10.);
#708=VECTOR('',#2601,10.);
#709=VECTOR('',#2604,10.);
#710=VECTOR('',#2605,10.);
#711=VECTOR('',#2608,10.);
#712=VECTOR('',#2613,10.);
#713=VECTOR('',#2616,10.);
#714=VECTOR('',#2621,10.);
#715=VECTOR('',#2624,10.);
#716=VECTOR('',#2629,10.);
#717=VECTOR('',#2630,10.);
#718=VECTOR('',#2633,10.);
#719=VECTOR('',#2634,10.);
#720=VECTOR('',#2643,10.);
#721=VECTOR('',#2644,10.);
#722=VECTOR('',#2647,10.);
#723=VECTOR('',#2648,10.);
#724=VECTOR('',#2651,10.);
#725=VECTOR('',#2656,10.);
#726=VECTOR('',#2657,10.);
#727=VECTOR('',#2660,10.);
#728=VECTOR('',#2661,10.);
#729=VECTOR('',#2664,10.);
#730=VECTOR('',#2667,10.);
#731=VECTOR('',#2668,10.);
#732=VECTOR('',#2669,10.);
#733=VECTOR('',#2672,10.);
#734=VECTOR('',#2673,10.);
#735=VECTOR('',#2680,10.);
#736=VECTOR('',#2683,10.);
#737=VECTOR('',#2686,10.);
#738=VECTOR('',#2687,10.);
#739=VECTOR('',#2688,10.);
#740=VECTOR('',#2689,10.);
#741=VECTOR('',#2690,10.);
#742=VECTOR('',#2693,10.);
#743=VECTOR('',#2694,10.);
#744=VECTOR('',#2695,10.);
#745=VECTOR('',#2700,10.);
#746=VECTOR('',#2703,10.);
#747=VECTOR('',#2706,10.);
#748=VECTOR('',#2707,10.);
#749=VECTOR('',#2708,10.);
#750=VECTOR('',#2709,10.);
#751=VECTOR('',#2710,10.);
#752=VECTOR('',#2713,10.);
#753=VECTOR('',#2714,10.);
#754=VECTOR('',#2717,10.);
#755=VECTOR('',#2718,10.);
#756=VECTOR('',#2721,10.);
#757=VECTOR('',#2722,10.);
#758=VECTOR('',#2725,10.);
#759=VECTOR('',#2726,10.);
#760=VECTOR('',#2729,10.);
#761=VECTOR('',#2730,10.);
#762=VECTOR('',#2733,10.);
#763=VECTOR('',#2734,10.);
#764=VECTOR('',#2737,10.);
#765=VECTOR('',#2738,10.);
#766=VECTOR('',#2739,10.);
#767=VECTOR('',#2740,10.);
#768=VECTOR('',#2743,10.);
#769=VECTOR('',#2744,10.);
#770=VECTOR('',#2747,10.);
#771=VECTOR('',#2748,10.);
#772=VECTOR('',#2751,10.);
#773=VECTOR('',#2752,10.);
#774=VECTOR('',#2755,10.);
#775=VECTOR('',#2756,10.);
#776=VECTOR('',#2759,10.);
#777=VECTOR('',#2760,10.);
#778=VECTOR('',#2763,10.);
#779=VECTOR('',#2764,10.);
#780=VECTOR('',#2767,10.);
#781=VECTOR('',#2768,10.);
#782=VECTOR('',#2769,10.);
#783=VECTOR('',#2770,10.);
#784=VECTOR('',#2775,10.);
#785=VECTOR('',#2776,10.);
#786=VECTOR('',#2779,10.);
#787=VECTOR('',#2782,10.);
#788=VECTOR('',#2785,10.);
#789=VECTOR('',#2786,10.);
#790=VECTOR('',#2789,10.);
#791=VECTOR('',#2792,10.);
#792=VECTOR('',#2793,10.);
#793=VECTOR('',#2798,10.);
#794=VECTOR('',#2801,10.);
#795=VECTOR('',#2804,10.);
#796=VECTOR('',#2805,10.);
#797=VECTOR('',#2808,10.);
#798=VECTOR('',#2811,10.);
#799=VECTOR('',#2812,10.);
#800=VECTOR('',#2817,10.);
#801=VECTOR('',#2820,10.);
#802=VECTOR('',#2823,10.);
#803=VECTOR('',#2824,10.);
#804=VECTOR('',#2827,10.);
#805=VECTOR('',#2830,10.);
#806=VECTOR('',#2831,10.);
#807=VECTOR('',#2836,10.);
#808=VECTOR('',#2839,10.);
#809=VECTOR('',#2842,10.);
#810=VECTOR('',#2843,10.);
#811=VECTOR('',#2846,10.);
#812=VECTOR('',#2851,10.);
#813=VECTOR('',#2852,10.);
#814=VECTOR('',#2855,10.);
#815=VECTOR('',#2856,10.);
#816=VECTOR('',#2859,10.);
#817=VECTOR('',#2860,10.);
#818=VECTOR('',#2863,10.);
#819=VECTOR('',#2864,10.);
#820=VECTOR('',#2867,10.);
#821=VECTOR('',#2868,10.);
#822=VECTOR('',#2873,1.25);
#823=VECTOR('',#2880,1.25);
#824=VECTOR('',#2887,1.25);
#825=VECTOR('',#2894,1.25);
#826=VECTOR('',#2901,1.75);
#827=VECTOR('',#2910,1.75);
#828=VECTOR('',#2919,1.75);
#829=VECTOR('',#2928,1.75);
#830=VECTOR('',#2935,10.);
#831=VECTOR('',#2938,10.);
#832=VECTOR('',#2943,10.);
#833=VECTOR('',#2946,10.);
#834=VECTOR('',#2949,10.);
#835=VECTOR('',#2954,10.);
#836=VECTOR('',#2959,10.);
#837=VECTOR('',#2964,10.);
#838=VECTOR('',#2965,10.);
#839=VECTOR('',#2968,10.);
#840=VECTOR('',#2973,10.);
#841=VECTOR('',#2980,4.);
#842=VECTOR('',#2985,10.);
#843=VECTOR('',#2986,10.);
#844=VECTOR('',#2987,10.);
#845=VECTOR('',#2990,10.);
#846=VECTOR('',#2991,10.);
#847=VECTOR('',#2992,10.);
#848=VECTOR('',#2995,10.);
#849=VECTOR('',#2996,10.);
#850=VECTOR('',#2997,10.);
#851=VECTOR('',#3000,10.);
#852=VECTOR('',#3001,10.);
#853=VECTOR('',#3002,10.);
#854=VECTOR('',#3005,10.);
#855=VECTOR('',#3006,10.);
#856=VECTOR('',#3007,10.);
#857=VECTOR('',#3010,10.);
#858=VECTOR('',#3011,10.);
#859=VECTOR('',#3012,10.);
#860=VECTOR('',#3015,10.);
#861=VECTOR('',#3016,10.);
#862=VECTOR('',#3017,10.);
#863=VECTOR('',#3020,10.);
#864=VECTOR('',#3021,10.);
#865=VECTOR('',#3024,10.);
#866=VECTOR('',#3025,10.);
#867=VECTOR('',#3028,10.);
#868=VECTOR('',#3029,10.);
#869=VECTOR('',#3032,10.);
#870=VECTOR('',#3035,10.);
#871=VECTOR('',#3038,10.);
#872=VECTOR('',#3041,10.);
#873=VECTOR('',#3044,10.);
#874=VECTOR('',#3045,10.);
#875=CIRCLE('',#2232,2.);
#876=CIRCLE('',#2233,2.);
#877=CIRCLE('',#2240,5.);
#878=CIRCLE('',#2241,1.);
#879=CIRCLE('',#2242,3.);
#880=CIRCLE('',#2243,3.);
#881=CIRCLE('',#2244,2.7);
#882=CIRCLE('',#2247,1.);
#883=CIRCLE('',#2249,1.);
#884=CIRCLE('',#2254,1.);
#885=CIRCLE('',#2256,1.);
#886=CIRCLE('',#2257,1.);
#887=CIRCLE('',#2258,1.);
#888=CIRCLE('',#2260,0.999999999999999);
#889=CIRCLE('',#2262,1.);
#890=CIRCLE('',#2263,5.);
#891=CIRCLE('',#2264,4.);
#892=CIRCLE('',#2266,1.);
#893=CIRCLE('',#2268,1.);
#894=CIRCLE('',#2270,1.);
#895=CIRCLE('',#2271,1.);
#896=CIRCLE('',#2273,1.);
#897=CIRCLE('',#2275,1.);
#898=CIRCLE('',#2276,4.);
#899=CIRCLE('',#2278,1.);
#900=CIRCLE('',#2281,1.);
#901=CIRCLE('',#2295,12.);
#902=CIRCLE('',#2296,12.);
#903=CIRCLE('',#2298,10.);
#904=CIRCLE('',#2300,3.);
#905=CIRCLE('',#2304,3.);
#906=CIRCLE('',#2310,2.7);
#907=CIRCLE('',#2312,1.);
#908=CIRCLE('',#2316,1.);
#909=CIRCLE('',#2317,1.);
#910=CIRCLE('',#2319,3.);
#911=CIRCLE('',#2320,3.);
#912=CIRCLE('',#2321,3.);
#913=CIRCLE('',#2322,3.);
#914=CIRCLE('',#2323,2.7);
#915=CIRCLE('',#2328,10.);
#916=CIRCLE('',#2329,1.6);
#917=CIRCLE('',#2330,1.6);
#918=CIRCLE('',#2331,1.6);
#919=CIRCLE('',#2332,1.6);
#920=CIRCLE('',#2333,2.7);
#921=CIRCLE('',#2336,3.);
#922=CIRCLE('',#2340,1.6);
#923=CIRCLE('',#2342,3.);
#924=CIRCLE('',#2346,1.6);
#925=CIRCLE('',#2348,3.);
#926=CIRCLE('',#2352,1.6);
#927=CIRCLE('',#2354,3.);
#928=CIRCLE('',#2358,1.6);
#929=CIRCLE('',#2364,1.25);
#930=CIRCLE('',#2365,1.25);
#931=CIRCLE('',#2367,1.25);
#932=CIRCLE('',#2368,1.25);
#933=CIRCLE('',#2370,1.25);
#934=CIRCLE('',#2371,1.25);
#935=CIRCLE('',#2373,1.25);
#936=CIRCLE('',#2374,1.25);
#937=CIRCLE('',#2376,1.75);
#938=CIRCLE('',#2377,1.75);
#939=CIRCLE('',#2380,1.75);
#940=CIRCLE('',#2381,1.75);
#941=CIRCLE('',#2384,1.75);
#942=CIRCLE('',#2385,1.75);
#943=CIRCLE('',#2388,1.75);
#944=CIRCLE('',#2389,1.75);
#945=CIRCLE('',#2408,4.);
#946=CIRCLE('',#2409,4.);
#947=VERTEX_POINT('',#3050);
#948=VERTEX_POINT('',#3052);
#949=VERTEX_POINT('',#3056);
#950=VERTEX_POINT('',#3057);
#951=VERTEX_POINT('',#3059);
#952=VERTEX_POINT('',#3061);
#953=VERTEX_POINT('',#3065);
#954=VERTEX_POINT('',#3067);
#955=VERTEX_POINT('',#3071);
#956=VERTEX_POINT('',#3073);
#957=VERTEX_POINT('',#3081);
#958=VERTEX_POINT('',#3082);
#959=VERTEX_POINT('',#3084);
#960=VERTEX_POINT('',#3086);
#961=VERTEX_POINT('',#3088);
#962=VERTEX_POINT('',#3090);
#963=VERTEX_POINT('',#3092);
#964=VERTEX_POINT('',#3094);
#965=VERTEX_POINT('',#3096);
#966=VERTEX_POINT('',#3098);
#967=VERTEX_POINT('',#3101);
#968=VERTEX_POINT('',#3102);
#969=VERTEX_POINT('',#3104);
#970=VERTEX_POINT('',#3107);
#971=VERTEX_POINT('',#3108);
#972=VERTEX_POINT('',#3110);
#973=VERTEX_POINT('',#3113);
#974=VERTEX_POINT('',#3114);
#975=VERTEX_POINT('',#3116);
#976=VERTEX_POINT('',#3120);
#977=VERTEX_POINT('',#3121);
#978=VERTEX_POINT('',#3123);
#979=VERTEX_POINT('',#3125);
#980=VERTEX_POINT('',#3129);
#981=VERTEX_POINT('',#3131);
#982=VERTEX_POINT('',#3133);
#983=VERTEX_POINT('',#3137);
#984=VERTEX_POINT('',#3139);
#985=VERTEX_POINT('',#3141);
#986=VERTEX_POINT('',#3145);
#987=VERTEX_POINT('',#3147);
#988=VERTEX_POINT('',#3149);
#989=VERTEX_POINT('',#3151);
#990=VERTEX_POINT('',#3155);
#991=VERTEX_POINT('',#3157);
#992=VERTEX_POINT('',#3159);
#993=VERTEX_POINT('',#3161);
#994=VERTEX_POINT('',#3165);
#995=VERTEX_POINT('',#3167);
#996=VERTEX_POINT('',#3169);
#997=VERTEX_POINT('',#3171);
#998=VERTEX_POINT('',#3178);
#999=VERTEX_POINT('',#3182);
#1000=VERTEX_POINT('',#3186);
#1001=VERTEX_POINT('',#3187);
#1002=VERTEX_POINT('',#3192);
#1003=VERTEX_POINT('',#3193);
#1004=VERTEX_POINT('',#3198);
#1005=VERTEX_POINT('',#3207);
#1006=VERTEX_POINT('',#3211);
#1007=VERTEX_POINT('',#3222);
#1008=VERTEX_POINT('',#3223);
#1009=VERTEX_POINT('',#3228);
#1010=VERTEX_POINT('',#3232);
#1011=VERTEX_POINT('',#3238);
#1012=VERTEX_POINT('',#3239);
#1013=VERTEX_POINT('',#3241);
#1014=VERTEX_POINT('',#3243);
#1015=VERTEX_POINT('',#3247);
#1016=VERTEX_POINT('',#3248);
#1017=VERTEX_POINT('',#3250);
#1018=VERTEX_POINT('',#3252);
#1019=VERTEX_POINT('',#3257);
#1020=VERTEX_POINT('',#3259);
#1021=VERTEX_POINT('',#3261);
#1022=VERTEX_POINT('',#3263);
#1023=VERTEX_POINT('',#3269);
#1024=VERTEX_POINT('',#3270);
#1025=VERTEX_POINT('',#3275);
#1026=VERTEX_POINT('',#3281);
#1027=VERTEX_POINT('',#3282);
#1028=VERTEX_POINT('',#3287);
#1029=VERTEX_POINT('',#3293);
#1030=VERTEX_POINT('',#3294);
#1031=VERTEX_POINT('',#3299);
#1032=VERTEX_POINT('',#3305);
#1033=VERTEX_POINT('',#3307);
#1034=VERTEX_POINT('',#3311);
#1035=VERTEX_POINT('',#3313);
#1036=VERTEX_POINT('',#3315);
#1037=VERTEX_POINT('',#3317);
#1038=VERTEX_POINT('',#3321);
#1039=VERTEX_POINT('',#3323);
#1040=VERTEX_POINT('',#3327);
#1041=VERTEX_POINT('',#3328);
#1042=VERTEX_POINT('',#3330);
#1043=VERTEX_POINT('',#3332);
#1044=VERTEX_POINT('',#3336);
#1045=VERTEX_POINT('',#3338);
#1046=VERTEX_POINT('',#3340);
#1047=VERTEX_POINT('',#3342);
#1048=VERTEX_POINT('',#3345);
#1049=VERTEX_POINT('',#3346);
#1050=VERTEX_POINT('',#3348);
#1051=VERTEX_POINT('',#3351);
#1052=VERTEX_POINT('',#3352);
#1053=VERTEX_POINT('',#3354);
#1054=VERTEX_POINT('',#3357);
#1055=VERTEX_POINT('',#3358);
#1056=VERTEX_POINT('',#3360);
#1057=VERTEX_POINT('',#3363);
#1058=VERTEX_POINT('',#3364);
#1059=VERTEX_POINT('',#3366);
#1060=VERTEX_POINT('',#3369);
#1061=VERTEX_POINT('',#3370);
#1062=VERTEX_POINT('',#3372);
#1063=VERTEX_POINT('',#3376);
#1064=VERTEX_POINT('',#3380);
#1065=VERTEX_POINT('',#3381);
#1066=VERTEX_POINT('',#3383);
#1067=VERTEX_POINT('',#3385);
#1068=VERTEX_POINT('',#3389);
#1069=VERTEX_POINT('',#3394);
#1070=VERTEX_POINT('',#3396);
#1071=VERTEX_POINT('',#3400);
#1072=VERTEX_POINT('',#3401);
#1073=VERTEX_POINT('',#3403);
#1074=VERTEX_POINT('',#3406);
#1075=VERTEX_POINT('',#3407);
#1076=VERTEX_POINT('',#3409);
#1077=VERTEX_POINT('',#3412);
#1078=VERTEX_POINT('',#3413);
#1079=VERTEX_POINT('',#3415);
#1080=VERTEX_POINT('',#3418);
#1081=VERTEX_POINT('',#3419);
#1082=VERTEX_POINT('',#3421);
#1083=VERTEX_POINT('',#3424);
#1084=VERTEX_POINT('',#3425);
#1085=VERTEX_POINT('',#3427);
#1086=VERTEX_POINT('',#3431);
#1087=VERTEX_POINT('',#3435);
#1088=VERTEX_POINT('',#3437);
#1089=VERTEX_POINT('',#3441);
#1090=VERTEX_POINT('',#3447);
#1091=VERTEX_POINT('',#3448);
#1092=VERTEX_POINT('',#3450);
#1093=VERTEX_POINT('',#3454);
#1094=VERTEX_POINT('',#3456);
#1095=VERTEX_POINT('',#3460);
#1096=VERTEX_POINT('',#3466);
#1097=VERTEX_POINT('',#3467);
#1098=VERTEX_POINT('',#3469);
#1099=VERTEX_POINT('',#3473);
#1100=VERTEX_POINT('',#3475);
#1101=VERTEX_POINT('',#3479);
#1102=VERTEX_POINT('',#3485);
#1103=VERTEX_POINT('',#3486);
#1104=VERTEX_POINT('',#3488);
#1105=VERTEX_POINT('',#3492);
#1106=VERTEX_POINT('',#3494);
#1107=VERTEX_POINT('',#3498);
#1108=VERTEX_POINT('',#3504);
#1109=VERTEX_POINT('',#3505);
#1110=VERTEX_POINT('',#3507);
#1111=VERTEX_POINT('',#3523);
#1112=VERTEX_POINT('',#3525);
#1113=VERTEX_POINT('',#3529);
#1114=VERTEX_POINT('',#3531);
#1115=VERTEX_POINT('',#3535);
#1116=VERTEX_POINT('',#3537);
#1117=VERTEX_POINT('',#3541);
#1118=VERTEX_POINT('',#3543);
#1119=VERTEX_POINT('',#3547);
#1120=VERTEX_POINT('',#3549);
#1121=VERTEX_POINT('',#3554);
#1122=VERTEX_POINT('',#3556);
#1123=VERTEX_POINT('',#3561);
#1124=VERTEX_POINT('',#3563);
#1125=VERTEX_POINT('',#3568);
#1126=VERTEX_POINT('',#3570);
#1127=VERTEX_POINT('',#3602);
#1128=VERTEX_POINT('',#3604);
#1129=VERTEX_POINT('',#3608);
#1130=VERTEX_POINT('',#3610);
#1131=VERTEX_POINT('',#3614);
#1132=VERTEX_POINT('',#3616);
#1133=VERTEX_POINT('',#3620);
#1134=VERTEX_POINT('',#3622);
#1135=VERTEX_POINT('',#3626);
#1136=VERTEX_POINT('',#3628);
#1137=VERTEX_POINT('',#3632);
#1138=VERTEX_POINT('',#3634);
#1139=VERTEX_POINT('',#3638);
#1140=VERTEX_POINT('',#3640);
#1141=VERTEX_POINT('',#3644);
#1142=VERTEX_POINT('',#3646);
#1143=VERTEX_POINT('',#3653);
#1144=VERTEX_POINT('',#3657);
#1145=EDGE_CURVE('',#947,#947,#875,.T.);
#1146=EDGE_CURVE('',#947,#948,#415,.T.);
#1147=EDGE_CURVE('',#948,#948,#876,.T.);
#1148=EDGE_CURVE('',#949,#950,#416,.T.);
#1149=EDGE_CURVE('',#949,#951,#417,.T.);
#1150=EDGE_CURVE('',#952,#951,#418,.T.);
#1151=EDGE_CURVE('',#950,#952,#419,.T.);
#1152=EDGE_CURVE('',#950,#953,#420,.T.);
#1153=EDGE_CURVE('',#954,#952,#421,.T.);
#1154=EDGE_CURVE('',#953,#954,#422,.T.);
#1155=EDGE_CURVE('',#953,#955,#423,.T.);
#1156=EDGE_CURVE('',#956,#954,#424,.T.);
#1157=EDGE_CURVE('',#955,#956,#425,.T.);
#1158=EDGE_CURVE('',#955,#949,#426,.T.);
#1159=EDGE_CURVE('',#951,#956,#427,.T.);
#1160=EDGE_CURVE('',#957,#958,#428,.T.);
#1161=EDGE_CURVE('',#959,#957,#877,.T.);
#1162=EDGE_CURVE('',#960,#959,#429,.T.);
#1163=EDGE_CURVE('',#961,#960,#430,.T.);
#1164=EDGE_CURVE('',#962,#961,#431,.T.);
#1165=EDGE_CURVE('',#962,#963,#432,.T.);
#1166=EDGE_CURVE('',#964,#963,#433,.T.);
#1167=EDGE_CURVE('',#965,#964,#878,.T.);
#1168=EDGE_CURVE('',#965,#966,#434,.T.);
#1169=EDGE_CURVE('',#958,#966,#435,.T.);
#1170=EDGE_CURVE('',#967,#968,#436,.T.);
#1171=EDGE_CURVE('',#968,#969,#879,.T.);
#1172=EDGE_CURVE('',#969,#967,#437,.T.);
#1173=EDGE_CURVE('',#970,#971,#438,.T.);
#1174=EDGE_CURVE('',#971,#972,#880,.T.);
#1175=EDGE_CURVE('',#972,#970,#439,.T.);
#1176=EDGE_CURVE('',#973,#974,#440,.T.);
#1177=EDGE_CURVE('',#974,#975,#441,.T.);
#1178=EDGE_CURVE('',#975,#973,#881,.T.);
#1179=EDGE_CURVE('',#976,#977,#442,.T.);
#1180=EDGE_CURVE('',#978,#976,#443,.T.);
#1181=EDGE_CURVE('',#979,#978,#444,.T.);
#1182=EDGE_CURVE('',#979,#977,#445,.T.);
#1183=EDGE_CURVE('',#977,#980,#446,.T.);
#1184=EDGE_CURVE('',#981,#979,#447,.T.);
#1185=EDGE_CURVE('',#982,#981,#448,.T.);
#1186=EDGE_CURVE('',#980,#982,#882,.T.);
#1187=EDGE_CURVE('',#983,#976,#449,.T.);
#1188=EDGE_CURVE('',#984,#983,#883,.T.);
#1189=EDGE_CURVE('',#985,#984,#450,.T.);
#1190=EDGE_CURVE('',#978,#985,#451,.T.);
#1191=EDGE_CURVE('',#986,#980,#452,.T.);
#1192=EDGE_CURVE('',#987,#986,#453,.T.);
#1193=EDGE_CURVE('',#988,#987,#454,.T.);
#1194=EDGE_CURVE('',#989,#988,#455,.T.);
#1195=EDGE_CURVE('',#983,#989,#456,.T.);
#1196=EDGE_CURVE('',#981,#990,#457,.T.);
#1197=EDGE_CURVE('',#990,#991,#458,.T.);
#1198=EDGE_CURVE('',#991,#992,#459,.T.);
#1199=EDGE_CURVE('',#993,#992,#460,.T.);
#1200=EDGE_CURVE('',#982,#993,#461,.T.);
#1201=EDGE_CURVE('',#994,#984,#462,.T.);
#1202=EDGE_CURVE('',#995,#994,#463,.T.);
#1203=EDGE_CURVE('',#995,#996,#464,.T.);
#1204=EDGE_CURVE('',#996,#997,#465,.T.);
#1205=EDGE_CURVE('',#997,#985,#466,.T.);
#1206=EDGE_CURVE('',#993,#986,#884,.F.);
#1207=EDGE_CURVE('',#989,#994,#885,.F.);
#1208=EDGE_CURVE('',#998,#989,#886,.F.);
#1209=EDGE_CURVE('',#994,#998,#887,.F.);
#1210=EDGE_CURVE('',#988,#999,#888,.T.);
#1211=EDGE_CURVE('',#999,#998,#467,.T.);
#1212=EDGE_CURVE('',#1000,#1001,#889,.T.);
#1213=EDGE_CURVE('',#1001,#999,#890,.T.);
#1214=EDGE_CURVE('',#988,#1000,#891,.T.);
#1215=EDGE_CURVE('',#1002,#1003,#892,.T.);
#1216=EDGE_CURVE('',#1003,#1001,#468,.T.);
#1217=EDGE_CURVE('',#1000,#1002,#469,.T.);
#1218=EDGE_CURVE('',#1004,#995,#893,.T.);
#1219=EDGE_CURVE('',#998,#1004,#470,.T.);
#1220=EDGE_CURVE('',#960,#993,#894,.F.);
#1221=EDGE_CURVE('',#986,#960,#895,.F.);
#1222=EDGE_CURVE('',#959,#987,#896,.T.);
#1223=EDGE_CURVE('',#957,#1005,#897,.T.);
#1224=EDGE_CURVE('',#1005,#987,#898,.T.);
#1225=EDGE_CURVE('',#958,#1006,#899,.T.);
#1226=EDGE_CURVE('',#1006,#1005,#471,.T.);
#1227=EDGE_CURVE('',#992,#961,#900,.T.);
#1228=EDGE_CURVE('',#1005,#1000,#472,.T.);
#1229=EDGE_CURVE('',#1002,#1006,#473,.T.);
#1230=EDGE_CURVE('',#1007,#1008,#474,.T.);
#1231=EDGE_CURVE('',#1007,#991,#475,.T.);
#1232=EDGE_CURVE('',#1008,#990,#476,.T.);
#1233=EDGE_CURVE('',#1009,#997,#477,.T.);
#1234=EDGE_CURVE('',#1008,#1009,#478,.T.);
#1235=EDGE_CURVE('',#1009,#1010,#479,.T.);
#1236=EDGE_CURVE('',#1010,#996,#480,.T.);
#1237=EDGE_CURVE('',#1010,#1007,#481,.T.);
#1238=EDGE_CURVE('',#1011,#1012,#15,.T.);
#1239=EDGE_CURVE('',#1013,#1011,#482,.T.);
#1240=EDGE_CURVE('',#1014,#1013,#16,.T.);
#1241=EDGE_CURVE('',#1012,#1014,#483,.T.);
#1242=EDGE_CURVE('',#1015,#1016,#17,.T.);
#1243=EDGE_CURVE('',#1017,#1015,#484,.T.);
#1244=EDGE_CURVE('',#1018,#1017,#18,.T.);
#1245=EDGE_CURVE('',#1016,#1018,#485,.T.);
#1246=EDGE_CURVE('',#1014,#1016,#901,.T.);
#1247=EDGE_CURVE('',#1019,#1013,#486,.T.);
#1248=EDGE_CURVE('',#1020,#1019,#487,.T.);
#1249=EDGE_CURVE('',#1021,#1020,#902,.T.);
#1250=EDGE_CURVE('',#1021,#1022,#488,.T.);
#1251=EDGE_CURVE('',#1022,#1015,#489,.T.);
#1252=EDGE_CURVE('',#1018,#1012,#903,.T.);
#1253=EDGE_CURVE('',#1023,#1024,#904,.T.);
#1254=EDGE_CURVE('',#1023,#969,#490,.T.);
#1255=EDGE_CURVE('',#1024,#968,#491,.T.);
#1256=EDGE_CURVE('',#1024,#1025,#492,.T.);
#1257=EDGE_CURVE('',#1025,#967,#493,.T.);
#1258=EDGE_CURVE('',#1025,#1023,#494,.T.);
#1259=EDGE_CURVE('',#1026,#1027,#905,.T.);
#1260=EDGE_CURVE('',#1026,#972,#495,.T.);
#1261=EDGE_CURVE('',#1027,#971,#496,.T.);
#1262=EDGE_CURVE('',#1027,#1028,#497,.T.);
#1263=EDGE_CURVE('',#1028,#970,#498,.T.);
#1264=EDGE_CURVE('',#1028,#1026,#499,.T.);
#1265=EDGE_CURVE('',#1029,#1030,#500,.T.);
#1266=EDGE_CURVE('',#1029,#975,#501,.T.);
#1267=EDGE_CURVE('',#1030,#974,#502,.T.);
#1268=EDGE_CURVE('',#1030,#1031,#503,.T.);
#1269=EDGE_CURVE('',#1031,#973,#504,.T.);
#1270=EDGE_CURVE('',#1031,#1029,#906,.T.);
#1271=EDGE_CURVE('',#964,#1032,#505,.T.);
#1272=EDGE_CURVE('',#1032,#1033,#907,.T.);
#1273=EDGE_CURVE('',#1033,#965,#506,.T.);
#1274=EDGE_CURVE('',#1034,#1032,#507,.T.);
#1275=EDGE_CURVE('',#1035,#1034,#508,.T.);
#1276=EDGE_CURVE('',#1036,#1035,#509,.T.);
#1277=EDGE_CURVE('',#1037,#1036,#510,.T.);
#1278=EDGE_CURVE('',#1037,#1033,#511,.T.);
#1279=EDGE_CURVE('',#963,#1038,#512,.T.);
#1280=EDGE_CURVE('',#1038,#1039,#513,.T.);
#1281=EDGE_CURVE('',#1039,#1034,#514,.T.);
#1282=EDGE_CURVE('',#1040,#1041,#908,.T.);
#1283=EDGE_CURVE('',#1041,#1042,#515,.T.);
#1284=EDGE_CURVE('',#1042,#1043,#909,.T.);
#1285=EDGE_CURVE('',#1043,#1040,#516,.T.);
#1286=EDGE_CURVE('',#1040,#1044,#517,.T.);
#1287=EDGE_CURVE('',#1045,#1044,#518,.T.);
#1288=EDGE_CURVE('',#1046,#1045,#519,.T.);
#1289=EDGE_CURVE('',#1047,#1046,#520,.T.);
#1290=EDGE_CURVE('',#1041,#1047,#521,.T.);
#1291=EDGE_CURVE('',#1048,#1049,#910,.T.);
#1292=EDGE_CURVE('',#1049,#1050,#522,.T.);
#1293=EDGE_CURVE('',#1050,#1048,#523,.T.);
#1294=EDGE_CURVE('',#1051,#1052,#911,.T.);
#1295=EDGE_CURVE('',#1052,#1053,#524,.T.);
#1296=EDGE_CURVE('',#1053,#1051,#525,.T.);
#1297=EDGE_CURVE('',#1054,#1055,#912,.T.);
#1298=EDGE_CURVE('',#1055,#1056,#526,.T.);
#1299=EDGE_CURVE('',#1056,#1054,#527,.T.);
#1300=EDGE_CURVE('',#1057,#1058,#913,.T.);
#1301=EDGE_CURVE('',#1058,#1059,#528,.T.);
#1302=EDGE_CURVE('',#1059,#1057,#529,.T.);
#1303=EDGE_CURVE('',#1060,#1061,#914,.T.);
#1304=EDGE_CURVE('',#1061,#1062,#530,.T.);
#1305=EDGE_CURVE('',#1062,#1060,#531,.T.);
#1306=EDGE_CURVE('',#1063,#1043,#532,.T.);
#1307=EDGE_CURVE('',#1044,#1063,#533,.T.);
#1308=EDGE_CURVE('',#1064,#1065,#534,.T.);
#1309=EDGE_CURVE('',#1066,#1064,#535,.T.);
#1310=EDGE_CURVE('',#1067,#1066,#536,.T.);
#1311=EDGE_CURVE('',#1065,#1067,#537,.T.);
#1312=EDGE_CURVE('',#1068,#1065,#538,.T.);
#1313=EDGE_CURVE('',#1064,#1068,#539,.T.);
#1314=EDGE_CURVE('',#1067,#1019,#540,.T.);
#1315=EDGE_CURVE('',#1019,#1069,#541,.T.);
#1316=EDGE_CURVE('',#1069,#1070,#915,.T.);
#1317=EDGE_CURVE('',#1070,#1022,#542,.T.);
#1318=EDGE_CURVE('',#1022,#1065,#543,.T.);
#1319=EDGE_CURVE('',#1071,#1072,#916,.T.);
#1320=EDGE_CURVE('',#1072,#1073,#544,.T.);
#1321=EDGE_CURVE('',#1073,#1071,#545,.T.);
#1322=EDGE_CURVE('',#1074,#1075,#917,.T.);
#1323=EDGE_CURVE('',#1075,#1076,#546,.T.);
#1324=EDGE_CURVE('',#1076,#1074,#547,.T.);
#1325=EDGE_CURVE('',#1077,#1078,#918,.T.);
#1326=EDGE_CURVE('',#1078,#1079,#548,.T.);
#1327=EDGE_CURVE('',#1079,#1077,#549,.T.);
#1328=EDGE_CURVE('',#1080,#1081,#919,.T.);
#1329=EDGE_CURVE('',#1081,#1082,#550,.T.);
#1330=EDGE_CURVE('',#1082,#1080,#551,.T.);
#1331=EDGE_CURVE('',#1083,#1084,#552,.T.);
#1332=EDGE_CURVE('',#1084,#1085,#553,.T.);
#1333=EDGE_CURVE('',#1085,#1083,#920,.T.);
#1334=EDGE_CURVE('',#1086,#1066,#554,.T.);
#1335=EDGE_CURVE('',#1086,#1067,#555,.T.);
#1336=EDGE_CURVE('',#1048,#1087,#556,.T.);
#1337=EDGE_CURVE('',#1087,#1088,#921,.T.);
#1338=EDGE_CURVE('',#1049,#1088,#557,.T.);
#1339=EDGE_CURVE('',#1050,#1089,#558,.T.);
#1340=EDGE_CURVE('',#1089,#1087,#559,.T.);
#1341=EDGE_CURVE('',#1088,#1089,#560,.T.);
#1342=EDGE_CURVE('',#1090,#1091,#561,.T.);
#1343=EDGE_CURVE('',#1092,#1090,#562,.T.);
#1344=EDGE_CURVE('',#1091,#1092,#922,.T.);
#1345=EDGE_CURVE('',#1051,#1093,#563,.T.);
#1346=EDGE_CURVE('',#1093,#1094,#923,.T.);
#1347=EDGE_CURVE('',#1052,#1094,#564,.T.);
#1348=EDGE_CURVE('',#1053,#1095,#565,.T.);
#1349=EDGE_CURVE('',#1095,#1093,#566,.T.);
#1350=EDGE_CURVE('',#1094,#1095,#567,.T.);
#1351=EDGE_CURVE('',#1096,#1097,#568,.T.);
#1352=EDGE_CURVE('',#1098,#1096,#569,.T.);
#1353=EDGE_CURVE('',#1097,#1098,#924,.T.);
#1354=EDGE_CURVE('',#1054,#1099,#570,.T.);
#1355=EDGE_CURVE('',#1099,#1100,#925,.T.);
#1356=EDGE_CURVE('',#1055,#1100,#571,.T.);
#1357=EDGE_CURVE('',#1056,#1101,#572,.T.);
#1358=EDGE_CURVE('',#1101,#1099,#573,.T.);
#1359=EDGE_CURVE('',#1100,#1101,#574,.T.);
#1360=EDGE_CURVE('',#1102,#1103,#575,.T.);
#1361=EDGE_CURVE('',#1104,#1102,#576,.T.);
#1362=EDGE_CURVE('',#1103,#1104,#926,.T.);
#1363=EDGE_CURVE('',#1057,#1105,#577,.T.);
#1364=EDGE_CURVE('',#1105,#1106,#927,.T.);
#1365=EDGE_CURVE('',#1058,#1106,#578,.T.);
#1366=EDGE_CURVE('',#1059,#1107,#579,.T.);
#1367=EDGE_CURVE('',#1107,#1105,#580,.T.);
#1368=EDGE_CURVE('',#1106,#1107,#581,.T.);
#1369=EDGE_CURVE('',#1108,#1109,#928,.T.);
#1370=EDGE_CURVE('',#1110,#1108,#582,.T.);
#1371=EDGE_CURVE('',#1109,#1110,#583,.T.);
#1372=EDGE_CURVE('',#1091,#1080,#584,.T.);
#1373=EDGE_CURVE('',#1082,#1090,#585,.T.);
#1374=EDGE_CURVE('',#1097,#1071,#586,.T.);
#1375=EDGE_CURVE('',#1073,#1096,#587,.T.);
#1376=EDGE_CURVE('',#1103,#1077,#588,.T.);
#1377=EDGE_CURVE('',#1079,#1102,#589,.T.);
#1378=EDGE_CURVE('',#1109,#1075,#590,.T.);
#1379=EDGE_CURVE('',#1074,#1108,#591,.T.);
#1380=EDGE_CURVE('',#1111,#1111,#929,.T.);
#1381=EDGE_CURVE('',#1111,#1112,#592,.T.);
#1382=EDGE_CURVE('',#1112,#1112,#930,.T.);
#1383=EDGE_CURVE('',#1113,#1113,#931,.T.);
#1384=EDGE_CURVE('',#1113,#1114,#593,.T.);
#1385=EDGE_CURVE('',#1114,#1114,#932,.T.);
#1386=EDGE_CURVE('',#1115,#1115,#933,.T.);
#1387=EDGE_CURVE('',#1115,#1116,#594,.T.);
#1388=EDGE_CURVE('',#1116,#1116,#934,.T.);
#1389=EDGE_CURVE('',#1117,#1117,#935,.T.);
#1390=EDGE_CURVE('',#1117,#1118,#595,.T.);
#1391=EDGE_CURVE('',#1118,#1118,#936,.T.);
#1392=EDGE_CURVE('',#1119,#1119,#937,.T.);
#1393=EDGE_CURVE('',#1119,#1120,#596,.T.);
#1394=EDGE_CURVE('',#1120,#1120,#938,.T.);
#1395=EDGE_CURVE('',#1121,#1121,#939,.T.);
#1396=EDGE_CURVE('',#1121,#1122,#597,.T.);
#1397=EDGE_CURVE('',#1122,#1122,#940,.T.);
#1398=EDGE_CURVE('',#1123,#1123,#941,.T.);
#1399=EDGE_CURVE('',#1123,#1124,#598,.T.);
#1400=EDGE_CURVE('',#1124,#1124,#942,.T.);
#1401=EDGE_CURVE('',#1125,#1125,#943,.T.);
#1402=EDGE_CURVE('',#1125,#1126,#599,.T.);
#1403=EDGE_CURVE('',#1126,#1126,#944,.T.);
#1404=EDGE_CURVE('',#1069,#1011,#600,.T.);
#1405=EDGE_CURVE('',#1070,#1017,#601,.T.);
#1406=EDGE_CURVE('',#1068,#1021,#602,.T.);
#1407=EDGE_CURVE('',#1020,#1086,#603,.T.);
#1408=EDGE_CURVE('',#1072,#1098,#604,.T.);
#1409=EDGE_CURVE('',#1076,#1110,#605,.T.);
#1410=EDGE_CURVE('',#1078,#1104,#606,.T.);
#1411=EDGE_CURVE('',#1084,#1062,#607,.T.);
#1412=EDGE_CURVE('',#1060,#1083,#608,.T.);
#1413=EDGE_CURVE('',#1085,#1061,#609,.T.);
#1414=EDGE_CURVE('',#1081,#1092,#610,.T.);
#1415=EDGE_CURVE('',#1127,#1127,#945,.T.);
#1416=EDGE_CURVE('',#1127,#1128,#611,.T.);
#1417=EDGE_CURVE('',#1128,#1128,#946,.T.);
#1418=EDGE_CURVE('',#1129,#1038,#612,.T.);
#1419=EDGE_CURVE('',#1129,#1130,#613,.T.);
#1420=EDGE_CURVE('',#1039,#1130,#614,.T.);
#1421=EDGE_CURVE('',#1131,#1129,#615,.T.);
#1422=EDGE_CURVE('',#1131,#1132,#616,.T.);
#1423=EDGE_CURVE('',#1130,#1132,#617,.T.);
#1424=EDGE_CURVE('',#1133,#1131,#618,.T.);
#1425=EDGE_CURVE('',#1133,#1134,#619,.T.);
#1426=EDGE_CURVE('',#1132,#1134,#620,.T.);
#1427=EDGE_CURVE('',#1135,#1133,#621,.T.);
#1428=EDGE_CURVE('',#1135,#1136,#622,.T.);
#1429=EDGE_CURVE('',#1134,#1136,#623,.T.);
#1430=EDGE_CURVE('',#1137,#1135,#624,.T.);
#1431=EDGE_CURVE('',#1137,#1138,#625,.T.);
#1432=EDGE_CURVE('',#1136,#1138,#626,.T.);
#1433=EDGE_CURVE('',#1139,#1137,#627,.T.);
#1434=EDGE_CURVE('',#1139,#1140,#628,.T.);
#1435=EDGE_CURVE('',#1138,#1140,#629,.T.);
#1436=EDGE_CURVE('',#1141,#1139,#630,.T.);
#1437=EDGE_CURVE('',#1142,#1141,#631,.T.);
#1438=EDGE_CURVE('',#1140,#1142,#632,.T.);
#1439=EDGE_CURVE('',#1047,#1142,#633,.T.);
#1440=EDGE_CURVE('',#1035,#1046,#634,.T.);
#1441=EDGE_CURVE('',#1141,#1143,#635,.T.);
#1442=EDGE_CURVE('',#1143,#1042,#636,.T.);
#1443=EDGE_CURVE('',#962,#1144,#637,.T.);
#1444=EDGE_CURVE('',#1144,#1143,#638,.T.);
#1445=EDGE_CURVE('',#966,#1037,#639,.T.);
#1446=EDGE_CURVE('',#1045,#1036,#640,.T.);
#1447=EDGE_CURVE('',#1037,#1044,#641,.T.);
#1448=EDGE_CURVE('',#1063,#1003,#642,.T.);
#1449=EDGE_CURVE('',#1144,#1064,#643,.T.);
#1450=EDGE_CURVE('',#1066,#1004,#644,.T.);
#1451=ORIENTED_EDGE('',*,*,#1145,.F.);
#1452=ORIENTED_EDGE('',*,*,#1146,.T.);
#1453=ORIENTED_EDGE('',*,*,#1147,.F.);
#1454=ORIENTED_EDGE('',*,*,#1146,.F.);
#1455=ORIENTED_EDGE('',*,*,#1148,.F.);
#1456=ORIENTED_EDGE('',*,*,#1149,.T.);
#1457=ORIENTED_EDGE('',*,*,#1150,.F.);
#1458=ORIENTED_EDGE('',*,*,#1151,.F.);
#1459=ORIENTED_EDGE('',*,*,#1152,.F.);
#1460=ORIENTED_EDGE('',*,*,#1151,.T.);
#1461=ORIENTED_EDGE('',*,*,#1153,.F.);
#1462=ORIENTED_EDGE('',*,*,#1154,.F.);
#1463=ORIENTED_EDGE('',*,*,#1155,.F.);
#1464=ORIENTED_EDGE('',*,*,#1154,.T.);
#1465=ORIENTED_EDGE('',*,*,#1156,.F.);
#1466=ORIENTED_EDGE('',*,*,#1157,.F.);
#1467=ORIENTED_EDGE('',*,*,#1158,.F.);
#1468=ORIENTED_EDGE('',*,*,#1157,.T.);
#1469=ORIENTED_EDGE('',*,*,#1159,.F.);
#1470=ORIENTED_EDGE('',*,*,#1149,.F.);
#1471=ORIENTED_EDGE('',*,*,#1159,.T.);
#1472=ORIENTED_EDGE('',*,*,#1156,.T.);
#1473=ORIENTED_EDGE('',*,*,#1153,.T.);
#1474=ORIENTED_EDGE('',*,*,#1150,.T.);
#1475=ORIENTED_EDGE('',*,*,#1145,.T.);
#1476=ORIENTED_EDGE('',*,*,#1160,.F.);
#1477=ORIENTED_EDGE('',*,*,#1161,.F.);
#1478=ORIENTED_EDGE('',*,*,#1162,.F.);
#1479=ORIENTED_EDGE('',*,*,#1163,.F.);
#1480=ORIENTED_EDGE('',*,*,#1164,.F.);
#1481=ORIENTED_EDGE('',*,*,#1165,.T.);
#1482=ORIENTED_EDGE('',*,*,#1166,.F.);
#1483=ORIENTED_EDGE('',*,*,#1167,.F.);
#1484=ORIENTED_EDGE('',*,*,#1168,.T.);
#1485=ORIENTED_EDGE('',*,*,#1169,.F.);
#1486=ORIENTED_EDGE('',*,*,#1170,.T.);
#1487=ORIENTED_EDGE('',*,*,#1171,.T.);
#1488=ORIENTED_EDGE('',*,*,#1172,.T.);
#1489=ORIENTED_EDGE('',*,*,#1173,.T.);
#1490=ORIENTED_EDGE('',*,*,#1174,.T.);
#1491=ORIENTED_EDGE('',*,*,#1175,.T.);
#1492=ORIENTED_EDGE('',*,*,#1176,.T.);
#1493=ORIENTED_EDGE('',*,*,#1177,.T.);
#1494=ORIENTED_EDGE('',*,*,#1178,.T.);
#1495=ORIENTED_EDGE('',*,*,#1148,.T.);
#1496=ORIENTED_EDGE('',*,*,#1152,.T.);
#1497=ORIENTED_EDGE('',*,*,#1155,.T.);
#1498=ORIENTED_EDGE('',*,*,#1158,.T.);
#1499=ORIENTED_EDGE('',*,*,#1179,.F.);
#1500=ORIENTED_EDGE('',*,*,#1180,.F.);
#1501=ORIENTED_EDGE('',*,*,#1181,.F.);
#1502=ORIENTED_EDGE('',*,*,#1182,.T.);
#1503=ORIENTED_EDGE('',*,*,#1183,.F.);
#1504=ORIENTED_EDGE('',*,*,#1182,.F.);
#1505=ORIENTED_EDGE('',*,*,#1184,.F.);
#1506=ORIENTED_EDGE('',*,*,#1185,.F.);
#1507=ORIENTED_EDGE('',*,*,#1186,.F.);
#1508=ORIENTED_EDGE('',*,*,#1187,.F.);
#1509=ORIENTED_EDGE('',*,*,#1188,.F.);
#1510=ORIENTED_EDGE('',*,*,#1189,.F.);
#1511=ORIENTED_EDGE('',*,*,#1190,.F.);
#1512=ORIENTED_EDGE('',*,*,#1180,.T.);
#1513=ORIENTED_EDGE('',*,*,#1187,.T.);
#1514=ORIENTED_EDGE('',*,*,#1179,.T.);
#1515=ORIENTED_EDGE('',*,*,#1183,.T.);
#1516=ORIENTED_EDGE('',*,*,#1191,.F.);
#1517=ORIENTED_EDGE('',*,*,#1192,.F.);
#1518=ORIENTED_EDGE('',*,*,#1193,.F.);
#1519=ORIENTED_EDGE('',*,*,#1194,.F.);
#1520=ORIENTED_EDGE('',*,*,#1195,.F.);
#1521=ORIENTED_EDGE('',*,*,#1185,.T.);
#1522=ORIENTED_EDGE('',*,*,#1196,.T.);
#1523=ORIENTED_EDGE('',*,*,#1197,.T.);
#1524=ORIENTED_EDGE('',*,*,#1198,.T.);
#1525=ORIENTED_EDGE('',*,*,#1199,.F.);
#1526=ORIENTED_EDGE('',*,*,#1200,.F.);
#1527=ORIENTED_EDGE('',*,*,#1189,.T.);
#1528=ORIENTED_EDGE('',*,*,#1201,.F.);
#1529=ORIENTED_EDGE('',*,*,#1202,.F.);
#1530=ORIENTED_EDGE('',*,*,#1203,.T.);
#1531=ORIENTED_EDGE('',*,*,#1204,.T.);
#1532=ORIENTED_EDGE('',*,*,#1205,.T.);
#1533=ORIENTED_EDGE('',*,*,#1186,.T.);
#1534=ORIENTED_EDGE('',*,*,#1200,.T.);
#1535=ORIENTED_EDGE('',*,*,#1206,.T.);
#1536=ORIENTED_EDGE('',*,*,#1191,.T.);
#1537=ORIENTED_EDGE('',*,*,#1207,.F.);
#1538=ORIENTED_EDGE('',*,*,#1208,.F.);
#1539=ORIENTED_EDGE('',*,*,#1209,.F.);
#1540=ORIENTED_EDGE('',*,*,#1210,.T.);
#1541=ORIENTED_EDGE('',*,*,#1211,.T.);
#1542=ORIENTED_EDGE('',*,*,#1208,.T.);
#1543=ORIENTED_EDGE('',*,*,#1194,.T.);
#1544=ORIENTED_EDGE('',*,*,#1212,.T.);
#1545=ORIENTED_EDGE('',*,*,#1213,.T.);
#1546=ORIENTED_EDGE('',*,*,#1210,.F.);
#1547=ORIENTED_EDGE('',*,*,#1214,.T.);
#1548=ORIENTED_EDGE('',*,*,#1215,.T.);
#1549=ORIENTED_EDGE('',*,*,#1216,.T.);
#1550=ORIENTED_EDGE('',*,*,#1212,.F.);
#1551=ORIENTED_EDGE('',*,*,#1217,.T.);
#1552=ORIENTED_EDGE('',*,*,#1218,.T.);
#1553=ORIENTED_EDGE('',*,*,#1202,.T.);
#1554=ORIENTED_EDGE('',*,*,#1209,.T.);
#1555=ORIENTED_EDGE('',*,*,#1219,.T.);
#1556=ORIENTED_EDGE('',*,*,#1220,.F.);
#1557=ORIENTED_EDGE('',*,*,#1221,.F.);
#1558=ORIENTED_EDGE('',*,*,#1206,.F.);
#1559=ORIENTED_EDGE('',*,*,#1222,.T.);
#1560=ORIENTED_EDGE('',*,*,#1192,.T.);
#1561=ORIENTED_EDGE('',*,*,#1221,.T.);
#1562=ORIENTED_EDGE('',*,*,#1162,.T.);
#1563=ORIENTED_EDGE('',*,*,#1223,.T.);
#1564=ORIENTED_EDGE('',*,*,#1224,.T.);
#1565=ORIENTED_EDGE('',*,*,#1222,.F.);
#1566=ORIENTED_EDGE('',*,*,#1161,.T.);
#1567=ORIENTED_EDGE('',*,*,#1225,.T.);
#1568=ORIENTED_EDGE('',*,*,#1226,.T.);
#1569=ORIENTED_EDGE('',*,*,#1223,.F.);
#1570=ORIENTED_EDGE('',*,*,#1160,.T.);
#1571=ORIENTED_EDGE('',*,*,#1188,.T.);
#1572=ORIENTED_EDGE('',*,*,#1195,.T.);
#1573=ORIENTED_EDGE('',*,*,#1207,.T.);
#1574=ORIENTED_EDGE('',*,*,#1201,.T.);
#1575=ORIENTED_EDGE('',*,*,#1227,.T.);
#1576=ORIENTED_EDGE('',*,*,#1163,.T.);
#1577=ORIENTED_EDGE('',*,*,#1220,.T.);
#1578=ORIENTED_EDGE('',*,*,#1199,.T.);
#1579=ORIENTED_EDGE('',*,*,#1214,.F.);
#1580=ORIENTED_EDGE('',*,*,#1193,.T.);
#1581=ORIENTED_EDGE('',*,*,#1224,.F.);
#1582=ORIENTED_EDGE('',*,*,#1228,.T.);
#1583=ORIENTED_EDGE('',*,*,#1217,.F.);
#1584=ORIENTED_EDGE('',*,*,#1228,.F.);
#1585=ORIENTED_EDGE('',*,*,#1226,.F.);
#1586=ORIENTED_EDGE('',*,*,#1229,.F.);
#1587=ORIENTED_EDGE('',*,*,#1230,.F.);
#1588=ORIENTED_EDGE('',*,*,#1231,.T.);
#1589=ORIENTED_EDGE('',*,*,#1197,.F.);
#1590=ORIENTED_EDGE('',*,*,#1232,.F.);
#1591=ORIENTED_EDGE('',*,*,#1190,.T.);
#1592=ORIENTED_EDGE('',*,*,#1205,.F.);
#1593=ORIENTED_EDGE('',*,*,#1233,.F.);
#1594=ORIENTED_EDGE('',*,*,#1234,.F.);
#1595=ORIENTED_EDGE('',*,*,#1232,.T.);
#1596=ORIENTED_EDGE('',*,*,#1196,.F.);
#1597=ORIENTED_EDGE('',*,*,#1184,.T.);
#1598=ORIENTED_EDGE('',*,*,#1181,.T.);
#1599=ORIENTED_EDGE('',*,*,#1235,.F.);
#1600=ORIENTED_EDGE('',*,*,#1233,.T.);
#1601=ORIENTED_EDGE('',*,*,#1204,.F.);
#1602=ORIENTED_EDGE('',*,*,#1236,.F.);
#1603=ORIENTED_EDGE('',*,*,#1230,.T.);
#1604=ORIENTED_EDGE('',*,*,#1234,.T.);
#1605=ORIENTED_EDGE('',*,*,#1235,.T.);
#1606=ORIENTED_EDGE('',*,*,#1237,.T.);
#1607=ORIENTED_EDGE('',*,*,#1238,.F.);
#1608=ORIENTED_EDGE('',*,*,#1239,.F.);
#1609=ORIENTED_EDGE('',*,*,#1240,.F.);
#1610=ORIENTED_EDGE('',*,*,#1241,.F.);
#1611=ORIENTED_EDGE('',*,*,#1242,.F.);
#1612=ORIENTED_EDGE('',*,*,#1243,.F.);
#1613=ORIENTED_EDGE('',*,*,#1244,.F.);
#1614=ORIENTED_EDGE('',*,*,#1245,.F.);
#1615=ORIENTED_EDGE('',*,*,#1242,.T.);
#1616=ORIENTED_EDGE('',*,*,#1246,.F.);
#1617=ORIENTED_EDGE('',*,*,#1240,.T.);
#1618=ORIENTED_EDGE('',*,*,#1247,.F.);
#1619=ORIENTED_EDGE('',*,*,#1248,.F.);
#1620=ORIENTED_EDGE('',*,*,#1249,.F.);
#1621=ORIENTED_EDGE('',*,*,#1250,.T.);
#1622=ORIENTED_EDGE('',*,*,#1251,.T.);
#1623=ORIENTED_EDGE('',*,*,#1245,.T.);
#1624=ORIENTED_EDGE('',*,*,#1252,.T.);
#1625=ORIENTED_EDGE('',*,*,#1241,.T.);
#1626=ORIENTED_EDGE('',*,*,#1246,.T.);
#1627=ORIENTED_EDGE('',*,*,#1253,.F.);
#1628=ORIENTED_EDGE('',*,*,#1254,.T.);
#1629=ORIENTED_EDGE('',*,*,#1171,.F.);
#1630=ORIENTED_EDGE('',*,*,#1255,.F.);
#1631=ORIENTED_EDGE('',*,*,#1256,.F.);
#1632=ORIENTED_EDGE('',*,*,#1255,.T.);
#1633=ORIENTED_EDGE('',*,*,#1170,.F.);
#1634=ORIENTED_EDGE('',*,*,#1257,.F.);
#1635=ORIENTED_EDGE('',*,*,#1258,.F.);
#1636=ORIENTED_EDGE('',*,*,#1257,.T.);
#1637=ORIENTED_EDGE('',*,*,#1172,.F.);
#1638=ORIENTED_EDGE('',*,*,#1254,.F.);
#1639=ORIENTED_EDGE('',*,*,#1259,.F.);
#1640=ORIENTED_EDGE('',*,*,#1260,.T.);
#1641=ORIENTED_EDGE('',*,*,#1174,.F.);
#1642=ORIENTED_EDGE('',*,*,#1261,.F.);
#1643=ORIENTED_EDGE('',*,*,#1262,.F.);
#1644=ORIENTED_EDGE('',*,*,#1261,.T.);
#1645=ORIENTED_EDGE('',*,*,#1173,.F.);
#1646=ORIENTED_EDGE('',*,*,#1263,.F.);
#1647=ORIENTED_EDGE('',*,*,#1264,.F.);
#1648=ORIENTED_EDGE('',*,*,#1263,.T.);
#1649=ORIENTED_EDGE('',*,*,#1175,.F.);
#1650=ORIENTED_EDGE('',*,*,#1260,.F.);
#1651=ORIENTED_EDGE('',*,*,#1265,.F.);
#1652=ORIENTED_EDGE('',*,*,#1266,.T.);
#1653=ORIENTED_EDGE('',*,*,#1177,.F.);
#1654=ORIENTED_EDGE('',*,*,#1267,.F.);
#1655=ORIENTED_EDGE('',*,*,#1268,.F.);
#1656=ORIENTED_EDGE('',*,*,#1267,.T.);
#1657=ORIENTED_EDGE('',*,*,#1176,.F.);
#1658=ORIENTED_EDGE('',*,*,#1269,.F.);
#1659=ORIENTED_EDGE('',*,*,#1270,.F.);
#1660=ORIENTED_EDGE('',*,*,#1269,.T.);
#1661=ORIENTED_EDGE('',*,*,#1178,.F.);
#1662=ORIENTED_EDGE('',*,*,#1266,.F.);
#1663=ORIENTED_EDGE('',*,*,#1167,.T.);
#1664=ORIENTED_EDGE('',*,*,#1271,.T.);
#1665=ORIENTED_EDGE('',*,*,#1272,.T.);
#1666=ORIENTED_EDGE('',*,*,#1273,.T.);
#1667=ORIENTED_EDGE('',*,*,#1272,.F.);
#1668=ORIENTED_EDGE('',*,*,#1274,.F.);
#1669=ORIENTED_EDGE('',*,*,#1275,.F.);
#1670=ORIENTED_EDGE('',*,*,#1276,.F.);
#1671=ORIENTED_EDGE('',*,*,#1277,.F.);
#1672=ORIENTED_EDGE('',*,*,#1278,.T.);
#1673=ORIENTED_EDGE('',*,*,#1147,.T.);
#1674=ORIENTED_EDGE('',*,*,#1256,.T.);
#1675=ORIENTED_EDGE('',*,*,#1258,.T.);
#1676=ORIENTED_EDGE('',*,*,#1253,.T.);
#1677=ORIENTED_EDGE('',*,*,#1262,.T.);
#1678=ORIENTED_EDGE('',*,*,#1264,.T.);
#1679=ORIENTED_EDGE('',*,*,#1259,.T.);
#1680=ORIENTED_EDGE('',*,*,#1268,.T.);
#1681=ORIENTED_EDGE('',*,*,#1270,.T.);
#1682=ORIENTED_EDGE('',*,*,#1265,.T.);
#1683=ORIENTED_EDGE('',*,*,#1271,.F.);
#1684=ORIENTED_EDGE('',*,*,#1166,.T.);
#1685=ORIENTED_EDGE('',*,*,#1279,.T.);
#1686=ORIENTED_EDGE('',*,*,#1280,.T.);
#1687=ORIENTED_EDGE('',*,*,#1281,.T.);
#1688=ORIENTED_EDGE('',*,*,#1274,.T.);
#1689=ORIENTED_EDGE('',*,*,#1282,.T.);
#1690=ORIENTED_EDGE('',*,*,#1283,.T.);
#1691=ORIENTED_EDGE('',*,*,#1284,.T.);
#1692=ORIENTED_EDGE('',*,*,#1285,.T.);
#1693=ORIENTED_EDGE('',*,*,#1282,.F.);
#1694=ORIENTED_EDGE('',*,*,#1286,.T.);
#1695=ORIENTED_EDGE('',*,*,#1287,.F.);
#1696=ORIENTED_EDGE('',*,*,#1288,.F.);
#1697=ORIENTED_EDGE('',*,*,#1289,.F.);
#1698=ORIENTED_EDGE('',*,*,#1290,.F.);
#1699=ORIENTED_EDGE('',*,*,#1291,.T.);
#1700=ORIENTED_EDGE('',*,*,#1292,.T.);
#1701=ORIENTED_EDGE('',*,*,#1293,.T.);
#1702=ORIENTED_EDGE('',*,*,#1294,.T.);
#1703=ORIENTED_EDGE('',*,*,#1295,.T.);
#1704=ORIENTED_EDGE('',*,*,#1296,.T.);
#1705=ORIENTED_EDGE('',*,*,#1297,.T.);
#1706=ORIENTED_EDGE('',*,*,#1298,.T.);
#1707=ORIENTED_EDGE('',*,*,#1299,.T.);
#1708=ORIENTED_EDGE('',*,*,#1300,.T.);
#1709=ORIENTED_EDGE('',*,*,#1301,.T.);
#1710=ORIENTED_EDGE('',*,*,#1302,.T.);
#1711=ORIENTED_EDGE('',*,*,#1303,.T.);
#1712=ORIENTED_EDGE('',*,*,#1304,.T.);
#1713=ORIENTED_EDGE('',*,*,#1305,.T.);
#1714=ORIENTED_EDGE('',*,*,#1285,.F.);
#1715=ORIENTED_EDGE('',*,*,#1306,.F.);
#1716=ORIENTED_EDGE('',*,*,#1307,.F.);
#1717=ORIENTED_EDGE('',*,*,#1286,.F.);
#1718=ORIENTED_EDGE('',*,*,#1308,.F.);
#1719=ORIENTED_EDGE('',*,*,#1309,.F.);
#1720=ORIENTED_EDGE('',*,*,#1310,.F.);
#1721=ORIENTED_EDGE('',*,*,#1311,.F.);
#1722=ORIENTED_EDGE('',*,*,#1308,.T.);
#1723=ORIENTED_EDGE('',*,*,#1312,.F.);
#1724=ORIENTED_EDGE('',*,*,#1313,.F.);
#1725=ORIENTED_EDGE('',*,*,#1314,.T.);
#1726=ORIENTED_EDGE('',*,*,#1315,.T.);
#1727=ORIENTED_EDGE('',*,*,#1316,.T.);
#1728=ORIENTED_EDGE('',*,*,#1317,.T.);
#1729=ORIENTED_EDGE('',*,*,#1318,.T.);
#1730=ORIENTED_EDGE('',*,*,#1311,.T.);
#1731=ORIENTED_EDGE('',*,*,#1319,.T.);
#1732=ORIENTED_EDGE('',*,*,#1320,.T.);
#1733=ORIENTED_EDGE('',*,*,#1321,.T.);
#1734=ORIENTED_EDGE('',*,*,#1322,.T.);
#1735=ORIENTED_EDGE('',*,*,#1323,.T.);
#1736=ORIENTED_EDGE('',*,*,#1324,.T.);
#1737=ORIENTED_EDGE('',*,*,#1325,.T.);
#1738=ORIENTED_EDGE('',*,*,#1326,.T.);
#1739=ORIENTED_EDGE('',*,*,#1327,.T.);
#1740=ORIENTED_EDGE('',*,*,#1328,.T.);
#1741=ORIENTED_EDGE('',*,*,#1329,.T.);
#1742=ORIENTED_EDGE('',*,*,#1330,.T.);
#1743=ORIENTED_EDGE('',*,*,#1331,.T.);
#1744=ORIENTED_EDGE('',*,*,#1332,.T.);
#1745=ORIENTED_EDGE('',*,*,#1333,.T.);
#1746=ORIENTED_EDGE('',*,*,#1310,.T.);
#1747=ORIENTED_EDGE('',*,*,#1334,.F.);
#1748=ORIENTED_EDGE('',*,*,#1335,.T.);
#1749=ORIENTED_EDGE('',*,*,#1291,.F.);
#1750=ORIENTED_EDGE('',*,*,#1336,.T.);
#1751=ORIENTED_EDGE('',*,*,#1337,.T.);
#1752=ORIENTED_EDGE('',*,*,#1338,.F.);
#1753=ORIENTED_EDGE('',*,*,#1293,.F.);
#1754=ORIENTED_EDGE('',*,*,#1339,.T.);
#1755=ORIENTED_EDGE('',*,*,#1340,.T.);
#1756=ORIENTED_EDGE('',*,*,#1336,.F.);
#1757=ORIENTED_EDGE('',*,*,#1292,.F.);
#1758=ORIENTED_EDGE('',*,*,#1338,.T.);
#1759=ORIENTED_EDGE('',*,*,#1341,.T.);
#1760=ORIENTED_EDGE('',*,*,#1339,.F.);
#1761=ORIENTED_EDGE('',*,*,#1341,.F.);
#1762=ORIENTED_EDGE('',*,*,#1337,.F.);
#1763=ORIENTED_EDGE('',*,*,#1340,.F.);
#1764=ORIENTED_EDGE('',*,*,#1342,.F.);
#1765=ORIENTED_EDGE('',*,*,#1343,.F.);
#1766=ORIENTED_EDGE('',*,*,#1344,.F.);
#1767=ORIENTED_EDGE('',*,*,#1294,.F.);
#1768=ORIENTED_EDGE('',*,*,#1345,.T.);
#1769=ORIENTED_EDGE('',*,*,#1346,.T.);
#1770=ORIENTED_EDGE('',*,*,#1347,.F.);
#1771=ORIENTED_EDGE('',*,*,#1296,.F.);
#1772=ORIENTED_EDGE('',*,*,#1348,.T.);
#1773=ORIENTED_EDGE('',*,*,#1349,.T.);
#1774=ORIENTED_EDGE('',*,*,#1345,.F.);
#1775=ORIENTED_EDGE('',*,*,#1295,.F.);
#1776=ORIENTED_EDGE('',*,*,#1347,.T.);
#1777=ORIENTED_EDGE('',*,*,#1350,.T.);
#1778=ORIENTED_EDGE('',*,*,#1348,.F.);
#1779=ORIENTED_EDGE('',*,*,#1350,.F.);
#1780=ORIENTED_EDGE('',*,*,#1346,.F.);
#1781=ORIENTED_EDGE('',*,*,#1349,.F.);
#1782=ORIENTED_EDGE('',*,*,#1351,.F.);
#1783=ORIENTED_EDGE('',*,*,#1352,.F.);
#1784=ORIENTED_EDGE('',*,*,#1353,.F.);
#1785=ORIENTED_EDGE('',*,*,#1297,.F.);
#1786=ORIENTED_EDGE('',*,*,#1354,.T.);
#1787=ORIENTED_EDGE('',*,*,#1355,.T.);
#1788=ORIENTED_EDGE('',*,*,#1356,.F.);
#1789=ORIENTED_EDGE('',*,*,#1299,.F.);
#1790=ORIENTED_EDGE('',*,*,#1357,.T.);
#1791=ORIENTED_EDGE('',*,*,#1358,.T.);
#1792=ORIENTED_EDGE('',*,*,#1354,.F.);
#1793=ORIENTED_EDGE('',*,*,#1298,.F.);
#1794=ORIENTED_EDGE('',*,*,#1356,.T.);
#1795=ORIENTED_EDGE('',*,*,#1359,.T.);
#1796=ORIENTED_EDGE('',*,*,#1357,.F.);
#1797=ORIENTED_EDGE('',*,*,#1359,.F.);
#1798=ORIENTED_EDGE('',*,*,#1355,.F.);
#1799=ORIENTED_EDGE('',*,*,#1358,.F.);
#1800=ORIENTED_EDGE('',*,*,#1360,.F.);
#1801=ORIENTED_EDGE('',*,*,#1361,.F.);
#1802=ORIENTED_EDGE('',*,*,#1362,.F.);
#1803=ORIENTED_EDGE('',*,*,#1300,.F.);
#1804=ORIENTED_EDGE('',*,*,#1363,.T.);
#1805=ORIENTED_EDGE('',*,*,#1364,.T.);
#1806=ORIENTED_EDGE('',*,*,#1365,.F.);
#1807=ORIENTED_EDGE('',*,*,#1302,.F.);
#1808=ORIENTED_EDGE('',*,*,#1366,.T.);
#1809=ORIENTED_EDGE('',*,*,#1367,.T.);
#1810=ORIENTED_EDGE('',*,*,#1363,.F.);
#1811=ORIENTED_EDGE('',*,*,#1301,.F.);
#1812=ORIENTED_EDGE('',*,*,#1365,.T.);
#1813=ORIENTED_EDGE('',*,*,#1368,.T.);
#1814=ORIENTED_EDGE('',*,*,#1366,.F.);
#1815=ORIENTED_EDGE('',*,*,#1368,.F.);
#1816=ORIENTED_EDGE('',*,*,#1364,.F.);
#1817=ORIENTED_EDGE('',*,*,#1367,.F.);
#1818=ORIENTED_EDGE('',*,*,#1369,.F.);
#1819=ORIENTED_EDGE('',*,*,#1370,.F.);
#1820=ORIENTED_EDGE('',*,*,#1371,.F.);
#1821=ORIENTED_EDGE('',*,*,#1342,.T.);
#1822=ORIENTED_EDGE('',*,*,#1372,.T.);
#1823=ORIENTED_EDGE('',*,*,#1330,.F.);
#1824=ORIENTED_EDGE('',*,*,#1373,.T.);
#1825=ORIENTED_EDGE('',*,*,#1351,.T.);
#1826=ORIENTED_EDGE('',*,*,#1374,.T.);
#1827=ORIENTED_EDGE('',*,*,#1321,.F.);
#1828=ORIENTED_EDGE('',*,*,#1375,.T.);
#1829=ORIENTED_EDGE('',*,*,#1360,.T.);
#1830=ORIENTED_EDGE('',*,*,#1376,.T.);
#1831=ORIENTED_EDGE('',*,*,#1327,.F.);
#1832=ORIENTED_EDGE('',*,*,#1377,.T.);
#1833=ORIENTED_EDGE('',*,*,#1369,.T.);
#1834=ORIENTED_EDGE('',*,*,#1378,.T.);
#1835=ORIENTED_EDGE('',*,*,#1322,.F.);
#1836=ORIENTED_EDGE('',*,*,#1379,.T.);
#1837=ORIENTED_EDGE('',*,*,#1380,.F.);
#1838=ORIENTED_EDGE('',*,*,#1381,.T.);
#1839=ORIENTED_EDGE('',*,*,#1382,.F.);
#1840=ORIENTED_EDGE('',*,*,#1381,.F.);
#1841=ORIENTED_EDGE('',*,*,#1383,.F.);
#1842=ORIENTED_EDGE('',*,*,#1384,.T.);
#1843=ORIENTED_EDGE('',*,*,#1385,.F.);
#1844=ORIENTED_EDGE('',*,*,#1384,.F.);
#1845=ORIENTED_EDGE('',*,*,#1386,.F.);
#1846=ORIENTED_EDGE('',*,*,#1387,.T.);
#1847=ORIENTED_EDGE('',*,*,#1388,.F.);
#1848=ORIENTED_EDGE('',*,*,#1387,.F.);
#1849=ORIENTED_EDGE('',*,*,#1389,.F.);
#1850=ORIENTED_EDGE('',*,*,#1390,.T.);
#1851=ORIENTED_EDGE('',*,*,#1391,.F.);
#1852=ORIENTED_EDGE('',*,*,#1390,.F.);
#1853=ORIENTED_EDGE('',*,*,#1392,.F.);
#1854=ORIENTED_EDGE('',*,*,#1393,.T.);
#1855=ORIENTED_EDGE('',*,*,#1394,.T.);
#1856=ORIENTED_EDGE('',*,*,#1393,.F.);
#1857=ORIENTED_EDGE('',*,*,#1394,.F.);
#1858=ORIENTED_EDGE('',*,*,#1382,.T.);
#1859=ORIENTED_EDGE('',*,*,#1395,.F.);
#1860=ORIENTED_EDGE('',*,*,#1396,.T.);
#1861=ORIENTED_EDGE('',*,*,#1397,.T.);
#1862=ORIENTED_EDGE('',*,*,#1396,.F.);
#1863=ORIENTED_EDGE('',*,*,#1397,.F.);
#1864=ORIENTED_EDGE('',*,*,#1391,.T.);
#1865=ORIENTED_EDGE('',*,*,#1398,.F.);
#1866=ORIENTED_EDGE('',*,*,#1399,.T.);
#1867=ORIENTED_EDGE('',*,*,#1400,.T.);
#1868=ORIENTED_EDGE('',*,*,#1399,.F.);
#1869=ORIENTED_EDGE('',*,*,#1400,.F.);
#1870=ORIENTED_EDGE('',*,*,#1388,.T.);
#1871=ORIENTED_EDGE('',*,*,#1401,.F.);
#1872=ORIENTED_EDGE('',*,*,#1402,.T.);
#1873=ORIENTED_EDGE('',*,*,#1403,.T.);
#1874=ORIENTED_EDGE('',*,*,#1402,.F.);
#1875=ORIENTED_EDGE('',*,*,#1403,.F.);
#1876=ORIENTED_EDGE('',*,*,#1385,.T.);
#1877=ORIENTED_EDGE('',*,*,#1239,.T.);
#1878=ORIENTED_EDGE('',*,*,#1404,.F.);
#1879=ORIENTED_EDGE('',*,*,#1315,.F.);
#1880=ORIENTED_EDGE('',*,*,#1247,.T.);
#1881=ORIENTED_EDGE('',*,*,#1244,.T.);
#1882=ORIENTED_EDGE('',*,*,#1405,.F.);
#1883=ORIENTED_EDGE('',*,*,#1316,.F.);
#1884=ORIENTED_EDGE('',*,*,#1404,.T.);
#1885=ORIENTED_EDGE('',*,*,#1238,.T.);
#1886=ORIENTED_EDGE('',*,*,#1252,.F.);
#1887=ORIENTED_EDGE('',*,*,#1243,.T.);
#1888=ORIENTED_EDGE('',*,*,#1251,.F.);
#1889=ORIENTED_EDGE('',*,*,#1317,.F.);
#1890=ORIENTED_EDGE('',*,*,#1405,.T.);
#1891=ORIENTED_EDGE('',*,*,#1406,.F.);
#1892=ORIENTED_EDGE('',*,*,#1312,.T.);
#1893=ORIENTED_EDGE('',*,*,#1318,.F.);
#1894=ORIENTED_EDGE('',*,*,#1250,.F.);
#1895=ORIENTED_EDGE('',*,*,#1407,.F.);
#1896=ORIENTED_EDGE('',*,*,#1248,.T.);
#1897=ORIENTED_EDGE('',*,*,#1314,.F.);
#1898=ORIENTED_EDGE('',*,*,#1335,.F.);
#1899=ORIENTED_EDGE('',*,*,#1353,.T.);
#1900=ORIENTED_EDGE('',*,*,#1408,.F.);
#1901=ORIENTED_EDGE('',*,*,#1319,.F.);
#1902=ORIENTED_EDGE('',*,*,#1374,.F.);
#1903=ORIENTED_EDGE('',*,*,#1352,.T.);
#1904=ORIENTED_EDGE('',*,*,#1375,.F.);
#1905=ORIENTED_EDGE('',*,*,#1320,.F.);
#1906=ORIENTED_EDGE('',*,*,#1408,.T.);
#1907=ORIENTED_EDGE('',*,*,#1371,.T.);
#1908=ORIENTED_EDGE('',*,*,#1409,.F.);
#1909=ORIENTED_EDGE('',*,*,#1323,.F.);
#1910=ORIENTED_EDGE('',*,*,#1378,.F.);
#1911=ORIENTED_EDGE('',*,*,#1370,.T.);
#1912=ORIENTED_EDGE('',*,*,#1379,.F.);
#1913=ORIENTED_EDGE('',*,*,#1324,.F.);
#1914=ORIENTED_EDGE('',*,*,#1409,.T.);
#1915=ORIENTED_EDGE('',*,*,#1362,.T.);
#1916=ORIENTED_EDGE('',*,*,#1410,.F.);
#1917=ORIENTED_EDGE('',*,*,#1325,.F.);
#1918=ORIENTED_EDGE('',*,*,#1376,.F.);
#1919=ORIENTED_EDGE('',*,*,#1361,.T.);
#1920=ORIENTED_EDGE('',*,*,#1377,.F.);
#1921=ORIENTED_EDGE('',*,*,#1326,.F.);
#1922=ORIENTED_EDGE('',*,*,#1410,.T.);
#1923=ORIENTED_EDGE('',*,*,#1305,.F.);
#1924=ORIENTED_EDGE('',*,*,#1411,.F.);
#1925=ORIENTED_EDGE('',*,*,#1331,.F.);
#1926=ORIENTED_EDGE('',*,*,#1412,.F.);
#1927=ORIENTED_EDGE('',*,*,#1303,.F.);
#1928=ORIENTED_EDGE('',*,*,#1412,.T.);
#1929=ORIENTED_EDGE('',*,*,#1333,.F.);
#1930=ORIENTED_EDGE('',*,*,#1413,.T.);
#1931=ORIENTED_EDGE('',*,*,#1304,.F.);
#1932=ORIENTED_EDGE('',*,*,#1413,.F.);
#1933=ORIENTED_EDGE('',*,*,#1332,.F.);
#1934=ORIENTED_EDGE('',*,*,#1411,.T.);
#1935=ORIENTED_EDGE('',*,*,#1344,.T.);
#1936=ORIENTED_EDGE('',*,*,#1414,.F.);
#1937=ORIENTED_EDGE('',*,*,#1328,.F.);
#1938=ORIENTED_EDGE('',*,*,#1372,.F.);
#1939=ORIENTED_EDGE('',*,*,#1343,.T.);
#1940=ORIENTED_EDGE('',*,*,#1373,.F.);
#1941=ORIENTED_EDGE('',*,*,#1329,.F.);
#1942=ORIENTED_EDGE('',*,*,#1414,.T.);
#1943=ORIENTED_EDGE('',*,*,#1415,.F.);
#1944=ORIENTED_EDGE('',*,*,#1416,.T.);
#1945=ORIENTED_EDGE('',*,*,#1417,.F.);
#1946=ORIENTED_EDGE('',*,*,#1416,.F.);
#1947=ORIENTED_EDGE('',*,*,#1418,.F.);
#1948=ORIENTED_EDGE('',*,*,#1419,.T.);
#1949=ORIENTED_EDGE('',*,*,#1420,.F.);
#1950=ORIENTED_EDGE('',*,*,#1280,.F.);
#1951=ORIENTED_EDGE('',*,*,#1421,.F.);
#1952=ORIENTED_EDGE('',*,*,#1422,.T.);
#1953=ORIENTED_EDGE('',*,*,#1423,.F.);
#1954=ORIENTED_EDGE('',*,*,#1419,.F.);
#1955=ORIENTED_EDGE('',*,*,#1424,.F.);
#1956=ORIENTED_EDGE('',*,*,#1425,.T.);
#1957=ORIENTED_EDGE('',*,*,#1426,.F.);
#1958=ORIENTED_EDGE('',*,*,#1422,.F.);
#1959=ORIENTED_EDGE('',*,*,#1427,.F.);
#1960=ORIENTED_EDGE('',*,*,#1428,.T.);
#1961=ORIENTED_EDGE('',*,*,#1429,.F.);
#1962=ORIENTED_EDGE('',*,*,#1425,.F.);
#1963=ORIENTED_EDGE('',*,*,#1430,.F.);
#1964=ORIENTED_EDGE('',*,*,#1431,.T.);
#1965=ORIENTED_EDGE('',*,*,#1432,.F.);
#1966=ORIENTED_EDGE('',*,*,#1428,.F.);
#1967=ORIENTED_EDGE('',*,*,#1433,.F.);
#1968=ORIENTED_EDGE('',*,*,#1434,.T.);
#1969=ORIENTED_EDGE('',*,*,#1435,.F.);
#1970=ORIENTED_EDGE('',*,*,#1431,.F.);
#1971=ORIENTED_EDGE('',*,*,#1436,.F.);
#1972=ORIENTED_EDGE('',*,*,#1437,.F.);
#1973=ORIENTED_EDGE('',*,*,#1438,.F.);
#1974=ORIENTED_EDGE('',*,*,#1434,.F.);
#1975=ORIENTED_EDGE('',*,*,#1420,.T.);
#1976=ORIENTED_EDGE('',*,*,#1423,.T.);
#1977=ORIENTED_EDGE('',*,*,#1426,.T.);
#1978=ORIENTED_EDGE('',*,*,#1429,.T.);
#1979=ORIENTED_EDGE('',*,*,#1432,.T.);
#1980=ORIENTED_EDGE('',*,*,#1435,.T.);
#1981=ORIENTED_EDGE('',*,*,#1438,.T.);
#1982=ORIENTED_EDGE('',*,*,#1439,.F.);
#1983=ORIENTED_EDGE('',*,*,#1289,.T.);
#1984=ORIENTED_EDGE('',*,*,#1440,.F.);
#1985=ORIENTED_EDGE('',*,*,#1275,.T.);
#1986=ORIENTED_EDGE('',*,*,#1281,.F.);
#1987=ORIENTED_EDGE('',*,*,#1380,.T.);
#1988=ORIENTED_EDGE('',*,*,#1383,.T.);
#1989=ORIENTED_EDGE('',*,*,#1386,.T.);
#1990=ORIENTED_EDGE('',*,*,#1389,.T.);
#1991=ORIENTED_EDGE('',*,*,#1283,.F.);
#1992=ORIENTED_EDGE('',*,*,#1290,.T.);
#1993=ORIENTED_EDGE('',*,*,#1439,.T.);
#1994=ORIENTED_EDGE('',*,*,#1437,.T.);
#1995=ORIENTED_EDGE('',*,*,#1441,.T.);
#1996=ORIENTED_EDGE('',*,*,#1442,.T.);
#1997=ORIENTED_EDGE('',*,*,#1436,.T.);
#1998=ORIENTED_EDGE('',*,*,#1433,.T.);
#1999=ORIENTED_EDGE('',*,*,#1430,.T.);
#2000=ORIENTED_EDGE('',*,*,#1427,.T.);
#2001=ORIENTED_EDGE('',*,*,#1424,.T.);
#2002=ORIENTED_EDGE('',*,*,#1421,.T.);
#2003=ORIENTED_EDGE('',*,*,#1418,.T.);
#2004=ORIENTED_EDGE('',*,*,#1279,.F.);
#2005=ORIENTED_EDGE('',*,*,#1165,.F.);
#2006=ORIENTED_EDGE('',*,*,#1443,.T.);
#2007=ORIENTED_EDGE('',*,*,#1444,.T.);
#2008=ORIENTED_EDGE('',*,*,#1441,.F.);
#2009=ORIENTED_EDGE('',*,*,#1392,.T.);
#2010=ORIENTED_EDGE('',*,*,#1395,.T.);
#2011=ORIENTED_EDGE('',*,*,#1398,.T.);
#2012=ORIENTED_EDGE('',*,*,#1401,.T.);
#2013=ORIENTED_EDGE('',*,*,#1273,.F.);
#2014=ORIENTED_EDGE('',*,*,#1278,.F.);
#2015=ORIENTED_EDGE('',*,*,#1445,.F.);
#2016=ORIENTED_EDGE('',*,*,#1168,.F.);
#2017=ORIENTED_EDGE('',*,*,#1288,.T.);
#2018=ORIENTED_EDGE('',*,*,#1446,.T.);
#2019=ORIENTED_EDGE('',*,*,#1276,.T.);
#2020=ORIENTED_EDGE('',*,*,#1440,.T.);
#2021=ORIENTED_EDGE('',*,*,#1417,.T.);
#2022=ORIENTED_EDGE('',*,*,#1287,.T.);
#2023=ORIENTED_EDGE('',*,*,#1447,.F.);
#2024=ORIENTED_EDGE('',*,*,#1277,.T.);
#2025=ORIENTED_EDGE('',*,*,#1446,.F.);
#2026=ORIENTED_EDGE('',*,*,#1215,.F.);
#2027=ORIENTED_EDGE('',*,*,#1229,.T.);
#2028=ORIENTED_EDGE('',*,*,#1225,.F.);
#2029=ORIENTED_EDGE('',*,*,#1169,.T.);
#2030=ORIENTED_EDGE('',*,*,#1445,.T.);
#2031=ORIENTED_EDGE('',*,*,#1447,.T.);
#2032=ORIENTED_EDGE('',*,*,#1307,.T.);
#2033=ORIENTED_EDGE('',*,*,#1448,.T.);
#2034=ORIENTED_EDGE('',*,*,#1216,.F.);
#2035=ORIENTED_EDGE('',*,*,#1448,.F.);
#2036=ORIENTED_EDGE('',*,*,#1306,.T.);
#2037=ORIENTED_EDGE('',*,*,#1284,.F.);
#2038=ORIENTED_EDGE('',*,*,#1442,.F.);
#2039=ORIENTED_EDGE('',*,*,#1444,.F.);
#2040=ORIENTED_EDGE('',*,*,#1449,.T.);
#2041=ORIENTED_EDGE('',*,*,#1313,.T.);
#2042=ORIENTED_EDGE('',*,*,#1406,.T.);
#2043=ORIENTED_EDGE('',*,*,#1249,.T.);
#2044=ORIENTED_EDGE('',*,*,#1407,.T.);
#2045=ORIENTED_EDGE('',*,*,#1334,.T.);
#2046=ORIENTED_EDGE('',*,*,#1450,.T.);
#2047=ORIENTED_EDGE('',*,*,#1219,.F.);
#2048=ORIENTED_EDGE('',*,*,#1211,.F.);
#2049=ORIENTED_EDGE('',*,*,#1213,.F.);
#2050=ORIENTED_EDGE('',*,*,#1218,.F.);
#2051=ORIENTED_EDGE('',*,*,#1450,.F.);
#2052=ORIENTED_EDGE('',*,*,#1309,.T.);
#2053=ORIENTED_EDGE('',*,*,#1449,.F.);
#2054=ORIENTED_EDGE('',*,*,#1443,.F.);
#2055=ORIENTED_EDGE('',*,*,#1164,.T.);
#2056=ORIENTED_EDGE('',*,*,#1227,.F.);
#2057=ORIENTED_EDGE('',*,*,#1198,.F.);
#2058=ORIENTED_EDGE('',*,*,#1231,.F.);
#2059=ORIENTED_EDGE('',*,*,#1237,.F.);
#2060=ORIENTED_EDGE('',*,*,#1236,.T.);
#2061=ORIENTED_EDGE('',*,*,#1203,.F.);
#2062=ORIENTED_EDGE('',*,*,#1415,.T.);
#2063=CYLINDRICAL_SURFACE('',#2231,2.);
#2064=CYLINDRICAL_SURFACE('',#2253,1.);
#2065=CYLINDRICAL_SURFACE('',#2259,1.);
#2066=CYLINDRICAL_SURFACE('',#2265,1.);
#2067=CYLINDRICAL_SURFACE('',#2267,1.);
#2068=CYLINDRICAL_SURFACE('',#2272,1.);
#2069=CYLINDRICAL_SURFACE('',#2277,1.);
#2070=CYLINDRICAL_SURFACE('',#2279,1.);
#2071=CYLINDRICAL_SURFACE('',#2280,1.);
#2072=CYLINDRICAL_SURFACE('',#2282,4.);
#2073=CYLINDRICAL_SURFACE('',#2294,12.);
#2074=CYLINDRICAL_SURFACE('',#2299,3.);
#2075=CYLINDRICAL_SURFACE('',#2303,3.);
#2076=CYLINDRICAL_SURFACE('',#2309,2.7);
#2077=CYLINDRICAL_SURFACE('',#2311,1.);
#2078=CYLINDRICAL_SURFACE('',#2315,1.);
#2079=CYLINDRICAL_SURFACE('',#2335,3.);
#2080=CYLINDRICAL_SURFACE('',#2341,3.);
#2081=CYLINDRICAL_SURFACE('',#2347,3.);
#2082=CYLINDRICAL_SURFACE('',#2353,3.);
#2083=CYLINDRICAL_SURFACE('',#2362,1.6);
#2084=CYLINDRICAL_SURFACE('',#2363,1.25);
#2085=CYLINDRICAL_SURFACE('',#2366,1.25);
#2086=CYLINDRICAL_SURFACE('',#2369,1.25);
#2087=CYLINDRICAL_SURFACE('',#2372,1.25);
#2088=CYLINDRICAL_SURFACE('',#2375,1.75);
#2089=CYLINDRICAL_SURFACE('',#2379,1.75);
#2090=CYLINDRICAL_SURFACE('',#2383,1.75);
#2091=CYLINDRICAL_SURFACE('',#2387,1.75);
#2092=CYLINDRICAL_SURFACE('',#2392,10.);
#2093=CYLINDRICAL_SURFACE('',#2396,1.6);
#2094=CYLINDRICAL_SURFACE('',#2400,1.6);
#2095=CYLINDRICAL_SURFACE('',#2403,2.7);
#2096=CYLINDRICAL_SURFACE('',#2405,1.6);
#2097=CYLINDRICAL_SURFACE('',#2407,4.);
#2098=ADVANCED_FACE('',(#140),#2063,.F.);
#2099=ADVANCED_FACE('',(#141),#60,.T.);
#2100=ADVANCED_FACE('',(#142),#61,.T.);
#2101=ADVANCED_FACE('',(#143),#62,.T.);
#2102=ADVANCED_FACE('',(#144),#63,.T.);
#2103=ADVANCED_FACE('',(#145,#23),#64,.T.);
#2104=ADVANCED_FACE('',(#146,#24,#25,#26,#27),#65,.T.);
#2105=ADVANCED_FACE('',(#147),#66,.F.);
#2106=ADVANCED_FACE('',(#148),#67,.F.);
#2107=ADVANCED_FACE('',(#149),#68,.F.);
#2108=ADVANCED_FACE('',(#150),#69,.T.);
#2109=ADVANCED_FACE('',(#151),#70,.T.);
#2110=ADVANCED_FACE('',(#152),#71,.T.);
#2111=ADVANCED_FACE('',(#153),#2064,.T.);
#2112=ADVANCED_FACE('',(#154),#21,.T.);
#2113=ADVANCED_FACE('',(#155),#2065,.T.);
#2114=ADVANCED_FACE('',(#156),#19,.T.);
#2115=ADVANCED_FACE('',(#157),#2066,.T.);
#2116=ADVANCED_FACE('',(#158),#2067,.T.);
#2117=ADVANCED_FACE('',(#159),#22,.T.);
#2118=ADVANCED_FACE('',(#160),#2068,.T.);
#2119=ADVANCED_FACE('',(#161),#20,.T.);
#2120=ADVANCED_FACE('',(#162),#2069,.T.);
#2121=ADVANCED_FACE('',(#163),#2070,.T.);
#2122=ADVANCED_FACE('',(#164),#2071,.T.);
#2123=ADVANCED_FACE('',(#165),#2072,.F.);
#2124=ADVANCED_FACE('',(#166),#72,.T.);
#2125=ADVANCED_FACE('',(#167),#73,.T.);
#2126=ADVANCED_FACE('',(#168),#74,.T.);
#2127=ADVANCED_FACE('',(#169),#75,.T.);
#2128=ADVANCED_FACE('',(#170),#76,.T.);
#2129=ADVANCED_FACE('',(#171),#77,.F.);
#2130=ADVANCED_FACE('',(#172),#78,.F.);
#2131=ADVANCED_FACE('',(#173),#2073,.T.);
#2132=ADVANCED_FACE('',(#174),#79,.T.);
#2133=ADVANCED_FACE('',(#175),#2074,.F.);
#2134=ADVANCED_FACE('',(#176),#80,.F.);
#2135=ADVANCED_FACE('',(#177),#81,.F.);
#2136=ADVANCED_FACE('',(#178),#2075,.F.);
#2137=ADVANCED_FACE('',(#179),#82,.F.);
#2138=ADVANCED_FACE('',(#180),#83,.F.);
#2139=ADVANCED_FACE('',(#181),#84,.F.);
#2140=ADVANCED_FACE('',(#182),#85,.F.);
#2141=ADVANCED_FACE('',(#183),#2076,.F.);
#2142=ADVANCED_FACE('',(#184),#2077,.T.);
#2143=ADVANCED_FACE('',(#185,#28,#29,#30,#31),#86,.T.);
#2144=ADVANCED_FACE('',(#186),#87,.T.);
#2145=ADVANCED_FACE('',(#187),#2078,.T.);
#2146=ADVANCED_FACE('',(#188,#32,#33,#34,#35,#36),#88,.T.);
#2147=ADVANCED_FACE('',(#189),#89,.F.);
#2148=ADVANCED_FACE('',(#190),#90,.F.);
#2149=ADVANCED_FACE('',(#191),#91,.T.);
#2150=ADVANCED_FACE('',(#192,#37,#38,#39,#40,#41),#92,.T.);
#2151=ADVANCED_FACE('',(#193),#93,.T.);
#2152=ADVANCED_FACE('',(#194),#2079,.F.);
#2153=ADVANCED_FACE('',(#195),#94,.F.);
#2154=ADVANCED_FACE('',(#196),#95,.F.);
#2155=ADVANCED_FACE('',(#197,#42),#96,.T.);
#2156=ADVANCED_FACE('',(#198),#2080,.F.);
#2157=ADVANCED_FACE('',(#199),#97,.F.);
#2158=ADVANCED_FACE('',(#200),#98,.F.);
#2159=ADVANCED_FACE('',(#201,#43),#99,.T.);
#2160=ADVANCED_FACE('',(#202),#2081,.F.);
#2161=ADVANCED_FACE('',(#203),#100,.F.);
#2162=ADVANCED_FACE('',(#204),#101,.F.);
#2163=ADVANCED_FACE('',(#205,#44),#102,.T.);
#2164=ADVANCED_FACE('',(#206),#2082,.F.);
#2165=ADVANCED_FACE('',(#207),#103,.F.);
#2166=ADVANCED_FACE('',(#208),#104,.F.);
#2167=ADVANCED_FACE('',(#209,#45),#105,.T.);
#2168=ADVANCED_FACE('',(#210),#106,.F.);
#2169=ADVANCED_FACE('',(#211),#107,.F.);
#2170=ADVANCED_FACE('',(#212),#108,.F.);
#2171=ADVANCED_FACE('',(#213),#2083,.F.);
#2172=ADVANCED_FACE('',(#214),#2084,.F.);
#2173=ADVANCED_FACE('',(#215),#2085,.F.);
#2174=ADVANCED_FACE('',(#216),#2086,.F.);
#2175=ADVANCED_FACE('',(#217),#2087,.F.);
#2176=ADVANCED_FACE('',(#218),#2088,.F.);
#2177=ADVANCED_FACE('',(#219,#46),#109,.T.);
#2178=ADVANCED_FACE('',(#220),#2089,.F.);
#2179=ADVANCED_FACE('',(#221,#47),#110,.T.);
#2180=ADVANCED_FACE('',(#222),#2090,.F.);
#2181=ADVANCED_FACE('',(#223,#48),#111,.T.);
#2182=ADVANCED_FACE('',(#224),#2091,.F.);
#2183=ADVANCED_FACE('',(#225,#49),#112,.T.);
#2184=ADVANCED_FACE('',(#226),#113,.T.);
#2185=ADVANCED_FACE('',(#227),#2092,.F.);
#2186=ADVANCED_FACE('',(#228),#114,.T.);
#2187=ADVANCED_FACE('',(#229),#115,.T.);
#2188=ADVANCED_FACE('',(#230),#116,.T.);
#2189=ADVANCED_FACE('',(#231),#2093,.F.);
#2190=ADVANCED_FACE('',(#232),#117,.F.);
#2191=ADVANCED_FACE('',(#233),#118,.F.);
#2192=ADVANCED_FACE('',(#234),#119,.F.);
#2193=ADVANCED_FACE('',(#235),#2094,.F.);
#2194=ADVANCED_FACE('',(#236),#120,.F.);
#2195=ADVANCED_FACE('',(#237),#121,.F.);
#2196=ADVANCED_FACE('',(#238),#2095,.F.);
#2197=ADVANCED_FACE('',(#239),#122,.F.);
#2198=ADVANCED_FACE('',(#240),#2096,.F.);
#2199=ADVANCED_FACE('',(#241),#123,.F.);
#2200=ADVANCED_FACE('',(#242),#2097,.F.);
#2201=ADVANCED_FACE('',(#243),#124,.F.);
#2202=ADVANCED_FACE('',(#244),#125,.F.);
#2203=ADVANCED_FACE('',(#245),#126,.F.);
#2204=ADVANCED_FACE('',(#246),#127,.F.);
#2205=ADVANCED_FACE('',(#247),#128,.F.);
#2206=ADVANCED_FACE('',(#248),#129,.F.);
#2207=ADVANCED_FACE('',(#249),#130,.F.);
#2208=ADVANCED_FACE('',(#250,#50,#51,#52,#53),#131,.T.);
#2209=ADVANCED_FACE('',(#251),#132,.T.);
#2210=ADVANCED_FACE('',(#252,#54,#55,#56,#57),#133,.T.);
#2211=ADVANCED_FACE('',(#253),#134,.F.);
#2212=ADVANCED_FACE('',(#254,#58),#135,.T.);
#2213=ADVANCED_FACE('',(#255),#136,.T.);
#2214=ADVANCED_FACE('',(#256),#137,.T.);
#2215=ADVANCED_FACE('',(#257),#138,.T.);
#2216=ADVANCED_FACE('',(#258,#59),#139,.F.);
#2217=CLOSED_SHELL('',(#2098,#2099,#2100,#2101,#2102,#2103,#2104,#2105,
#2106,#2107,#2108,#2109,#2110,#2111,#2112,#2113,#2114,#2115,#2116,#2117,
#2118,#2119,#2120,#2121,#2122,#2123,#2124,#2125,#2126,#2127,#2128,#2129,
#2130,#2131,#2132,#2133,#2134,#2135,#2136,#2137,#2138,#2139,#2140,#2141,
#2142,#2143,#2144,#2145,#2146,#2147,#2148,#2149,#2150,#2151,#2152,#2153,
#2154,#2155,#2156,#2157,#2158,#2159,#2160,#2161,#2162,#2163,#2164,#2165,
#2166,#2167,#2168,#2169,#2170,#2171,#2172,#2173,#2174,#2175,#2176,#2177,
#2178,#2179,#2180,#2181,#2182,#2183,#2184,#2185,#2186,#2187,#2188,#2189,
#2190,#2191,#2192,#2193,#2194,#2195,#2196,#2197,#2198,#2199,#2200,#2201,
#2202,#2203,#2204,#2205,#2206,#2207,#2208,#2209,#2210,#2211,#2212,#2213,
#2214,#2215,#2216));
#2218=DERIVED_UNIT_ELEMENT(#2220,1.);
#2219=DERIVED_UNIT_ELEMENT(#3677,-3.);
#2220=(
MASS_UNIT()
NAMED_UNIT(*)
SI_UNIT(.KILO.,.GRAM.)
);
#2221=DERIVED_UNIT((#2218,#2219));
#2222=MEASURE_REPRESENTATION_ITEM('density measure',
POSITIVE_RATIO_MEASURE(7850.),#2221);
#2223=PROPERTY_DEFINITION_REPRESENTATION(#2228,#2225);
#2224=PROPERTY_DEFINITION_REPRESENTATION(#2229,#2226);
#2225=REPRESENTATION('material name',(#2227),#3674);
#2226=REPRESENTATION('density',(#2222),#3674);
#2227=DESCRIPTIVE_REPRESENTATION_ITEM('A\X\E7o','A\X\E7o');
#2228=PROPERTY_DEFINITION('material property','material name',#3684);
#2229=PROPERTY_DEFINITION('material property','density of part',#3684);
#2230=AXIS2_PLACEMENT_3D('',#3048,#2426,#2427);
#2231=AXIS2_PLACEMENT_3D('',#3049,#2428,#2429);
#2232=AXIS2_PLACEMENT_3D('',#3051,#2430,#2431);
#2233=AXIS2_PLACEMENT_3D('',#3054,#2433,#2434);
#2234=AXIS2_PLACEMENT_3D('',#3055,#2435,#2436);
#2235=AXIS2_PLACEMENT_3D('',#3064,#2441,#2442);
#2236=AXIS2_PLACEMENT_3D('',#3070,#2446,#2447);
#2237=AXIS2_PLACEMENT_3D('',#3076,#2451,#2452);
#2238=AXIS2_PLACEMENT_3D('',#3079,#2455,#2456);
#2239=AXIS2_PLACEMENT_3D('',#3080,#2457,#2458);
#2240=AXIS2_PLACEMENT_3D('',#3085,#2460,#2461);
#2241=AXIS2_PLACEMENT_3D('',#3097,#2467,#2468);
#2242=AXIS2_PLACEMENT_3D('',#3105,#2472,#2473);
#2243=AXIS2_PLACEMENT_3D('',#3111,#2476,#2477);
#2244=AXIS2_PLACEMENT_3D('',#3118,#2481,#2482);
#2245=AXIS2_PLACEMENT_3D('',#3119,#2483,#2484);
#2246=AXIS2_PLACEMENT_3D('',#3128,#2489,#2490);
#2247=AXIS2_PLACEMENT_3D('',#3135,#2494,#2495);
#2248=AXIS2_PLACEMENT_3D('',#3136,#2496,#2497);
#2249=AXIS2_PLACEMENT_3D('',#3140,#2499,#2500);
#2250=AXIS2_PLACEMENT_3D('',#3144,#2503,#2504);
#2251=AXIS2_PLACEMENT_3D('',#3154,#2510,#2511);
#2252=AXIS2_PLACEMENT_3D('',#3164,#2517,#2518);
#2253=AXIS2_PLACEMENT_3D('',#3174,#2524,#2525);
#2254=AXIS2_PLACEMENT_3D('',#3175,#2526,#2527);
#2255=AXIS2_PLACEMENT_3D('',#3176,#2528,#2529);
#2256=AXIS2_PLACEMENT_3D('',#3177,#2530,#2531);
#2257=AXIS2_PLACEMENT_3D('',#3179,#2532,#2533);
#2258=AXIS2_PLACEMENT_3D('',#3180,#2534,#2535);
#2259=AXIS2_PLACEMENT_3D('',#3181,#2536,#2537);
#2260=AXIS2_PLACEMENT_3D('',#3183,#2538,#2539);
#2261=AXIS2_PLACEMENT_3D('',#3185,#2541,#2542);
#2262=AXIS2_PLACEMENT_3D('',#3188,#2543,#2544);
#2263=AXIS2_PLACEMENT_3D('',#3189,#2545,#2546);
#2264=AXIS2_PLACEMENT_3D('',#3190,#2547,#2548);
#2265=AXIS2_PLACEMENT_3D('',#3191,#2549,#2550);
#2266=AXIS2_PLACEMENT_3D('',#3194,#2551,#2552);
#2267=AXIS2_PLACEMENT_3D('',#3197,#2555,#2556);
#2268=AXIS2_PLACEMENT_3D('',#3199,#2557,#2558);
#2269=AXIS2_PLACEMENT_3D('',#3201,#2560,#2561);
#2270=AXIS2_PLACEMENT_3D('',#3202,#2562,#2563);
#2271=AXIS2_PLACEMENT_3D('',#3203,#2564,#2565);
#2272=AXIS2_PLACEMENT_3D('',#3204,#2566,#2567);
#2273=AXIS2_PLACEMENT_3D('',#3205,#2568,#2569);
#2274=AXIS2_PLACEMENT_3D('',#3206,#2570,#2571);
#2275=AXIS2_PLACEMENT_3D('',#3208,#2572,#2573);
#2276=AXIS2_PLACEMENT_3D('',#3209,#2574,#2575);
#2277=AXIS2_PLACEMENT_3D('',#3210,#2576,#2577);
#2278=AXIS2_PLACEMENT_3D('',#3212,#2578,#2579);
#2279=AXIS2_PLACEMENT_3D('',#3214,#2581,#2582);
#2280=AXIS2_PLACEMENT_3D('',#3215,#2583,#2584);
#2281=AXIS2_PLACEMENT_3D('',#3216,#2585,#2586);
#2282=AXIS2_PLACEMENT_3D('',#3217,#2587,#2588);
#2283=AXIS2_PLACEMENT_3D('',#3219,#2590,#2591);
#2284=AXIS2_PLACEMENT_3D('',#3221,#2593,#2594);
#2285=AXIS2_PLACEMENT_3D('',#3227,#2598,#2599);
#2286=AXIS2_PLACEMENT_3D('',#3231,#2602,#2603);
#2287=AXIS2_PLACEMENT_3D('',#3235,#2606,#2607);
#2288=AXIS2_PLACEMENT_3D('',#3237,#2609,#2610);
#2289=AXIS2_PLACEMENT_3D('',#3240,#2611,#2612);
#2290=AXIS2_PLACEMENT_3D('',#3244,#2614,#2615);
#2291=AXIS2_PLACEMENT_3D('',#3246,#2617,#2618);
#2292=AXIS2_PLACEMENT_3D('',#3249,#2619,#2620);
#2293=AXIS2_PLACEMENT_3D('',#3253,#2622,#2623);
#2294=AXIS2_PLACEMENT_3D('',#3255,#2625,#2626);
#2295=AXIS2_PLACEMENT_3D('',#3256,#2627,#2628);
#2296=AXIS2_PLACEMENT_3D('',#3262,#2631,#2632);
#2297=AXIS2_PLACEMENT_3D('',#3266,#2635,#2636);
#2298=AXIS2_PLACEMENT_3D('',#3267,#2637,#2638);
#2299=AXIS2_PLACEMENT_3D('',#3268,#2639,#2640);
#2300=AXIS2_PLACEMENT_3D('',#3271,#2641,#2642);
#2301=AXIS2_PLACEMENT_3D('',#3274,#2645,#2646);
#2302=AXIS2_PLACEMENT_3D('',#3278,#2649,#2650);
#2303=AXIS2_PLACEMENT_3D('',#3280,#2652,#2653);
#2304=AXIS2_PLACEMENT_3D('',#3283,#2654,#2655);
#2305=AXIS2_PLACEMENT_3D('',#3286,#2658,#2659);
#2306=AXIS2_PLACEMENT_3D('',#3290,#2662,#2663);
#2307=AXIS2_PLACEMENT_3D('',#3292,#2665,#2666);
#2308=AXIS2_PLACEMENT_3D('',#3298,#2670,#2671);
#2309=AXIS2_PLACEMENT_3D('',#3302,#2674,#2675);
#2310=AXIS2_PLACEMENT_3D('',#3303,#2676,#2677);
#2311=AXIS2_PLACEMENT_3D('',#3304,#2678,#2679);
#2312=AXIS2_PLACEMENT_3D('',#3308,#2681,#2682);
#2313=AXIS2_PLACEMENT_3D('',#3310,#2684,#2685);
#2314=AXIS2_PLACEMENT_3D('',#3320,#2691,#2692);
#2315=AXIS2_PLACEMENT_3D('',#3326,#2696,#2697);
#2316=AXIS2_PLACEMENT_3D('',#3329,#2698,#2699);
#2317=AXIS2_PLACEMENT_3D('',#3333,#2701,#2702);
#2318=AXIS2_PLACEMENT_3D('',#3335,#2704,#2705);
#2319=AXIS2_PLACEMENT_3D('',#3347,#2711,#2712);
#2320=AXIS2_PLACEMENT_3D('',#3353,#2715,#2716);
#2321=AXIS2_PLACEMENT_3D('',#3359,#2719,#2720);
#2322=AXIS2_PLACEMENT_3D('',#3365,#2723,#2724);
#2323=AXIS2_PLACEMENT_3D('',#3371,#2727,#2728);
#2324=AXIS2_PLACEMENT_3D('',#3375,#2731,#2732);
#2325=AXIS2_PLACEMENT_3D('',#3379,#2735,#2736);
#2326=AXIS2_PLACEMENT_3D('',#3388,#2741,#2742);
#2327=AXIS2_PLACEMENT_3D('',#3392,#2745,#2746);
#2328=AXIS2_PLACEMENT_3D('',#3397,#2749,#2750);
#2329=AXIS2_PLACEMENT_3D('',#3402,#2753,#2754);
#2330=AXIS2_PLACEMENT_3D('',#3408,#2757,#2758);
#2331=AXIS2_PLACEMENT_3D('',#3414,#2761,#2762);
#2332=AXIS2_PLACEMENT_3D('',#3420,#2765,#2766);
#2333=AXIS2_PLACEMENT_3D('',#3429,#2771,#2772);
#2334=AXIS2_PLACEMENT_3D('',#3430,#2773,#2774);
#2335=AXIS2_PLACEMENT_3D('',#3434,#2777,#2778);
#2336=AXIS2_PLACEMENT_3D('',#3438,#2780,#2781);
#2337=AXIS2_PLACEMENT_3D('',#3440,#2783,#2784);
#2338=AXIS2_PLACEMENT_3D('',#3444,#2787,#2788);
#2339=AXIS2_PLACEMENT_3D('',#3446,#2790,#2791);
#2340=AXIS2_PLACEMENT_3D('',#3452,#2794,#2795);
#2341=AXIS2_PLACEMENT_3D('',#3453,#2796,#2797);
#2342=AXIS2_PLACEMENT_3D('',#3457,#2799,#2800);
#2343=AXIS2_PLACEMENT_3D('',#3459,#2802,#2803);
#2344=AXIS2_PLACEMENT_3D('',#3463,#2806,#2807);
#2345=AXIS2_PLACEMENT_3D('',#3465,#2809,#2810);
#2346=AXIS2_PLACEMENT_3D('',#3471,#2813,#2814);
#2347=AXIS2_PLACEMENT_3D('',#3472,#2815,#2816);
#2348=AXIS2_PLACEMENT_3D('',#3476,#2818,#2819);
#2349=AXIS2_PLACEMENT_3D('',#3478,#2821,#2822);
#2350=AXIS2_PLACEMENT_3D('',#3482,#2825,#2826);
#2351=AXIS2_PLACEMENT_3D('',#3484,#2828,#2829);
#2352=AXIS2_PLACEMENT_3D('',#3490,#2832,#2833);
#2353=AXIS2_PLACEMENT_3D('',#3491,#2834,#2835);
#2354=AXIS2_PLACEMENT_3D('',#3495,#2837,#2838);
#2355=AXIS2_PLACEMENT_3D('',#3497,#2840,#2841);
#2356=AXIS2_PLACEMENT_3D('',#3501,#2844,#2845);
#2357=AXIS2_PLACEMENT_3D('',#3503,#2847,#2848);
#2358=AXIS2_PLACEMENT_3D('',#3506,#2849,#2850);
#2359=AXIS2_PLACEMENT_3D('',#3510,#2853,#2854);
#2360=AXIS2_PLACEMENT_3D('',#3513,#2857,#2858);
#2361=AXIS2_PLACEMENT_3D('',#3516,#2861,#2862);
#2362=AXIS2_PLACEMENT_3D('',#3519,#2865,#2866);
#2363=AXIS2_PLACEMENT_3D('',#3522,#2869,#2870);
#2364=AXIS2_PLACEMENT_3D('',#3524,#2871,#2872);
#2365=AXIS2_PLACEMENT_3D('',#3527,#2874,#2875);
#2366=AXIS2_PLACEMENT_3D('',#3528,#2876,#2877);
#2367=AXIS2_PLACEMENT_3D('',#3530,#2878,#2879);
#2368=AXIS2_PLACEMENT_3D('',#3533,#2881,#2882);
#2369=AXIS2_PLACEMENT_3D('',#3534,#2883,#2884);
#2370=AXIS2_PLACEMENT_3D('',#3536,#2885,#2886);
#2371=AXIS2_PLACEMENT_3D('',#3539,#2888,#2889);
#2372=AXIS2_PLACEMENT_3D('',#3540,#2890,#2891);
#2373=AXIS2_PLACEMENT_3D('',#3542,#2892,#2893);
#2374=AXIS2_PLACEMENT_3D('',#3545,#2895,#2896);
#2375=AXIS2_PLACEMENT_3D('',#3546,#2897,#2898);
#2376=AXIS2_PLACEMENT_3D('',#3548,#2899,#2900);
#2377=AXIS2_PLACEMENT_3D('',#3551,#2902,#2903);
#2378=AXIS2_PLACEMENT_3D('',#3552,#2904,#2905);
#2379=AXIS2_PLACEMENT_3D('',#3553,#2906,#2907);
#2380=AXIS2_PLACEMENT_3D('',#3555,#2908,#2909);
#2381=AXIS2_PLACEMENT_3D('',#3558,#2911,#2912);
#2382=AXIS2_PLACEMENT_3D('',#3559,#2913,#2914);
#2383=AXIS2_PLACEMENT_3D('',#3560,#2915,#2916);
#2384=AXIS2_PLACEMENT_3D('',#3562,#2917,#2918);
#2385=AXIS2_PLACEMENT_3D('',#3565,#2920,#2921);
#2386=AXIS2_PLACEMENT_3D('',#3566,#2922,#2923);
#2387=AXIS2_PLACEMENT_3D('',#3567,#2924,#2925);
#2388=AXIS2_PLACEMENT_3D('',#3569,#2926,#2927);
#2389=AXIS2_PLACEMENT_3D('',#3572,#2929,#2930);
#2390=AXIS2_PLACEMENT_3D('',#3573,#2931,#2932);
#2391=AXIS2_PLACEMENT_3D('',#3574,#2933,#2934);
#2392=AXIS2_PLACEMENT_3D('',#3576,#2936,#2937);
#2393=AXIS2_PLACEMENT_3D('',#3578,#2939,#2940);
#2394=AXIS2_PLACEMENT_3D('',#3579,#2941,#2942);
#2395=AXIS2_PLACEMENT_3D('',#3581,#2944,#2945);
#2396=AXIS2_PLACEMENT_3D('',#3583,#2947,#2948);
#2397=AXIS2_PLACEMENT_3D('',#3585,#2950,#2951);
#2398=AXIS2_PLACEMENT_3D('',#3586,#2952,#2953);
#2399=AXIS2_PLACEMENT_3D('',#3588,#2955,#2956);
#2400=AXIS2_PLACEMENT_3D('',#3589,#2957,#2958);
#2401=AXIS2_PLACEMENT_3D('',#3591,#2960,#2961);
#2402=AXIS2_PLACEMENT_3D('',#3592,#2962,#2963);
#2403=AXIS2_PLACEMENT_3D('',#3595,#2966,#2967);
#2404=AXIS2_PLACEMENT_3D('',#3597,#2969,#2970);
#2405=AXIS2_PLACEMENT_3D('',#3598,#2971,#2972);
#2406=AXIS2_PLACEMENT_3D('',#3600,#2974,#2975);
#2407=AXIS2_PLACEMENT_3D('',#3601,#2976,#2977);
#2408=AXIS2_PLACEMENT_3D('',#3603,#2978,#2979);
#2409=AXIS2_PLACEMENT_3D('',#3606,#2981,#2982);
#2410=AXIS2_PLACEMENT_3D('',#3607,#2983,#2984);
#2411=AXIS2_PLACEMENT_3D('',#3613,#2988,#2989);
#2412=AXIS2_PLACEMENT_3D('',#3619,#2993,#2994);
#2413=AXIS2_PLACEMENT_3D('',#3625,#2998,#2999);
#2414=AXIS2_PLACEMENT_3D('',#3631,#3003,#3004);
#2415=AXIS2_PLACEMENT_3D('',#3637,#3008,#3009);
#2416=AXIS2_PLACEMENT_3D('',#3643,#3013,#3014);
#2417=AXIS2_PLACEMENT_3D('',#3649,#3018,#3019);
#2418=AXIS2_PLACEMENT_3D('',#3652,#3022,#3023);
#2419=AXIS2_PLACEMENT_3D('',#3656,#3026,#3027);
#2420=AXIS2_PLACEMENT_3D('',#3660,#3030,#3031);
#2421=AXIS2_PLACEMENT_3D('',#3662,#3033,#3034);
#2422=AXIS2_PLACEMENT_3D('',#3664,#3036,#3037);
#2423=AXIS2_PLACEMENT_3D('',#3666,#3039,#3040);
#2424=AXIS2_PLACEMENT_3D('',#3668,#3042,#3043);
#2425=AXIS2_PLACEMENT_3D('',#3671,#3046,#3047);
#2426=DIRECTION('axis',(0.,0.,1.));
#2427=DIRECTION('refdir',(1.,0.,0.));
#2428=DIRECTION('center_axis',(0.,0.,1.));
#2429=DIRECTION('ref_axis',(1.,0.,0.));
#2430=DIRECTION('center_axis',(0.,0.,-1.));
#2431=DIRECTION('ref_axis',(1.,0.,0.));
#2432=DIRECTION('',(0.,0.,-1.));
#2433=DIRECTION('center_axis',(0.,0.,1.));
#2434=DIRECTION('ref_axis',(1.,0.,0.));
#2435=DIRECTION('center_axis',(1.,0.,0.));
#2436=DIRECTION('ref_axis',(0.,1.,0.));
#2437=DIRECTION('',(0.,-1.,0.));
#2438=DIRECTION('',(0.,0.,1.));
#2439=DIRECTION('',(0.,1.,0.));
#2440=DIRECTION('',(0.,0.,1.));
#2441=DIRECTION('center_axis',(-2.70786099532084E-17,-1.,0.));
#2442=DIRECTION('ref_axis',(1.,-2.70786099532084E-17,0.));
#2443=DIRECTION('',(-1.,2.70786099532084E-17,0.));
#2444=DIRECTION('',(1.,-2.70786099532084E-17,0.));
#2445=DIRECTION('',(0.,0.,1.));
#2446=DIRECTION('center_axis',(-1.,3.46944690025483E-17,0.));
#2447=DIRECTION('ref_axis',(-3.46944690025483E-17,-1.,0.));
#2448=DIRECTION('',(3.46944690025483E-17,1.,0.));
#2449=DIRECTION('',(-3.46944690025483E-17,-1.,0.));
#2450=DIRECTION('',(0.,0.,1.));
#2451=DIRECTION('center_axis',(0.,1.,0.));
#2452=DIRECTION('ref_axis',(-1.,0.,0.));
#2453=DIRECTION('',(1.,0.,0.));
#2454=DIRECTION('',(-1.,0.,0.));
#2455=DIRECTION('center_axis',(0.,0.,1.));
#2456=DIRECTION('ref_axis',(1.,0.,0.));
#2457=DIRECTION('center_axis',(0.,0.,1.));
#2458=DIRECTION('ref_axis',(1.,0.,0.));
#2459=DIRECTION('',(0.,1.,0.));
#2460=DIRECTION('center_axis',(0.,0.,1.));
#2461=DIRECTION('ref_axis',(0.707106781186547,-0.707106781186548,0.));
#2462=DIRECTION('',(1.,0.,0.));
#2463=DIRECTION('',(0.,1.,0.));
#2464=DIRECTION('',(-1.,0.,0.));
#2465=DIRECTION('',(0.,1.,0.));
#2466=DIRECTION('',(1.,0.,0.));
#2467=DIRECTION('center_axis',(0.,0.,-1.));
#2468=DIRECTION('ref_axis',(-0.15024404699268,0.988648939888807,0.));
#2469=DIRECTION('',(-0.954853452686521,-0.297077235567838,0.));
#2470=DIRECTION('',(1.,0.,0.));
#2471=DIRECTION('',(0.697674418604652,-0.716414967476713,0.));
#2472=DIRECTION('center_axis',(0.,0.,-1.));
#2473=DIRECTION('ref_axis',(1.,0.,0.));
#2474=DIRECTION('',(0.697674418604652,0.716414967476714,0.));
#2475=DIRECTION('',(0.697674418604652,-0.716414967476714,0.));
#2476=DIRECTION('center_axis',(0.,0.,-1.));
#2477=DIRECTION('ref_axis',(1.,0.,0.));
#2478=DIRECTION('',(0.697674418604651,0.716414967476715,0.));
#2479=DIRECTION('',(0.710526315789474,0.703670629322154,0.));
#2480=DIRECTION('',(0.710526315789476,-0.703670629322153,0.));
#2481=DIRECTION('center_axis',(0.,0.,-1.));
#2482=DIRECTION('ref_axis',(-0.703670629322187,0.710526315789441,0.));
#2483=DIRECTION('center_axis',(1.,0.,0.));
#2484=DIRECTION('ref_axis',(0.,0.,-1.));
#2485=DIRECTION('',(0.,3.39517744533687E-17,1.));
#2486=DIRECTION('',(0.,1.,0.));
#2487=DIRECTION('',(0.,0.,-1.));
#2488=DIRECTION('',(0.,1.,0.));
#2489=DIRECTION('center_axis',(0.,0.,1.));
#2490=DIRECTION('ref_axis',(1.,0.,0.));
#2491=DIRECTION('',(-1.,0.,0.));
#2492=DIRECTION('',(1.,0.,0.));
#2493=DIRECTION('',(0.,-1.,0.));
#2494=DIRECTION('center_axis',(0.,0.,1.));
#2495=DIRECTION('ref_axis',(-0.707106781186548,0.707106781186548,0.));
#2496=DIRECTION('center_axis',(0.,0.,-1.));
#2497=DIRECTION('ref_axis',(-1.,0.,0.));
#2498=DIRECTION('',(1.,0.,0.));
#2499=DIRECTION('center_axis',(0.,0.,-1.));
#2500=DIRECTION('ref_axis',(-0.707106781186548,0.707106781186548,0.));
#2501=DIRECTION('',(0.,1.,0.));
#2502=DIRECTION('',(-1.,0.,0.));
#2503=DIRECTION('center_axis',(0.,1.,-3.39517744533687E-17));
#2504=DIRECTION('ref_axis',(0.,-3.39517744533687E-17,-1.));
#2505=DIRECTION('',(0.,-3.39517744533687E-17,-1.));
#2506=DIRECTION('',(-1.,0.,0.));
#2507=DIRECTION('',(0.,3.39517744533687E-17,1.));
#2508=DIRECTION('',(1.,0.,0.));
#2509=DIRECTION('',(0.,-3.39517744533687E-17,-1.));
#2510=DIRECTION('center_axis',(-1.,0.,0.));
#2511=DIRECTION('ref_axis',(0.,0.,1.));
#2512=DIRECTION('',(0.,0.,1.));
#2513=DIRECTION('',(0.,-0.928476704243557,-0.371390642958357));
#2514=DIRECTION('',(0.,0.,1.));
#2515=DIRECTION('',(0.,-1.,0.));
#2516=DIRECTION('',(0.,3.39517744533687E-17,1.));
#2517=DIRECTION('center_axis',(-1.,0.,0.));
#2518=DIRECTION('ref_axis',(0.,0.,1.));
#2519=DIRECTION('',(0.,3.39517744533687E-17,1.));
#2520=DIRECTION('',(0.,1.,0.));
#2521=DIRECTION('',(0.,0.,1.));
#2522=DIRECTION('',(0.,0.928476677526961,-0.371390709749848));
#2523=DIRECTION('',(0.,0.,1.));
#2524=DIRECTION('center_axis',(0.,-3.39517744533687E-17,-1.));
#2525=DIRECTION('ref_axis',(-0.707106781186548,0.707106781186548,0.));
#2526=DIRECTION('center_axis',(0.,0.,1.));
#2527=DIRECTION('ref_axis',(-1.,0.,0.));
#2528=DIRECTION('center_axis',(0.408248290463864,-0.408248290463859,-0.816496580927728));
#2529=DIRECTION('ref_axis',(-0.577350269189633,0.577350269189623,-0.577350269189622));
#2530=DIRECTION('center_axis',(0.,0.,-1.));
#2531=DIRECTION('ref_axis',(0.,1.,0.));
#2532=DIRECTION('center_axis',(-1.,-4.44089209850063E-15,0.));
#2533=DIRECTION('ref_axis',(0.,0.,-1.));
#2534=DIRECTION('center_axis',(0.,1.,1.11022302462516E-15));
#2535=DIRECTION('ref_axis',(-1.,0.,0.));
#2536=DIRECTION('center_axis',(-1.,0.,0.));
#2537=DIRECTION('ref_axis',(0.,0.707106781186545,-0.70710678118655));
#2538=DIRECTION('center_axis',(-1.,-1.11022302462516E-15,0.));
#2539=DIRECTION('ref_axis',(-1.11022302462516E-15,1.,0.));
#2540=DIRECTION('',(-1.,0.,0.));
#2541=DIRECTION('center_axis',(0.,0.,-1.));
#2542=DIRECTION('ref_axis',(-1.,0.,0.));
#2543=DIRECTION('center_axis',(0.,-1.,0.));
#2544=DIRECTION('ref_axis',(-1.,0.,0.));
#2545=DIRECTION('center_axis',(0.,0.,-1.));
#2546=DIRECTION('ref_axis',(0.707106781186547,-0.707106781186548,0.));
#2547=DIRECTION('center_axis',(0.,0.,1.));
#2548=DIRECTION('ref_axis',(0.707106781186547,-0.707106781186548,0.));
#2549=DIRECTION('center_axis',(0.,1.,0.));
#2550=DIRECTION('ref_axis',(-0.707106781186549,0.,-0.707106781186546));
#2551=DIRECTION('center_axis',(0.,-1.,0.));
#2552=DIRECTION('ref_axis',(-0.707106781186549,0.,-0.707106781186546));
#2553=DIRECTION('',(0.,-1.,0.));
#2554=DIRECTION('',(0.,1.,0.));
#2555=DIRECTION('center_axis',(0.,-1.,0.));
#2556=DIRECTION('ref_axis',(-0.707106781186546,0.,-0.707106781186549));
#2557=DIRECTION('center_axis',(0.,1.,0.));
#2558=DIRECTION('ref_axis',(-0.707106781186546,0.,-0.707106781186549));
#2559=DIRECTION('',(0.,-1.,0.));
#2560=DIRECTION('center_axis',(-0.408248290463863,0.408248290463863,-0.816496580927726));
#2561=DIRECTION('ref_axis',(-0.577350269189626,0.577350269189625,0.577350269189626));
#2562=DIRECTION('center_axis',(0.,1.,0.));
#2563=DIRECTION('ref_axis',(0.,0.,1.));
#2564=DIRECTION('center_axis',(-1.,0.,0.));
#2565=DIRECTION('ref_axis',(0.,1.,0.));
#2566=DIRECTION('center_axis',(-1.,0.,0.));
#2567=DIRECTION('ref_axis',(0.,0.707106781186548,0.707106781186547));
#2568=DIRECTION('center_axis',(-1.,0.,0.));
#2569=DIRECTION('ref_axis',(0.,0.,1.));
#2570=DIRECTION('center_axis',(0.,0.,1.));
#2571=DIRECTION('ref_axis',(1.,0.,0.));
#2572=DIRECTION('center_axis',(0.,-1.,0.));
#2573=DIRECTION('ref_axis',(0.,0.,1.));
#2574=DIRECTION('center_axis',(0.,0.,-1.));
#2575=DIRECTION('ref_axis',(0.707106781186547,-0.707106781186548,0.));
#2576=DIRECTION('center_axis',(0.,1.,0.));
#2577=DIRECTION('ref_axis',(-0.707106781186547,0.,0.707106781186548));
#2578=DIRECTION('center_axis',(0.,-1.,0.));
#2579=DIRECTION('ref_axis',(-0.707106781186547,0.,0.707106781186548));
#2580=DIRECTION('',(0.,-1.,0.));
#2581=DIRECTION('center_axis',(0.,-3.39517744533687E-17,-1.));
#2582=DIRECTION('ref_axis',(-0.707106781186548,0.707106781186548,0.));
#2583=DIRECTION('center_axis',(0.,1.,0.));
#2584=DIRECTION('ref_axis',(-0.707106781186548,0.,0.707106781186547));
#2585=DIRECTION('center_axis',(0.,1.,0.));
#2586=DIRECTION('ref_axis',(-0.707106781186548,0.,0.707106781186547));
#2587=DIRECTION('center_axis',(0.,3.39517744533687E-17,1.));
#2588=DIRECTION('ref_axis',(0.707106781186547,-0.707106781186548,0.));
#2589=DIRECTION('',(0.,-3.39517744533687E-17,-1.));
#2590=DIRECTION('center_axis',(-1.,0.,0.));
#2591=DIRECTION('ref_axis',(0.,0.,1.));
#2592=DIRECTION('',(0.,0.,1.));
#2593=DIRECTION('center_axis',(0.,0.371390642958357,-0.928476704243557));
#2594=DIRECTION('ref_axis',(0.,-0.928476704243557,-0.371390642958357));
#2595=DIRECTION('',(0.,0.928476704243557,0.371390642958357));
#2596=DIRECTION('',(-1.,0.,0.));
#2597=DIRECTION('',(-1.,0.,0.));
#2598=DIRECTION('center_axis',(0.,-1.,0.));
#2599=DIRECTION('ref_axis',(0.,0.,1.));
#2600=DIRECTION('',(-1.,0.,0.));
#2601=DIRECTION('',(0.,0.,-1.));
#2602=DIRECTION('center_axis',(0.,0.371390709749848,0.928476677526961));
#2603=DIRECTION('ref_axis',(0.,0.928476677526961,-0.371390709749848));
#2604=DIRECTION('',(0.,-0.928476677526961,0.371390709749848));
#2605=DIRECTION('',(-1.,0.,0.));
#2606=DIRECTION('center_axis',(-1.,0.,0.));
#2607=DIRECTION('ref_axis',(0.,0.,1.));
#2608=DIRECTION('',(0.,0.,1.));
#2609=DIRECTION('center_axis',(0.,0.707106781186548,0.707106781186548));
#2610=DIRECTION('ref_axis',(0.,-0.707106781186548,0.707106781186548));
#2611=DIRECTION('center_axis',(0.,-0.707106781186548,-0.707106781186548));
#2612=DIRECTION('ref_axis',(0.,0.707106781186547,-0.707106781186547));
#2613=DIRECTION('',(1.,0.,0.));
#2614=DIRECTION('center_axis',(0.,0.707106781186548,0.707106781186548));
#2615=DIRECTION('ref_axis',(0.,0.707106781186548,-0.707106781186548));
#2616=DIRECTION('',(-1.,0.,0.));
#2617=DIRECTION('center_axis',(0.,0.707106781186548,0.707106781186548));
#2618=DIRECTION('ref_axis',(0.,-0.707106781186548,0.707106781186548));
#2619=DIRECTION('center_axis',(0.,0.707106781186548,0.707106781186548));
#2620=DIRECTION('ref_axis',(0.,0.707106781186548,-0.707106781186548));
#2621=DIRECTION('',(1.,0.,0.));
#2622=DIRECTION('center_axis',(0.,-0.707106781186548,-0.707106781186548));
#2623=DIRECTION('ref_axis',(0.,0.707106781186547,-0.707106781186547));
#2624=DIRECTION('',(-1.,0.,0.));
#2625=DIRECTION('center_axis',(0.,0.,-1.));
#2626=DIRECTION('ref_axis',(1.83697019872103E-16,1.,0.));
#2627=DIRECTION('center_axis',(0.,0.,-1.));
#2628=DIRECTION('ref_axis',(-0.945695463936548,-0.325053979347796,0.));
#2629=DIRECTION('',(0.,0.,-1.));
#2630=DIRECTION('',(0.,0.,-1.));
#2631=DIRECTION('center_axis',(0.,0.,1.));
#2632=DIRECTION('ref_axis',(-1.,0.,0.));
#2633=DIRECTION('',(0.,0.,-1.));
#2634=DIRECTION('',(0.,0.,-1.));
#2635=DIRECTION('center_axis',(0.,0.,-1.));
#2636=DIRECTION('ref_axis',(-1.,0.,0.));
#2637=DIRECTION('center_axis',(0.,0.,1.));
#2638=DIRECTION('ref_axis',(-1.,0.,0.));
#2639=DIRECTION('center_axis',(0.,0.,1.));
#2640=DIRECTION('ref_axis',(3.3690166589284E-15,-1.,0.));
#2641=DIRECTION('center_axis',(0.,0.,1.));
#2642=DIRECTION('ref_axis',(1.,0.,0.));
#2643=DIRECTION('',(0.,0.,1.));
#2644=DIRECTION('',(0.,0.,1.));
#2645=DIRECTION('center_axis',(0.716414967476713,0.697674418604652,0.));
#2646=DIRECTION('ref_axis',(-0.697674418604652,0.716414967476713,0.));
#2647=DIRECTION('',(-0.697674418604652,0.716414967476713,0.));
#2648=DIRECTION('',(0.,0.,1.));
#2649=DIRECTION('center_axis',(-0.716414967476714,0.697674418604652,0.));
#2650=DIRECTION('ref_axis',(-0.697674418604652,-0.716414967476714,0.));
#2651=DIRECTION('',(-0.697674418604652,-0.716414967476714,0.));
#2652=DIRECTION('center_axis',(0.,0.,1.));
#2653=DIRECTION('ref_axis',(7.04481399828022E-16,-1.,0.));
#2654=DIRECTION('center_axis',(0.,0.,1.));
#2655=DIRECTION('ref_axis',(1.,0.,0.));
#2656=DIRECTION('',(0.,0.,1.));
#2657=DIRECTION('',(0.,0.,1.));
#2658=DIRECTION('center_axis',(0.716414967476714,0.697674418604652,0.));
#2659=DIRECTION('ref_axis',(-0.697674418604652,0.716414967476714,0.));
#2660=DIRECTION('',(-0.697674418604652,0.716414967476714,0.));
#2661=DIRECTION('',(0.,0.,1.));
#2662=DIRECTION('center_axis',(-0.716414967476715,0.697674418604651,0.));
#2663=DIRECTION('ref_axis',(-0.697674418604651,-0.716414967476715,0.));
#2664=DIRECTION('',(-0.697674418604651,-0.716414967476715,0.));
#2665=DIRECTION('center_axis',(0.703670629322153,0.710526315789476,0.));
#2666=DIRECTION('ref_axis',(-0.710526315789476,0.703670629322153,0.));
#2667=DIRECTION('',(-0.710526315789476,0.703670629322153,0.));
#2668=DIRECTION('',(0.,0.,1.));
#2669=DIRECTION('',(0.,0.,1.));
#2670=DIRECTION('center_axis',(-0.703670629322154,0.710526315789474,0.));
#2671=DIRECTION('ref_axis',(-0.710526315789474,-0.703670629322154,0.));
#2672=DIRECTION('',(-0.710526315789474,-0.703670629322154,0.));
#2673=DIRECTION('',(0.,0.,1.));
#2674=DIRECTION('center_axis',(0.,0.,1.));
#2675=DIRECTION('ref_axis',(-6.78469626159817E-15,-1.,0.));
#2676=DIRECTION('center_axis',(0.,0.,1.));
#2677=DIRECTION('ref_axis',(-0.703670629322187,0.710526315789441,0.));
#2678=DIRECTION('center_axis',(0.,0.,1.));
#2679=DIRECTION('ref_axis',(-0.15024404699268,0.988648939888807,0.));
#2680=DIRECTION('',(0.,0.,-1.));
#2681=DIRECTION('center_axis',(0.,0.,1.));
#2682=DIRECTION('ref_axis',(-0.15024404699268,0.988648939888807,0.));
#2683=DIRECTION('',(0.,0.,1.));
#2684=DIRECTION('center_axis',(0.,0.,-1.));
#2685=DIRECTION('ref_axis',(-1.,0.,0.));
#2686=DIRECTION('',(-1.,0.,0.));
#2687=DIRECTION('',(0.,1.,0.));
#2688=DIRECTION('',(1.,0.,0.));
#2689=DIRECTION('',(0.,-1.,0.));
#2690=DIRECTION('',(0.954853452686521,0.297077235567838,0.));
#2691=DIRECTION('center_axis',(0.,1.,0.));
#2692=DIRECTION('ref_axis',(0.,0.,1.));
#2693=DIRECTION('',(0.,0.,-1.));
#2694=DIRECTION('',(-1.,0.,0.));
#2695=DIRECTION('',(0.,0.,1.));
#2696=DIRECTION('center_axis',(0.,0.,1.));
#2697=DIRECTION('ref_axis',(-0.15024404699268,0.988648939888807,0.));
#2698=DIRECTION('center_axis',(0.,0.,-1.));
#2699=DIRECTION('ref_axis',(-0.15024404699268,0.988648939888807,0.));
#2700=DIRECTION('',(0.,0.,-1.));
#2701=DIRECTION('center_axis',(0.,0.,1.));
#2702=DIRECTION('ref_axis',(-0.15024404699268,0.988648939888807,0.));
#2703=DIRECTION('',(0.,0.,1.));
#2704=DIRECTION('center_axis',(0.,0.,1.));
#2705=DIRECTION('ref_axis',(1.,0.,0.));
#2706=DIRECTION('',(-0.954853452686521,-0.297077235567838,0.));
#2707=DIRECTION('',(0.,1.,0.));
#2708=DIRECTION('',(-1.,0.,0.));
#2709=DIRECTION('',(0.,-1.,0.));
#2710=DIRECTION('',(1.,0.,0.));
#2711=DIRECTION('center_axis',(0.,0.,-1.));
#2712=DIRECTION('ref_axis',(1.,0.,0.));
#2713=DIRECTION('',(0.697674418604652,0.716414967476714,0.));
#2714=DIRECTION('',(0.697674418604652,-0.716414967476713,0.));
#2715=DIRECTION('center_axis',(0.,0.,-1.));
#2716=DIRECTION('ref_axis',(1.,0.,0.));
#2717=DIRECTION('',(0.697674418604652,0.716414967476714,0.));
#2718=DIRECTION('',(0.697674418604651,-0.716414967476714,0.));
#2719=DIRECTION('center_axis',(0.,0.,-1.));
#2720=DIRECTION('ref_axis',(1.,0.,0.));
#2721=DIRECTION('',(0.697674418604651,0.716414967476714,0.));
#2722=DIRECTION('',(0.697674418604652,-0.716414967476714,0.));
#2723=DIRECTION('center_axis',(0.,0.,-1.));
#2724=DIRECTION('ref_axis',(1.,0.,0.));
#2725=DIRECTION('',(0.697674418604651,0.716414967476715,0.));
#2726=DIRECTION('',(0.697674418604652,-0.716414967476714,0.));
#2727=DIRECTION('center_axis',(0.,0.,-1.));
#2728=DIRECTION('ref_axis',(-1.,0.,0.));
#2729=DIRECTION('',(0.7105263157895,0.703670629322128,0.));
#2730=DIRECTION('',(0.710526315789496,-0.703670629322132,0.));
#2731=DIRECTION('center_axis',(0.297077235567838,-0.954853452686522,0.));
#2732=DIRECTION('ref_axis',(0.954853452686521,0.297077235567838,0.));
#2733=DIRECTION('',(0.954853452686521,0.297077235567838,0.));
#2734=DIRECTION('',(0.,0.,-1.));
#2735=DIRECTION('center_axis',(0.,0.901957183806381,0.431825472361303));
#2736=DIRECTION('ref_axis',(0.,0.431825472361303,-0.901957183806381));
#2737=DIRECTION('',(0.,0.431825472361303,-0.901957183806381));
#2738=DIRECTION('',(1.,0.,0.));
#2739=DIRECTION('',(0.,-0.431825472361303,0.901957183806381));
#2740=DIRECTION('',(-1.,0.,0.));
#2741=DIRECTION('center_axis',(1.,0.,0.));
#2742=DIRECTION('ref_axis',(0.,-1.,0.));
#2743=DIRECTION('',(0.,0.,-1.));
#2744=DIRECTION('',(0.,1.,0.));
#2745=DIRECTION('center_axis',(0.,0.,-1.));
#2746=DIRECTION('ref_axis',(-1.,0.,0.));
#2747=DIRECTION('',(-0.688068478573151,0.725645759853959,0.));
#2748=DIRECTION('',(1.,0.,0.));
#2749=DIRECTION('center_axis',(0.,0.,-1.));
#2750=DIRECTION('ref_axis',(-1.,0.,0.));
#2751=DIRECTION('',(1.,0.,0.));
#2752=DIRECTION('',(-0.688068478573151,-0.725645759853959,0.));
#2753=DIRECTION('center_axis',(0.,0.,1.));
#2754=DIRECTION('ref_axis',(-1.,0.,0.));
#2755=DIRECTION('',(-0.695652173913044,0.718378767037317,0.));
#2756=DIRECTION('',(-0.695652173913044,-0.718378767037317,0.));
#2757=DIRECTION('center_axis',(0.,0.,1.));
#2758=DIRECTION('ref_axis',(-1.,0.,0.));
#2759=DIRECTION('',(-0.695652173913044,0.718378767037317,0.));
#2760=DIRECTION('',(-0.695652173913044,-0.718378767037317,0.));
#2761=DIRECTION('center_axis',(0.,0.,1.));
#2762=DIRECTION('ref_axis',(-1.,0.,0.));
#2763=DIRECTION('',(-0.695652173913043,0.718378767037318,0.));
#2764=DIRECTION('',(-0.695652173913043,-0.718378767037318,0.));
#2765=DIRECTION('center_axis',(0.,0.,1.));
#2766=DIRECTION('ref_axis',(-1.,0.,0.));
#2767=DIRECTION('',(-0.695652173913044,0.718378767037317,0.));
#2768=DIRECTION('',(-0.695652173913042,-0.718378767037319,0.));
#2769=DIRECTION('',(-0.710526315789496,0.703670629322132,0.));
#2770=DIRECTION('',(-0.7105263157895,-0.703670629322128,0.));
#2771=DIRECTION('center_axis',(0.,0.,1.));
#2772=DIRECTION('ref_axis',(-1.,0.,0.));
#2773=DIRECTION('center_axis',(-1.,0.,0.));
#2774=DIRECTION('ref_axis',(0.,1.,0.));
#2775=DIRECTION('',(0.,-1.,0.));
#2776=DIRECTION('',(0.,0.,-1.));
#2777=DIRECTION('center_axis',(0.,0.,-1.));
#2778=DIRECTION('ref_axis',(3.61394601875787E-15,-1.,0.));
#2779=DIRECTION('',(0.,0.,-1.));
#2780=DIRECTION('center_axis',(0.,0.,-1.));
#2781=DIRECTION('ref_axis',(1.,0.,0.));
#2782=DIRECTION('',(0.,0.,-1.));
#2783=DIRECTION('center_axis',(0.716414967476713,0.697674418604652,0.));
#2784=DIRECTION('ref_axis',(0.697674418604652,-0.716414967476713,0.));
#2785=DIRECTION('',(0.,0.,-1.));
#2786=DIRECTION('',(0.697674418604652,-0.716414967476713,0.));
#2787=DIRECTION('center_axis',(-0.716414967476714,0.697674418604652,0.));
#2788=DIRECTION('ref_axis',(0.697674418604652,0.716414967476714,0.));
#2789=DIRECTION('',(0.697674418604652,0.716414967476714,0.));
#2790=DIRECTION('center_axis',(0.,0.,1.));
#2791=DIRECTION('ref_axis',(1.,0.,0.));
#2792=DIRECTION('',(-0.695652173913042,-0.718378767037319,0.));
#2793=DIRECTION('',(-0.695652173913044,0.718378767037317,0.));
#2794=DIRECTION('center_axis',(0.,0.,1.));
#2795=DIRECTION('ref_axis',(-1.,0.,0.));
#2796=DIRECTION('center_axis',(0.,0.,-1.));
#2797=DIRECTION('ref_axis',(1.39349996950756E-15,-1.,0.));
#2798=DIRECTION('',(0.,0.,-1.));
#2799=DIRECTION('center_axis',(0.,0.,-1.));
#2800=DIRECTION('ref_axis',(1.,0.,0.));
#2801=DIRECTION('',(0.,0.,-1.));
#2802=DIRECTION('center_axis',(0.716414967476714,0.697674418604651,0.));
#2803=DIRECTION('ref_axis',(0.697674418604651,-0.716414967476714,0.));
#2804=DIRECTION('',(0.,0.,-1.));
#2805=DIRECTION('',(0.697674418604651,-0.716414967476714,0.));
#2806=DIRECTION('center_axis',(-0.716414967476714,0.697674418604652,0.));
#2807=DIRECTION('ref_axis',(0.697674418604652,0.716414967476714,0.));
#2808=DIRECTION('',(0.697674418604652,0.716414967476714,0.));
#2809=DIRECTION('center_axis',(0.,0.,1.));
#2810=DIRECTION('ref_axis',(1.,0.,0.));
#2811=DIRECTION('',(-0.695652173913044,-0.718378767037317,0.));
#2812=DIRECTION('',(-0.695652173913044,0.718378767037317,0.));
#2813=DIRECTION('center_axis',(0.,0.,1.));
#2814=DIRECTION('ref_axis',(-1.,0.,0.));
#2815=DIRECTION('center_axis',(0.,0.,-1.));
#2816=DIRECTION('ref_axis',(1.61554457443259E-15,-1.,0.));
#2817=DIRECTION('',(0.,0.,-1.));
#2818=DIRECTION('center_axis',(0.,0.,-1.));
#2819=DIRECTION('ref_axis',(1.,0.,0.));
#2820=DIRECTION('',(0.,0.,-1.));
#2821=DIRECTION('center_axis',(0.716414967476714,0.697674418604652,0.));
#2822=DIRECTION('ref_axis',(0.697674418604652,-0.716414967476714,0.));
#2823=DIRECTION('',(0.,0.,-1.));
#2824=DIRECTION('',(0.697674418604652,-0.716414967476714,0.));
#2825=DIRECTION('center_axis',(-0.716414967476714,0.697674418604651,0.));
#2826=DIRECTION('ref_axis',(0.697674418604651,0.716414967476714,0.));
#2827=DIRECTION('',(0.697674418604651,0.716414967476714,0.));
#2828=DIRECTION('center_axis',(0.,0.,1.));
#2829=DIRECTION('ref_axis',(1.,0.,0.));
#2830=DIRECTION('',(-0.695652173913043,-0.718378767037318,0.));
#2831=DIRECTION('',(-0.695652173913043,0.718378767037318,0.));
#2832=DIRECTION('center_axis',(0.,0.,1.));
#2833=DIRECTION('ref_axis',(-1.,0.,0.));
#2834=DIRECTION('center_axis',(0.,0.,-1.));
#2835=DIRECTION('ref_axis',(9.49410759657493E-16,-1.,0.));
#2836=DIRECTION('',(0.,0.,-1.));
#2837=DIRECTION('center_axis',(0.,0.,-1.));
#2838=DIRECTION('ref_axis',(1.,0.,0.));
#2839=DIRECTION('',(0.,0.,-1.));
#2840=DIRECTION('center_axis',(0.716414967476714,0.697674418604652,0.));
#2841=DIRECTION('ref_axis',(0.697674418604652,-0.716414967476714,0.));
#2842=DIRECTION('',(0.,0.,-1.));
#2843=DIRECTION('',(0.697674418604652,-0.716414967476714,0.));
#2844=DIRECTION('center_axis',(-0.716414967476715,0.697674418604651,0.));
#2845=DIRECTION('ref_axis',(0.697674418604651,0.716414967476715,0.));
#2846=DIRECTION('',(0.697674418604651,0.716414967476715,0.));
#2847=DIRECTION('center_axis',(0.,0.,1.));
#2848=DIRECTION('ref_axis',(1.,0.,0.));
#2849=DIRECTION('center_axis',(0.,0.,1.));
#2850=DIRECTION('ref_axis',(-1.,0.,0.));
#2851=DIRECTION('',(-0.695652173913044,-0.718378767037317,0.));
#2852=DIRECTION('',(-0.695652173913044,0.718378767037317,0.));
#2853=DIRECTION('center_axis',(-0.718378767037319,0.695652173913042,0.));
#2854=DIRECTION('ref_axis',(-0.695652173913042,-0.718378767037319,0.));
#2855=DIRECTION('',(0.,0.,-1.));
#2856=DIRECTION('',(0.,0.,1.));
#2857=DIRECTION('center_axis',(-0.718378767037317,0.695652173913045,0.));
#2858=DIRECTION('ref_axis',(-0.695652173913044,-0.718378767037317,0.));
#2859=DIRECTION('',(0.,0.,-1.));
#2860=DIRECTION('',(0.,0.,1.));
#2861=DIRECTION('center_axis',(-0.718378767037318,0.695652173913043,0.));
#2862=DIRECTION('ref_axis',(-0.695652173913043,-0.718378767037318,0.));
#2863=DIRECTION('',(0.,0.,-1.));
#2864=DIRECTION('',(0.,0.,1.));
#2865=DIRECTION('center_axis',(0.,0.,1.));
#2866=DIRECTION('ref_axis',(-6.12323399573677E-17,-1.,0.));
#2867=DIRECTION('',(0.,0.,-1.));
#2868=DIRECTION('',(0.,0.,1.));
#2869=DIRECTION('center_axis',(1.,0.,0.));
#2870=DIRECTION('ref_axis',(0.,0.,1.));
#2871=DIRECTION('center_axis',(1.,0.,0.));
#2872=DIRECTION('ref_axis',(0.,0.,1.));
#2873=DIRECTION('',(1.,0.,0.));
#2874=DIRECTION('center_axis',(-1.,0.,0.));
#2875=DIRECTION('ref_axis',(0.,0.,1.));
#2876=DIRECTION('center_axis',(1.,0.,0.));
#2877=DIRECTION('ref_axis',(0.,0.,1.));
#2878=DIRECTION('center_axis',(1.,0.,0.));
#2879=DIRECTION('ref_axis',(0.,0.,1.));
#2880=DIRECTION('',(1.,0.,0.));
#2881=DIRECTION('center_axis',(-1.,0.,0.));
#2882=DIRECTION('ref_axis',(0.,0.,1.));
#2883=DIRECTION('center_axis',(1.,0.,0.));
#2884=DIRECTION('ref_axis',(0.,0.,1.));
#2885=DIRECTION('center_axis',(1.,0.,0.));
#2886=DIRECTION('ref_axis',(0.,0.,1.));
#2887=DIRECTION('',(1.,0.,0.));
#2888=DIRECTION('center_axis',(-1.,0.,0.));
#2889=DIRECTION('ref_axis',(0.,0.,1.));
#2890=DIRECTION('center_axis',(1.,0.,0.));
#2891=DIRECTION('ref_axis',(0.,0.,1.));
#2892=DIRECTION('center_axis',(1.,0.,0.));
#2893=DIRECTION('ref_axis',(0.,0.,1.));
#2894=DIRECTION('',(1.,0.,0.));
#2895=DIRECTION('center_axis',(-1.,0.,0.));
#2896=DIRECTION('ref_axis',(0.,0.,1.));
#2897=DIRECTION('center_axis',(-1.,0.,0.));
#2898=DIRECTION('ref_axis',(0.,0.,-1.));
#2899=DIRECTION('center_axis',(-1.,0.,0.));
#2900=DIRECTION('ref_axis',(0.,0.,-1.));
#2901=DIRECTION('',(-1.,0.,0.));
#2902=DIRECTION('center_axis',(-1.,0.,0.));
#2903=DIRECTION('ref_axis',(0.,0.,-1.));
#2904=DIRECTION('center_axis',(1.,0.,0.));
#2905=DIRECTION('ref_axis',(0.,0.,-1.));
#2906=DIRECTION('center_axis',(-1.,0.,0.));
#2907=DIRECTION('ref_axis',(0.,0.,-1.));
#2908=DIRECTION('center_axis',(-1.,0.,0.));
#2909=DIRECTION('ref_axis',(0.,0.,-1.));
#2910=DIRECTION('',(-1.,0.,0.));
#2911=DIRECTION('center_axis',(-1.,0.,0.));
#2912=DIRECTION('ref_axis',(0.,0.,-1.));
#2913=DIRECTION('center_axis',(1.,0.,0.));
#2914=DIRECTION('ref_axis',(0.,0.,-1.));
#2915=DIRECTION('center_axis',(-1.,0.,0.));
#2916=DIRECTION('ref_axis',(0.,0.,-1.));
#2917=DIRECTION('center_axis',(-1.,0.,0.));
#2918=DIRECTION('ref_axis',(0.,0.,-1.));
#2919=DIRECTION('',(-1.,0.,0.));
#2920=DIRECTION('center_axis',(-1.,0.,0.));
#2921=DIRECTION('ref_axis',(0.,0.,-1.));
#2922=DIRECTION('center_axis',(1.,0.,0.));
#2923=DIRECTION('ref_axis',(0.,0.,-1.));
#2924=DIRECTION('center_axis',(-1.,0.,0.));
#2925=DIRECTION('ref_axis',(0.,0.,-1.));
#2926=DIRECTION('center_axis',(-1.,0.,0.));
#2927=DIRECTION('ref_axis',(0.,0.,-1.));
#2928=DIRECTION('',(-1.,0.,0.));
#2929=DIRECTION('center_axis',(-1.,0.,0.));
#2930=DIRECTION('ref_axis',(0.,0.,-1.));
#2931=DIRECTION('center_axis',(1.,0.,0.));
#2932=DIRECTION('ref_axis',(0.,0.,-1.));
#2933=DIRECTION('center_axis',(0.,-1.,0.));
#2934=DIRECTION('ref_axis',(-1.,0.,0.));
#2935=DIRECTION('',(0.,0.,-1.));
#2936=DIRECTION('center_axis',(0.,0.,-1.));
#2937=DIRECTION('ref_axis',(1.83697019872103E-16,1.,0.));
#2938=DIRECTION('',(0.,0.,-1.));
#2939=DIRECTION('center_axis',(0.,-1.,0.));
#2940=DIRECTION('ref_axis',(-1.,0.,0.));
#2941=DIRECTION('center_axis',(0.725645759853959,-0.688068478573151,0.));
#2942=DIRECTION('ref_axis',(-0.688068478573151,-0.725645759853959,0.));
#2943=DIRECTION('',(0.688068478573151,0.725645759853959,0.));
#2944=DIRECTION('center_axis',(-0.725645759853959,-0.688068478573151,0.));
#2945=DIRECTION('ref_axis',(-0.688068478573151,0.725645759853959,0.));
#2946=DIRECTION('',(0.688068478573151,-0.725645759853959,0.));
#2947=DIRECTION('center_axis',(0.,0.,1.));
#2948=DIRECTION('ref_axis',(-6.12323399573677E-17,-1.,0.));
#2949=DIRECTION('',(0.,0.,1.));
#2950=DIRECTION('center_axis',(0.718378767037317,0.695652173913045,0.));
#2951=DIRECTION('ref_axis',(-0.695652173913044,0.718378767037317,0.));
#2952=DIRECTION('center_axis',(0.718378767037317,0.695652173913044,0.));
#2953=DIRECTION('ref_axis',(-0.695652173913044,0.718378767037317,0.));
#2954=DIRECTION('',(0.,0.,1.));
#2955=DIRECTION('center_axis',(-0.718378767037317,0.695652173913044,0.));
#2956=DIRECTION('ref_axis',(-0.695652173913044,-0.718378767037317,0.));
#2957=DIRECTION('center_axis',(0.,0.,1.));
#2958=DIRECTION('ref_axis',(1.93716910436791E-15,-1.,0.));
#2959=DIRECTION('',(0.,0.,1.));
#2960=DIRECTION('center_axis',(0.718378767037318,0.695652173913043,0.));
#2961=DIRECTION('ref_axis',(-0.695652173913043,0.718378767037318,0.));
#2962=DIRECTION('center_axis',(0.703670629322132,0.710526315789496,0.));
#2963=DIRECTION('ref_axis',(-0.710526315789496,0.703670629322132,0.));
#2964=DIRECTION('',(0.,0.,1.));
#2965=DIRECTION('',(0.,0.,-1.));
#2966=DIRECTION('center_axis',(0.,0.,1.));
#2967=DIRECTION('ref_axis',(-9.83119495665875E-15,-1.,0.));
#2968=DIRECTION('',(0.,0.,1.));
#2969=DIRECTION('center_axis',(-0.703670629322128,0.7105263157895,0.));
#2970=DIRECTION('ref_axis',(-0.7105263157895,-0.703670629322128,0.));
#2971=DIRECTION('center_axis',(0.,0.,1.));
#2972=DIRECTION('ref_axis',(1.93716910436791E-15,-1.,0.));
#2973=DIRECTION('',(0.,0.,1.));
#2974=DIRECTION('center_axis',(0.718378767037317,0.695652173913044,0.));
#2975=DIRECTION('ref_axis',(-0.695652173913044,0.718378767037317,0.));
#2976=DIRECTION('center_axis',(0.,1.,0.));
#2977=DIRECTION('ref_axis',(-1.,0.,0.));
#2978=DIRECTION('center_axis',(0.,1.,0.));
#2979=DIRECTION('ref_axis',(-1.,0.,0.));
#2980=DIRECTION('',(0.,1.,0.));
#2981=DIRECTION('center_axis',(0.,-1.,0.));
#2982=DIRECTION('ref_axis',(-1.,0.,0.));
#2983=DIRECTION('center_axis',(0.,0.,1.));
#2984=DIRECTION('ref_axis',(0.,1.,0.));
#2985=DIRECTION('',(0.,1.,0.));
#2986=DIRECTION('',(-1.,0.,0.));
#2987=DIRECTION('',(0.,-1.,0.));
#2988=DIRECTION('center_axis',(0.,1.,0.));
#2989=DIRECTION('ref_axis',(0.,0.,-1.));
#2990=DIRECTION('',(0.,0.,-1.));
#2991=DIRECTION('',(-1.,0.,0.));
#2992=DIRECTION('',(0.,0.,1.));
#2993=DIRECTION('center_axis',(0.,0.,1.));
#2994=DIRECTION('ref_axis',(0.,1.,0.));
#2995=DIRECTION('',(0.,1.,0.));
#2996=DIRECTION('',(-1.,0.,0.));
#2997=DIRECTION('',(0.,-1.,0.));
#2998=DIRECTION('center_axis',(0.,-1.,0.));
#2999=DIRECTION('ref_axis',(0.,0.,1.));
#3000=DIRECTION('',(0.,0.,1.));
#3001=DIRECTION('',(-1.,0.,0.));
#3002=DIRECTION('',(0.,0.,-1.));
#3003=DIRECTION('center_axis',(0.,0.,-1.));
#3004=DIRECTION('ref_axis',(0.,-1.,0.));
#3005=DIRECTION('',(0.,-1.,0.));
#3006=DIRECTION('',(-1.,0.,0.));
#3007=DIRECTION('',(0.,1.,0.));
#3008=DIRECTION('center_axis',(0.,1.,0.));
#3009=DIRECTION('ref_axis',(0.,0.,-1.));
#3010=DIRECTION('',(0.,0.,-1.));
#3011=DIRECTION('',(-1.,0.,0.));
#3012=DIRECTION('',(0.,0.,1.));
#3013=DIRECTION('center_axis',(0.,0.,-1.));
#3014=DIRECTION('ref_axis',(0.,-1.,0.));
#3015=DIRECTION('',(0.,-1.,0.));
#3016=DIRECTION('',(1.,0.,0.));
#3017=DIRECTION('',(0.,1.,0.));
#3018=DIRECTION('center_axis',(-1.,0.,0.));
#3019=DIRECTION('ref_axis',(0.,0.,1.));
#3020=DIRECTION('',(0.,0.,1.));
#3021=DIRECTION('',(0.,0.,-1.));
#3022=DIRECTION('center_axis',(0.,1.,0.));
#3023=DIRECTION('ref_axis',(0.,0.,1.));
#3024=DIRECTION('',(0.,0.,-1.));
#3025=DIRECTION('',(-1.,0.,0.));
#3026=DIRECTION('center_axis',(1.,0.,0.));
#3027=DIRECTION('ref_axis',(0.,0.,-1.));
#3028=DIRECTION('',(0.,0.,-1.));
#3029=DIRECTION('',(0.,1.,0.));
#3030=DIRECTION('center_axis',(0.297077235567838,-0.954853452686522,0.));
#3031=DIRECTION('ref_axis',(0.954853452686521,0.297077235567838,0.));
#3032=DIRECTION('',(0.,0.,-1.));
#3033=DIRECTION('center_axis',(0.,1.,0.));
#3034=DIRECTION('ref_axis',(0.,0.,1.));
#3035=DIRECTION('',(0.,0.,1.));
#3036=DIRECTION('center_axis',(1.,0.,0.));
#3037=DIRECTION('ref_axis',(0.,0.,-1.));
#3038=DIRECTION('',(0.,0.,-1.));
#3039=DIRECTION('center_axis',(0.,1.,0.));
#3040=DIRECTION('ref_axis',(0.,0.,1.));
#3041=DIRECTION('',(-1.,0.,0.));
#3042=DIRECTION('center_axis',(0.,0.,-1.));
#3043=DIRECTION('ref_axis',(-1.,0.,0.));
#3044=DIRECTION('',(-1.,0.,0.));
#3045=DIRECTION('',(-1.,0.,0.));
#3046=DIRECTION('center_axis',(0.,1.,0.));
#3047=DIRECTION('ref_axis',(1.,0.,0.));
#3048=CARTESIAN_POINT('',(0.,0.,0.));
#3049=CARTESIAN_POINT('Origin',(12.5000000372529,11.5000002831221,0.));
#3050=CARTESIAN_POINT('',(10.5000000372529,11.5000002831221,5.));
#3051=CARTESIAN_POINT('Origin',(12.5000000372529,11.5000002831221,5.));
#3052=CARTESIAN_POINT('',(10.5000000372529,11.5000002831221,-4.));
#3053=CARTESIAN_POINT('',(10.5000000372529,11.5000002831221,0.));
#3054=CARTESIAN_POINT('Origin',(12.5000000372529,11.5000002831221,-4.00000005960464));
#3055=CARTESIAN_POINT('Origin',(23.0000003427267,3.00000004470348,0.));
#3056=CARTESIAN_POINT('',(23.0000003427267,19.0000002831221,0.));
#3057=CARTESIAN_POINT('',(23.0000003427267,3.00000004470348,0.));
#3058=CARTESIAN_POINT('',(23.0000003427267,1.50000002235174,0.));
#3059=CARTESIAN_POINT('',(23.0000003427267,19.0000002831221,5.));
#3060=CARTESIAN_POINT('',(23.0000003427267,19.0000002831221,0.));
#3061=CARTESIAN_POINT('',(23.0000003427267,3.00000004470348,5.));
#3062=CARTESIAN_POINT('',(23.0000003427267,3.00000004470348,5.));
#3063=CARTESIAN_POINT('',(23.0000003427267,3.00000004470348,0.));
#3064=CARTESIAN_POINT('Origin',(2.5000000372529,3.00000004470348,0.));
#3065=CARTESIAN_POINT('',(2.5000000372529,3.00000004470348,0.));
#3066=CARTESIAN_POINT('',(1.25000001862645,3.00000004470348,0.));
#3067=CARTESIAN_POINT('',(2.5000000372529,3.00000004470348,5.));
#3068=CARTESIAN_POINT('',(2.5000000372529,3.00000004470348,5.));
#3069=CARTESIAN_POINT('',(2.5000000372529,3.00000004470348,0.));
#3070=CARTESIAN_POINT('Origin',(2.5000000372529,19.0000002831221,0.));
#3071=CARTESIAN_POINT('',(2.5000000372529,19.0000002831221,0.));
#3072=CARTESIAN_POINT('',(2.5000000372529,9.50000014156103,0.));
#3073=CARTESIAN_POINT('',(2.5000000372529,19.0000002831221,5.));
#3074=CARTESIAN_POINT('',(2.5000000372529,19.0000002831221,5.));
#3075=CARTESIAN_POINT('',(2.5000000372529,19.0000002831221,0.));
#3076=CARTESIAN_POINT('Origin',(23.0000003427267,19.0000002831221,0.));
#3077=CARTESIAN_POINT('',(11.5000001713634,19.0000002831221,0.));
#3078=CARTESIAN_POINT('',(23.0000003427267,19.0000002831221,5.));
#3079=CARTESIAN_POINT('Origin',(12.7500001899898,11.0000001639128,5.));
#3080=CARTESIAN_POINT('Origin',(0.,0.,0.));
#3081=CARTESIAN_POINT('',(1.,11.0313860954187,0.));
#3082=CARTESIAN_POINT('',(1.,20.,0.));
#3083=CARTESIAN_POINT('',(1.,0.,0.));
#3084=CARTESIAN_POINT('',(-4.,6.0313860954187,0.));
#3085=CARTESIAN_POINT('Origin',(-4.,11.0313860954187,0.));
#3086=CARTESIAN_POINT('',(-16.,6.0313860954187,0.));
#3087=CARTESIAN_POINT('',(0.,6.0313860954187,0.));
#3088=CARTESIAN_POINT('',(-16.,0.,0.));
#3089=CARTESIAN_POINT('',(-16.,1.75784652385467,0.));
#3090=CARTESIAN_POINT('',(40.,0.,0.));
#3091=CARTESIAN_POINT('',(0.,0.,0.));
#3092=CARTESIAN_POINT('',(40.,30.,0.));
#3093=CARTESIAN_POINT('',(40.,0.,0.));
#3094=CARTESIAN_POINT('',(34.2935584607861,30.,0.));
#3095=CARTESIAN_POINT('',(0.,30.,0.));
#3096=CARTESIAN_POINT('',(33.9964812252182,29.9548534526865,0.));
#3097=CARTESIAN_POINT('Origin',(34.2935584607861,29.,0.));
#3098=CARTESIAN_POINT('',(2.,20.,0.));
#3099=CARTESIAN_POINT('',(-1.74839735707254,18.8337859369772,0.));
#3100=CARTESIAN_POINT('',(0.,20.,0.));
#3101=CARTESIAN_POINT('',(31.2889654673001,22.9572747125598,-4.32133671068868E-7));
#3102=CARTESIAN_POINT('',(33.4382103697302,20.7502979683738,-4.32133671068868E-7));
#3103=CARTESIAN_POINT('',(30.4859452762173,23.7818651930712,0.));
#3104=CARTESIAN_POINT('',(29.13972056487,20.7502979683737,-4.32133671068868E-7));
#3105=CARTESIAN_POINT('Origin',(31.2889654673001,18.6572747125598,0.));
#3106=CARTESIAN_POINT('',(17.9367168599656,9.2463653016973,2.22044604925031E-15));
#3107=CARTESIAN_POINT('',(31.2889654673001,13.0572747125598,-4.32133671068868E-7));
#3108=CARTESIAN_POINT('',(33.4382103697302,10.8502979683737,-4.32133671068868E-7));
#3109=CARTESIAN_POINT('',(28.0118145164431,16.4224547009132,2.22044604925031E-15));
#3110=CARTESIAN_POINT('',(29.13972056487,10.8502979683737,-4.32133671068868E-7));
#3111=CARTESIAN_POINT('Origin',(31.2889654673001,8.75727471255978,0.));
#3112=CARTESIAN_POINT('',(20.4108476197399,1.88695480953936,0.));
#3113=CARTESIAN_POINT('',(24.3674650239267,15.4352457269854,-4.32133671068868E-7));
#3114=CARTESIAN_POINT('',(26.2673757230966,17.3168246743539,-4.32133671068868E-7));
#3115=CARTESIAN_POINT('',(15.3078616363828,6.46305613251721,2.22044604925031E-15));
#3116=CARTESIAN_POINT('',(28.1672864222666,15.4352457269854,-4.32133671068868E-7));
#3117=CARTESIAN_POINT('',(24.9158223739817,18.6553372313132,0.));
#3118=CARTESIAN_POINT('Origin',(26.2673757230967,13.5168246743539,0.));
#3119=CARTESIAN_POINT('Origin',(-14.4999999627471,5.00000007450581,-12.5000001862645));
#3120=CARTESIAN_POINT('',(-14.4999999627471,7.0313860954187,-15.0000002235174));
#3121=CARTESIAN_POINT('',(-14.4999999627471,7.0313860954187,-12.5000001862645));
#3122=CARTESIAN_POINT('',(-14.4999999627471,7.0313860954187,-6.25000009313226));
#3123=CARTESIAN_POINT('',(-14.4999999627471,5.00000007450581,-15.0000002235174));
#3124=CARTESIAN_POINT('',(-14.4999999627471,5.00000007450581,-15.0000002235174));
#3125=CARTESIAN_POINT('',(-14.4999999627471,5.00000007450581,-12.5000001862645));
#3126=CARTESIAN_POINT('',(-14.4999999627471,5.00000007450581,-15.7500002644956));
#3127=CARTESIAN_POINT('',(-14.4999999627471,5.00000007450581,-12.5000001862645));
#3128=CARTESIAN_POINT('Origin',(-17.,5.00000007450581,-12.5000001862645));
#3129=CARTESIAN_POINT('',(-16.,7.0313860954187,-12.5000001862645));
#3130=CARTESIAN_POINT('',(-8.5,7.0313860954187,-12.5000001862645));
#3131=CARTESIAN_POINT('',(-17.,5.00000007450581,-12.5000001862645));
#3132=CARTESIAN_POINT('',(-8.5,5.00000007450581,-12.5000001862645));
#3133=CARTESIAN_POINT('',(-17.,6.0313860954187,-12.5000001862645));
#3134=CARTESIAN_POINT('',(-17.,4.25784656110758,-12.5000001862645));
#3135=CARTESIAN_POINT('Origin',(-16.,6.0313860954187,-12.5000001862645));
#3136=CARTESIAN_POINT('Origin',(-14.4999999627471,5.00000007450581,-15.0000002235174));
#3137=CARTESIAN_POINT('',(-16.,7.0313860954187,-15.0000002235174));
#3138=CARTESIAN_POINT('',(-7.24999998137355,7.0313860954187,-15.0000002235174));
#3139=CARTESIAN_POINT('',(-17.,6.0313860954187,-15.0000002235174));
#3140=CARTESIAN_POINT('Origin',(-16.,6.0313860954187,-15.0000002235174));
#3141=CARTESIAN_POINT('',(-17.,5.00000007450581,-15.0000002235174));
#3142=CARTESIAN_POINT('',(-17.,4.25784656110758,-15.0000002235174));
#3143=CARTESIAN_POINT('',(-7.24999998137355,5.00000007450581,-15.0000002235174));
#3144=CARTESIAN_POINT('Origin',(0.,7.0313860954187,0.));
#3145=CARTESIAN_POINT('',(-16.,7.0313860954187,-1.));
#3146=CARTESIAN_POINT('',(-16.,7.0313860954187,-8.175));
#3147=CARTESIAN_POINT('',(-4.,7.0313860954187,-1.));
#3148=CARTESIAN_POINT('',(0.,7.0313860954187,-1.));
#3149=CARTESIAN_POINT('',(-4.,7.0313860954187,-31.7));
#3150=CARTESIAN_POINT('',(-4.,7.0313860954187,-16.35));
#3151=CARTESIAN_POINT('',(-16.,7.0313860954187,-31.7));
#3152=CARTESIAN_POINT('',(20.,7.0313860954187,-31.7));
#3153=CARTESIAN_POINT('',(-16.,7.0313860954187,-8.175));
#3154=CARTESIAN_POINT('Origin',(-17.,3.51569304770935,-16.35));
#3155=CARTESIAN_POINT('',(-17.,5.00000007450581,-8.00000017881393));
#3156=CARTESIAN_POINT('',(-17.,5.00000007450581,-19.0000003427267));
#3157=CARTESIAN_POINT('',(-17.,0.,-10.));
#3158=CARTESIAN_POINT('',(-17.,0.,-10.));
#3159=CARTESIAN_POINT('',(-17.,0.,-1.));
#3160=CARTESIAN_POINT('',(-17.,0.,-32.7));
#3161=CARTESIAN_POINT('',(-17.,6.0313860954187,-1.));
#3162=CARTESIAN_POINT('',(-17.,1.75784652385467,-1.));
#3163=CARTESIAN_POINT('',(-17.,6.0313860954187,-8.175));
#3164=CARTESIAN_POINT('Origin',(-17.,3.51569304770935,-16.35));
#3165=CARTESIAN_POINT('',(-17.,6.0313860954187,-31.7));
#3166=CARTESIAN_POINT('',(-17.,6.0313860954187,-8.175));
#3167=CARTESIAN_POINT('',(-17.,0.,-31.7));
#3168=CARTESIAN_POINT('',(-17.,1.75784652385467,-31.7));
#3169=CARTESIAN_POINT('',(-17.,0.,-17.0000001043081));
#3170=CARTESIAN_POINT('',(-17.,0.,-32.7));
#3171=CARTESIAN_POINT('',(-17.,5.00000007450581,-19.0000003427267));
#3172=CARTESIAN_POINT('',(-17.,5.00000007450581,-19.0000003427267));
#3173=CARTESIAN_POINT('',(-17.,5.00000007450581,-19.0000003427267));
#3174=CARTESIAN_POINT('Origin',(-16.,6.0313860954187,-8.175));
#3175=CARTESIAN_POINT('Origin',(-16.,6.0313860954187,-1.));
#3176=CARTESIAN_POINT('Origin',(-16.,6.0313860954187,-31.7));
#3177=CARTESIAN_POINT('Origin',(-16.,6.0313860954187,-31.7));
#3178=CARTESIAN_POINT('',(-16.,6.0313860954187,-32.7));
#3179=CARTESIAN_POINT('Origin',(-16.,6.0313860954187,-31.7));
#3180=CARTESIAN_POINT('Origin',(-16.,6.0313860954187,-31.7));
#3181=CARTESIAN_POINT('Origin',(20.,6.0313860954187,-31.7));
#3182=CARTESIAN_POINT('',(-4.,6.0313860954187,-32.7));
#3183=CARTESIAN_POINT('Origin',(-4.,6.0313860954187,-31.7));
#3184=CARTESIAN_POINT('',(20.,6.0313860954187,-32.7));
#3185=CARTESIAN_POINT('Origin',(-4.,11.0313860954187,-31.7));
#3186=CARTESIAN_POINT('',(0.,11.0313860954187,-31.7));
#3187=CARTESIAN_POINT('',(1.,11.0313860954187,-32.7));
#3188=CARTESIAN_POINT('Origin',(1.,11.0313860954187,-31.7));
#3189=CARTESIAN_POINT('Origin',(-4.,11.0313860954187,-32.7));
#3190=CARTESIAN_POINT('Origin',(-4.,11.0313860954187,-31.7));
#3191=CARTESIAN_POINT('Origin',(1.,0.,-31.7));
#3192=CARTESIAN_POINT('',(0.,20.,-31.7));
#3193=CARTESIAN_POINT('',(1.,20.,-32.7));
#3194=CARTESIAN_POINT('Origin',(1.,20.,-31.7));
#3195=CARTESIAN_POINT('',(1.,0.,-32.7));
#3196=CARTESIAN_POINT('',(0.,0.,-31.7));
#3197=CARTESIAN_POINT('Origin',(-16.,1.75784652385467,-31.7));
#3198=CARTESIAN_POINT('',(-16.,0.,-32.7));
#3199=CARTESIAN_POINT('Origin',(-16.,0.,-31.7));
#3200=CARTESIAN_POINT('',(-16.,1.75784652385467,-32.7));
#3201=CARTESIAN_POINT('Origin',(-16.,6.0313860954187,-1.));
#3202=CARTESIAN_POINT('Origin',(-16.,6.0313860954187,-1.));
#3203=CARTESIAN_POINT('Origin',(-16.,6.0313860954187,-1.));
#3204=CARTESIAN_POINT('Origin',(0.,6.0313860954187,-1.));
#3205=CARTESIAN_POINT('Origin',(-4.,6.0313860954187,-1.));
#3206=CARTESIAN_POINT('Origin',(-4.,11.0313860954187,-1.));
#3207=CARTESIAN_POINT('',(0.,11.0313860954187,-1.));
#3208=CARTESIAN_POINT('Origin',(1.,11.0313860954187,-1.));
#3209=CARTESIAN_POINT('Origin',(-4.,11.0313860954187,-1.));
#3210=CARTESIAN_POINT('Origin',(1.,0.,-1.));
#3211=CARTESIAN_POINT('',(0.,20.,-1.));
#3212=CARTESIAN_POINT('Origin',(1.,20.,-1.));
#3213=CARTESIAN_POINT('',(0.,0.,-1.));
#3214=CARTESIAN_POINT('Origin',(-16.,6.0313860954187,-8.175));
#3215=CARTESIAN_POINT('Origin',(-16.,1.75784652385467,-1.));
#3216=CARTESIAN_POINT('Origin',(-16.,0.,-1.));
#3217=CARTESIAN_POINT('Origin',(-4.,11.0313860954187,-16.35));
#3218=CARTESIAN_POINT('',(0.,11.0313860954187,-16.35));
#3219=CARTESIAN_POINT('Origin',(0.,0.,-32.7));
#3220=CARTESIAN_POINT('',(0.,20.,-32.7));
#3221=CARTESIAN_POINT('Origin',(0.,5.00000007450581,-8.00000017881393));
#3222=CARTESIAN_POINT('',(0.,0.,-10.));
#3223=CARTESIAN_POINT('',(0.,5.00000007450581,-8.00000017881393));
#3224=CARTESIAN_POINT('',(0.,-1.41379277057298,-10.5655170492412));
#3225=CARTESIAN_POINT('',(0.,0.,-10.));
#3226=CARTESIAN_POINT('',(0.,5.00000007450581,-8.00000017881393));
#3227=CARTESIAN_POINT('Origin',(0.,5.00000007450581,-19.0000003427267));
#3228=CARTESIAN_POINT('',(0.,5.00000007450581,-19.0000003427267));
#3229=CARTESIAN_POINT('',(0.,5.00000007450581,-19.0000003427267));
#3230=CARTESIAN_POINT('',(0.,5.00000007450581,-25.8500001713634));
#3231=CARTESIAN_POINT('Origin',(0.,0.,-17.0000001043081));
#3232=CARTESIAN_POINT('',(0.,0.,-17.0000001043081));
#3233=CARTESIAN_POINT('',(0.,2.70689673820125,-18.0827589125292));
#3234=CARTESIAN_POINT('',(0.,0.,-17.0000001043081));
#3235=CARTESIAN_POINT('Origin',(0.,0.,-32.7));
#3236=CARTESIAN_POINT('',(0.,0.,-32.7));
#3237=CARTESIAN_POINT('Origin',(30.7673757230966,11.5999997407198,-39.6999991126359));
#3238=CARTESIAN_POINT('',(17.0595015323041,9.6161769221804,-37.7161762940965));
#3239=CARTESIAN_POINT('',(16.452805830646,11.5999997407198,-39.6999991126359));
#3240=CARTESIAN_POINT('Origin',(26.2673757230967,13.5168246743539,-41.61682404627));
#3241=CARTESIAN_POINT('',(14.9190301558581,9.6161769221804,-37.7161762940965));
#3242=CARTESIAN_POINT('',(23.9134386277004,9.6161769221804,-37.7161762940965));
#3243=CARTESIAN_POINT('',(14.4214572033853,11.600000628084,-39.7));
#3244=CARTESIAN_POINT('Origin',(26.2673757230966,13.5168246743539,-41.61682404627));
#3245=CARTESIAN_POINT('',(28.5173757230967,11.6000006280839,-39.7));
#3246=CARTESIAN_POINT('Origin',(30.7673757230966,11.5999997407198,-39.6999991126359));
#3247=CARTESIAN_POINT('',(37.6157212903352,9.6161769221804,-37.7161762940965));
#3248=CARTESIAN_POINT('',(38.113294242808,11.600000628084,-39.7));
#3249=CARTESIAN_POINT('Origin',(26.2673757230966,13.5168246743539,-41.61682404627));
#3250=CARTESIAN_POINT('',(35.4752499138892,9.6161769221804,-37.7161762940965));
#3251=CARTESIAN_POINT('',(34.1915485067159,9.6161769221804,-37.7161762940965));
#3252=CARTESIAN_POINT('',(36.0819456155473,11.5999997407198,-39.6999991126359));
#3253=CARTESIAN_POINT('Origin',(26.2673757230967,13.5168246743539,-41.61682404627));
#3254=CARTESIAN_POINT('',(28.5173757230967,11.6000006280839,-39.7));
#3255=CARTESIAN_POINT('Origin',(26.2673757230966,13.5168246743539,-32.7));
#3256=CARTESIAN_POINT('Origin',(26.2673757230967,13.5168246743539,-39.7));
#3257=CARTESIAN_POINT('',(14.9190301558581,9.6161769221804,-37.7));
#3258=CARTESIAN_POINT('',(14.9190301558581,9.6161769221804,-37.7));
#3259=CARTESIAN_POINT('',(14.9190301558581,9.6161769221804,-32.7));
#3260=CARTESIAN_POINT('',(14.9190301558581,9.6161769221804,-32.7));
#3261=CARTESIAN_POINT('',(37.6157212903352,9.6161769221804,-32.7));
#3262=CARTESIAN_POINT('Origin',(26.2673757230966,13.5168246743539,-32.7));
#3263=CARTESIAN_POINT('',(37.6157212903352,9.6161769221804,-37.7));
#3264=CARTESIAN_POINT('',(37.6157212903352,9.6161769221804,-32.7));
#3265=CARTESIAN_POINT('',(37.6157212903352,9.6161769221804,-37.7));
#3266=CARTESIAN_POINT('Origin',(26.2673757230967,17.5665007982672,-39.7));
#3267=CARTESIAN_POINT('Origin',(26.2673757230967,13.5168246743539,-39.7));
#3268=CARTESIAN_POINT('Origin',(31.2889654673001,18.6572747125598,-29.0000004321337));
#3269=CARTESIAN_POINT('',(29.13972056487,20.7502979683737,-4.00000005960464));
#3270=CARTESIAN_POINT('',(33.4382103697302,20.7502979683738,-4.00000005960464));
#3271=CARTESIAN_POINT('Origin',(31.2889654673001,18.6572747125598,-4.00000005960464));
#3272=CARTESIAN_POINT('',(29.13972056487,20.7502979683737,-29.0000004321337));
#3273=CARTESIAN_POINT('',(33.4382103697302,20.7502979683738,-29.0000004321337));
#3274=CARTESIAN_POINT('Origin',(33.4382103697302,20.7502979683738,-29.0000004321337));
#3275=CARTESIAN_POINT('',(31.2889654673001,22.9572747125598,-4.00000005960464));
#3276=CARTESIAN_POINT('',(38.7476135790594,15.2982764722441,-4.00000005960464));
#3277=CARTESIAN_POINT('',(31.2889654673001,22.9572747125598,-29.0000004321337));
#3278=CARTESIAN_POINT('Origin',(31.2889654673001,22.9572747125598,-29.0000004321337));
#3279=CARTESIAN_POINT('',(27.1980339546357,18.7564548337737,-4.00000005960464));
#3280=CARTESIAN_POINT('Origin',(31.2889654673001,8.75727471255978,-29.0000004321337));
#3281=CARTESIAN_POINT('',(29.13972056487,10.8502979683737,-4.00000005960464));
#3282=CARTESIAN_POINT('',(33.4382103697302,10.8502979683737,-4.00000005960464));
#3283=CARTESIAN_POINT('Origin',(31.2889654673001,8.75727471255978,-4.00000005960464));
#3284=CARTESIAN_POINT('',(29.13972056487,10.8502979683737,-29.0000004321337));
#3285=CARTESIAN_POINT('',(33.4382103697302,10.8502979683737,-29.0000004321337));
#3286=CARTESIAN_POINT('Origin',(33.4382103697302,10.8502979683737,-29.0000004321337));
#3287=CARTESIAN_POINT('',(31.2889654673001,13.0572747125598,-4.00000005960464));
#3288=CARTESIAN_POINT('',(36.2734828192852,7.93886598008612,-4.00000005960464));
#3289=CARTESIAN_POINT('',(31.2889654673001,13.0572747125598,-29.0000004321337));
#3290=CARTESIAN_POINT('Origin',(31.2889654673001,13.0572747125598,-29.0000004321337));
#3291=CARTESIAN_POINT('',(29.6721647144099,11.3970443416158,-4.00000005960464));
#3292=CARTESIAN_POINT('Origin',(28.1672864222666,15.4352457269854,-29.0000004321337));
#3293=CARTESIAN_POINT('',(28.1672864222666,15.4352457269854,-4.00000005960464));
#3294=CARTESIAN_POINT('',(26.2673757230966,17.3168246743539,-4.00000005960464));
#3295=CARTESIAN_POINT('',(33.5031034919287,10.1509125898163,-4.00000005960464));
#3296=CARTESIAN_POINT('',(28.1672864222666,15.4352457269854,-29.0000004321337));
#3297=CARTESIAN_POINT('',(26.2673757230966,17.3168246743539,-29.0000004321337));
#3298=CARTESIAN_POINT('Origin',(26.2673757230966,17.3168246743539,-29.0000004321337));
#3299=CARTESIAN_POINT('',(24.3674650239267,15.4352457269854,-4.00000005960464));
#3300=CARTESIAN_POINT('',(24.8950957538929,15.9577854831554,-4.00000005960464));
#3301=CARTESIAN_POINT('',(24.3674650239267,15.4352457269854,-29.0000004321337));
#3302=CARTESIAN_POINT('Origin',(26.2673757230967,13.5168246743539,-29.0000004321337));
#3303=CARTESIAN_POINT('Origin',(26.2673757230967,13.5168246743539,-4.00000005960464));
#3304=CARTESIAN_POINT('Origin',(34.2935584607861,29.,-24.525));
#3305=CARTESIAN_POINT('',(34.2935584607861,30.,-4.00000005960464));
#3306=CARTESIAN_POINT('',(34.2935584607861,30.,-24.525));
#3307=CARTESIAN_POINT('',(33.9964812252182,29.9548534526865,-4.00000005960464));
#3308=CARTESIAN_POINT('Origin',(34.2935584607861,29.,-4.00000005960464));
#3309=CARTESIAN_POINT('',(33.9964812252182,29.9548534526865,-24.525));
#3310=CARTESIAN_POINT('Origin',(36.,2.,-4.00000005960464));
#3311=CARTESIAN_POINT('',(36.,30.,-4.00000005960464));
#3312=CARTESIAN_POINT('',(40.0000005960464,30.,-4.00000005960464));
#3313=CARTESIAN_POINT('',(36.,2.,-4.00000005960464));
#3314=CARTESIAN_POINT('',(36.,2.,-4.00000005960464));
#3315=CARTESIAN_POINT('',(2.,2.,-4.00000005960464));
#3316=CARTESIAN_POINT('',(28.,2.,-4.00000005960464));
#3317=CARTESIAN_POINT('',(2.,20.,-4.00000005960464));
#3318=CARTESIAN_POINT('',(2.,2.,-4.00000005960464));
#3319=CARTESIAN_POINT('',(14.9466799569567,24.0280148546071,-4.00000005960464));
#3320=CARTESIAN_POINT('Origin',(38.,30.,-16.35));
#3321=CARTESIAN_POINT('',(40.,30.,-10.0000001490116));
#3322=CARTESIAN_POINT('',(40.,30.,0.));
#3323=CARTESIAN_POINT('',(36.,30.,-10.0000001490116));
#3324=CARTESIAN_POINT('',(39.,30.,-10.0000001490116));
#3325=CARTESIAN_POINT('',(36.,30.,-32.7));
#3326=CARTESIAN_POINT('Origin',(34.2935584607861,29.,-24.525));
#3327=CARTESIAN_POINT('',(33.9964812252182,29.9548534526865,-29.0000004321337));
#3328=CARTESIAN_POINT('',(34.2935584607861,30.,-29.0000004321337));
#3329=CARTESIAN_POINT('Origin',(34.2935584607861,29.,-29.0000004321337));
#3330=CARTESIAN_POINT('',(34.2935584607861,30.,-32.7));
#3331=CARTESIAN_POINT('',(34.2935584607861,30.,-24.525));
#3332=CARTESIAN_POINT('',(33.9964812252182,29.9548534526865,-32.7));
#3333=CARTESIAN_POINT('Origin',(34.2935584607861,29.,-32.7));
#3334=CARTESIAN_POINT('',(33.9964812252182,29.9548534526865,-24.525));
#3335=CARTESIAN_POINT('Origin',(2.,2.,-29.0000004321337));
#3336=CARTESIAN_POINT('',(2.,20.,-29.0000004321337));
#3337=CARTESIAN_POINT('',(-0.552987016868655,19.2057060449663,-29.0000004321337));
#3338=CARTESIAN_POINT('',(2.,2.,-29.0000004321337));
#3339=CARTESIAN_POINT('',(2.,2.,-29.0000004321337));
#3340=CARTESIAN_POINT('',(36.,2.,-29.0000004321337));
#3341=CARTESIAN_POINT('',(11.,2.,-29.0000004321337));
#3342=CARTESIAN_POINT('',(36.,30.,-29.0000004321337));
#3343=CARTESIAN_POINT('',(36.,2.,-29.0000004321337));
#3344=CARTESIAN_POINT('',(40.0000005960464,30.,-29.0000004321337));
#3345=CARTESIAN_POINT('',(33.4382103697302,20.7502979683738,-29.0000004321337));
#3346=CARTESIAN_POINT('',(29.13972056487,20.7502979683737,-29.0000004321337));
#3347=CARTESIAN_POINT('Origin',(31.2889654673001,18.6572747125598,-29.0000004321337));
#3348=CARTESIAN_POINT('',(31.2889654673001,22.9572747125598,-29.0000004321337));
#3349=CARTESIAN_POINT('',(17.8486683990399,9.15595173114293,-29.0000004321337));
#3350=CARTESIAN_POINT('',(29.3982480234636,24.8987795748749,-29.0000004321337));
#3351=CARTESIAN_POINT('',(23.3950308813233,10.8502979683737,-29.0000004321337));
#3352=CARTESIAN_POINT('',(19.0965410764631,10.8502979683737,-29.0000004321337));
#3353=CARTESIAN_POINT('Origin',(21.2457859788932,8.75727471255978,-29.0000004321337));
#3354=CARTESIAN_POINT('',(21.2457859788932,13.0572747125598,-29.0000004321337));
#3355=CARTESIAN_POINT('',(12.7238764415176,4.30645429940937,-29.0000004321337));
#3356=CARTESIAN_POINT('',(19.3251945463929,15.0294560222925,-29.0000004321337));
#3357=CARTESIAN_POINT('',(23.3950308813233,20.7502979683737,-29.0000004321337));
#3358=CARTESIAN_POINT('',(19.096541076463,20.7502979683737,-29.0000004321337));
#3359=CARTESIAN_POINT('Origin',(21.2457859788932,18.6572747125598,-29.0000004321337));
#3360=CARTESIAN_POINT('',(21.2457859788932,22.9572747125598,-29.0000004321337));
#3361=CARTESIAN_POINT('',(10.2497456817434,11.6658647915673,-29.0000004321337));
#3362=CARTESIAN_POINT('',(21.7993253061671,22.3888665144505,-29.0000004321337));
#3363=CARTESIAN_POINT('',(33.4382103697302,10.8502979683737,-29.0000004321337));
#3364=CARTESIAN_POINT('',(29.13972056487,10.8502979683737,-29.0000004321337));
#3365=CARTESIAN_POINT('Origin',(31.2889654673001,8.75727471255978,-29.0000004321337));
#3366=CARTESIAN_POINT('',(31.2889654673001,13.0572747125598,-29.0000004321337));
#3367=CARTESIAN_POINT('',(20.3227991588141,1.79654123898499,-29.0000004321337));
#3368=CARTESIAN_POINT('',(26.9241172636894,17.5393690827169,-29.0000004321337));
#3369=CARTESIAN_POINT('',(28.1672864222666,15.4352457269855,-29.0000004321337));
#3370=CARTESIAN_POINT('',(24.3674650239267,15.4352457269855,-29.0000004321337));
#3371=CARTESIAN_POINT('Origin',(26.2673757230966,13.5168246743539,-29.0000004321337));
#3372=CARTESIAN_POINT('',(26.2673757230966,17.3168246743539,-29.0000004321337));
#3373=CARTESIAN_POINT('',(16.3126857815932,7.45818498686966,-29.0000004321337));
#3374=CARTESIAN_POINT('',(24.9206935196292,18.6505130861025,-29.0000004321337));
#3375=CARTESIAN_POINT('Origin',(2.,20.,-32.7));
#3376=CARTESIAN_POINT('',(2.,20.,-32.7));
#3377=CARTESIAN_POINT('',(16.4865049650749,24.5070904189075,-32.7));
#3378=CARTESIAN_POINT('',(2.,20.,0.));
#3379=CARTESIAN_POINT('Origin',(30.7673757230966,0.,-32.7));
#3380=CARTESIAN_POINT('',(30.7673757230966,0.,-32.7));
#3381=CARTESIAN_POINT('',(30.7673757230966,2.39382467435395,-37.7));
#3382=CARTESIAN_POINT('',(30.7673757230966,0.223192119809821,-33.1661830964502));
#3383=CARTESIAN_POINT('',(21.7673757230966,0.,-32.7));
#3384=CARTESIAN_POINT('',(25.3836878615483,0.,-32.7));
#3385=CARTESIAN_POINT('',(21.7673757230966,2.39382467435395,-37.7));
#3386=CARTESIAN_POINT('',(21.7673757230966,0.,-32.7));
#3387=CARTESIAN_POINT('',(28.5173757230966,2.39382467435394,-37.7));
#3388=CARTESIAN_POINT('Origin',(30.7673757230966,2.39382467435395,-32.7));
#3389=CARTESIAN_POINT('',(30.7673757230966,2.39382467435395,-32.7));
#3390=CARTESIAN_POINT('',(30.7673757230966,2.39382467435395,-32.7));
#3391=CARTESIAN_POINT('',(30.7673757230966,1.19691233717697,-32.7));
#3392=CARTESIAN_POINT('Origin',(26.2673757230966,13.9553246743539,-37.7));
#3393=CARTESIAN_POINT('',(21.7673757230966,2.39382467435395,-37.7));
#3394=CARTESIAN_POINT('',(17.0595015323041,9.6161769221804,-37.7));
#3395=CARTESIAN_POINT('',(21.6634386277004,9.6161769221804,-37.7));
#3396=CARTESIAN_POINT('',(35.4752499138892,9.6161769221804,-37.7));
#3397=CARTESIAN_POINT('Origin',(26.2673757230967,13.5168246743539,-37.7));
#3398=CARTESIAN_POINT('',(31.9415485067159,9.6161769221804,-37.7));
#3399=CARTESIAN_POINT('',(30.7673757230966,2.39382467435395,-37.7));
#3400=CARTESIAN_POINT('',(20.0963799516335,9.87031819082064,-37.7));
#3401=CARTESIAN_POINT('',(22.3951920061529,9.87031819082064,-37.7));
#3402=CARTESIAN_POINT('Origin',(21.2457859788932,8.75727471255978,-37.7));
#3403=CARTESIAN_POINT('',(21.2457859788932,11.0572747125598,-37.7));
#3404=CARTESIAN_POINT('',(21.2457859788932,11.0572747125598,-37.7));
#3405=CARTESIAN_POINT('',(21.2457859788932,11.0572747125598,-37.7));
#3406=CARTESIAN_POINT('',(30.1395594400404,9.87031819082066,-37.7));
#3407=CARTESIAN_POINT('',(32.4383714945598,9.87031819082066,-37.7));
#3408=CARTESIAN_POINT('Origin',(31.2889654673001,8.75727471255978,-37.7));
#3409=CARTESIAN_POINT('',(31.2889654673001,11.0572747125598,-37.7));
#3410=CARTESIAN_POINT('',(31.2889654673001,11.0572747125598,-37.7));
#3411=CARTESIAN_POINT('',(31.2889654673001,11.0572747125598,-37.7));
#3412=CARTESIAN_POINT('',(20.0963799516335,19.7703181908206,-37.7));
#3413=CARTESIAN_POINT('',(22.3951920061529,19.7703181908206,-37.7));
#3414=CARTESIAN_POINT('Origin',(21.2457859788932,18.6572747125598,-37.7));
#3415=CARTESIAN_POINT('',(21.2457859788932,20.9572747125598,-37.7));
#3416=CARTESIAN_POINT('',(21.2457859788932,20.9572747125598,-37.7));
#3417=CARTESIAN_POINT('',(21.2457859788932,20.9572747125598,-37.7));
#3418=CARTESIAN_POINT('',(30.1395594400404,19.7703181908206,-37.7));
#3419=CARTESIAN_POINT('',(32.4383714945598,19.7703181908206,-37.7));
#3420=CARTESIAN_POINT('Origin',(31.2889654673001,18.6572747125598,-37.7));
#3421=CARTESIAN_POINT('',(31.2889654673001,20.9572747125598,-37.7));
#3422=CARTESIAN_POINT('',(31.2889654673001,20.9572747125598,-37.7));
#3423=CARTESIAN_POINT('',(31.2889654673001,20.9572747125598,-37.7));
#3424=CARTESIAN_POINT('',(28.1672864222666,15.4352457269855,-37.7));
#3425=CARTESIAN_POINT('',(26.2673757230966,17.3168246743539,-37.7));
#3426=CARTESIAN_POINT('',(26.2673757230966,17.3168246743539,-37.7));
#3427=CARTESIAN_POINT('',(24.3674650239267,15.4352457269855,-37.7));
#3428=CARTESIAN_POINT('',(26.2673757230966,17.3168246743539,-37.7));
#3429=CARTESIAN_POINT('Origin',(26.2673757230966,13.5168246743539,-37.7));
#3430=CARTESIAN_POINT('Origin',(21.7673757230966,0.,-32.7));
#3431=CARTESIAN_POINT('',(21.7673757230966,2.39382467435395,-32.7));
#3432=CARTESIAN_POINT('',(21.7673757230966,0.,-32.7));
#3433=CARTESIAN_POINT('',(21.7673757230966,2.39382467435395,-32.7));
#3434=CARTESIAN_POINT('Origin',(31.2889654673001,18.6572747125598,-29.0000004321337));
#3435=CARTESIAN_POINT('',(33.4382103697302,20.7502979683738,-35.0000004321337));
#3436=CARTESIAN_POINT('',(33.4382103697302,20.7502979683738,-29.0000004321337));
#3437=CARTESIAN_POINT('',(29.13972056487,20.7502979683737,-35.0000004321337));
#3438=CARTESIAN_POINT('Origin',(31.2889654673001,18.6572747125598,-35.0000004321337));
#3439=CARTESIAN_POINT('',(29.13972056487,20.7502979683737,-29.0000004321337));
#3440=CARTESIAN_POINT('Origin',(31.2889654673001,22.9572747125598,-29.0000004321337));
#3441=CARTESIAN_POINT('',(31.2889654673001,22.9572747125598,-35.0000004321337));
#3442=CARTESIAN_POINT('',(31.2889654673001,22.9572747125598,-29.0000004321337));
#3443=CARTESIAN_POINT('',(31.2889654673001,22.9572747125598,-35.0000004321337));
#3444=CARTESIAN_POINT('Origin',(29.13972056487,20.7502979683737,-29.0000004321337));
#3445=CARTESIAN_POINT('',(31.2889654673001,22.9572747125598,-35.0000004321337));
#3446=CARTESIAN_POINT('Origin',(31.2889654673001,19.3072747125598,-35.0000004321337));
#3447=CARTESIAN_POINT('',(31.2889654673001,20.9572747125598,-35.0000004321337));
#3448=CARTESIAN_POINT('',(30.1395594400404,19.7703181908206,-35.0000004321337));
#3449=CARTESIAN_POINT('',(30.8766785227395,20.5315185688925,-35.0000004321337));
#3450=CARTESIAN_POINT('',(32.4383714945598,19.7703181908206,-35.0000004321337));
#3451=CARTESIAN_POINT('',(32.2759554254905,19.9380403080229,-35.0000004321337));
#3452=CARTESIAN_POINT('Origin',(31.2889654673001,18.6572747125598,-35.0000004321337));
#3453=CARTESIAN_POINT('Origin',(21.2457859788932,8.75727471255978,-29.0000004321337));
#3454=CARTESIAN_POINT('',(23.3950308813233,10.8502979683737,-35.0000004321337));
#3455=CARTESIAN_POINT('',(23.3950308813233,10.8502979683737,-29.0000004321337));
#3456=CARTESIAN_POINT('',(19.0965410764631,10.8502979683737,-35.0000004321337));
#3457=CARTESIAN_POINT('Origin',(21.2457859788932,8.75727471255978,-35.0000004321337));
#3458=CARTESIAN_POINT('',(19.0965410764631,10.8502979683737,-29.0000004321337));
#3459=CARTESIAN_POINT('Origin',(21.2457859788932,13.0572747125598,-29.0000004321337));
#3460=CARTESIAN_POINT('',(21.2457859788932,13.0572747125598,-35.0000004321337));
#3461=CARTESIAN_POINT('',(21.2457859788932,13.0572747125598,-29.0000004321337));
#3462=CARTESIAN_POINT('',(21.2457859788932,13.0572747125598,-35.0000004321337));
#3463=CARTESIAN_POINT('Origin',(19.0965410764631,10.8502979683737,-29.0000004321337));
#3464=CARTESIAN_POINT('',(21.2457859788932,13.0572747125598,-35.0000004321337));
#3465=CARTESIAN_POINT('Origin',(21.2457859788932,9.40727471255977,-35.0000004321337));
#3466=CARTESIAN_POINT('',(21.2457859788932,11.0572747125598,-35.0000004321337));
#3467=CARTESIAN_POINT('',(20.0963799516335,9.87031819082064,-35.0000004321337));
#3468=CARTESIAN_POINT('',(20.8334990343326,10.6315185688925,-35.0000004321337));
#3469=CARTESIAN_POINT('',(22.3951920061529,9.87031819082064,-35.0000004321337));
#3470=CARTESIAN_POINT('',(22.2327759370836,10.0380403080229,-35.0000004321337));
#3471=CARTESIAN_POINT('Origin',(21.2457859788932,8.75727471255978,-35.0000004321337));
#3472=CARTESIAN_POINT('Origin',(21.2457859788932,18.6572747125598,-29.0000004321337));
#3473=CARTESIAN_POINT('',(23.3950308813233,20.7502979683737,-35.0000004321337));
#3474=CARTESIAN_POINT('',(23.3950308813233,20.7502979683737,-29.0000004321337));
#3475=CARTESIAN_POINT('',(19.096541076463,20.7502979683737,-35.0000004321337));
#3476=CARTESIAN_POINT('Origin',(21.2457859788932,18.6572747125598,-35.0000004321337));
#3477=CARTESIAN_POINT('',(19.096541076463,20.7502979683737,-29.0000004321337));
#3478=CARTESIAN_POINT('Origin',(21.2457859788932,22.9572747125598,-29.0000004321337));
#3479=CARTESIAN_POINT('',(21.2457859788932,22.9572747125598,-35.0000004321337));
#3480=CARTESIAN_POINT('',(21.2457859788932,22.9572747125598,-29.0000004321337));
#3481=CARTESIAN_POINT('',(21.2457859788932,22.9572747125598,-35.0000004321337));
#3482=CARTESIAN_POINT('Origin',(19.096541076463,20.7502979683737,-29.0000004321337));
#3483=CARTESIAN_POINT('',(21.2457859788932,22.9572747125598,-35.0000004321337));
#3484=CARTESIAN_POINT('Origin',(21.2457859788932,19.3072747125598,-35.0000004321337));
#3485=CARTESIAN_POINT('',(21.2457859788932,20.9572747125598,-35.0000004321337));
#3486=CARTESIAN_POINT('',(20.0963799516335,19.7703181908206,-35.0000004321337));
#3487=CARTESIAN_POINT('',(20.8334990343326,20.5315185688925,-35.0000004321337));
#3488=CARTESIAN_POINT('',(22.3951920061529,19.7703181908206,-35.0000004321337));
#3489=CARTESIAN_POINT('',(22.2327759370836,19.9380403080229,-35.0000004321337));
#3490=CARTESIAN_POINT('Origin',(21.2457859788932,18.6572747125598,-35.0000004321337));
#3491=CARTESIAN_POINT('Origin',(31.2889654673001,8.75727471255978,-29.0000004321337));
#3492=CARTESIAN_POINT('',(33.4382103697302,10.8502979683737,-35.0000004321337));
#3493=CARTESIAN_POINT('',(33.4382103697302,10.8502979683737,-29.0000004321337));
#3494=CARTESIAN_POINT('',(29.13972056487,10.8502979683737,-35.0000004321337));
#3495=CARTESIAN_POINT('Origin',(31.2889654673001,8.75727471255978,-35.0000004321337));
#3496=CARTESIAN_POINT('',(29.13972056487,10.8502979683737,-29.0000004321337));
#3497=CARTESIAN_POINT('Origin',(31.2889654673001,13.0572747125598,-29.0000004321337));
#3498=CARTESIAN_POINT('',(31.2889654673001,13.0572747125598,-35.0000004321337));
#3499=CARTESIAN_POINT('',(31.2889654673001,13.0572747125598,-29.0000004321337));
#3500=CARTESIAN_POINT('',(31.2889654673001,13.0572747125598,-35.0000004321337));
#3501=CARTESIAN_POINT('Origin',(29.13972056487,10.8502979683737,-29.0000004321337));
#3502=CARTESIAN_POINT('',(31.2889654673001,13.0572747125598,-35.0000004321337));
#3503=CARTESIAN_POINT('Origin',(31.2889654673001,9.40727471255978,-35.0000004321337));
#3504=CARTESIAN_POINT('',(30.1395594400404,9.87031819082066,-35.0000004321337));
#3505=CARTESIAN_POINT('',(32.4383714945598,9.87031819082066,-35.0000004321337));
#3506=CARTESIAN_POINT('Origin',(31.2889654673001,8.75727471255978,-35.0000004321337));
#3507=CARTESIAN_POINT('',(31.2889654673001,11.0572747125598,-35.0000004321337));
#3508=CARTESIAN_POINT('',(30.8766785227396,10.6315185688925,-35.0000004321337));
#3509=CARTESIAN_POINT('',(32.2759554254905,10.0380403080229,-35.0000004321337));
#3510=CARTESIAN_POINT('Origin',(31.2889654673001,20.9572747125598,-32.7));
#3511=CARTESIAN_POINT('',(30.1395594400404,19.7703181908206,-32.7));
#3512=CARTESIAN_POINT('',(31.2889654673001,20.9572747125598,-32.7));
#3513=CARTESIAN_POINT('Origin',(21.2457859788932,11.0572747125598,-32.7));
#3514=CARTESIAN_POINT('',(20.0963799516335,9.87031819082064,-32.7));
#3515=CARTESIAN_POINT('',(21.2457859788932,11.0572747125598,-32.7));
#3516=CARTESIAN_POINT('Origin',(21.2457859788932,20.9572747125598,-32.7));
#3517=CARTESIAN_POINT('',(20.0963799516335,19.7703181908206,-32.7));
#3518=CARTESIAN_POINT('',(21.2457859788932,20.9572747125598,-32.7));
#3519=CARTESIAN_POINT('Origin',(31.2889654673001,8.75727471255978,-32.7));
#3520=CARTESIAN_POINT('',(32.4383714945598,9.87031819082066,-32.7));
#3521=CARTESIAN_POINT('',(30.1395594400404,9.87031819082066,-32.7));
#3522=CARTESIAN_POINT('Origin',(36.,26.6,-5.85000014901161));
#3523=CARTESIAN_POINT('',(36.,26.6,-7.10000014901161));
#3524=CARTESIAN_POINT('Origin',(36.,26.6,-5.85000014901161));
#3525=CARTESIAN_POINT('',(37.5,26.6,-7.10000014901161));
#3526=CARTESIAN_POINT('',(36.,26.6,-7.10000014901161));
#3527=CARTESIAN_POINT('Origin',(37.5,26.6,-5.85000014901161));
#3528=CARTESIAN_POINT('Origin',(36.,4.484,-6.654));
#3529=CARTESIAN_POINT('',(36.,4.484,-7.904));
#3530=CARTESIAN_POINT('Origin',(36.,4.484,-6.654));
#3531=CARTESIAN_POINT('',(37.5,4.484,-7.904));
#3532=CARTESIAN_POINT('',(36.,4.484,-7.904));
#3533=CARTESIAN_POINT('Origin',(37.5,4.484,-6.654));
#3534=CARTESIAN_POINT('Origin',(36.,28.,-27.000000089407));
#3535=CARTESIAN_POINT('',(36.,28.,-28.250000089407));
#3536=CARTESIAN_POINT('Origin',(36.,28.,-27.000000089407));
#3537=CARTESIAN_POINT('',(37.5,28.,-28.250000089407));
#3538=CARTESIAN_POINT('',(36.,28.,-28.250000089407));
#3539=CARTESIAN_POINT('Origin',(37.5,28.,-27.000000089407));
#3540=CARTESIAN_POINT('Origin',(36.,4.484,-26.962));
#3541=CARTESIAN_POINT('',(36.,4.484,-28.212));
#3542=CARTESIAN_POINT('Origin',(36.,4.484,-26.962));
#3543=CARTESIAN_POINT('',(37.5,4.484,-28.212));
#3544=CARTESIAN_POINT('',(36.,4.484,-28.212));
#3545=CARTESIAN_POINT('Origin',(37.5,4.484,-26.962));
#3546=CARTESIAN_POINT('Origin',(40.,26.6,-5.85000014901161));
#3547=CARTESIAN_POINT('',(40.,26.6,-4.10000014901161));
#3548=CARTESIAN_POINT('Origin',(40.,26.6,-5.85000014901161));
#3549=CARTESIAN_POINT('',(37.5,26.6,-4.10000014901161));
#3550=CARTESIAN_POINT('',(40.,26.6,-4.10000014901161));
#3551=CARTESIAN_POINT('Origin',(37.5,26.6,-5.85000014901161));
#3552=CARTESIAN_POINT('Origin',(37.5,26.6,-5.85000014901161));
#3553=CARTESIAN_POINT('Origin',(40.,4.484,-26.962));
#3554=CARTESIAN_POINT('',(40.,4.484,-25.212));
#3555=CARTESIAN_POINT('Origin',(40.,4.484,-26.962));
#3556=CARTESIAN_POINT('',(37.5,4.484,-25.212));
#3557=CARTESIAN_POINT('',(40.,4.484,-25.212));
#3558=CARTESIAN_POINT('Origin',(37.5,4.484,-26.962));
#3559=CARTESIAN_POINT('Origin',(37.5,4.484,-26.962));
#3560=CARTESIAN_POINT('Origin',(40.,28.,-27.000000089407));
#3561=CARTESIAN_POINT('',(40.,28.,-25.250000089407));
#3562=CARTESIAN_POINT('Origin',(40.,28.,-27.000000089407));
#3563=CARTESIAN_POINT('',(37.5,28.,-25.250000089407));
#3564=CARTESIAN_POINT('',(40.,28.,-25.250000089407));
#3565=CARTESIAN_POINT('Origin',(37.5,28.,-27.000000089407));
#3566=CARTESIAN_POINT('Origin',(37.5,28.,-27.000000089407));
#3567=CARTESIAN_POINT('Origin',(40.,4.484,-6.654));
#3568=CARTESIAN_POINT('',(40.,4.484,-4.904));
#3569=CARTESIAN_POINT('Origin',(40.,4.484,-6.654));
#3570=CARTESIAN_POINT('',(37.5,4.484,-4.904));
#3571=CARTESIAN_POINT('',(40.,4.484,-4.904));
#3572=CARTESIAN_POINT('Origin',(37.5,4.484,-6.654));
#3573=CARTESIAN_POINT('Origin',(37.5,4.484,-6.654));
#3574=CARTESIAN_POINT('Origin',(17.0595015323041,9.6161769221804,-37.7));
#3575=CARTESIAN_POINT('',(17.0595015323041,9.6161769221804,-37.7));
#3576=CARTESIAN_POINT('Origin',(26.2673757230967,13.5168246743539,-37.7));
#3577=CARTESIAN_POINT('',(35.4752499138892,9.6161769221804,-37.7));
#3578=CARTESIAN_POINT('Origin',(37.6157212903352,9.6161769221804,-37.7));
#3579=CARTESIAN_POINT('Origin',(37.6157212903352,9.6161769221804,-32.7));
#3580=CARTESIAN_POINT('',(35.7794760429214,7.67964935358584,-32.7));
#3581=CARTESIAN_POINT('Origin',(21.7673757230966,2.39382467435395,-32.7));
#3582=CARTESIAN_POINT('',(26.6809975343645,-2.78814331852129,-32.7));
#3583=CARTESIAN_POINT('Origin',(21.2457859788932,8.75727471255978,-32.7));
#3584=CARTESIAN_POINT('',(22.3951920061529,9.87031819082064,-32.7));
#3585=CARTESIAN_POINT('Origin',(22.3951920061529,9.87031819082064,-32.7));
#3586=CARTESIAN_POINT('Origin',(32.4383714945598,9.87031819082066,-32.7));
#3587=CARTESIAN_POINT('',(31.2889654673001,11.0572747125598,-32.7));
#3588=CARTESIAN_POINT('Origin',(31.2889654673001,11.0572747125598,-32.7));
#3589=CARTESIAN_POINT('Origin',(21.2457859788932,18.6572747125598,-32.7));
#3590=CARTESIAN_POINT('',(22.3951920061529,19.7703181908206,-32.7));
#3591=CARTESIAN_POINT('Origin',(22.3951920061529,19.7703181908206,-32.7));
#3592=CARTESIAN_POINT('Origin',(28.1672864222666,15.4352457269855,-32.7));
#3593=CARTESIAN_POINT('',(26.2673757230966,17.3168246743539,-32.7));
#3594=CARTESIAN_POINT('',(28.1672864222666,15.4352457269855,-32.7));
#3595=CARTESIAN_POINT('Origin',(26.2673757230966,13.5168246743539,-32.7));
#3596=CARTESIAN_POINT('',(24.3674650239267,15.4352457269855,-32.7));
#3597=CARTESIAN_POINT('Origin',(26.2673757230966,17.3168246743539,-32.7));
#3598=CARTESIAN_POINT('Origin',(31.2889654673001,18.6572747125598,-32.7));
#3599=CARTESIAN_POINT('',(32.4383714945598,19.7703181908206,-32.7));
#3600=CARTESIAN_POINT('Origin',(32.4383714945598,19.7703181908206,-32.7));
#3601=CARTESIAN_POINT('Origin',(20.0000002980232,0.,-16.5000002458692));
#3602=CARTESIAN_POINT('',(24.0000002980232,0.,-16.5000002458692));
#3603=CARTESIAN_POINT('Origin',(20.0000002980232,0.,-16.5000002458692));
#3604=CARTESIAN_POINT('',(24.0000002980232,2.,-16.5000002458692));
#3605=CARTESIAN_POINT('',(24.0000002980232,0.,-16.5000002458692));
#3606=CARTESIAN_POINT('Origin',(20.0000002980232,2.,-16.5000002458692));
#3607=CARTESIAN_POINT('Origin',(40.,23.,-10.0000001490116));
#3608=CARTESIAN_POINT('',(40.,23.,-10.0000001490116));
#3609=CARTESIAN_POINT('',(40.,11.5,-10.0000001490116));
#3610=CARTESIAN_POINT('',(36.,23.,-10.0000001490116));
#3611=CARTESIAN_POINT('',(40.,23.,-10.0000001490116));
#3612=CARTESIAN_POINT('',(36.,12.5,-10.0000001490116));
#3613=CARTESIAN_POINT('Origin',(40.,23.,-6.00000008940697));
#3614=CARTESIAN_POINT('',(40.,23.,-6.00000008940697));
#3615=CARTESIAN_POINT('',(40.,23.,-3.00000004470348));
#3616=CARTESIAN_POINT('',(36.,23.,-6.00000008940697));
#3617=CARTESIAN_POINT('',(40.,23.,-6.00000008940697));
#3618=CARTESIAN_POINT('',(36.,23.,-19.3500000447035));
#3619=CARTESIAN_POINT('Origin',(40.,7.00000010430813,-6.00000008940697));
#3620=CARTESIAN_POINT('',(40.,7.00000010430813,-6.00000008940697));
#3621=CARTESIAN_POINT('',(40.,3.50000005215406,-6.00000008940697));
#3622=CARTESIAN_POINT('',(36.,7.00000010430813,-6.00000008940697));
#3623=CARTESIAN_POINT('',(40.,7.00000010430813,-6.00000008940697));
#3624=CARTESIAN_POINT('',(36.,4.50000005215406,-6.00000008940697));
#3625=CARTESIAN_POINT('Origin',(40.,7.00000010430813,-26.700000089407));
#3626=CARTESIAN_POINT('',(40.,7.00000010430813,-26.700000089407));
#3627=CARTESIAN_POINT('',(40.,7.00000010430813,-13.3500000447035));
#3628=CARTESIAN_POINT('',(36.,7.00000010430813,-26.700000089407));
#3629=CARTESIAN_POINT('',(40.,7.00000010430813,-26.700000089407));
#3630=CARTESIAN_POINT('',(36.,7.00000010430813,-29.7000000447035));
#3631=CARTESIAN_POINT('Origin',(40.,23.0000003427267,-26.700000089407));
#3632=CARTESIAN_POINT('',(40.,23.0000003427267,-26.700000089407));
#3633=CARTESIAN_POINT('',(40.,11.5000001713634,-26.700000089407));
#3634=CARTESIAN_POINT('',(36.,23.0000003427267,-26.700000089407));
#3635=CARTESIAN_POINT('',(40.,23.0000003427267,-26.700000089407));
#3636=CARTESIAN_POINT('',(36.,12.5000001713634,-26.700000089407));
#3637=CARTESIAN_POINT('Origin',(40.,23.0000003427267,-22.700000089407));
#3638=CARTESIAN_POINT('',(40.,23.0000003427267,-22.700000089407));
#3639=CARTESIAN_POINT('',(40.,23.0000003427267,-11.3500000447035));
#3640=CARTESIAN_POINT('',(36.,23.0000003427267,-22.700000089407));
#3641=CARTESIAN_POINT('',(40.,23.0000003427267,-22.700000089407));
#3642=CARTESIAN_POINT('',(36.,23.0000003427267,-27.7000000447035));
#3643=CARTESIAN_POINT('Origin',(40.,30.,-22.700000089407));
#3644=CARTESIAN_POINT('',(40.,30.,-22.700000089407));
#3645=CARTESIAN_POINT('',(40.,15.,-22.700000089407));
#3646=CARTESIAN_POINT('',(36.,30.,-22.700000089407));
#3647=CARTESIAN_POINT('',(39.,30.,-22.700000089407));
#3648=CARTESIAN_POINT('',(36.,16.,-22.700000089407));
#3649=CARTESIAN_POINT('Origin',(36.,2.,-32.7));
#3650=CARTESIAN_POINT('',(36.,30.,-32.7));
#3651=CARTESIAN_POINT('',(36.,2.,-24.525));
#3652=CARTESIAN_POINT('Origin',(38.,30.,-16.35));
#3653=CARTESIAN_POINT('',(40.,30.,-32.7));
#3654=CARTESIAN_POINT('',(40.,30.,0.));
#3655=CARTESIAN_POINT('',(40.,30.,-32.7));
#3656=CARTESIAN_POINT('Origin',(40.,0.,0.));
#3657=CARTESIAN_POINT('',(40.,0.,-32.7));
#3658=CARTESIAN_POINT('',(40.,0.,0.));
#3659=CARTESIAN_POINT('',(40.,0.,-32.7));
#3660=CARTESIAN_POINT('Origin',(2.,20.,-32.7));
#3661=CARTESIAN_POINT('',(2.,20.,0.));
#3662=CARTESIAN_POINT('Origin',(20.,2.,-16.35));
#3663=CARTESIAN_POINT('',(2.,2.,-8.175));
#3664=CARTESIAN_POINT('Origin',(2.,2.,0.));
#3665=CARTESIAN_POINT('',(2.,20.,0.));
#3666=CARTESIAN_POINT('Origin',(1.,20.,-16.35));
#3667=CARTESIAN_POINT('',(2.,20.,-32.7));
#3668=CARTESIAN_POINT('Origin',(40.,0.,-32.7));
#3669=CARTESIAN_POINT('',(40.,0.,-32.7));
#3670=CARTESIAN_POINT('',(40.,0.,-32.7));
#3671=CARTESIAN_POINT('Origin',(20.,0.,-16.35));
#3672=UNCERTAINTY_MEASURE_WITH_UNIT(LENGTH_MEASURE(0.01),#3676,
'DISTANCE_ACCURACY_VALUE',
'Maximum model space distance between geometric entities at asserted c
onnectivities');
#3673=UNCERTAINTY_MEASURE_WITH_UNIT(LENGTH_MEASURE(0.01),#3676,
'DISTANCE_ACCURACY_VALUE',
'Maximum model space distance between geometric entities at asserted c
onnectivities');
#3674=(
GEOMETRIC_REPRESENTATION_CONTEXT(3)
GLOBAL_UNCERTAINTY_ASSIGNED_CONTEXT((#3672))
GLOBAL_UNIT_ASSIGNED_CONTEXT((#3676,#3678,#3679))
REPRESENTATION_CONTEXT('','3D')
);
#3675=(
GEOMETRIC_REPRESENTATION_CONTEXT(3)
GLOBAL_UNCERTAINTY_ASSIGNED_CONTEXT((#3673))
GLOBAL_UNIT_ASSIGNED_CONTEXT((#3676,#3678,#3679))
REPRESENTATION_CONTEXT('','3D')
);
#3676=(
LENGTH_UNIT()
NAMED_UNIT(*)
SI_UNIT(.MILLI.,.METRE.)
);
#3677=(
LENGTH_UNIT()
NAMED_UNIT(*)
SI_UNIT($,.METRE.)
);
#3678=(
NAMED_UNIT(*)
PLANE_ANGLE_UNIT()
SI_UNIT($,.RADIAN.)
);
#3679=(
NAMED_UNIT(*)
SI_UNIT($,.STERADIAN.)
SOLID_ANGLE_UNIT()
);
#3680=SHAPE_DEFINITION_REPRESENTATION(#3681,#3682);
#3681=PRODUCT_DEFINITION_SHAPE('',$,#3684);
#3682=SHAPE_REPRESENTATION('',(#2230),#3674);
#3683=PRODUCT_DEFINITION_CONTEXT('part definition',#3688,'design');
#3684=PRODUCT_DEFINITION('2026-07-16-11-29-51-119','SupportV4',#3685,
#3683);
#3685=PRODUCT_DEFINITION_FORMATION('',$,#3690);
#3686=PRODUCT_RELATED_PRODUCT_CATEGORY('SupportV4',
'SupportV4',(#3690));
#3687=APPLICATION_PROTOCOL_DEFINITION('international standard',
'automotive_design',2009,#3688);
#3688=APPLICATION_CONTEXT(
'Core Data for Automotive Mechanical Design Process');
#3689=PRODUCT_CONTEXT('part definition',#3688,'mechanical');
#3690=PRODUCT('2026-07-16-11-29-51-119','SupportV4',$,(#3689));
#3691=PRESENTATION_STYLE_ASSIGNMENT((#3692));
#3692=SURFACE_STYLE_USAGE(.BOTH.,#3693);
#3693=SURFACE_SIDE_STYLE('',(#3694));
#3694=SURFACE_STYLE_FILL_AREA(#3695);
#3695=FILL_AREA_STYLE('A\X\E7o - Acetinado',(#3696));
#3696=FILL_AREA_STYLE_COLOUR('A\X\E7o - Acetinado',#3697);
#3697=COLOUR_RGB('A\X\E7o - Acetinado',0.627450980392157,0.627450980392157,
0.627450980392157);
ENDSEC;
END-ISO-10303-21;
