ISO-10303-21;
HEADER;
/* Generated by software containing ST-Developer
 * from STEP Tools, Inc. (www.steptools.com) 
 */

FILE_DESCRIPTION(
/* description */ (''),
/* implementation_level */ '2;1');

FILE_NAME(
/* name */ 'Support.step',
/* time_stamp */ '2026-07-17T14:52:08+02:00',
/* author */ (''),
/* organization */ (''),
/* preprocessor_version */ 'ST-DEVELOPER v20.1',
/* originating_system */ 'Autodesk Translation Framework v15.8.0.0',
/* authorisation */ '');

FILE_SCHEMA (('AUTOMOTIVE_DESIGN { 1 0 10303 214 3 1 1 }'));
ENDSEC;

DATA;
#10=MECHANICAL_DESIGN_GEOMETRIC_PRESENTATION_REPRESENTATION('',(#13),#2420);
#11=SHAPE_REPRESENTATION_RELATIONSHIP('SRR','None',#2427,#12);
#12=ADVANCED_BREP_SHAPE_REPRESENTATION('',(#14),#2419);
#13=STYLED_ITEM('',(#2436),#14);
#14=MANIFOLD_SOLID_BREP('Corpo1',#1468);
#15=FACE_BOUND('',#184,.T.);
#16=FACE_BOUND('',#185,.T.);
#17=FACE_BOUND('',#186,.T.);
#18=FACE_BOUND('',#187,.T.);
#19=FACE_BOUND('',#188,.T.);
#20=FACE_BOUND('',#193,.T.);
#21=FACE_BOUND('',#194,.T.);
#22=FACE_BOUND('',#195,.T.);
#23=FACE_BOUND('',#196,.T.);
#24=FACE_BOUND('',#197,.T.);
#25=FACE_BOUND('',#203,.T.);
#26=FACE_BOUND('',#208,.T.);
#27=FACE_BOUND('',#213,.T.);
#28=FACE_BOUND('',#218,.T.);
#29=FACE_BOUND('',#229,.T.);
#30=FACE_BOUND('',#232,.T.);
#31=FACE_BOUND('',#235,.T.);
#32=FACE_BOUND('',#238,.T.);
#33=FACE_BOUND('',#266,.T.);
#34=FACE_BOUND('',#267,.T.);
#35=FACE_BOUND('',#268,.T.);
#36=FACE_BOUND('',#269,.T.);
#37=FACE_BOUND('',#272,.T.);
#38=FACE_BOUND('',#273,.T.);
#39=FACE_BOUND('',#274,.T.);
#40=FACE_BOUND('',#275,.T.);
#41=FACE_BOUND('',#279,.T.);
#42=FACE_BOUND('',#285,.T.);
#43=PLANE('',#1485);
#44=PLANE('',#1486);
#45=PLANE('',#1490);
#46=PLANE('',#1496);
#47=PLANE('',#1497);
#48=PLANE('',#1498);
#49=PLANE('',#1499);
#50=PLANE('',#1506);
#51=PLANE('',#1509);
#52=PLANE('',#1510);
#53=PLANE('',#1511);
#54=PLANE('',#1515);
#55=PLANE('',#1516);
#56=PLANE('',#1517);
#57=PLANE('',#1521);
#58=PLANE('',#1522);
#59=PLANE('',#1523);
#60=PLANE('',#1527);
#61=PLANE('',#1528);
#62=PLANE('',#1529);
#63=PLANE('',#1531);
#64=PLANE('',#1532);
#65=PLANE('',#1533);
#66=PLANE('',#1550);
#67=PLANE('',#1554);
#68=PLANE('',#1558);
#69=PLANE('',#1562);
#70=PLANE('',#1563);
#71=PLANE('',#1566);
#72=PLANE('',#1567);
#73=PLANE('',#1569);
#74=PLANE('',#1572);
#75=PLANE('',#1574);
#76=PLANE('',#1575);
#77=PLANE('',#1576);
#78=PLANE('',#1578);
#79=PLANE('',#1579);
#80=PLANE('',#1581);
#81=PLANE('',#1583);
#82=PLANE('',#1587);
#83=PLANE('',#1588);
#84=PLANE('',#1589);
#85=PLANE('',#1590);
#86=PLANE('',#1591);
#87=PLANE('',#1592);
#88=PLANE('',#1593);
#89=PLANE('',#1594);
#90=PLANE('',#1595);
#91=PLANE('',#1596);
#92=PLANE('',#1597);
#93=PLANE('',#1598);
#94=PLANE('',#1599);
#95=PLANE('',#1600);
#96=PLANE('',#1601);
#97=PLANE('',#1602);
#98=PLANE('',#1603);
#99=PLANE('',#1604);
#100=FACE_OUTER_BOUND('',#179,.T.);
#101=FACE_OUTER_BOUND('',#180,.T.);
#102=FACE_OUTER_BOUND('',#181,.T.);
#103=FACE_OUTER_BOUND('',#182,.T.);
#104=FACE_OUTER_BOUND('',#183,.T.);
#105=FACE_OUTER_BOUND('',#189,.T.);
#106=FACE_OUTER_BOUND('',#190,.T.);
#107=FACE_OUTER_BOUND('',#191,.T.);
#108=FACE_OUTER_BOUND('',#192,.T.);
#109=FACE_OUTER_BOUND('',#198,.T.);
#110=FACE_OUTER_BOUND('',#199,.T.);
#111=FACE_OUTER_BOUND('',#200,.T.);
#112=FACE_OUTER_BOUND('',#201,.T.);
#113=FACE_OUTER_BOUND('',#202,.T.);
#114=FACE_OUTER_BOUND('',#204,.T.);
#115=FACE_OUTER_BOUND('',#205,.T.);
#116=FACE_OUTER_BOUND('',#206,.T.);
#117=FACE_OUTER_BOUND('',#207,.T.);
#118=FACE_OUTER_BOUND('',#209,.T.);
#119=FACE_OUTER_BOUND('',#210,.T.);
#120=FACE_OUTER_BOUND('',#211,.T.);
#121=FACE_OUTER_BOUND('',#212,.T.);
#122=FACE_OUTER_BOUND('',#214,.T.);
#123=FACE_OUTER_BOUND('',#215,.T.);
#124=FACE_OUTER_BOUND('',#216,.T.);
#125=FACE_OUTER_BOUND('',#217,.T.);
#126=FACE_OUTER_BOUND('',#219,.T.);
#127=FACE_OUTER_BOUND('',#220,.T.);
#128=FACE_OUTER_BOUND('',#221,.T.);
#129=FACE_OUTER_BOUND('',#222,.T.);
#130=FACE_OUTER_BOUND('',#223,.T.);
#131=FACE_OUTER_BOUND('',#224,.T.);
#132=FACE_OUTER_BOUND('',#225,.T.);
#133=FACE_OUTER_BOUND('',#226,.T.);
#134=FACE_OUTER_BOUND('',#227,.T.);
#135=FACE_OUTER_BOUND('',#228,.T.);
#136=FACE_OUTER_BOUND('',#230,.T.);
#137=FACE_OUTER_BOUND('',#231,.T.);
#138=FACE_OUTER_BOUND('',#233,.T.);
#139=FACE_OUTER_BOUND('',#234,.T.);
#140=FACE_OUTER_BOUND('',#236,.T.);
#141=FACE_OUTER_BOUND('',#237,.T.);
#142=FACE_OUTER_BOUND('',#239,.T.);
#143=FACE_OUTER_BOUND('',#240,.T.);
#144=FACE_OUTER_BOUND('',#241,.T.);
#145=FACE_OUTER_BOUND('',#242,.T.);
#146=FACE_OUTER_BOUND('',#243,.T.);
#147=FACE_OUTER_BOUND('',#244,.T.);
#148=FACE_OUTER_BOUND('',#245,.T.);
#149=FACE_OUTER_BOUND('',#246,.T.);
#150=FACE_OUTER_BOUND('',#247,.T.);
#151=FACE_OUTER_BOUND('',#248,.T.);
#152=FACE_OUTER_BOUND('',#249,.T.);
#153=FACE_OUTER_BOUND('',#250,.T.);
#154=FACE_OUTER_BOUND('',#251,.T.);
#155=FACE_OUTER_BOUND('',#252,.T.);
#156=FACE_OUTER_BOUND('',#253,.T.);
#157=FACE_OUTER_BOUND('',#254,.T.);
#158=FACE_OUTER_BOUND('',#255,.T.);
#159=FACE_OUTER_BOUND('',#256,.T.);
#160=FACE_OUTER_BOUND('',#257,.T.);
#161=FACE_OUTER_BOUND('',#258,.T.);
#162=FACE_OUTER_BOUND('',#259,.T.);
#163=FACE_OUTER_BOUND('',#260,.T.);
#164=FACE_OUTER_BOUND('',#261,.T.);
#165=FACE_OUTER_BOUND('',#262,.T.);
#166=FACE_OUTER_BOUND('',#263,.T.);
#167=FACE_OUTER_BOUND('',#264,.T.);
#168=FACE_OUTER_BOUND('',#265,.T.);
#169=FACE_OUTER_BOUND('',#270,.T.);
#170=FACE_OUTER_BOUND('',#271,.T.);
#171=FACE_OUTER_BOUND('',#276,.T.);
#172=FACE_OUTER_BOUND('',#277,.T.);
#173=FACE_OUTER_BOUND('',#278,.T.);
#174=FACE_OUTER_BOUND('',#280,.T.);
#175=FACE_OUTER_BOUND('',#281,.T.);
#176=FACE_OUTER_BOUND('',#282,.T.);
#177=FACE_OUTER_BOUND('',#283,.T.);
#178=FACE_OUTER_BOUND('',#284,.T.);
#179=EDGE_LOOP('',(#969,#970,#971,#972));
#180=EDGE_LOOP('',(#973,#974,#975,#976,#977,#978));
#181=EDGE_LOOP('',(#979,#980,#981,#982,#983,#984));
#182=EDGE_LOOP('',(#985,#986,#987,#988));
#183=EDGE_LOOP('',(#989,#990,#991,#992,#993,#994));
#184=EDGE_LOOP('',(#995,#996,#997));
#185=EDGE_LOOP('',(#998,#999,#1000));
#186=EDGE_LOOP('',(#1001,#1002,#1003));
#187=EDGE_LOOP('',(#1004,#1005,#1006));
#188=EDGE_LOOP('',(#1007,#1008,#1009));
#189=EDGE_LOOP('',(#1010,#1011,#1012,#1013));
#190=EDGE_LOOP('',(#1014,#1015,#1016,#1017));
#191=EDGE_LOOP('',(#1018,#1019,#1020));
#192=EDGE_LOOP('',(#1021,#1022,#1023,#1024,#1025,#1026));
#193=EDGE_LOOP('',(#1027,#1028,#1029));
#194=EDGE_LOOP('',(#1030,#1031,#1032));
#195=EDGE_LOOP('',(#1033,#1034,#1035));
#196=EDGE_LOOP('',(#1036,#1037,#1038));
#197=EDGE_LOOP('',(#1039,#1040,#1041));
#198=EDGE_LOOP('',(#1042,#1043,#1044));
#199=EDGE_LOOP('',(#1045,#1046,#1047,#1048));
#200=EDGE_LOOP('',(#1049,#1050,#1051,#1052));
#201=EDGE_LOOP('',(#1053,#1054,#1055,#1056));
#202=EDGE_LOOP('',(#1057,#1058,#1059));
#203=EDGE_LOOP('',(#1060,#1061,#1062));
#204=EDGE_LOOP('',(#1063,#1064,#1065,#1066));
#205=EDGE_LOOP('',(#1067,#1068,#1069,#1070));
#206=EDGE_LOOP('',(#1071,#1072,#1073,#1074));
#207=EDGE_LOOP('',(#1075,#1076,#1077));
#208=EDGE_LOOP('',(#1078,#1079,#1080));
#209=EDGE_LOOP('',(#1081,#1082,#1083,#1084));
#210=EDGE_LOOP('',(#1085,#1086,#1087,#1088));
#211=EDGE_LOOP('',(#1089,#1090,#1091,#1092));
#212=EDGE_LOOP('',(#1093,#1094,#1095));
#213=EDGE_LOOP('',(#1096,#1097,#1098));
#214=EDGE_LOOP('',(#1099,#1100,#1101,#1102));
#215=EDGE_LOOP('',(#1103,#1104,#1105,#1106));
#216=EDGE_LOOP('',(#1107,#1108,#1109,#1110));
#217=EDGE_LOOP('',(#1111,#1112,#1113));
#218=EDGE_LOOP('',(#1114,#1115,#1116));
#219=EDGE_LOOP('',(#1117,#1118,#1119,#1120));
#220=EDGE_LOOP('',(#1121,#1122,#1123,#1124));
#221=EDGE_LOOP('',(#1125,#1126,#1127,#1128));
#222=EDGE_LOOP('',(#1129,#1130,#1131,#1132));
#223=EDGE_LOOP('',(#1133,#1134,#1135,#1136));
#224=EDGE_LOOP('',(#1137,#1138,#1139,#1140));
#225=EDGE_LOOP('',(#1141,#1142,#1143,#1144));
#226=EDGE_LOOP('',(#1145,#1146,#1147,#1148));
#227=EDGE_LOOP('',(#1149,#1150,#1151,#1152));
#228=EDGE_LOOP('',(#1153));
#229=EDGE_LOOP('',(#1154));
#230=EDGE_LOOP('',(#1155,#1156,#1157,#1158));
#231=EDGE_LOOP('',(#1159));
#232=EDGE_LOOP('',(#1160));
#233=EDGE_LOOP('',(#1161,#1162,#1163,#1164));
#234=EDGE_LOOP('',(#1165));
#235=EDGE_LOOP('',(#1166));
#236=EDGE_LOOP('',(#1167,#1168,#1169,#1170));
#237=EDGE_LOOP('',(#1171));
#238=EDGE_LOOP('',(#1172));
#239=EDGE_LOOP('',(#1173,#1174,#1175,#1176));
#240=EDGE_LOOP('',(#1177,#1178,#1179,#1180));
#241=EDGE_LOOP('',(#1181,#1182,#1183,#1184));
#242=EDGE_LOOP('',(#1185,#1186,#1187,#1188));
#243=EDGE_LOOP('',(#1189,#1190,#1191,#1192));
#244=EDGE_LOOP('',(#1193,#1194,#1195,#1196,#1197,#1198));
#245=EDGE_LOOP('',(#1199,#1200,#1201,#1202));
#246=EDGE_LOOP('',(#1203,#1204,#1205,#1206));
#247=EDGE_LOOP('',(#1207,#1208,#1209,#1210));
#248=EDGE_LOOP('',(#1211,#1212,#1213,#1214));
#249=EDGE_LOOP('',(#1215,#1216,#1217,#1218));
#250=EDGE_LOOP('',(#1219,#1220,#1221,#1222));
#251=EDGE_LOOP('',(#1223,#1224,#1225,#1226));
#252=EDGE_LOOP('',(#1227,#1228,#1229,#1230));
#253=EDGE_LOOP('',(#1231,#1232,#1233,#1234));
#254=EDGE_LOOP('',(#1235,#1236,#1237,#1238));
#255=EDGE_LOOP('',(#1239,#1240,#1241,#1242));
#256=EDGE_LOOP('',(#1243,#1244,#1245,#1246));
#257=EDGE_LOOP('',(#1247,#1248,#1249,#1250));
#258=EDGE_LOOP('',(#1251,#1252,#1253,#1254));
#259=EDGE_LOOP('',(#1255,#1256,#1257,#1258));
#260=EDGE_LOOP('',(#1259,#1260,#1261,#1262));
#261=EDGE_LOOP('',(#1263,#1264,#1265,#1266));
#262=EDGE_LOOP('',(#1267,#1268,#1269,#1270));
#263=EDGE_LOOP('',(#1271,#1272,#1273,#1274));
#264=EDGE_LOOP('',(#1275,#1276,#1277,#1278));
#265=EDGE_LOOP('',(#1279,#1280,#1281,#1282,#1283,#1284,#1285,#1286,#1287,
#1288,#1289,#1290));
#266=EDGE_LOOP('',(#1291));
#267=EDGE_LOOP('',(#1292));
#268=EDGE_LOOP('',(#1293));
#269=EDGE_LOOP('',(#1294));
#270=EDGE_LOOP('',(#1295,#1296,#1297,#1298,#1299,#1300));
#271=EDGE_LOOP('',(#1301,#1302,#1303,#1304,#1305,#1306,#1307,#1308,#1309,
#1310,#1311,#1312));
#272=EDGE_LOOP('',(#1313));
#273=EDGE_LOOP('',(#1314));
#274=EDGE_LOOP('',(#1315));
#275=EDGE_LOOP('',(#1316));
#276=EDGE_LOOP('',(#1317,#1318,#1319,#1320));
#277=EDGE_LOOP('',(#1321,#1322,#1323,#1324,#1325,#1326,#1327));
#278=EDGE_LOOP('',(#1328,#1329,#1330,#1331));
#279=EDGE_LOOP('',(#1332));
#280=EDGE_LOOP('',(#1333,#1334,#1335,#1336));
#281=EDGE_LOOP('',(#1337,#1338,#1339,#1340,#1341,#1342));
#282=EDGE_LOOP('',(#1343,#1344,#1345,#1346,#1347,#1348,#1349,#1350,#1351,
#1352,#1353,#1354,#1355));
#283=EDGE_LOOP('',(#1356,#1357,#1358,#1359));
#284=EDGE_LOOP('',(#1360,#1361,#1362,#1363,#1364,#1365));
#285=EDGE_LOOP('',(#1366));
#286=LINE('',#2014,#441);
#287=LINE('',#2017,#442);
#288=LINE('',#2020,#443);
#289=LINE('',#2022,#444);
#290=LINE('',#2024,#445);
#291=LINE('',#2026,#446);
#292=LINE('',#2027,#447);
#293=LINE('',#2030,#448);
#294=LINE('',#2032,#449);
#295=LINE('',#2034,#450);
#296=LINE('',#2035,#451);
#297=LINE('',#2041,#452);
#298=LINE('',#2044,#453);
#299=LINE('',#2047,#454);
#300=LINE('',#2049,#455);
#301=LINE('',#2051,#456);
#302=LINE('',#2053,#457);
#303=LINE('',#2054,#458);
#304=LINE('',#2059,#459);
#305=LINE('',#2060,#460);
#306=LINE('',#2065,#461);
#307=LINE('',#2066,#462);
#308=LINE('',#2071,#463);
#309=LINE('',#2072,#464);
#310=LINE('',#2077,#465);
#311=LINE('',#2078,#466);
#312=LINE('',#2083,#467);
#313=LINE('',#2084,#468);
#314=LINE('',#2087,#469);
#315=LINE('',#2088,#470);
#316=LINE('',#2092,#471);
#317=LINE('',#2094,#472);
#318=LINE('',#2096,#473);
#319=LINE('',#2097,#474);
#320=LINE('',#2100,#475);
#321=LINE('',#2101,#476);
#322=LINE('',#2104,#477);
#323=LINE('',#2106,#478);
#324=LINE('',#2110,#479);
#325=LINE('',#2111,#480);
#326=LINE('',#2114,#481);
#327=LINE('',#2116,#482);
#328=LINE('',#2122,#483);
#329=LINE('',#2123,#484);
#330=LINE('',#2128,#485);
#331=LINE('',#2129,#486);
#332=LINE('',#2132,#487);
#333=LINE('',#2134,#488);
#334=LINE('',#2140,#489);
#335=LINE('',#2141,#490);
#336=LINE('',#2144,#491);
#337=LINE('',#2145,#492);
#338=LINE('',#2148,#493);
#339=LINE('',#2151,#494);
#340=LINE('',#2154,#495);
#341=LINE('',#2155,#496);
#342=LINE('',#2157,#497);
#343=LINE('',#2161,#498);
#344=LINE('',#2163,#499);
#345=LINE('',#2167,#500);
#346=LINE('',#2170,#501);
#347=LINE('',#2173,#502);
#348=LINE('',#2174,#503);
#349=LINE('',#2176,#504);
#350=LINE('',#2180,#505);
#351=LINE('',#2182,#506);
#352=LINE('',#2186,#507);
#353=LINE('',#2189,#508);
#354=LINE('',#2192,#509);
#355=LINE('',#2193,#510);
#356=LINE('',#2195,#511);
#357=LINE('',#2199,#512);
#358=LINE('',#2201,#513);
#359=LINE('',#2205,#514);
#360=LINE('',#2208,#515);
#361=LINE('',#2211,#516);
#362=LINE('',#2212,#517);
#363=LINE('',#2214,#518);
#364=LINE('',#2220,#519);
#365=LINE('',#2221,#520);
#366=LINE('',#2223,#521);
#367=LINE('',#2224,#522);
#368=LINE('',#2226,#523);
#369=LINE('',#2227,#524);
#370=LINE('',#2229,#525);
#371=LINE('',#2230,#526);
#372=LINE('',#2232,#527);
#373=LINE('',#2233,#528);
#374=LINE('',#2238,#529);
#375=LINE('',#2244,#530);
#376=LINE('',#2250,#531);
#377=LINE('',#2256,#532);
#378=LINE('',#2262,#533);
#379=LINE('',#2269,#534);
#380=LINE('',#2276,#535);
#381=LINE('',#2283,#536);
#382=LINE('',#2288,#537);
#383=LINE('',#2290,#538);
#384=LINE('',#2291,#539);
#385=LINE('',#2295,#540);
#386=LINE('',#2298,#541);
#387=LINE('',#2299,#542);
#388=LINE('',#2304,#543);
#389=LINE('',#2305,#544);
#390=LINE('',#2309,#545);
#391=LINE('',#2311,#546);
#392=LINE('',#2313,#547);
#393=LINE('',#2316,#548);
#394=LINE('',#2319,#549);
#395=LINE('',#2322,#550);
#396=LINE('',#2323,#551);
#397=LINE('',#2325,#552);
#398=LINE('',#2328,#553);
#399=LINE('',#2334,#554);
#400=LINE('',#2338,#555);
#401=LINE('',#2340,#556);
#402=LINE('',#2341,#557);
#403=LINE('',#2344,#558);
#404=LINE('',#2346,#559);
#405=LINE('',#2347,#560);
#406=LINE('',#2350,#561);
#407=LINE('',#2352,#562);
#408=LINE('',#2353,#563);
#409=LINE('',#2356,#564);
#410=LINE('',#2358,#565);
#411=LINE('',#2359,#566);
#412=LINE('',#2362,#567);
#413=LINE('',#2364,#568);
#414=LINE('',#2365,#569);
#415=LINE('',#2368,#570);
#416=LINE('',#2370,#571);
#417=LINE('',#2371,#572);
#418=LINE('',#2374,#573);
#419=LINE('',#2376,#574);
#420=LINE('',#2377,#575);
#421=LINE('',#2379,#576);
#422=LINE('',#2380,#577);
#423=LINE('',#2383,#578);
#424=LINE('',#2384,#579);
#425=LINE('',#2387,#580);
#426=LINE('',#2389,#581);
#427=LINE('',#2390,#582);
#428=LINE('',#2393,#583);
#429=LINE('',#2394,#584);
#430=LINE('',#2397,#585);
#431=LINE('',#2399,#586);
#432=LINE('',#2400,#587);
#433=LINE('',#2402,#588);
#434=LINE('',#2404,#589);
#435=LINE('',#2407,#590);
#436=LINE('',#2408,#591);
#437=LINE('',#2410,#592);
#438=LINE('',#2412,#593);
#439=LINE('',#2413,#594);
#440=LINE('',#2415,#595);
#441=VECTOR('',#1611,10.);
#442=VECTOR('',#1614,10.);
#443=VECTOR('',#1617,10.);
#444=VECTOR('',#1618,10.);
#445=VECTOR('',#1619,10.);
#446=VECTOR('',#1620,10.);
#447=VECTOR('',#1621,10.);
#448=VECTOR('',#1624,10.);
#449=VECTOR('',#1625,10.);
#450=VECTOR('',#1626,10.);
#451=VECTOR('',#1627,10.);
#452=VECTOR('',#1632,10.);
#453=VECTOR('',#1635,10.);
#454=VECTOR('',#1638,10.);
#455=VECTOR('',#1639,10.);
#456=VECTOR('',#1640,10.);
#457=VECTOR('',#1641,10.);
#458=VECTOR('',#1642,10.);
#459=VECTOR('',#1645,10.);
#460=VECTOR('',#1646,10.);
#461=VECTOR('',#1649,10.);
#462=VECTOR('',#1650,10.);
#463=VECTOR('',#1653,10.);
#464=VECTOR('',#1654,10.);
#465=VECTOR('',#1657,10.);
#466=VECTOR('',#1658,10.);
#467=VECTOR('',#1661,10.);
#468=VECTOR('',#1662,10.);
#469=VECTOR('',#1665,10.);
#470=VECTOR('',#1666,10.);
#471=VECTOR('',#1669,10.);
#472=VECTOR('',#1670,10.);
#473=VECTOR('',#1671,10.);
#474=VECTOR('',#1672,10.);
#475=VECTOR('',#1675,10.);
#476=VECTOR('',#1676,10.);
#477=VECTOR('',#1679,10.);
#478=VECTOR('',#1680,10.);
#479=VECTOR('',#1683,10.);
#480=VECTOR('',#1684,10.);
#481=VECTOR('',#1685,10.);
#482=VECTOR('',#1686,10.);
#483=VECTOR('',#1691,10.);
#484=VECTOR('',#1692,10.);
#485=VECTOR('',#1695,10.);
#486=VECTOR('',#1696,10.);
#487=VECTOR('',#1697,10.);
#488=VECTOR('',#1698,10.);
#489=VECTOR('',#1703,10.);
#490=VECTOR('',#1704,10.);
#491=VECTOR('',#1707,10.);
#492=VECTOR('',#1708,10.);
#493=VECTOR('',#1711,10.);
#494=VECTOR('',#1714,10.);
#495=VECTOR('',#1717,10.);
#496=VECTOR('',#1718,10.);
#497=VECTOR('',#1721,10.);
#498=VECTOR('',#1724,10.);
#499=VECTOR('',#1725,10.);
#500=VECTOR('',#1730,10.);
#501=VECTOR('',#1733,10.);
#502=VECTOR('',#1736,10.);
#503=VECTOR('',#1737,10.);
#504=VECTOR('',#1740,10.);
#505=VECTOR('',#1743,10.);
#506=VECTOR('',#1744,10.);
#507=VECTOR('',#1749,10.);
#508=VECTOR('',#1752,10.);
#509=VECTOR('',#1755,10.);
#510=VECTOR('',#1756,10.);
#511=VECTOR('',#1759,10.);
#512=VECTOR('',#1762,10.);
#513=VECTOR('',#1763,10.);
#514=VECTOR('',#1768,10.);
#515=VECTOR('',#1771,10.);
#516=VECTOR('',#1774,10.);
#517=VECTOR('',#1775,10.);
#518=VECTOR('',#1778,10.);
#519=VECTOR('',#1783,10.);
#520=VECTOR('',#1784,10.);
#521=VECTOR('',#1787,10.);
#522=VECTOR('',#1788,10.);
#523=VECTOR('',#1791,10.);
#524=VECTOR('',#1792,10.);
#525=VECTOR('',#1795,10.);
#526=VECTOR('',#1796,10.);
#527=VECTOR('',#1799,10.);
#528=VECTOR('',#1800,10.);
#529=VECTOR('',#1805,1.25);
#530=VECTOR('',#1812,1.25);
#531=VECTOR('',#1819,1.25);
#532=VECTOR('',#1826,1.25);
#533=VECTOR('',#1833,1.75);
#534=VECTOR('',#1842,1.75);
#535=VECTOR('',#1851,1.75);
#536=VECTOR('',#1860,1.75);
#537=VECTOR('',#1867,10.);
#538=VECTOR('',#1868,10.);
#539=VECTOR('',#1869,10.);
#540=VECTOR('',#1874,10.);
#541=VECTOR('',#1877,10.);
#542=VECTOR('',#1878,10.);
#543=VECTOR('',#1885,10.);
#544=VECTOR('',#1886,10.);
#545=VECTOR('',#1891,10.);
#546=VECTOR('',#1894,10.);
#547=VECTOR('',#1897,10.);
#548=VECTOR('',#1902,10.);
#549=VECTOR('',#1907,10.);
#550=VECTOR('',#1912,10.);
#551=VECTOR('',#1913,10.);
#552=VECTOR('',#1916,10.);
#553=VECTOR('',#1921,10.);
#554=VECTOR('',#1928,4.);
#555=VECTOR('',#1933,10.);
#556=VECTOR('',#1934,10.);
#557=VECTOR('',#1935,10.);
#558=VECTOR('',#1938,10.);
#559=VECTOR('',#1939,10.);
#560=VECTOR('',#1940,10.);
#561=VECTOR('',#1943,10.);
#562=VECTOR('',#1944,10.);
#563=VECTOR('',#1945,10.);
#564=VECTOR('',#1948,10.);
#565=VECTOR('',#1949,10.);
#566=VECTOR('',#1950,10.);
#567=VECTOR('',#1953,10.);
#568=VECTOR('',#1954,10.);
#569=VECTOR('',#1955,10.);
#570=VECTOR('',#1958,10.);
#571=VECTOR('',#1959,10.);
#572=VECTOR('',#1960,10.);
#573=VECTOR('',#1963,10.);
#574=VECTOR('',#1964,10.);
#575=VECTOR('',#1965,10.);
#576=VECTOR('',#1968,10.);
#577=VECTOR('',#1969,10.);
#578=VECTOR('',#1972,10.);
#579=VECTOR('',#1973,10.);
#580=VECTOR('',#1976,10.);
#581=VECTOR('',#1977,10.);
#582=VECTOR('',#1978,10.);
#583=VECTOR('',#1981,10.);
#584=VECTOR('',#1982,10.);
#585=VECTOR('',#1985,10.);
#586=VECTOR('',#1986,10.);
#587=VECTOR('',#1987,10.);
#588=VECTOR('',#1990,10.);
#589=VECTOR('',#1993,10.);
#590=VECTOR('',#1996,10.);
#591=VECTOR('',#1997,10.);
#592=VECTOR('',#2000,10.);
#593=VECTOR('',#2001,10.);
#594=VECTOR('',#2002,10.);
#595=VECTOR('',#2005,10.);
#596=CIRCLE('',#1483,1.);
#597=CIRCLE('',#1484,1.);
#598=CIRCLE('',#1488,1.);
#599=CIRCLE('',#1489,1.);
#600=CIRCLE('',#1491,3.);
#601=CIRCLE('',#1492,3.);
#602=CIRCLE('',#1493,3.);
#603=CIRCLE('',#1494,3.);
#604=CIRCLE('',#1495,2.7);
#605=CIRCLE('',#1500,10.);
#606=CIRCLE('',#1501,1.6);
#607=CIRCLE('',#1502,1.6);
#608=CIRCLE('',#1503,1.6);
#609=CIRCLE('',#1504,2.7);
#610=CIRCLE('',#1505,1.6);
#611=CIRCLE('',#1508,3.);
#612=CIRCLE('',#1512,1.6);
#613=CIRCLE('',#1514,3.);
#614=CIRCLE('',#1518,1.6);
#615=CIRCLE('',#1520,3.);
#616=CIRCLE('',#1524,1.6);
#617=CIRCLE('',#1526,3.);
#618=CIRCLE('',#1530,1.6);
#619=CIRCLE('',#1536,1.25);
#620=CIRCLE('',#1537,1.25);
#621=CIRCLE('',#1539,1.25);
#622=CIRCLE('',#1540,1.25);
#623=CIRCLE('',#1542,1.25);
#624=CIRCLE('',#1543,1.25);
#625=CIRCLE('',#1545,1.25);
#626=CIRCLE('',#1546,1.25);
#627=CIRCLE('',#1548,1.75);
#628=CIRCLE('',#1549,1.75);
#629=CIRCLE('',#1552,1.75);
#630=CIRCLE('',#1553,1.75);
#631=CIRCLE('',#1556,1.75);
#632=CIRCLE('',#1557,1.75);
#633=CIRCLE('',#1560,1.75);
#634=CIRCLE('',#1561,1.75);
#635=CIRCLE('',#1565,10.);
#636=CIRCLE('',#1568,12.);
#637=CIRCLE('',#1571,12.);
#638=CIRCLE('',#1585,4.);
#639=CIRCLE('',#1586,4.);
#640=VERTEX_POINT('',#2010);
#641=VERTEX_POINT('',#2011);
#642=VERTEX_POINT('',#2013);
#643=VERTEX_POINT('',#2015);
#644=VERTEX_POINT('',#2019);
#645=VERTEX_POINT('',#2021);
#646=VERTEX_POINT('',#2023);
#647=VERTEX_POINT('',#2025);
#648=VERTEX_POINT('',#2029);
#649=VERTEX_POINT('',#2031);
#650=VERTEX_POINT('',#2033);
#651=VERTEX_POINT('',#2037);
#652=VERTEX_POINT('',#2038);
#653=VERTEX_POINT('',#2040);
#654=VERTEX_POINT('',#2042);
#655=VERTEX_POINT('',#2046);
#656=VERTEX_POINT('',#2048);
#657=VERTEX_POINT('',#2050);
#658=VERTEX_POINT('',#2052);
#659=VERTEX_POINT('',#2055);
#660=VERTEX_POINT('',#2056);
#661=VERTEX_POINT('',#2058);
#662=VERTEX_POINT('',#2061);
#663=VERTEX_POINT('',#2062);
#664=VERTEX_POINT('',#2064);
#665=VERTEX_POINT('',#2067);
#666=VERTEX_POINT('',#2068);
#667=VERTEX_POINT('',#2070);
#668=VERTEX_POINT('',#2073);
#669=VERTEX_POINT('',#2074);
#670=VERTEX_POINT('',#2076);
#671=VERTEX_POINT('',#2079);
#672=VERTEX_POINT('',#2080);
#673=VERTEX_POINT('',#2082);
#674=VERTEX_POINT('',#2086);
#675=VERTEX_POINT('',#2090);
#676=VERTEX_POINT('',#2091);
#677=VERTEX_POINT('',#2093);
#678=VERTEX_POINT('',#2095);
#679=VERTEX_POINT('',#2099);
#680=VERTEX_POINT('',#2103);
#681=VERTEX_POINT('',#2105);
#682=VERTEX_POINT('',#2107);
#683=VERTEX_POINT('',#2109);
#684=VERTEX_POINT('',#2112);
#685=VERTEX_POINT('',#2113);
#686=VERTEX_POINT('',#2115);
#687=VERTEX_POINT('',#2118);
#688=VERTEX_POINT('',#2119);
#689=VERTEX_POINT('',#2121);
#690=VERTEX_POINT('',#2124);
#691=VERTEX_POINT('',#2125);
#692=VERTEX_POINT('',#2127);
#693=VERTEX_POINT('',#2130);
#694=VERTEX_POINT('',#2131);
#695=VERTEX_POINT('',#2133);
#696=VERTEX_POINT('',#2136);
#697=VERTEX_POINT('',#2137);
#698=VERTEX_POINT('',#2139);
#699=VERTEX_POINT('',#2143);
#700=VERTEX_POINT('',#2147);
#701=VERTEX_POINT('',#2149);
#702=VERTEX_POINT('',#2153);
#703=VERTEX_POINT('',#2159);
#704=VERTEX_POINT('',#2160);
#705=VERTEX_POINT('',#2162);
#706=VERTEX_POINT('',#2166);
#707=VERTEX_POINT('',#2168);
#708=VERTEX_POINT('',#2172);
#709=VERTEX_POINT('',#2178);
#710=VERTEX_POINT('',#2179);
#711=VERTEX_POINT('',#2181);
#712=VERTEX_POINT('',#2185);
#713=VERTEX_POINT('',#2187);
#714=VERTEX_POINT('',#2191);
#715=VERTEX_POINT('',#2197);
#716=VERTEX_POINT('',#2198);
#717=VERTEX_POINT('',#2200);
#718=VERTEX_POINT('',#2204);
#719=VERTEX_POINT('',#2206);
#720=VERTEX_POINT('',#2210);
#721=VERTEX_POINT('',#2216);
#722=VERTEX_POINT('',#2217);
#723=VERTEX_POINT('',#2219);
#724=VERTEX_POINT('',#2235);
#725=VERTEX_POINT('',#2237);
#726=VERTEX_POINT('',#2241);
#727=VERTEX_POINT('',#2243);
#728=VERTEX_POINT('',#2247);
#729=VERTEX_POINT('',#2249);
#730=VERTEX_POINT('',#2253);
#731=VERTEX_POINT('',#2255);
#732=VERTEX_POINT('',#2259);
#733=VERTEX_POINT('',#2261);
#734=VERTEX_POINT('',#2266);
#735=VERTEX_POINT('',#2268);
#736=VERTEX_POINT('',#2273);
#737=VERTEX_POINT('',#2275);
#738=VERTEX_POINT('',#2280);
#739=VERTEX_POINT('',#2282);
#740=VERTEX_POINT('',#2287);
#741=VERTEX_POINT('',#2289);
#742=VERTEX_POINT('',#2293);
#743=VERTEX_POINT('',#2297);
#744=VERTEX_POINT('',#2303);
#745=VERTEX_POINT('',#2307);
#746=VERTEX_POINT('',#2331);
#747=VERTEX_POINT('',#2333);
#748=VERTEX_POINT('',#2337);
#749=VERTEX_POINT('',#2339);
#750=VERTEX_POINT('',#2343);
#751=VERTEX_POINT('',#2345);
#752=VERTEX_POINT('',#2349);
#753=VERTEX_POINT('',#2351);
#754=VERTEX_POINT('',#2355);
#755=VERTEX_POINT('',#2357);
#756=VERTEX_POINT('',#2361);
#757=VERTEX_POINT('',#2363);
#758=VERTEX_POINT('',#2367);
#759=VERTEX_POINT('',#2369);
#760=VERTEX_POINT('',#2373);
#761=VERTEX_POINT('',#2375);
#762=VERTEX_POINT('',#2382);
#763=VERTEX_POINT('',#2386);
#764=VERTEX_POINT('',#2388);
#765=VERTEX_POINT('',#2392);
#766=VERTEX_POINT('',#2396);
#767=VERTEX_POINT('',#2398);
#768=VERTEX_POINT('',#2406);
#769=VERTEX_POINT('',#2411);
#770=EDGE_CURVE('',#640,#641,#596,.T.);
#771=EDGE_CURVE('',#641,#642,#286,.T.);
#772=EDGE_CURVE('',#642,#643,#597,.T.);
#773=EDGE_CURVE('',#643,#640,#287,.T.);
#774=EDGE_CURVE('',#644,#642,#288,.T.);
#775=EDGE_CURVE('',#645,#644,#289,.T.);
#776=EDGE_CURVE('',#646,#645,#290,.T.);
#777=EDGE_CURVE('',#647,#646,#291,.T.);
#778=EDGE_CURVE('',#647,#643,#292,.T.);
#779=EDGE_CURVE('',#641,#648,#293,.T.);
#780=EDGE_CURVE('',#648,#649,#294,.T.);
#781=EDGE_CURVE('',#649,#650,#295,.T.);
#782=EDGE_CURVE('',#650,#644,#296,.T.);
#783=EDGE_CURVE('',#651,#652,#598,.T.);
#784=EDGE_CURVE('',#652,#653,#297,.T.);
#785=EDGE_CURVE('',#653,#654,#599,.T.);
#786=EDGE_CURVE('',#654,#651,#298,.T.);
#787=EDGE_CURVE('',#651,#655,#299,.T.);
#788=EDGE_CURVE('',#656,#655,#300,.T.);
#789=EDGE_CURVE('',#657,#656,#301,.T.);
#790=EDGE_CURVE('',#658,#657,#302,.T.);
#791=EDGE_CURVE('',#652,#658,#303,.T.);
#792=EDGE_CURVE('',#659,#660,#600,.T.);
#793=EDGE_CURVE('',#660,#661,#304,.T.);
#794=EDGE_CURVE('',#661,#659,#305,.T.);
#795=EDGE_CURVE('',#662,#663,#601,.T.);
#796=EDGE_CURVE('',#663,#664,#306,.T.);
#797=EDGE_CURVE('',#664,#662,#307,.T.);
#798=EDGE_CURVE('',#665,#666,#602,.T.);
#799=EDGE_CURVE('',#666,#667,#308,.T.);
#800=EDGE_CURVE('',#667,#665,#309,.T.);
#801=EDGE_CURVE('',#668,#669,#603,.T.);
#802=EDGE_CURVE('',#669,#670,#310,.T.);
#803=EDGE_CURVE('',#670,#668,#311,.T.);
#804=EDGE_CURVE('',#671,#672,#604,.T.);
#805=EDGE_CURVE('',#672,#673,#312,.T.);
#806=EDGE_CURVE('',#673,#671,#313,.T.);
#807=EDGE_CURVE('',#674,#654,#314,.T.);
#808=EDGE_CURVE('',#655,#674,#315,.T.);
#809=EDGE_CURVE('',#675,#676,#316,.T.);
#810=EDGE_CURVE('',#677,#675,#317,.T.);
#811=EDGE_CURVE('',#678,#677,#318,.T.);
#812=EDGE_CURVE('',#676,#678,#319,.T.);
#813=EDGE_CURVE('',#679,#676,#320,.T.);
#814=EDGE_CURVE('',#675,#679,#321,.T.);
#815=EDGE_CURVE('',#678,#680,#322,.T.);
#816=EDGE_CURVE('',#680,#681,#323,.T.);
#817=EDGE_CURVE('',#681,#682,#605,.T.);
#818=EDGE_CURVE('',#682,#683,#324,.T.);
#819=EDGE_CURVE('',#683,#676,#325,.T.);
#820=EDGE_CURVE('',#684,#685,#326,.T.);
#821=EDGE_CURVE('',#685,#686,#327,.T.);
#822=EDGE_CURVE('',#686,#684,#606,.T.);
#823=EDGE_CURVE('',#687,#688,#607,.T.);
#824=EDGE_CURVE('',#688,#689,#328,.T.);
#825=EDGE_CURVE('',#689,#687,#329,.T.);
#826=EDGE_CURVE('',#690,#691,#608,.T.);
#827=EDGE_CURVE('',#691,#692,#330,.T.);
#828=EDGE_CURVE('',#692,#690,#331,.T.);
#829=EDGE_CURVE('',#693,#694,#332,.T.);
#830=EDGE_CURVE('',#694,#695,#333,.T.);
#831=EDGE_CURVE('',#695,#693,#609,.T.);
#832=EDGE_CURVE('',#696,#697,#610,.T.);
#833=EDGE_CURVE('',#697,#698,#334,.T.);
#834=EDGE_CURVE('',#698,#696,#335,.T.);
#835=EDGE_CURVE('',#699,#677,#336,.T.);
#836=EDGE_CURVE('',#699,#678,#337,.T.);
#837=EDGE_CURVE('',#659,#700,#338,.T.);
#838=EDGE_CURVE('',#700,#701,#611,.T.);
#839=EDGE_CURVE('',#660,#701,#339,.T.);
#840=EDGE_CURVE('',#661,#702,#340,.T.);
#841=EDGE_CURVE('',#702,#700,#341,.T.);
#842=EDGE_CURVE('',#701,#702,#342,.T.);
#843=EDGE_CURVE('',#703,#704,#343,.T.);
#844=EDGE_CURVE('',#705,#703,#344,.T.);
#845=EDGE_CURVE('',#704,#705,#612,.T.);
#846=EDGE_CURVE('',#662,#706,#345,.T.);
#847=EDGE_CURVE('',#706,#707,#613,.T.);
#848=EDGE_CURVE('',#663,#707,#346,.T.);
#849=EDGE_CURVE('',#664,#708,#347,.T.);
#850=EDGE_CURVE('',#708,#706,#348,.T.);
#851=EDGE_CURVE('',#707,#708,#349,.T.);
#852=EDGE_CURVE('',#709,#710,#350,.T.);
#853=EDGE_CURVE('',#711,#709,#351,.T.);
#854=EDGE_CURVE('',#710,#711,#614,.T.);
#855=EDGE_CURVE('',#665,#712,#352,.T.);
#856=EDGE_CURVE('',#712,#713,#615,.T.);
#857=EDGE_CURVE('',#666,#713,#353,.T.);
#858=EDGE_CURVE('',#667,#714,#354,.T.);
#859=EDGE_CURVE('',#714,#712,#355,.T.);
#860=EDGE_CURVE('',#713,#714,#356,.T.);
#861=EDGE_CURVE('',#715,#716,#357,.T.);
#862=EDGE_CURVE('',#717,#715,#358,.T.);
#863=EDGE_CURVE('',#716,#717,#616,.T.);
#864=EDGE_CURVE('',#668,#718,#359,.T.);
#865=EDGE_CURVE('',#718,#719,#617,.T.);
#866=EDGE_CURVE('',#669,#719,#360,.T.);
#867=EDGE_CURVE('',#670,#720,#361,.T.);
#868=EDGE_CURVE('',#720,#718,#362,.T.);
#869=EDGE_CURVE('',#719,#720,#363,.T.);
#870=EDGE_CURVE('',#721,#722,#618,.T.);
#871=EDGE_CURVE('',#723,#721,#364,.T.);
#872=EDGE_CURVE('',#722,#723,#365,.T.);
#873=EDGE_CURVE('',#704,#690,#366,.T.);
#874=EDGE_CURVE('',#692,#703,#367,.T.);
#875=EDGE_CURVE('',#710,#696,#368,.T.);
#876=EDGE_CURVE('',#698,#709,#369,.T.);
#877=EDGE_CURVE('',#716,#687,#370,.T.);
#878=EDGE_CURVE('',#689,#715,#371,.T.);
#879=EDGE_CURVE('',#722,#684,#372,.T.);
#880=EDGE_CURVE('',#686,#721,#373,.T.);
#881=EDGE_CURVE('',#724,#724,#619,.T.);
#882=EDGE_CURVE('',#724,#725,#374,.T.);
#883=EDGE_CURVE('',#725,#725,#620,.T.);
#884=EDGE_CURVE('',#726,#726,#621,.T.);
#885=EDGE_CURVE('',#726,#727,#375,.T.);
#886=EDGE_CURVE('',#727,#727,#622,.T.);
#887=EDGE_CURVE('',#728,#728,#623,.T.);
#888=EDGE_CURVE('',#728,#729,#376,.T.);
#889=EDGE_CURVE('',#729,#729,#624,.T.);
#890=EDGE_CURVE('',#730,#730,#625,.T.);
#891=EDGE_CURVE('',#730,#731,#377,.T.);
#892=EDGE_CURVE('',#731,#731,#626,.T.);
#893=EDGE_CURVE('',#732,#732,#627,.T.);
#894=EDGE_CURVE('',#732,#733,#378,.T.);
#895=EDGE_CURVE('',#733,#733,#628,.T.);
#896=EDGE_CURVE('',#734,#734,#629,.T.);
#897=EDGE_CURVE('',#734,#735,#379,.T.);
#898=EDGE_CURVE('',#735,#735,#630,.T.);
#899=EDGE_CURVE('',#736,#736,#631,.T.);
#900=EDGE_CURVE('',#736,#737,#380,.T.);
#901=EDGE_CURVE('',#737,#737,#632,.T.);
#902=EDGE_CURVE('',#738,#738,#633,.T.);
#903=EDGE_CURVE('',#738,#739,#381,.T.);
#904=EDGE_CURVE('',#739,#739,#634,.T.);
#905=EDGE_CURVE('',#680,#740,#382,.T.);
#906=EDGE_CURVE('',#741,#740,#383,.T.);
#907=EDGE_CURVE('',#681,#741,#384,.T.);
#908=EDGE_CURVE('',#742,#741,#635,.T.);
#909=EDGE_CURVE('',#682,#742,#385,.T.);
#910=EDGE_CURVE('',#743,#742,#386,.T.);
#911=EDGE_CURVE('',#683,#743,#387,.T.);
#912=EDGE_CURVE('',#740,#743,#636,.T.);
#913=EDGE_CURVE('',#679,#744,#388,.T.);
#914=EDGE_CURVE('',#744,#683,#389,.T.);
#915=EDGE_CURVE('',#744,#745,#637,.T.);
#916=EDGE_CURVE('',#745,#680,#390,.T.);
#917=EDGE_CURVE('',#745,#699,#391,.T.);
#918=EDGE_CURVE('',#697,#711,#392,.T.);
#919=EDGE_CURVE('',#685,#723,#393,.T.);
#920=EDGE_CURVE('',#688,#717,#394,.T.);
#921=EDGE_CURVE('',#694,#673,#395,.T.);
#922=EDGE_CURVE('',#671,#693,#396,.T.);
#923=EDGE_CURVE('',#695,#672,#397,.T.);
#924=EDGE_CURVE('',#691,#705,#398,.T.);
#925=EDGE_CURVE('',#746,#746,#638,.T.);
#926=EDGE_CURVE('',#746,#747,#399,.T.);
#927=EDGE_CURVE('',#747,#747,#639,.T.);
#928=EDGE_CURVE('',#748,#649,#400,.T.);
#929=EDGE_CURVE('',#748,#749,#401,.T.);
#930=EDGE_CURVE('',#650,#749,#402,.T.);
#931=EDGE_CURVE('',#750,#748,#403,.T.);
#932=EDGE_CURVE('',#750,#751,#404,.T.);
#933=EDGE_CURVE('',#749,#751,#405,.T.);
#934=EDGE_CURVE('',#752,#750,#406,.T.);
#935=EDGE_CURVE('',#752,#753,#407,.T.);
#936=EDGE_CURVE('',#751,#753,#408,.T.);
#937=EDGE_CURVE('',#754,#752,#409,.T.);
#938=EDGE_CURVE('',#754,#755,#410,.T.);
#939=EDGE_CURVE('',#753,#755,#411,.T.);
#940=EDGE_CURVE('',#756,#754,#412,.T.);
#941=EDGE_CURVE('',#756,#757,#413,.T.);
#942=EDGE_CURVE('',#755,#757,#414,.T.);
#943=EDGE_CURVE('',#758,#756,#415,.T.);
#944=EDGE_CURVE('',#758,#759,#416,.T.);
#945=EDGE_CURVE('',#757,#759,#417,.T.);
#946=EDGE_CURVE('',#760,#758,#418,.T.);
#947=EDGE_CURVE('',#761,#760,#419,.T.);
#948=EDGE_CURVE('',#759,#761,#420,.T.);
#949=EDGE_CURVE('',#658,#761,#421,.T.);
#950=EDGE_CURVE('',#645,#657,#422,.T.);
#951=EDGE_CURVE('',#760,#762,#423,.T.);
#952=EDGE_CURVE('',#762,#653,#424,.T.);
#953=EDGE_CURVE('',#763,#648,#425,.T.);
#954=EDGE_CURVE('',#763,#764,#426,.T.);
#955=EDGE_CURVE('',#764,#762,#427,.T.);
#956=EDGE_CURVE('',#765,#647,#428,.T.);
#957=EDGE_CURVE('',#640,#765,#429,.T.);
#958=EDGE_CURVE('',#766,#765,#430,.T.);
#959=EDGE_CURVE('',#767,#766,#431,.T.);
#960=EDGE_CURVE('',#767,#763,#432,.T.);
#961=EDGE_CURVE('',#656,#646,#433,.T.);
#962=EDGE_CURVE('',#647,#655,#434,.T.);
#963=EDGE_CURVE('',#768,#766,#435,.T.);
#964=EDGE_CURVE('',#674,#768,#436,.T.);
#965=EDGE_CURVE('',#764,#675,#437,.T.);
#966=EDGE_CURVE('',#677,#769,#438,.T.);
#967=EDGE_CURVE('',#769,#768,#439,.T.);
#968=EDGE_CURVE('',#769,#767,#440,.T.);
#969=ORIENTED_EDGE('',*,*,#770,.T.);
#970=ORIENTED_EDGE('',*,*,#771,.T.);
#971=ORIENTED_EDGE('',*,*,#772,.T.);
#972=ORIENTED_EDGE('',*,*,#773,.T.);
#973=ORIENTED_EDGE('',*,*,#772,.F.);
#974=ORIENTED_EDGE('',*,*,#774,.F.);
#975=ORIENTED_EDGE('',*,*,#775,.F.);
#976=ORIENTED_EDGE('',*,*,#776,.F.);
#977=ORIENTED_EDGE('',*,*,#777,.F.);
#978=ORIENTED_EDGE('',*,*,#778,.T.);
#979=ORIENTED_EDGE('',*,*,#771,.F.);
#980=ORIENTED_EDGE('',*,*,#779,.T.);
#981=ORIENTED_EDGE('',*,*,#780,.T.);
#982=ORIENTED_EDGE('',*,*,#781,.T.);
#983=ORIENTED_EDGE('',*,*,#782,.T.);
#984=ORIENTED_EDGE('',*,*,#774,.T.);
#985=ORIENTED_EDGE('',*,*,#783,.T.);
#986=ORIENTED_EDGE('',*,*,#784,.T.);
#987=ORIENTED_EDGE('',*,*,#785,.T.);
#988=ORIENTED_EDGE('',*,*,#786,.T.);
#989=ORIENTED_EDGE('',*,*,#783,.F.);
#990=ORIENTED_EDGE('',*,*,#787,.T.);
#991=ORIENTED_EDGE('',*,*,#788,.F.);
#992=ORIENTED_EDGE('',*,*,#789,.F.);
#993=ORIENTED_EDGE('',*,*,#790,.F.);
#994=ORIENTED_EDGE('',*,*,#791,.F.);
#995=ORIENTED_EDGE('',*,*,#792,.T.);
#996=ORIENTED_EDGE('',*,*,#793,.T.);
#997=ORIENTED_EDGE('',*,*,#794,.T.);
#998=ORIENTED_EDGE('',*,*,#795,.T.);
#999=ORIENTED_EDGE('',*,*,#796,.T.);
#1000=ORIENTED_EDGE('',*,*,#797,.T.);
#1001=ORIENTED_EDGE('',*,*,#798,.T.);
#1002=ORIENTED_EDGE('',*,*,#799,.T.);
#1003=ORIENTED_EDGE('',*,*,#800,.T.);
#1004=ORIENTED_EDGE('',*,*,#801,.T.);
#1005=ORIENTED_EDGE('',*,*,#802,.T.);
#1006=ORIENTED_EDGE('',*,*,#803,.T.);
#1007=ORIENTED_EDGE('',*,*,#804,.T.);
#1008=ORIENTED_EDGE('',*,*,#805,.T.);
#1009=ORIENTED_EDGE('',*,*,#806,.T.);
#1010=ORIENTED_EDGE('',*,*,#786,.F.);
#1011=ORIENTED_EDGE('',*,*,#807,.F.);
#1012=ORIENTED_EDGE('',*,*,#808,.F.);
#1013=ORIENTED_EDGE('',*,*,#787,.F.);
#1014=ORIENTED_EDGE('',*,*,#809,.F.);
#1015=ORIENTED_EDGE('',*,*,#810,.F.);
#1016=ORIENTED_EDGE('',*,*,#811,.F.);
#1017=ORIENTED_EDGE('',*,*,#812,.F.);
#1018=ORIENTED_EDGE('',*,*,#809,.T.);
#1019=ORIENTED_EDGE('',*,*,#813,.F.);
#1020=ORIENTED_EDGE('',*,*,#814,.F.);
#1021=ORIENTED_EDGE('',*,*,#812,.T.);
#1022=ORIENTED_EDGE('',*,*,#815,.T.);
#1023=ORIENTED_EDGE('',*,*,#816,.T.);
#1024=ORIENTED_EDGE('',*,*,#817,.T.);
#1025=ORIENTED_EDGE('',*,*,#818,.T.);
#1026=ORIENTED_EDGE('',*,*,#819,.T.);
#1027=ORIENTED_EDGE('',*,*,#820,.T.);
#1028=ORIENTED_EDGE('',*,*,#821,.T.);
#1029=ORIENTED_EDGE('',*,*,#822,.T.);
#1030=ORIENTED_EDGE('',*,*,#823,.T.);
#1031=ORIENTED_EDGE('',*,*,#824,.T.);
#1032=ORIENTED_EDGE('',*,*,#825,.T.);
#1033=ORIENTED_EDGE('',*,*,#826,.T.);
#1034=ORIENTED_EDGE('',*,*,#827,.T.);
#1035=ORIENTED_EDGE('',*,*,#828,.T.);
#1036=ORIENTED_EDGE('',*,*,#829,.T.);
#1037=ORIENTED_EDGE('',*,*,#830,.T.);
#1038=ORIENTED_EDGE('',*,*,#831,.T.);
#1039=ORIENTED_EDGE('',*,*,#832,.T.);
#1040=ORIENTED_EDGE('',*,*,#833,.T.);
#1041=ORIENTED_EDGE('',*,*,#834,.T.);
#1042=ORIENTED_EDGE('',*,*,#811,.T.);
#1043=ORIENTED_EDGE('',*,*,#835,.F.);
#1044=ORIENTED_EDGE('',*,*,#836,.T.);
#1045=ORIENTED_EDGE('',*,*,#792,.F.);
#1046=ORIENTED_EDGE('',*,*,#837,.T.);
#1047=ORIENTED_EDGE('',*,*,#838,.T.);
#1048=ORIENTED_EDGE('',*,*,#839,.F.);
#1049=ORIENTED_EDGE('',*,*,#794,.F.);
#1050=ORIENTED_EDGE('',*,*,#840,.T.);
#1051=ORIENTED_EDGE('',*,*,#841,.T.);
#1052=ORIENTED_EDGE('',*,*,#837,.F.);
#1053=ORIENTED_EDGE('',*,*,#793,.F.);
#1054=ORIENTED_EDGE('',*,*,#839,.T.);
#1055=ORIENTED_EDGE('',*,*,#842,.T.);
#1056=ORIENTED_EDGE('',*,*,#840,.F.);
#1057=ORIENTED_EDGE('',*,*,#842,.F.);
#1058=ORIENTED_EDGE('',*,*,#838,.F.);
#1059=ORIENTED_EDGE('',*,*,#841,.F.);
#1060=ORIENTED_EDGE('',*,*,#843,.F.);
#1061=ORIENTED_EDGE('',*,*,#844,.F.);
#1062=ORIENTED_EDGE('',*,*,#845,.F.);
#1063=ORIENTED_EDGE('',*,*,#795,.F.);
#1064=ORIENTED_EDGE('',*,*,#846,.T.);
#1065=ORIENTED_EDGE('',*,*,#847,.T.);
#1066=ORIENTED_EDGE('',*,*,#848,.F.);
#1067=ORIENTED_EDGE('',*,*,#797,.F.);
#1068=ORIENTED_EDGE('',*,*,#849,.T.);
#1069=ORIENTED_EDGE('',*,*,#850,.T.);
#1070=ORIENTED_EDGE('',*,*,#846,.F.);
#1071=ORIENTED_EDGE('',*,*,#796,.F.);
#1072=ORIENTED_EDGE('',*,*,#848,.T.);
#1073=ORIENTED_EDGE('',*,*,#851,.T.);
#1074=ORIENTED_EDGE('',*,*,#849,.F.);
#1075=ORIENTED_EDGE('',*,*,#851,.F.);
#1076=ORIENTED_EDGE('',*,*,#847,.F.);
#1077=ORIENTED_EDGE('',*,*,#850,.F.);
#1078=ORIENTED_EDGE('',*,*,#852,.F.);
#1079=ORIENTED_EDGE('',*,*,#853,.F.);
#1080=ORIENTED_EDGE('',*,*,#854,.F.);
#1081=ORIENTED_EDGE('',*,*,#798,.F.);
#1082=ORIENTED_EDGE('',*,*,#855,.T.);
#1083=ORIENTED_EDGE('',*,*,#856,.T.);
#1084=ORIENTED_EDGE('',*,*,#857,.F.);
#1085=ORIENTED_EDGE('',*,*,#800,.F.);
#1086=ORIENTED_EDGE('',*,*,#858,.T.);
#1087=ORIENTED_EDGE('',*,*,#859,.T.);
#1088=ORIENTED_EDGE('',*,*,#855,.F.);
#1089=ORIENTED_EDGE('',*,*,#799,.F.);
#1090=ORIENTED_EDGE('',*,*,#857,.T.);
#1091=ORIENTED_EDGE('',*,*,#860,.T.);
#1092=ORIENTED_EDGE('',*,*,#858,.F.);
#1093=ORIENTED_EDGE('',*,*,#860,.F.);
#1094=ORIENTED_EDGE('',*,*,#856,.F.);
#1095=ORIENTED_EDGE('',*,*,#859,.F.);
#1096=ORIENTED_EDGE('',*,*,#861,.F.);
#1097=ORIENTED_EDGE('',*,*,#862,.F.);
#1098=ORIENTED_EDGE('',*,*,#863,.F.);
#1099=ORIENTED_EDGE('',*,*,#801,.F.);
#1100=ORIENTED_EDGE('',*,*,#864,.T.);
#1101=ORIENTED_EDGE('',*,*,#865,.T.);
#1102=ORIENTED_EDGE('',*,*,#866,.F.);
#1103=ORIENTED_EDGE('',*,*,#803,.F.);
#1104=ORIENTED_EDGE('',*,*,#867,.T.);
#1105=ORIENTED_EDGE('',*,*,#868,.T.);
#1106=ORIENTED_EDGE('',*,*,#864,.F.);
#1107=ORIENTED_EDGE('',*,*,#802,.F.);
#1108=ORIENTED_EDGE('',*,*,#866,.T.);
#1109=ORIENTED_EDGE('',*,*,#869,.T.);
#1110=ORIENTED_EDGE('',*,*,#867,.F.);
#1111=ORIENTED_EDGE('',*,*,#869,.F.);
#1112=ORIENTED_EDGE('',*,*,#865,.F.);
#1113=ORIENTED_EDGE('',*,*,#868,.F.);
#1114=ORIENTED_EDGE('',*,*,#870,.F.);
#1115=ORIENTED_EDGE('',*,*,#871,.F.);
#1116=ORIENTED_EDGE('',*,*,#872,.F.);
#1117=ORIENTED_EDGE('',*,*,#843,.T.);
#1118=ORIENTED_EDGE('',*,*,#873,.T.);
#1119=ORIENTED_EDGE('',*,*,#828,.F.);
#1120=ORIENTED_EDGE('',*,*,#874,.T.);
#1121=ORIENTED_EDGE('',*,*,#852,.T.);
#1122=ORIENTED_EDGE('',*,*,#875,.T.);
#1123=ORIENTED_EDGE('',*,*,#834,.F.);
#1124=ORIENTED_EDGE('',*,*,#876,.T.);
#1125=ORIENTED_EDGE('',*,*,#861,.T.);
#1126=ORIENTED_EDGE('',*,*,#877,.T.);
#1127=ORIENTED_EDGE('',*,*,#825,.F.);
#1128=ORIENTED_EDGE('',*,*,#878,.T.);
#1129=ORIENTED_EDGE('',*,*,#870,.T.);
#1130=ORIENTED_EDGE('',*,*,#879,.T.);
#1131=ORIENTED_EDGE('',*,*,#822,.F.);
#1132=ORIENTED_EDGE('',*,*,#880,.T.);
#1133=ORIENTED_EDGE('',*,*,#881,.F.);
#1134=ORIENTED_EDGE('',*,*,#882,.T.);
#1135=ORIENTED_EDGE('',*,*,#883,.F.);
#1136=ORIENTED_EDGE('',*,*,#882,.F.);
#1137=ORIENTED_EDGE('',*,*,#884,.F.);
#1138=ORIENTED_EDGE('',*,*,#885,.T.);
#1139=ORIENTED_EDGE('',*,*,#886,.F.);
#1140=ORIENTED_EDGE('',*,*,#885,.F.);
#1141=ORIENTED_EDGE('',*,*,#887,.F.);
#1142=ORIENTED_EDGE('',*,*,#888,.T.);
#1143=ORIENTED_EDGE('',*,*,#889,.F.);
#1144=ORIENTED_EDGE('',*,*,#888,.F.);
#1145=ORIENTED_EDGE('',*,*,#890,.F.);
#1146=ORIENTED_EDGE('',*,*,#891,.T.);
#1147=ORIENTED_EDGE('',*,*,#892,.F.);
#1148=ORIENTED_EDGE('',*,*,#891,.F.);
#1149=ORIENTED_EDGE('',*,*,#893,.F.);
#1150=ORIENTED_EDGE('',*,*,#894,.T.);
#1151=ORIENTED_EDGE('',*,*,#895,.T.);
#1152=ORIENTED_EDGE('',*,*,#894,.F.);
#1153=ORIENTED_EDGE('',*,*,#895,.F.);
#1154=ORIENTED_EDGE('',*,*,#883,.T.);
#1155=ORIENTED_EDGE('',*,*,#896,.F.);
#1156=ORIENTED_EDGE('',*,*,#897,.T.);
#1157=ORIENTED_EDGE('',*,*,#898,.T.);
#1158=ORIENTED_EDGE('',*,*,#897,.F.);
#1159=ORIENTED_EDGE('',*,*,#898,.F.);
#1160=ORIENTED_EDGE('',*,*,#892,.T.);
#1161=ORIENTED_EDGE('',*,*,#899,.F.);
#1162=ORIENTED_EDGE('',*,*,#900,.T.);
#1163=ORIENTED_EDGE('',*,*,#901,.T.);
#1164=ORIENTED_EDGE('',*,*,#900,.F.);
#1165=ORIENTED_EDGE('',*,*,#901,.F.);
#1166=ORIENTED_EDGE('',*,*,#889,.T.);
#1167=ORIENTED_EDGE('',*,*,#902,.F.);
#1168=ORIENTED_EDGE('',*,*,#903,.T.);
#1169=ORIENTED_EDGE('',*,*,#904,.T.);
#1170=ORIENTED_EDGE('',*,*,#903,.F.);
#1171=ORIENTED_EDGE('',*,*,#904,.F.);
#1172=ORIENTED_EDGE('',*,*,#886,.T.);
#1173=ORIENTED_EDGE('',*,*,#816,.F.);
#1174=ORIENTED_EDGE('',*,*,#905,.T.);
#1175=ORIENTED_EDGE('',*,*,#906,.F.);
#1176=ORIENTED_EDGE('',*,*,#907,.F.);
#1177=ORIENTED_EDGE('',*,*,#817,.F.);
#1178=ORIENTED_EDGE('',*,*,#907,.T.);
#1179=ORIENTED_EDGE('',*,*,#908,.F.);
#1180=ORIENTED_EDGE('',*,*,#909,.F.);
#1181=ORIENTED_EDGE('',*,*,#818,.F.);
#1182=ORIENTED_EDGE('',*,*,#909,.T.);
#1183=ORIENTED_EDGE('',*,*,#910,.F.);
#1184=ORIENTED_EDGE('',*,*,#911,.F.);
#1185=ORIENTED_EDGE('',*,*,#910,.T.);
#1186=ORIENTED_EDGE('',*,*,#908,.T.);
#1187=ORIENTED_EDGE('',*,*,#906,.T.);
#1188=ORIENTED_EDGE('',*,*,#912,.T.);
#1189=ORIENTED_EDGE('',*,*,#913,.F.);
#1190=ORIENTED_EDGE('',*,*,#813,.T.);
#1191=ORIENTED_EDGE('',*,*,#819,.F.);
#1192=ORIENTED_EDGE('',*,*,#914,.F.);
#1193=ORIENTED_EDGE('',*,*,#915,.F.);
#1194=ORIENTED_EDGE('',*,*,#914,.T.);
#1195=ORIENTED_EDGE('',*,*,#911,.T.);
#1196=ORIENTED_EDGE('',*,*,#912,.F.);
#1197=ORIENTED_EDGE('',*,*,#905,.F.);
#1198=ORIENTED_EDGE('',*,*,#916,.F.);
#1199=ORIENTED_EDGE('',*,*,#917,.F.);
#1200=ORIENTED_EDGE('',*,*,#916,.T.);
#1201=ORIENTED_EDGE('',*,*,#815,.F.);
#1202=ORIENTED_EDGE('',*,*,#836,.F.);
#1203=ORIENTED_EDGE('',*,*,#854,.T.);
#1204=ORIENTED_EDGE('',*,*,#918,.F.);
#1205=ORIENTED_EDGE('',*,*,#832,.F.);
#1206=ORIENTED_EDGE('',*,*,#875,.F.);
#1207=ORIENTED_EDGE('',*,*,#853,.T.);
#1208=ORIENTED_EDGE('',*,*,#876,.F.);
#1209=ORIENTED_EDGE('',*,*,#833,.F.);
#1210=ORIENTED_EDGE('',*,*,#918,.T.);
#1211=ORIENTED_EDGE('',*,*,#872,.T.);
#1212=ORIENTED_EDGE('',*,*,#919,.F.);
#1213=ORIENTED_EDGE('',*,*,#820,.F.);
#1214=ORIENTED_EDGE('',*,*,#879,.F.);
#1215=ORIENTED_EDGE('',*,*,#871,.T.);
#1216=ORIENTED_EDGE('',*,*,#880,.F.);
#1217=ORIENTED_EDGE('',*,*,#821,.F.);
#1218=ORIENTED_EDGE('',*,*,#919,.T.);
#1219=ORIENTED_EDGE('',*,*,#863,.T.);
#1220=ORIENTED_EDGE('',*,*,#920,.F.);
#1221=ORIENTED_EDGE('',*,*,#823,.F.);
#1222=ORIENTED_EDGE('',*,*,#877,.F.);
#1223=ORIENTED_EDGE('',*,*,#862,.T.);
#1224=ORIENTED_EDGE('',*,*,#878,.F.);
#1225=ORIENTED_EDGE('',*,*,#824,.F.);
#1226=ORIENTED_EDGE('',*,*,#920,.T.);
#1227=ORIENTED_EDGE('',*,*,#806,.F.);
#1228=ORIENTED_EDGE('',*,*,#921,.F.);
#1229=ORIENTED_EDGE('',*,*,#829,.F.);
#1230=ORIENTED_EDGE('',*,*,#922,.F.);
#1231=ORIENTED_EDGE('',*,*,#804,.F.);
#1232=ORIENTED_EDGE('',*,*,#922,.T.);
#1233=ORIENTED_EDGE('',*,*,#831,.F.);
#1234=ORIENTED_EDGE('',*,*,#923,.T.);
#1235=ORIENTED_EDGE('',*,*,#805,.F.);
#1236=ORIENTED_EDGE('',*,*,#923,.F.);
#1237=ORIENTED_EDGE('',*,*,#830,.F.);
#1238=ORIENTED_EDGE('',*,*,#921,.T.);
#1239=ORIENTED_EDGE('',*,*,#845,.T.);
#1240=ORIENTED_EDGE('',*,*,#924,.F.);
#1241=ORIENTED_EDGE('',*,*,#826,.F.);
#1242=ORIENTED_EDGE('',*,*,#873,.F.);
#1243=ORIENTED_EDGE('',*,*,#844,.T.);
#1244=ORIENTED_EDGE('',*,*,#874,.F.);
#1245=ORIENTED_EDGE('',*,*,#827,.F.);
#1246=ORIENTED_EDGE('',*,*,#924,.T.);
#1247=ORIENTED_EDGE('',*,*,#925,.F.);
#1248=ORIENTED_EDGE('',*,*,#926,.T.);
#1249=ORIENTED_EDGE('',*,*,#927,.F.);
#1250=ORIENTED_EDGE('',*,*,#926,.F.);
#1251=ORIENTED_EDGE('',*,*,#928,.F.);
#1252=ORIENTED_EDGE('',*,*,#929,.T.);
#1253=ORIENTED_EDGE('',*,*,#930,.F.);
#1254=ORIENTED_EDGE('',*,*,#781,.F.);
#1255=ORIENTED_EDGE('',*,*,#931,.F.);
#1256=ORIENTED_EDGE('',*,*,#932,.T.);
#1257=ORIENTED_EDGE('',*,*,#933,.F.);
#1258=ORIENTED_EDGE('',*,*,#929,.F.);
#1259=ORIENTED_EDGE('',*,*,#934,.F.);
#1260=ORIENTED_EDGE('',*,*,#935,.T.);
#1261=ORIENTED_EDGE('',*,*,#936,.F.);
#1262=ORIENTED_EDGE('',*,*,#932,.F.);
#1263=ORIENTED_EDGE('',*,*,#937,.F.);
#1264=ORIENTED_EDGE('',*,*,#938,.T.);
#1265=ORIENTED_EDGE('',*,*,#939,.F.);
#1266=ORIENTED_EDGE('',*,*,#935,.F.);
#1267=ORIENTED_EDGE('',*,*,#940,.F.);
#1268=ORIENTED_EDGE('',*,*,#941,.T.);
#1269=ORIENTED_EDGE('',*,*,#942,.F.);
#1270=ORIENTED_EDGE('',*,*,#938,.F.);
#1271=ORIENTED_EDGE('',*,*,#943,.F.);
#1272=ORIENTED_EDGE('',*,*,#944,.T.);
#1273=ORIENTED_EDGE('',*,*,#945,.F.);
#1274=ORIENTED_EDGE('',*,*,#941,.F.);
#1275=ORIENTED_EDGE('',*,*,#946,.F.);
#1276=ORIENTED_EDGE('',*,*,#947,.F.);
#1277=ORIENTED_EDGE('',*,*,#948,.F.);
#1278=ORIENTED_EDGE('',*,*,#944,.F.);
#1279=ORIENTED_EDGE('',*,*,#930,.T.);
#1280=ORIENTED_EDGE('',*,*,#933,.T.);
#1281=ORIENTED_EDGE('',*,*,#936,.T.);
#1282=ORIENTED_EDGE('',*,*,#939,.T.);
#1283=ORIENTED_EDGE('',*,*,#942,.T.);
#1284=ORIENTED_EDGE('',*,*,#945,.T.);
#1285=ORIENTED_EDGE('',*,*,#948,.T.);
#1286=ORIENTED_EDGE('',*,*,#949,.F.);
#1287=ORIENTED_EDGE('',*,*,#790,.T.);
#1288=ORIENTED_EDGE('',*,*,#950,.F.);
#1289=ORIENTED_EDGE('',*,*,#775,.T.);
#1290=ORIENTED_EDGE('',*,*,#782,.F.);
#1291=ORIENTED_EDGE('',*,*,#881,.T.);
#1292=ORIENTED_EDGE('',*,*,#884,.T.);
#1293=ORIENTED_EDGE('',*,*,#887,.T.);
#1294=ORIENTED_EDGE('',*,*,#890,.T.);
#1295=ORIENTED_EDGE('',*,*,#784,.F.);
#1296=ORIENTED_EDGE('',*,*,#791,.T.);
#1297=ORIENTED_EDGE('',*,*,#949,.T.);
#1298=ORIENTED_EDGE('',*,*,#947,.T.);
#1299=ORIENTED_EDGE('',*,*,#951,.T.);
#1300=ORIENTED_EDGE('',*,*,#952,.T.);
#1301=ORIENTED_EDGE('',*,*,#946,.T.);
#1302=ORIENTED_EDGE('',*,*,#943,.T.);
#1303=ORIENTED_EDGE('',*,*,#940,.T.);
#1304=ORIENTED_EDGE('',*,*,#937,.T.);
#1305=ORIENTED_EDGE('',*,*,#934,.T.);
#1306=ORIENTED_EDGE('',*,*,#931,.T.);
#1307=ORIENTED_EDGE('',*,*,#928,.T.);
#1308=ORIENTED_EDGE('',*,*,#780,.F.);
#1309=ORIENTED_EDGE('',*,*,#953,.F.);
#1310=ORIENTED_EDGE('',*,*,#954,.T.);
#1311=ORIENTED_EDGE('',*,*,#955,.T.);
#1312=ORIENTED_EDGE('',*,*,#951,.F.);
#1313=ORIENTED_EDGE('',*,*,#893,.T.);
#1314=ORIENTED_EDGE('',*,*,#896,.T.);
#1315=ORIENTED_EDGE('',*,*,#899,.T.);
#1316=ORIENTED_EDGE('',*,*,#902,.T.);
#1317=ORIENTED_EDGE('',*,*,#773,.F.);
#1318=ORIENTED_EDGE('',*,*,#778,.F.);
#1319=ORIENTED_EDGE('',*,*,#956,.F.);
#1320=ORIENTED_EDGE('',*,*,#957,.F.);
#1321=ORIENTED_EDGE('',*,*,#770,.F.);
#1322=ORIENTED_EDGE('',*,*,#957,.T.);
#1323=ORIENTED_EDGE('',*,*,#958,.F.);
#1324=ORIENTED_EDGE('',*,*,#959,.F.);
#1325=ORIENTED_EDGE('',*,*,#960,.T.);
#1326=ORIENTED_EDGE('',*,*,#953,.T.);
#1327=ORIENTED_EDGE('',*,*,#779,.F.);
#1328=ORIENTED_EDGE('',*,*,#789,.T.);
#1329=ORIENTED_EDGE('',*,*,#961,.T.);
#1330=ORIENTED_EDGE('',*,*,#776,.T.);
#1331=ORIENTED_EDGE('',*,*,#950,.T.);
#1332=ORIENTED_EDGE('',*,*,#927,.T.);
#1333=ORIENTED_EDGE('',*,*,#788,.T.);
#1334=ORIENTED_EDGE('',*,*,#962,.F.);
#1335=ORIENTED_EDGE('',*,*,#777,.T.);
#1336=ORIENTED_EDGE('',*,*,#961,.F.);
#1337=ORIENTED_EDGE('',*,*,#963,.T.);
#1338=ORIENTED_EDGE('',*,*,#958,.T.);
#1339=ORIENTED_EDGE('',*,*,#956,.T.);
#1340=ORIENTED_EDGE('',*,*,#962,.T.);
#1341=ORIENTED_EDGE('',*,*,#808,.T.);
#1342=ORIENTED_EDGE('',*,*,#964,.T.);
#1343=ORIENTED_EDGE('',*,*,#785,.F.);
#1344=ORIENTED_EDGE('',*,*,#952,.F.);
#1345=ORIENTED_EDGE('',*,*,#955,.F.);
#1346=ORIENTED_EDGE('',*,*,#965,.T.);
#1347=ORIENTED_EDGE('',*,*,#814,.T.);
#1348=ORIENTED_EDGE('',*,*,#913,.T.);
#1349=ORIENTED_EDGE('',*,*,#915,.T.);
#1350=ORIENTED_EDGE('',*,*,#917,.T.);
#1351=ORIENTED_EDGE('',*,*,#835,.T.);
#1352=ORIENTED_EDGE('',*,*,#966,.T.);
#1353=ORIENTED_EDGE('',*,*,#967,.T.);
#1354=ORIENTED_EDGE('',*,*,#964,.F.);
#1355=ORIENTED_EDGE('',*,*,#807,.T.);
#1356=ORIENTED_EDGE('',*,*,#968,.T.);
#1357=ORIENTED_EDGE('',*,*,#959,.T.);
#1358=ORIENTED_EDGE('',*,*,#963,.F.);
#1359=ORIENTED_EDGE('',*,*,#967,.F.);
#1360=ORIENTED_EDGE('',*,*,#810,.T.);
#1361=ORIENTED_EDGE('',*,*,#965,.F.);
#1362=ORIENTED_EDGE('',*,*,#954,.F.);
#1363=ORIENTED_EDGE('',*,*,#960,.F.);
#1364=ORIENTED_EDGE('',*,*,#968,.F.);
#1365=ORIENTED_EDGE('',*,*,#966,.F.);
#1366=ORIENTED_EDGE('',*,*,#925,.T.);
#1367=CYLINDRICAL_SURFACE('',#1482,1.);
#1368=CYLINDRICAL_SURFACE('',#1487,1.);
#1369=CYLINDRICAL_SURFACE('',#1507,3.);
#1370=CYLINDRICAL_SURFACE('',#1513,3.);
#1371=CYLINDRICAL_SURFACE('',#1519,3.);
#1372=CYLINDRICAL_SURFACE('',#1525,3.);
#1373=CYLINDRICAL_SURFACE('',#1534,1.6);
#1374=CYLINDRICAL_SURFACE('',#1535,1.25);
#1375=CYLINDRICAL_SURFACE('',#1538,1.25);
#1376=CYLINDRICAL_SURFACE('',#1541,1.25);
#1377=CYLINDRICAL_SURFACE('',#1544,1.25);
#1378=CYLINDRICAL_SURFACE('',#1547,1.75);
#1379=CYLINDRICAL_SURFACE('',#1551,1.75);
#1380=CYLINDRICAL_SURFACE('',#1555,1.75);
#1381=CYLINDRICAL_SURFACE('',#1559,1.75);
#1382=CYLINDRICAL_SURFACE('',#1564,10.);
#1383=CYLINDRICAL_SURFACE('',#1570,12.);
#1384=CYLINDRICAL_SURFACE('',#1573,1.6);
#1385=CYLINDRICAL_SURFACE('',#1577,1.6);
#1386=CYLINDRICAL_SURFACE('',#1580,2.7);
#1387=CYLINDRICAL_SURFACE('',#1582,1.6);
#1388=CYLINDRICAL_SURFACE('',#1584,4.);
#1389=ADVANCED_FACE('',(#100),#1367,.T.);
#1390=ADVANCED_FACE('',(#101),#43,.T.);
#1391=ADVANCED_FACE('',(#102),#44,.T.);
#1392=ADVANCED_FACE('',(#103),#1368,.T.);
#1393=ADVANCED_FACE('',(#104,#15,#16,#17,#18,#19),#45,.T.);
#1394=ADVANCED_FACE('',(#105),#46,.F.);
#1395=ADVANCED_FACE('',(#106),#47,.F.);
#1396=ADVANCED_FACE('',(#107),#48,.T.);
#1397=ADVANCED_FACE('',(#108,#20,#21,#22,#23,#24),#49,.T.);
#1398=ADVANCED_FACE('',(#109),#50,.T.);
#1399=ADVANCED_FACE('',(#110),#1369,.F.);
#1400=ADVANCED_FACE('',(#111),#51,.F.);
#1401=ADVANCED_FACE('',(#112),#52,.F.);
#1402=ADVANCED_FACE('',(#113,#25),#53,.T.);
#1403=ADVANCED_FACE('',(#114),#1370,.F.);
#1404=ADVANCED_FACE('',(#115),#54,.F.);
#1405=ADVANCED_FACE('',(#116),#55,.F.);
#1406=ADVANCED_FACE('',(#117,#26),#56,.T.);
#1407=ADVANCED_FACE('',(#118),#1371,.F.);
#1408=ADVANCED_FACE('',(#119),#57,.F.);
#1409=ADVANCED_FACE('',(#120),#58,.F.);
#1410=ADVANCED_FACE('',(#121,#27),#59,.T.);
#1411=ADVANCED_FACE('',(#122),#1372,.F.);
#1412=ADVANCED_FACE('',(#123),#60,.F.);
#1413=ADVANCED_FACE('',(#124),#61,.F.);
#1414=ADVANCED_FACE('',(#125,#28),#62,.T.);
#1415=ADVANCED_FACE('',(#126),#63,.F.);
#1416=ADVANCED_FACE('',(#127),#64,.F.);
#1417=ADVANCED_FACE('',(#128),#65,.F.);
#1418=ADVANCED_FACE('',(#129),#1373,.F.);
#1419=ADVANCED_FACE('',(#130),#1374,.F.);
#1420=ADVANCED_FACE('',(#131),#1375,.F.);
#1421=ADVANCED_FACE('',(#132),#1376,.F.);
#1422=ADVANCED_FACE('',(#133),#1377,.F.);
#1423=ADVANCED_FACE('',(#134),#1378,.F.);
#1424=ADVANCED_FACE('',(#135,#29),#66,.T.);
#1425=ADVANCED_FACE('',(#136),#1379,.F.);
#1426=ADVANCED_FACE('',(#137,#30),#67,.T.);
#1427=ADVANCED_FACE('',(#138),#1380,.F.);
#1428=ADVANCED_FACE('',(#139,#31),#68,.T.);
#1429=ADVANCED_FACE('',(#140),#1381,.F.);
#1430=ADVANCED_FACE('',(#141,#32),#69,.T.);
#1431=ADVANCED_FACE('',(#142),#70,.T.);
#1432=ADVANCED_FACE('',(#143),#1382,.F.);
#1433=ADVANCED_FACE('',(#144),#71,.T.);
#1434=ADVANCED_FACE('',(#145),#72,.T.);
#1435=ADVANCED_FACE('',(#146),#73,.T.);
#1436=ADVANCED_FACE('',(#147),#1383,.T.);
#1437=ADVANCED_FACE('',(#148),#74,.T.);
#1438=ADVANCED_FACE('',(#149),#1384,.F.);
#1439=ADVANCED_FACE('',(#150),#75,.F.);
#1440=ADVANCED_FACE('',(#151),#76,.F.);
#1441=ADVANCED_FACE('',(#152),#77,.F.);
#1442=ADVANCED_FACE('',(#153),#1385,.F.);
#1443=ADVANCED_FACE('',(#154),#78,.F.);
#1444=ADVANCED_FACE('',(#155),#79,.F.);
#1445=ADVANCED_FACE('',(#156),#1386,.F.);
#1446=ADVANCED_FACE('',(#157),#80,.F.);
#1447=ADVANCED_FACE('',(#158),#1387,.F.);
#1448=ADVANCED_FACE('',(#159),#81,.F.);
#1449=ADVANCED_FACE('',(#160),#1388,.F.);
#1450=ADVANCED_FACE('',(#161),#82,.F.);
#1451=ADVANCED_FACE('',(#162),#83,.F.);
#1452=ADVANCED_FACE('',(#163),#84,.F.);
#1453=ADVANCED_FACE('',(#164),#85,.F.);
#1454=ADVANCED_FACE('',(#165),#86,.F.);
#1455=ADVANCED_FACE('',(#166),#87,.F.);
#1456=ADVANCED_FACE('',(#167),#88,.F.);
#1457=ADVANCED_FACE('',(#168,#33,#34,#35,#36),#89,.T.);
#1458=ADVANCED_FACE('',(#169),#90,.T.);
#1459=ADVANCED_FACE('',(#170,#37,#38,#39,#40),#91,.T.);
#1460=ADVANCED_FACE('',(#171),#92,.F.);
#1461=ADVANCED_FACE('',(#172),#93,.T.);
#1462=ADVANCED_FACE('',(#173,#41),#94,.T.);
#1463=ADVANCED_FACE('',(#174),#95,.T.);
#1464=ADVANCED_FACE('',(#175),#96,.T.);
#1465=ADVANCED_FACE('',(#176),#97,.T.);
#1466=ADVANCED_FACE('',(#177),#98,.T.);
#1467=ADVANCED_FACE('',(#178,#42),#99,.F.);
#1468=CLOSED_SHELL('',(#1389,#1390,#1391,#1392,#1393,#1394,#1395,#1396,
#1397,#1398,#1399,#1400,#1401,#1402,#1403,#1404,#1405,#1406,#1407,#1408,
#1409,#1410,#1411,#1412,#1413,#1414,#1415,#1416,#1417,#1418,#1419,#1420,
#1421,#1422,#1423,#1424,#1425,#1426,#1427,#1428,#1429,#1430,#1431,#1432,
#1433,#1434,#1435,#1436,#1437,#1438,#1439,#1440,#1441,#1442,#1443,#1444,
#1445,#1446,#1447,#1448,#1449,#1450,#1451,#1452,#1453,#1454,#1455,#1456,
#1457,#1458,#1459,#1460,#1461,#1462,#1463,#1464,#1465,#1466,#1467));
#1469=DERIVED_UNIT_ELEMENT(#1471,1.);
#1470=DERIVED_UNIT_ELEMENT(#2422,-3.);
#1471=(
MASS_UNIT()
NAMED_UNIT(*)
SI_UNIT(.KILO.,.GRAM.)
);
#1472=DERIVED_UNIT((#1469,#1470));
#1473=MEASURE_REPRESENTATION_ITEM('density measure',
POSITIVE_RATIO_MEASURE(7850.),#1472);
#1474=PROPERTY_DEFINITION_REPRESENTATION(#1479,#1476);
#1475=PROPERTY_DEFINITION_REPRESENTATION(#1480,#1477);
#1476=REPRESENTATION('material name',(#1478),#2419);
#1477=REPRESENTATION('density',(#1473),#2419);
#1478=DESCRIPTIVE_REPRESENTATION_ITEM('A\X\E7o','A\X\E7o');
#1479=PROPERTY_DEFINITION('material property','material name',#2429);
#1480=PROPERTY_DEFINITION('material property','density of part',#2429);
#1481=AXIS2_PLACEMENT_3D('',#2008,#1605,#1606);
#1482=AXIS2_PLACEMENT_3D('',#2009,#1607,#1608);
#1483=AXIS2_PLACEMENT_3D('',#2012,#1609,#1610);
#1484=AXIS2_PLACEMENT_3D('',#2016,#1612,#1613);
#1485=AXIS2_PLACEMENT_3D('',#2018,#1615,#1616);
#1486=AXIS2_PLACEMENT_3D('',#2028,#1622,#1623);
#1487=AXIS2_PLACEMENT_3D('',#2036,#1628,#1629);
#1488=AXIS2_PLACEMENT_3D('',#2039,#1630,#1631);
#1489=AXIS2_PLACEMENT_3D('',#2043,#1633,#1634);
#1490=AXIS2_PLACEMENT_3D('',#2045,#1636,#1637);
#1491=AXIS2_PLACEMENT_3D('',#2057,#1643,#1644);
#1492=AXIS2_PLACEMENT_3D('',#2063,#1647,#1648);
#1493=AXIS2_PLACEMENT_3D('',#2069,#1651,#1652);
#1494=AXIS2_PLACEMENT_3D('',#2075,#1655,#1656);
#1495=AXIS2_PLACEMENT_3D('',#2081,#1659,#1660);
#1496=AXIS2_PLACEMENT_3D('',#2085,#1663,#1664);
#1497=AXIS2_PLACEMENT_3D('',#2089,#1667,#1668);
#1498=AXIS2_PLACEMENT_3D('',#2098,#1673,#1674);
#1499=AXIS2_PLACEMENT_3D('',#2102,#1677,#1678);
#1500=AXIS2_PLACEMENT_3D('',#2108,#1681,#1682);
#1501=AXIS2_PLACEMENT_3D('',#2117,#1687,#1688);
#1502=AXIS2_PLACEMENT_3D('',#2120,#1689,#1690);
#1503=AXIS2_PLACEMENT_3D('',#2126,#1693,#1694);
#1504=AXIS2_PLACEMENT_3D('',#2135,#1699,#1700);
#1505=AXIS2_PLACEMENT_3D('',#2138,#1701,#1702);
#1506=AXIS2_PLACEMENT_3D('',#2142,#1705,#1706);
#1507=AXIS2_PLACEMENT_3D('',#2146,#1709,#1710);
#1508=AXIS2_PLACEMENT_3D('',#2150,#1712,#1713);
#1509=AXIS2_PLACEMENT_3D('',#2152,#1715,#1716);
#1510=AXIS2_PLACEMENT_3D('',#2156,#1719,#1720);
#1511=AXIS2_PLACEMENT_3D('',#2158,#1722,#1723);
#1512=AXIS2_PLACEMENT_3D('',#2164,#1726,#1727);
#1513=AXIS2_PLACEMENT_3D('',#2165,#1728,#1729);
#1514=AXIS2_PLACEMENT_3D('',#2169,#1731,#1732);
#1515=AXIS2_PLACEMENT_3D('',#2171,#1734,#1735);
#1516=AXIS2_PLACEMENT_3D('',#2175,#1738,#1739);
#1517=AXIS2_PLACEMENT_3D('',#2177,#1741,#1742);
#1518=AXIS2_PLACEMENT_3D('',#2183,#1745,#1746);
#1519=AXIS2_PLACEMENT_3D('',#2184,#1747,#1748);
#1520=AXIS2_PLACEMENT_3D('',#2188,#1750,#1751);
#1521=AXIS2_PLACEMENT_3D('',#2190,#1753,#1754);
#1522=AXIS2_PLACEMENT_3D('',#2194,#1757,#1758);
#1523=AXIS2_PLACEMENT_3D('',#2196,#1760,#1761);
#1524=AXIS2_PLACEMENT_3D('',#2202,#1764,#1765);
#1525=AXIS2_PLACEMENT_3D('',#2203,#1766,#1767);
#1526=AXIS2_PLACEMENT_3D('',#2207,#1769,#1770);
#1527=AXIS2_PLACEMENT_3D('',#2209,#1772,#1773);
#1528=AXIS2_PLACEMENT_3D('',#2213,#1776,#1777);
#1529=AXIS2_PLACEMENT_3D('',#2215,#1779,#1780);
#1530=AXIS2_PLACEMENT_3D('',#2218,#1781,#1782);
#1531=AXIS2_PLACEMENT_3D('',#2222,#1785,#1786);
#1532=AXIS2_PLACEMENT_3D('',#2225,#1789,#1790);
#1533=AXIS2_PLACEMENT_3D('',#2228,#1793,#1794);
#1534=AXIS2_PLACEMENT_3D('',#2231,#1797,#1798);
#1535=AXIS2_PLACEMENT_3D('',#2234,#1801,#1802);
#1536=AXIS2_PLACEMENT_3D('',#2236,#1803,#1804);
#1537=AXIS2_PLACEMENT_3D('',#2239,#1806,#1807);
#1538=AXIS2_PLACEMENT_3D('',#2240,#1808,#1809);
#1539=AXIS2_PLACEMENT_3D('',#2242,#1810,#1811);
#1540=AXIS2_PLACEMENT_3D('',#2245,#1813,#1814);
#1541=AXIS2_PLACEMENT_3D('',#2246,#1815,#1816);
#1542=AXIS2_PLACEMENT_3D('',#2248,#1817,#1818);
#1543=AXIS2_PLACEMENT_3D('',#2251,#1820,#1821);
#1544=AXIS2_PLACEMENT_3D('',#2252,#1822,#1823);
#1545=AXIS2_PLACEMENT_3D('',#2254,#1824,#1825);
#1546=AXIS2_PLACEMENT_3D('',#2257,#1827,#1828);
#1547=AXIS2_PLACEMENT_3D('',#2258,#1829,#1830);
#1548=AXIS2_PLACEMENT_3D('',#2260,#1831,#1832);
#1549=AXIS2_PLACEMENT_3D('',#2263,#1834,#1835);
#1550=AXIS2_PLACEMENT_3D('',#2264,#1836,#1837);
#1551=AXIS2_PLACEMENT_3D('',#2265,#1838,#1839);
#1552=AXIS2_PLACEMENT_3D('',#2267,#1840,#1841);
#1553=AXIS2_PLACEMENT_3D('',#2270,#1843,#1844);
#1554=AXIS2_PLACEMENT_3D('',#2271,#1845,#1846);
#1555=AXIS2_PLACEMENT_3D('',#2272,#1847,#1848);
#1556=AXIS2_PLACEMENT_3D('',#2274,#1849,#1850);
#1557=AXIS2_PLACEMENT_3D('',#2277,#1852,#1853);
#1558=AXIS2_PLACEMENT_3D('',#2278,#1854,#1855);
#1559=AXIS2_PLACEMENT_3D('',#2279,#1856,#1857);
#1560=AXIS2_PLACEMENT_3D('',#2281,#1858,#1859);
#1561=AXIS2_PLACEMENT_3D('',#2284,#1861,#1862);
#1562=AXIS2_PLACEMENT_3D('',#2285,#1863,#1864);
#1563=AXIS2_PLACEMENT_3D('',#2286,#1865,#1866);
#1564=AXIS2_PLACEMENT_3D('',#2292,#1870,#1871);
#1565=AXIS2_PLACEMENT_3D('',#2294,#1872,#1873);
#1566=AXIS2_PLACEMENT_3D('',#2296,#1875,#1876);
#1567=AXIS2_PLACEMENT_3D('',#2300,#1879,#1880);
#1568=AXIS2_PLACEMENT_3D('',#2301,#1881,#1882);
#1569=AXIS2_PLACEMENT_3D('',#2302,#1883,#1884);
#1570=AXIS2_PLACEMENT_3D('',#2306,#1887,#1888);
#1571=AXIS2_PLACEMENT_3D('',#2308,#1889,#1890);
#1572=AXIS2_PLACEMENT_3D('',#2310,#1892,#1893);
#1573=AXIS2_PLACEMENT_3D('',#2312,#1895,#1896);
#1574=AXIS2_PLACEMENT_3D('',#2314,#1898,#1899);
#1575=AXIS2_PLACEMENT_3D('',#2315,#1900,#1901);
#1576=AXIS2_PLACEMENT_3D('',#2317,#1903,#1904);
#1577=AXIS2_PLACEMENT_3D('',#2318,#1905,#1906);
#1578=AXIS2_PLACEMENT_3D('',#2320,#1908,#1909);
#1579=AXIS2_PLACEMENT_3D('',#2321,#1910,#1911);
#1580=AXIS2_PLACEMENT_3D('',#2324,#1914,#1915);
#1581=AXIS2_PLACEMENT_3D('',#2326,#1917,#1918);
#1582=AXIS2_PLACEMENT_3D('',#2327,#1919,#1920);
#1583=AXIS2_PLACEMENT_3D('',#2329,#1922,#1923);
#1584=AXIS2_PLACEMENT_3D('',#2330,#1924,#1925);
#1585=AXIS2_PLACEMENT_3D('',#2332,#1926,#1927);
#1586=AXIS2_PLACEMENT_3D('',#2335,#1929,#1930);
#1587=AXIS2_PLACEMENT_3D('',#2336,#1931,#1932);
#1588=AXIS2_PLACEMENT_3D('',#2342,#1936,#1937);
#1589=AXIS2_PLACEMENT_3D('',#2348,#1941,#1942);
#1590=AXIS2_PLACEMENT_3D('',#2354,#1946,#1947);
#1591=AXIS2_PLACEMENT_3D('',#2360,#1951,#1952);
#1592=AXIS2_PLACEMENT_3D('',#2366,#1956,#1957);
#1593=AXIS2_PLACEMENT_3D('',#2372,#1961,#1962);
#1594=AXIS2_PLACEMENT_3D('',#2378,#1966,#1967);
#1595=AXIS2_PLACEMENT_3D('',#2381,#1970,#1971);
#1596=AXIS2_PLACEMENT_3D('',#2385,#1974,#1975);
#1597=AXIS2_PLACEMENT_3D('',#2391,#1979,#1980);
#1598=AXIS2_PLACEMENT_3D('',#2395,#1983,#1984);
#1599=AXIS2_PLACEMENT_3D('',#2401,#1988,#1989);
#1600=AXIS2_PLACEMENT_3D('',#2403,#1991,#1992);
#1601=AXIS2_PLACEMENT_3D('',#2405,#1994,#1995);
#1602=AXIS2_PLACEMENT_3D('',#2409,#1998,#1999);
#1603=AXIS2_PLACEMENT_3D('',#2414,#2003,#2004);
#1604=AXIS2_PLACEMENT_3D('',#2416,#2006,#2007);
#1605=DIRECTION('axis',(0.,0.,1.));
#1606=DIRECTION('refdir',(1.,0.,0.));
#1607=DIRECTION('center_axis',(0.,0.,1.));
#1608=DIRECTION('ref_axis',(-0.15024404699268,0.988648939888807,0.));
#1609=DIRECTION('center_axis',(0.,0.,-1.));
#1610=DIRECTION('ref_axis',(-0.15024404699268,0.988648939888807,0.));
#1611=DIRECTION('',(0.,0.,-1.));
#1612=DIRECTION('center_axis',(0.,0.,1.));
#1613=DIRECTION('ref_axis',(-0.15024404699268,0.988648939888807,0.));
#1614=DIRECTION('',(0.,0.,1.));
#1615=DIRECTION('center_axis',(0.,0.,-1.));
#1616=DIRECTION('ref_axis',(-1.,0.,0.));
#1617=DIRECTION('',(-1.,0.,0.));
#1618=DIRECTION('',(0.,1.,0.));
#1619=DIRECTION('',(1.,0.,0.));
#1620=DIRECTION('',(0.,-1.,0.));
#1621=DIRECTION('',(0.954853452686521,0.297077235567838,0.));
#1622=DIRECTION('center_axis',(0.,1.,0.));
#1623=DIRECTION('ref_axis',(0.,0.,1.));
#1624=DIRECTION('',(1.,0.,0.));
#1625=DIRECTION('',(0.,0.,-1.));
#1626=DIRECTION('',(-1.,0.,0.));
#1627=DIRECTION('',(0.,0.,1.));
#1628=DIRECTION('center_axis',(0.,0.,1.));
#1629=DIRECTION('ref_axis',(-0.15024404699268,0.988648939888807,0.));
#1630=DIRECTION('center_axis',(0.,0.,-1.));
#1631=DIRECTION('ref_axis',(-0.15024404699268,0.988648939888807,0.));
#1632=DIRECTION('',(0.,0.,-1.));
#1633=DIRECTION('center_axis',(0.,0.,1.));
#1634=DIRECTION('ref_axis',(-0.15024404699268,0.988648939888807,0.));
#1635=DIRECTION('',(0.,0.,1.));
#1636=DIRECTION('center_axis',(0.,0.,1.));
#1637=DIRECTION('ref_axis',(1.,0.,0.));
#1638=DIRECTION('',(-0.954853452686521,-0.297077235567838,0.));
#1639=DIRECTION('',(0.,1.,0.));
#1640=DIRECTION('',(-1.,0.,0.));
#1641=DIRECTION('',(0.,-1.,0.));
#1642=DIRECTION('',(1.,0.,0.));
#1643=DIRECTION('center_axis',(0.,0.,-1.));
#1644=DIRECTION('ref_axis',(1.,0.,0.));
#1645=DIRECTION('',(0.697674418604652,0.716414967476714,0.));
#1646=DIRECTION('',(0.697674418604652,-0.716414967476713,0.));
#1647=DIRECTION('center_axis',(0.,0.,-1.));
#1648=DIRECTION('ref_axis',(1.,0.,0.));
#1649=DIRECTION('',(0.697674418604652,0.716414967476714,0.));
#1650=DIRECTION('',(0.697674418604651,-0.716414967476714,0.));
#1651=DIRECTION('center_axis',(0.,0.,-1.));
#1652=DIRECTION('ref_axis',(1.,0.,0.));
#1653=DIRECTION('',(0.697674418604651,0.716414967476714,0.));
#1654=DIRECTION('',(0.697674418604652,-0.716414967476714,0.));
#1655=DIRECTION('center_axis',(0.,0.,-1.));
#1656=DIRECTION('ref_axis',(1.,0.,0.));
#1657=DIRECTION('',(0.697674418604651,0.716414967476715,0.));
#1658=DIRECTION('',(0.697674418604652,-0.716414967476714,0.));
#1659=DIRECTION('center_axis',(0.,0.,-1.));
#1660=DIRECTION('ref_axis',(-1.,0.,0.));
#1661=DIRECTION('',(0.7105263157895,0.703670629322128,0.));
#1662=DIRECTION('',(0.710526315789496,-0.703670629322132,0.));
#1663=DIRECTION('center_axis',(0.297077235567838,-0.954853452686522,0.));
#1664=DIRECTION('ref_axis',(0.954853452686521,0.297077235567838,0.));
#1665=DIRECTION('',(0.954853452686521,0.297077235567838,0.));
#1666=DIRECTION('',(0.,0.,-1.));
#1667=DIRECTION('center_axis',(0.,0.901957183806381,0.431825472361303));
#1668=DIRECTION('ref_axis',(0.,0.431825472361303,-0.901957183806381));
#1669=DIRECTION('',(0.,0.431825472361303,-0.901957183806381));
#1670=DIRECTION('',(1.,0.,0.));
#1671=DIRECTION('',(0.,-0.431825472361303,0.901957183806381));
#1672=DIRECTION('',(-1.,0.,0.));
#1673=DIRECTION('center_axis',(1.,0.,0.));
#1674=DIRECTION('ref_axis',(0.,-1.,0.));
#1675=DIRECTION('',(0.,0.,-1.));
#1676=DIRECTION('',(0.,1.,0.));
#1677=DIRECTION('center_axis',(0.,0.,-1.));
#1678=DIRECTION('ref_axis',(-1.,0.,0.));
#1679=DIRECTION('',(-0.688068478573151,0.725645759853959,0.));
#1680=DIRECTION('',(1.,0.,0.));
#1681=DIRECTION('center_axis',(0.,0.,-1.));
#1682=DIRECTION('ref_axis',(-1.,0.,0.));
#1683=DIRECTION('',(1.,0.,0.));
#1684=DIRECTION('',(-0.688068478573151,-0.725645759853959,0.));
#1685=DIRECTION('',(-0.695652173913044,0.718378767037317,0.));
#1686=DIRECTION('',(-0.695652173913044,-0.718378767037317,0.));
#1687=DIRECTION('center_axis',(0.,0.,1.));
#1688=DIRECTION('ref_axis',(-1.,0.,0.));
#1689=DIRECTION('center_axis',(0.,0.,1.));
#1690=DIRECTION('ref_axis',(-1.,0.,0.));
#1691=DIRECTION('',(-0.695652173913043,0.718378767037318,0.));
#1692=DIRECTION('',(-0.695652173913043,-0.718378767037318,0.));
#1693=DIRECTION('center_axis',(0.,0.,1.));
#1694=DIRECTION('ref_axis',(-1.,0.,0.));
#1695=DIRECTION('',(-0.695652173913044,0.718378767037317,0.));
#1696=DIRECTION('',(-0.695652173913042,-0.718378767037319,0.));
#1697=DIRECTION('',(-0.710526315789496,0.703670629322132,0.));
#1698=DIRECTION('',(-0.7105263157895,-0.703670629322128,0.));
#1699=DIRECTION('center_axis',(0.,0.,1.));
#1700=DIRECTION('ref_axis',(-1.,0.,0.));
#1701=DIRECTION('center_axis',(0.,0.,1.));
#1702=DIRECTION('ref_axis',(-1.,0.,0.));
#1703=DIRECTION('',(-0.695652173913044,0.718378767037317,0.));
#1704=DIRECTION('',(-0.695652173913044,-0.718378767037317,0.));
#1705=DIRECTION('center_axis',(-1.,0.,0.));
#1706=DIRECTION('ref_axis',(0.,1.,0.));
#1707=DIRECTION('',(0.,-1.,0.));
#1708=DIRECTION('',(0.,0.,-1.));
#1709=DIRECTION('center_axis',(0.,0.,-1.));
#1710=DIRECTION('ref_axis',(3.61394601875787E-15,-1.,0.));
#1711=DIRECTION('',(0.,0.,-1.));
#1712=DIRECTION('center_axis',(0.,0.,-1.));
#1713=DIRECTION('ref_axis',(1.,0.,0.));
#1714=DIRECTION('',(0.,0.,-1.));
#1715=DIRECTION('center_axis',(0.716414967476713,0.697674418604652,0.));
#1716=DIRECTION('ref_axis',(0.697674418604652,-0.716414967476713,0.));
#1717=DIRECTION('',(0.,0.,-1.));
#1718=DIRECTION('',(0.697674418604652,-0.716414967476713,0.));
#1719=DIRECTION('center_axis',(-0.716414967476714,0.697674418604652,0.));
#1720=DIRECTION('ref_axis',(0.697674418604652,0.716414967476714,0.));
#1721=DIRECTION('',(0.697674418604652,0.716414967476714,0.));
#1722=DIRECTION('center_axis',(0.,0.,1.));
#1723=DIRECTION('ref_axis',(1.,0.,0.));
#1724=DIRECTION('',(-0.695652173913042,-0.718378767037319,0.));
#1725=DIRECTION('',(-0.695652173913044,0.718378767037317,0.));
#1726=DIRECTION('center_axis',(0.,0.,1.));
#1727=DIRECTION('ref_axis',(-1.,0.,0.));
#1728=DIRECTION('center_axis',(0.,0.,-1.));
#1729=DIRECTION('ref_axis',(1.39349996950756E-15,-1.,0.));
#1730=DIRECTION('',(0.,0.,-1.));
#1731=DIRECTION('center_axis',(0.,0.,-1.));
#1732=DIRECTION('ref_axis',(1.,0.,0.));
#1733=DIRECTION('',(0.,0.,-1.));
#1734=DIRECTION('center_axis',(0.716414967476714,0.697674418604651,0.));
#1735=DIRECTION('ref_axis',(0.697674418604651,-0.716414967476714,0.));
#1736=DIRECTION('',(0.,0.,-1.));
#1737=DIRECTION('',(0.697674418604651,-0.716414967476714,0.));
#1738=DIRECTION('center_axis',(-0.716414967476714,0.697674418604652,0.));
#1739=DIRECTION('ref_axis',(0.697674418604652,0.716414967476714,0.));
#1740=DIRECTION('',(0.697674418604652,0.716414967476714,0.));
#1741=DIRECTION('center_axis',(0.,0.,1.));
#1742=DIRECTION('ref_axis',(1.,0.,0.));
#1743=DIRECTION('',(-0.695652173913044,-0.718378767037317,0.));
#1744=DIRECTION('',(-0.695652173913044,0.718378767037317,0.));
#1745=DIRECTION('center_axis',(0.,0.,1.));
#1746=DIRECTION('ref_axis',(-1.,0.,0.));
#1747=DIRECTION('center_axis',(0.,0.,-1.));
#1748=DIRECTION('ref_axis',(1.61554457443259E-15,-1.,0.));
#1749=DIRECTION('',(0.,0.,-1.));
#1750=DIRECTION('center_axis',(0.,0.,-1.));
#1751=DIRECTION('ref_axis',(1.,0.,0.));
#1752=DIRECTION('',(0.,0.,-1.));
#1753=DIRECTION('center_axis',(0.716414967476714,0.697674418604652,0.));
#1754=DIRECTION('ref_axis',(0.697674418604652,-0.716414967476714,0.));
#1755=DIRECTION('',(0.,0.,-1.));
#1756=DIRECTION('',(0.697674418604652,-0.716414967476714,0.));
#1757=DIRECTION('center_axis',(-0.716414967476714,0.697674418604651,0.));
#1758=DIRECTION('ref_axis',(0.697674418604651,0.716414967476714,0.));
#1759=DIRECTION('',(0.697674418604651,0.716414967476714,0.));
#1760=DIRECTION('center_axis',(0.,0.,1.));
#1761=DIRECTION('ref_axis',(1.,0.,0.));
#1762=DIRECTION('',(-0.695652173913043,-0.718378767037318,0.));
#1763=DIRECTION('',(-0.695652173913043,0.718378767037318,0.));
#1764=DIRECTION('center_axis',(0.,0.,1.));
#1765=DIRECTION('ref_axis',(-1.,0.,0.));
#1766=DIRECTION('center_axis',(0.,0.,-1.));
#1767=DIRECTION('ref_axis',(9.49410759657493E-16,-1.,0.));
#1768=DIRECTION('',(0.,0.,-1.));
#1769=DIRECTION('center_axis',(0.,0.,-1.));
#1770=DIRECTION('ref_axis',(1.,0.,0.));
#1771=DIRECTION('',(0.,0.,-1.));
#1772=DIRECTION('center_axis',(0.716414967476714,0.697674418604652,0.));
#1773=DIRECTION('ref_axis',(0.697674418604652,-0.716414967476714,0.));
#1774=DIRECTION('',(0.,0.,-1.));
#1775=DIRECTION('',(0.697674418604652,-0.716414967476714,0.));
#1776=DIRECTION('center_axis',(-0.716414967476715,0.697674418604651,0.));
#1777=DIRECTION('ref_axis',(0.697674418604651,0.716414967476715,0.));
#1778=DIRECTION('',(0.697674418604651,0.716414967476715,0.));
#1779=DIRECTION('center_axis',(0.,0.,1.));
#1780=DIRECTION('ref_axis',(1.,0.,0.));
#1781=DIRECTION('center_axis',(0.,0.,1.));
#1782=DIRECTION('ref_axis',(-1.,0.,0.));
#1783=DIRECTION('',(-0.695652173913044,-0.718378767037317,0.));
#1784=DIRECTION('',(-0.695652173913044,0.718378767037317,0.));
#1785=DIRECTION('center_axis',(-0.718378767037319,0.695652173913042,0.));
#1786=DIRECTION('ref_axis',(-0.695652173913042,-0.718378767037319,0.));
#1787=DIRECTION('',(0.,0.,-1.));
#1788=DIRECTION('',(0.,0.,1.));
#1789=DIRECTION('center_axis',(-0.718378767037317,0.695652173913045,0.));
#1790=DIRECTION('ref_axis',(-0.695652173913044,-0.718378767037317,0.));
#1791=DIRECTION('',(0.,0.,-1.));
#1792=DIRECTION('',(0.,0.,1.));
#1793=DIRECTION('center_axis',(-0.718378767037318,0.695652173913043,0.));
#1794=DIRECTION('ref_axis',(-0.695652173913043,-0.718378767037318,0.));
#1795=DIRECTION('',(0.,0.,-1.));
#1796=DIRECTION('',(0.,0.,1.));
#1797=DIRECTION('center_axis',(0.,0.,1.));
#1798=DIRECTION('ref_axis',(-6.12323399573677E-17,-1.,0.));
#1799=DIRECTION('',(0.,0.,-1.));
#1800=DIRECTION('',(0.,0.,1.));
#1801=DIRECTION('center_axis',(1.,0.,0.));
#1802=DIRECTION('ref_axis',(0.,0.,1.));
#1803=DIRECTION('center_axis',(1.,0.,0.));
#1804=DIRECTION('ref_axis',(0.,0.,1.));
#1805=DIRECTION('',(1.,0.,0.));
#1806=DIRECTION('center_axis',(-1.,0.,0.));
#1807=DIRECTION('ref_axis',(0.,0.,1.));
#1808=DIRECTION('center_axis',(1.,0.,0.));
#1809=DIRECTION('ref_axis',(0.,0.,1.));
#1810=DIRECTION('center_axis',(1.,0.,0.));
#1811=DIRECTION('ref_axis',(0.,0.,1.));
#1812=DIRECTION('',(1.,0.,0.));
#1813=DIRECTION('center_axis',(-1.,0.,0.));
#1814=DIRECTION('ref_axis',(0.,0.,1.));
#1815=DIRECTION('center_axis',(1.,0.,0.));
#1816=DIRECTION('ref_axis',(0.,0.,1.));
#1817=DIRECTION('center_axis',(1.,0.,0.));
#1818=DIRECTION('ref_axis',(0.,0.,1.));
#1819=DIRECTION('',(1.,0.,0.));
#1820=DIRECTION('center_axis',(-1.,0.,0.));
#1821=DIRECTION('ref_axis',(0.,0.,1.));
#1822=DIRECTION('center_axis',(1.,0.,0.));
#1823=DIRECTION('ref_axis',(0.,0.,1.));
#1824=DIRECTION('center_axis',(1.,0.,0.));
#1825=DIRECTION('ref_axis',(0.,0.,1.));
#1826=DIRECTION('',(1.,0.,0.));
#1827=DIRECTION('center_axis',(-1.,0.,0.));
#1828=DIRECTION('ref_axis',(0.,0.,1.));
#1829=DIRECTION('center_axis',(-1.,0.,0.));
#1830=DIRECTION('ref_axis',(0.,0.,-1.));
#1831=DIRECTION('center_axis',(-1.,0.,0.));
#1832=DIRECTION('ref_axis',(0.,0.,-1.));
#1833=DIRECTION('',(-1.,0.,0.));
#1834=DIRECTION('center_axis',(-1.,0.,0.));
#1835=DIRECTION('ref_axis',(0.,0.,-1.));
#1836=DIRECTION('center_axis',(1.,0.,0.));
#1837=DIRECTION('ref_axis',(0.,0.,-1.));
#1838=DIRECTION('center_axis',(-1.,0.,0.));
#1839=DIRECTION('ref_axis',(0.,0.,-1.));
#1840=DIRECTION('center_axis',(-1.,0.,0.));
#1841=DIRECTION('ref_axis',(0.,0.,-1.));
#1842=DIRECTION('',(-1.,0.,0.));
#1843=DIRECTION('center_axis',(-1.,0.,0.));
#1844=DIRECTION('ref_axis',(0.,0.,-1.));
#1845=DIRECTION('center_axis',(1.,0.,0.));
#1846=DIRECTION('ref_axis',(0.,0.,-1.));
#1847=DIRECTION('center_axis',(-1.,0.,0.));
#1848=DIRECTION('ref_axis',(0.,0.,-1.));
#1849=DIRECTION('center_axis',(-1.,0.,0.));
#1850=DIRECTION('ref_axis',(0.,0.,-1.));
#1851=DIRECTION('',(-1.,0.,0.));
#1852=DIRECTION('center_axis',(-1.,0.,0.));
#1853=DIRECTION('ref_axis',(0.,0.,-1.));
#1854=DIRECTION('center_axis',(1.,0.,0.));
#1855=DIRECTION('ref_axis',(0.,0.,-1.));
#1856=DIRECTION('center_axis',(-1.,0.,0.));
#1857=DIRECTION('ref_axis',(0.,0.,-1.));
#1858=DIRECTION('center_axis',(-1.,0.,0.));
#1859=DIRECTION('ref_axis',(0.,0.,-1.));
#1860=DIRECTION('',(-1.,0.,0.));
#1861=DIRECTION('center_axis',(-1.,0.,0.));
#1862=DIRECTION('ref_axis',(0.,0.,-1.));
#1863=DIRECTION('center_axis',(1.,0.,0.));
#1864=DIRECTION('ref_axis',(0.,0.,-1.));
#1865=DIRECTION('center_axis',(0.,-1.,0.));
#1866=DIRECTION('ref_axis',(-1.,0.,0.));
#1867=DIRECTION('',(0.,0.,-1.));
#1868=DIRECTION('',(-1.,0.,0.));
#1869=DIRECTION('',(0.,0.,-1.));
#1870=DIRECTION('center_axis',(0.,0.,-1.));
#1871=DIRECTION('ref_axis',(-2.83276944882399E-16,1.,0.));
#1872=DIRECTION('center_axis',(0.,0.,1.));
#1873=DIRECTION('ref_axis',(-1.,0.,0.));
#1874=DIRECTION('',(0.,0.,-1.));
#1875=DIRECTION('center_axis',(0.,-1.,0.));
#1876=DIRECTION('ref_axis',(-1.,0.,0.));
#1877=DIRECTION('',(-1.,0.,0.));
#1878=DIRECTION('',(0.,0.,-1.));
#1879=DIRECTION('center_axis',(0.,0.,-1.));
#1880=DIRECTION('ref_axis',(-1.,0.,0.));
#1881=DIRECTION('center_axis',(0.,0.,-1.));
#1882=DIRECTION('ref_axis',(-0.945695463936548,-0.325053979347796,0.));
#1883=DIRECTION('center_axis',(0.725645759853959,-0.688068478573151,0.));
#1884=DIRECTION('ref_axis',(-0.688068478573151,-0.725645759853959,0.));
#1885=DIRECTION('',(0.688068478573151,0.725645759853959,0.));
#1886=DIRECTION('',(0.,0.,-1.));
#1887=DIRECTION('center_axis',(0.,0.,-1.));
#1888=DIRECTION('ref_axis',(-6.12323399573677E-17,1.,0.));
#1889=DIRECTION('center_axis',(0.,0.,1.));
#1890=DIRECTION('ref_axis',(-1.,0.,0.));
#1891=DIRECTION('',(0.,0.,-1.));
#1892=DIRECTION('center_axis',(-0.725645759853959,-0.688068478573151,0.));
#1893=DIRECTION('ref_axis',(-0.688068478573151,0.725645759853959,0.));
#1894=DIRECTION('',(0.688068478573151,-0.725645759853959,0.));
#1895=DIRECTION('center_axis',(0.,0.,1.));
#1896=DIRECTION('ref_axis',(-6.12323399573677E-17,-1.,0.));
#1897=DIRECTION('',(0.,0.,1.));
#1898=DIRECTION('center_axis',(0.718378767037317,0.695652173913045,0.));
#1899=DIRECTION('ref_axis',(-0.695652173913044,0.718378767037317,0.));
#1900=DIRECTION('center_axis',(0.718378767037317,0.695652173913044,0.));
#1901=DIRECTION('ref_axis',(-0.695652173913044,0.718378767037317,0.));
#1902=DIRECTION('',(0.,0.,1.));
#1903=DIRECTION('center_axis',(-0.718378767037317,0.695652173913044,0.));
#1904=DIRECTION('ref_axis',(-0.695652173913044,-0.718378767037317,0.));
#1905=DIRECTION('center_axis',(0.,0.,1.));
#1906=DIRECTION('ref_axis',(1.93716910436791E-15,-1.,0.));
#1907=DIRECTION('',(0.,0.,1.));
#1908=DIRECTION('center_axis',(0.718378767037318,0.695652173913043,0.));
#1909=DIRECTION('ref_axis',(-0.695652173913043,0.718378767037318,0.));
#1910=DIRECTION('center_axis',(0.703670629322132,0.710526315789496,0.));
#1911=DIRECTION('ref_axis',(-0.710526315789496,0.703670629322132,0.));
#1912=DIRECTION('',(0.,0.,1.));
#1913=DIRECTION('',(0.,0.,-1.));
#1914=DIRECTION('center_axis',(0.,0.,1.));
#1915=DIRECTION('ref_axis',(-9.83119495665875E-15,-1.,0.));
#1916=DIRECTION('',(0.,0.,1.));
#1917=DIRECTION('center_axis',(-0.703670629322128,0.7105263157895,0.));
#1918=DIRECTION('ref_axis',(-0.7105263157895,-0.703670629322128,0.));
#1919=DIRECTION('center_axis',(0.,0.,1.));
#1920=DIRECTION('ref_axis',(1.93716910436791E-15,-1.,0.));
#1921=DIRECTION('',(0.,0.,1.));
#1922=DIRECTION('center_axis',(0.718378767037317,0.695652173913044,0.));
#1923=DIRECTION('ref_axis',(-0.695652173913044,0.718378767037317,0.));
#1924=DIRECTION('center_axis',(0.,1.,0.));
#1925=DIRECTION('ref_axis',(-1.,0.,0.));
#1926=DIRECTION('center_axis',(0.,1.,0.));
#1927=DIRECTION('ref_axis',(-1.,0.,0.));
#1928=DIRECTION('',(0.,1.,0.));
#1929=DIRECTION('center_axis',(0.,-1.,0.));
#1930=DIRECTION('ref_axis',(-1.,0.,0.));
#1931=DIRECTION('center_axis',(0.,0.,1.));
#1932=DIRECTION('ref_axis',(0.,1.,0.));
#1933=DIRECTION('',(0.,1.,0.));
#1934=DIRECTION('',(-1.,0.,0.));
#1935=DIRECTION('',(0.,-1.,0.));
#1936=DIRECTION('center_axis',(0.,1.,0.));
#1937=DIRECTION('ref_axis',(0.,0.,-1.));
#1938=DIRECTION('',(0.,0.,-1.));
#1939=DIRECTION('',(-1.,0.,0.));
#1940=DIRECTION('',(0.,0.,1.));
#1941=DIRECTION('center_axis',(0.,0.,1.));
#1942=DIRECTION('ref_axis',(0.,1.,0.));
#1943=DIRECTION('',(0.,1.,0.));
#1944=DIRECTION('',(-1.,0.,0.));
#1945=DIRECTION('',(0.,-1.,0.));
#1946=DIRECTION('center_axis',(0.,-1.,0.));
#1947=DIRECTION('ref_axis',(0.,0.,1.));
#1948=DIRECTION('',(0.,0.,1.));
#1949=DIRECTION('',(-1.,0.,0.));
#1950=DIRECTION('',(0.,0.,-1.));
#1951=DIRECTION('center_axis',(0.,0.,-1.));
#1952=DIRECTION('ref_axis',(0.,-1.,0.));
#1953=DIRECTION('',(0.,-1.,0.));
#1954=DIRECTION('',(-1.,0.,0.));
#1955=DIRECTION('',(0.,1.,0.));
#1956=DIRECTION('center_axis',(0.,1.,0.));
#1957=DIRECTION('ref_axis',(0.,0.,-1.));
#1958=DIRECTION('',(0.,0.,-1.));
#1959=DIRECTION('',(-1.,0.,0.));
#1960=DIRECTION('',(0.,0.,1.));
#1961=DIRECTION('center_axis',(0.,0.,-1.));
#1962=DIRECTION('ref_axis',(0.,-1.,0.));
#1963=DIRECTION('',(0.,-1.,0.));
#1964=DIRECTION('',(1.,0.,0.));
#1965=DIRECTION('',(0.,1.,0.));
#1966=DIRECTION('center_axis',(-1.,0.,0.));
#1967=DIRECTION('ref_axis',(0.,0.,1.));
#1968=DIRECTION('',(0.,0.,1.));
#1969=DIRECTION('',(0.,0.,-1.));
#1970=DIRECTION('center_axis',(0.,1.,0.));
#1971=DIRECTION('ref_axis',(0.,0.,1.));
#1972=DIRECTION('',(0.,0.,-1.));
#1973=DIRECTION('',(-1.,0.,0.));
#1974=DIRECTION('center_axis',(1.,0.,0.));
#1975=DIRECTION('ref_axis',(0.,0.,-1.));
#1976=DIRECTION('',(0.,1.,0.));
#1977=DIRECTION('',(0.,0.,-1.));
#1978=DIRECTION('',(0.,1.,0.));
#1979=DIRECTION('center_axis',(0.297077235567838,-0.954853452686522,0.));
#1980=DIRECTION('ref_axis',(0.954853452686521,0.297077235567838,0.));
#1981=DIRECTION('',(0.,0.,-1.));
#1982=DIRECTION('',(-0.954853452686521,-0.297077235567838,0.));
#1983=DIRECTION('center_axis',(0.,0.,1.));
#1984=DIRECTION('ref_axis',(1.,0.,0.));
#1985=DIRECTION('',(1.,0.,0.));
#1986=DIRECTION('',(0.,1.,0.));
#1987=DIRECTION('',(1.,0.,0.));
#1988=DIRECTION('center_axis',(0.,1.,0.));
#1989=DIRECTION('ref_axis',(0.,0.,1.));
#1990=DIRECTION('',(0.,0.,1.));
#1991=DIRECTION('center_axis',(1.,0.,0.));
#1992=DIRECTION('ref_axis',(0.,0.,-1.));
#1993=DIRECTION('',(0.,0.,-1.));
#1994=DIRECTION('center_axis',(0.,1.,0.));
#1995=DIRECTION('ref_axis',(0.,0.,1.));
#1996=DIRECTION('',(0.,0.,1.));
#1997=DIRECTION('',(-1.,0.,0.));
#1998=DIRECTION('center_axis',(0.,0.,-1.));
#1999=DIRECTION('ref_axis',(-1.,0.,0.));
#2000=DIRECTION('',(-1.,0.,0.));
#2001=DIRECTION('',(-1.,0.,0.));
#2002=DIRECTION('',(0.,1.,0.));
#2003=DIRECTION('center_axis',(-1.,0.,0.));
#2004=DIRECTION('ref_axis',(0.,0.,1.));
#2005=DIRECTION('',(0.,0.,1.));
#2006=DIRECTION('center_axis',(0.,1.,0.));
#2007=DIRECTION('ref_axis',(1.,0.,0.));
#2008=CARTESIAN_POINT('',(0.,0.,0.));
#2009=CARTESIAN_POINT('Origin',(34.2935584607861,29.,-24.525));
#2010=CARTESIAN_POINT('',(33.9964812252182,29.9548534526865,0.));
#2011=CARTESIAN_POINT('',(34.2935584607861,30.,0.));
#2012=CARTESIAN_POINT('Origin',(34.2935584607861,29.,0.));
#2013=CARTESIAN_POINT('',(34.2935584607861,30.,-4.00000005960464));
#2014=CARTESIAN_POINT('',(34.2935584607861,30.,-24.525));
#2015=CARTESIAN_POINT('',(33.9964812252182,29.9548534526865,-4.00000005960464));
#2016=CARTESIAN_POINT('Origin',(34.2935584607861,29.,-4.00000005960464));
#2017=CARTESIAN_POINT('',(33.9964812252182,29.9548534526865,-24.525));
#2018=CARTESIAN_POINT('Origin',(36.,2.,-4.00000005960464));
#2019=CARTESIAN_POINT('',(36.,30.,-4.00000005960464));
#2020=CARTESIAN_POINT('',(40.0000005960464,30.,-4.00000005960464));
#2021=CARTESIAN_POINT('',(36.,2.,-4.00000005960464));
#2022=CARTESIAN_POINT('',(36.,2.,-4.00000005960464));
#2023=CARTESIAN_POINT('',(2.,2.,-4.00000005960464));
#2024=CARTESIAN_POINT('',(28.,2.,-4.00000005960464));
#2025=CARTESIAN_POINT('',(2.,20.,-4.00000005960464));
#2026=CARTESIAN_POINT('',(2.,2.,-4.00000005960464));
#2027=CARTESIAN_POINT('',(14.9466799569567,24.0280148546071,-4.00000005960464));
#2028=CARTESIAN_POINT('Origin',(38.,30.,-16.35));
#2029=CARTESIAN_POINT('',(40.,30.,0.));
#2030=CARTESIAN_POINT('',(0.,30.,0.));
#2031=CARTESIAN_POINT('',(40.,30.,-10.0000001490116));
#2032=CARTESIAN_POINT('',(40.,30.,0.));
#2033=CARTESIAN_POINT('',(36.,30.,-10.0000001490116));
#2034=CARTESIAN_POINT('',(39.,30.,-10.0000001490116));
#2035=CARTESIAN_POINT('',(36.,30.,-32.7));
#2036=CARTESIAN_POINT('Origin',(34.2935584607861,29.,-24.525));
#2037=CARTESIAN_POINT('',(33.9964812252182,29.9548534526865,-29.0000004321337));
#2038=CARTESIAN_POINT('',(34.2935584607861,30.,-29.0000004321337));
#2039=CARTESIAN_POINT('Origin',(34.2935584607861,29.,-29.0000004321337));
#2040=CARTESIAN_POINT('',(34.2935584607861,30.,-32.7));
#2041=CARTESIAN_POINT('',(34.2935584607861,30.,-24.525));
#2042=CARTESIAN_POINT('',(33.9964812252182,29.9548534526865,-32.7));
#2043=CARTESIAN_POINT('Origin',(34.2935584607861,29.,-32.7));
#2044=CARTESIAN_POINT('',(33.9964812252182,29.9548534526865,-24.525));
#2045=CARTESIAN_POINT('Origin',(2.,2.,-29.0000004321337));
#2046=CARTESIAN_POINT('',(2.,20.,-29.0000004321337));
#2047=CARTESIAN_POINT('',(-0.552987016868655,19.2057060449663,-29.0000004321337));
#2048=CARTESIAN_POINT('',(2.,2.,-29.0000004321337));
#2049=CARTESIAN_POINT('',(2.,2.,-29.0000004321337));
#2050=CARTESIAN_POINT('',(36.,2.,-29.0000004321337));
#2051=CARTESIAN_POINT('',(11.,2.,-29.0000004321337));
#2052=CARTESIAN_POINT('',(36.,30.,-29.0000004321337));
#2053=CARTESIAN_POINT('',(36.,2.,-29.0000004321337));
#2054=CARTESIAN_POINT('',(40.0000005960464,30.,-29.0000004321337));
#2055=CARTESIAN_POINT('',(33.4382103697302,20.7502979683738,-29.0000004321337));
#2056=CARTESIAN_POINT('',(29.13972056487,20.7502979683737,-29.0000004321337));
#2057=CARTESIAN_POINT('Origin',(31.2889654673001,18.6572747125598,-29.0000004321337));
#2058=CARTESIAN_POINT('',(31.2889654673001,22.9572747125598,-29.0000004321337));
#2059=CARTESIAN_POINT('',(17.8486683990399,9.15595173114293,-29.0000004321337));
#2060=CARTESIAN_POINT('',(29.3982480234636,24.8987795748749,-29.0000004321337));
#2061=CARTESIAN_POINT('',(23.3950308813233,10.8502979683737,-29.0000004321337));
#2062=CARTESIAN_POINT('',(19.0965410764631,10.8502979683737,-29.0000004321337));
#2063=CARTESIAN_POINT('Origin',(21.2457859788932,8.75727471255978,-29.0000004321337));
#2064=CARTESIAN_POINT('',(21.2457859788932,13.0572747125598,-29.0000004321337));
#2065=CARTESIAN_POINT('',(12.7238764415176,4.30645429940937,-29.0000004321337));
#2066=CARTESIAN_POINT('',(19.3251945463929,15.0294560222925,-29.0000004321337));
#2067=CARTESIAN_POINT('',(23.3950308813233,20.7502979683737,-29.0000004321337));
#2068=CARTESIAN_POINT('',(19.096541076463,20.7502979683737,-29.0000004321337));
#2069=CARTESIAN_POINT('Origin',(21.2457859788932,18.6572747125598,-29.0000004321337));
#2070=CARTESIAN_POINT('',(21.2457859788932,22.9572747125598,-29.0000004321337));
#2071=CARTESIAN_POINT('',(10.2497456817434,11.6658647915673,-29.0000004321337));
#2072=CARTESIAN_POINT('',(21.7993253061671,22.3888665144505,-29.0000004321337));
#2073=CARTESIAN_POINT('',(33.4382103697302,10.8502979683737,-29.0000004321337));
#2074=CARTESIAN_POINT('',(29.13972056487,10.8502979683737,-29.0000004321337));
#2075=CARTESIAN_POINT('Origin',(31.2889654673001,8.75727471255978,-29.0000004321337));
#2076=CARTESIAN_POINT('',(31.2889654673001,13.0572747125598,-29.0000004321337));
#2077=CARTESIAN_POINT('',(20.3227991588141,1.79654123898499,-29.0000004321337));
#2078=CARTESIAN_POINT('',(26.9241172636894,17.5393690827169,-29.0000004321337));
#2079=CARTESIAN_POINT('',(28.1672864222666,15.4352457269855,-29.0000004321337));
#2080=CARTESIAN_POINT('',(24.3674650239267,15.4352457269855,-29.0000004321337));
#2081=CARTESIAN_POINT('Origin',(26.2673757230966,13.5168246743539,-29.0000004321337));
#2082=CARTESIAN_POINT('',(26.2673757230966,17.3168246743539,-29.0000004321337));
#2083=CARTESIAN_POINT('',(16.3126857815932,7.45818498686966,-29.0000004321337));
#2084=CARTESIAN_POINT('',(24.9206935196292,18.6505130861025,-29.0000004321337));
#2085=CARTESIAN_POINT('Origin',(2.,20.,-32.7));
#2086=CARTESIAN_POINT('',(2.,20.,-32.7));
#2087=CARTESIAN_POINT('',(16.4865049650749,24.5070904189075,-32.7));
#2088=CARTESIAN_POINT('',(2.,20.,0.));
#2089=CARTESIAN_POINT('Origin',(30.7673757230966,0.,-32.7));
#2090=CARTESIAN_POINT('',(30.7673757230966,0.,-32.7));
#2091=CARTESIAN_POINT('',(30.7673757230966,2.39382467435395,-37.7));
#2092=CARTESIAN_POINT('',(30.7673757230966,0.223192119809821,-33.1661830964502));
#2093=CARTESIAN_POINT('',(21.7673757230966,0.,-32.7));
#2094=CARTESIAN_POINT('',(25.3836878615483,0.,-32.7));
#2095=CARTESIAN_POINT('',(21.7673757230966,2.39382467435395,-37.7));
#2096=CARTESIAN_POINT('',(21.7673757230966,0.,-32.7));
#2097=CARTESIAN_POINT('',(28.5173757230966,2.39382467435394,-37.7));
#2098=CARTESIAN_POINT('Origin',(30.7673757230966,2.39382467435395,-32.7));
#2099=CARTESIAN_POINT('',(30.7673757230966,2.39382467435395,-32.7));
#2100=CARTESIAN_POINT('',(30.7673757230966,2.39382467435395,-32.7));
#2101=CARTESIAN_POINT('',(30.7673757230966,1.19691233717697,-32.7));
#2102=CARTESIAN_POINT('Origin',(26.2673757230966,13.9553246743539,-37.7));
#2103=CARTESIAN_POINT('',(14.9190301558581,9.6161769221804,-37.7));
#2104=CARTESIAN_POINT('',(21.7673757230966,2.39382467435395,-37.7));
#2105=CARTESIAN_POINT('',(17.0595015323041,9.6161769221804,-37.7));
#2106=CARTESIAN_POINT('',(21.6634386277004,9.6161769221804,-37.7));
#2107=CARTESIAN_POINT('',(35.4752499138892,9.6161769221804,-37.7));
#2108=CARTESIAN_POINT('Origin',(26.2673757230967,13.5168246743539,-37.7));
#2109=CARTESIAN_POINT('',(37.6157212903352,9.6161769221804,-37.7));
#2110=CARTESIAN_POINT('',(31.9415485067159,9.6161769221804,-37.7));
#2111=CARTESIAN_POINT('',(30.7673757230966,2.39382467435395,-37.7));
#2112=CARTESIAN_POINT('',(32.4383714945598,9.87031819082066,-37.7));
#2113=CARTESIAN_POINT('',(31.2889654673001,11.0572747125598,-37.7));
#2114=CARTESIAN_POINT('',(31.2889654673001,11.0572747125598,-37.7));
#2115=CARTESIAN_POINT('',(30.1395594400404,9.87031819082066,-37.7));
#2116=CARTESIAN_POINT('',(31.2889654673001,11.0572747125598,-37.7));
#2117=CARTESIAN_POINT('Origin',(31.2889654673001,8.75727471255978,-37.7));
#2118=CARTESIAN_POINT('',(20.0963799516335,19.7703181908206,-37.7));
#2119=CARTESIAN_POINT('',(22.3951920061529,19.7703181908206,-37.7));
#2120=CARTESIAN_POINT('Origin',(21.2457859788932,18.6572747125598,-37.7));
#2121=CARTESIAN_POINT('',(21.2457859788932,20.9572747125598,-37.7));
#2122=CARTESIAN_POINT('',(21.2457859788932,20.9572747125598,-37.7));
#2123=CARTESIAN_POINT('',(21.2457859788932,20.9572747125598,-37.7));
#2124=CARTESIAN_POINT('',(30.1395594400404,19.7703181908206,-37.7));
#2125=CARTESIAN_POINT('',(32.4383714945598,19.7703181908206,-37.7));
#2126=CARTESIAN_POINT('Origin',(31.2889654673001,18.6572747125598,-37.7));
#2127=CARTESIAN_POINT('',(31.2889654673001,20.9572747125598,-37.7));
#2128=CARTESIAN_POINT('',(31.2889654673001,20.9572747125598,-37.7));
#2129=CARTESIAN_POINT('',(31.2889654673001,20.9572747125598,-37.7));
#2130=CARTESIAN_POINT('',(28.1672864222666,15.4352457269855,-37.7));
#2131=CARTESIAN_POINT('',(26.2673757230966,17.3168246743539,-37.7));
#2132=CARTESIAN_POINT('',(26.2673757230966,17.3168246743539,-37.7));
#2133=CARTESIAN_POINT('',(24.3674650239267,15.4352457269855,-37.7));
#2134=CARTESIAN_POINT('',(26.2673757230966,17.3168246743539,-37.7));
#2135=CARTESIAN_POINT('Origin',(26.2673757230966,13.5168246743539,-37.7));
#2136=CARTESIAN_POINT('',(20.0963799516335,9.87031819082064,-37.7));
#2137=CARTESIAN_POINT('',(22.3951920061529,9.87031819082064,-37.7));
#2138=CARTESIAN_POINT('Origin',(21.2457859788932,8.75727471255978,-37.7));
#2139=CARTESIAN_POINT('',(21.2457859788932,11.0572747125598,-37.7));
#2140=CARTESIAN_POINT('',(21.2457859788932,11.0572747125598,-37.7));
#2141=CARTESIAN_POINT('',(21.2457859788932,11.0572747125598,-37.7));
#2142=CARTESIAN_POINT('Origin',(21.7673757230966,0.,-32.7));
#2143=CARTESIAN_POINT('',(21.7673757230966,2.39382467435395,-32.7));
#2144=CARTESIAN_POINT('',(21.7673757230966,0.,-32.7));
#2145=CARTESIAN_POINT('',(21.7673757230966,2.39382467435395,-32.7));
#2146=CARTESIAN_POINT('Origin',(31.2889654673001,18.6572747125598,-29.0000004321337));
#2147=CARTESIAN_POINT('',(33.4382103697302,20.7502979683738,-35.0000004321337));
#2148=CARTESIAN_POINT('',(33.4382103697302,20.7502979683738,-29.0000004321337));
#2149=CARTESIAN_POINT('',(29.13972056487,20.7502979683737,-35.0000004321337));
#2150=CARTESIAN_POINT('Origin',(31.2889654673001,18.6572747125598,-35.0000004321337));
#2151=CARTESIAN_POINT('',(29.13972056487,20.7502979683737,-29.0000004321337));
#2152=CARTESIAN_POINT('Origin',(31.2889654673001,22.9572747125598,-29.0000004321337));
#2153=CARTESIAN_POINT('',(31.2889654673001,22.9572747125598,-35.0000004321337));
#2154=CARTESIAN_POINT('',(31.2889654673001,22.9572747125598,-29.0000004321337));
#2155=CARTESIAN_POINT('',(31.2889654673001,22.9572747125598,-35.0000004321337));
#2156=CARTESIAN_POINT('Origin',(29.13972056487,20.7502979683737,-29.0000004321337));
#2157=CARTESIAN_POINT('',(31.2889654673001,22.9572747125598,-35.0000004321337));
#2158=CARTESIAN_POINT('Origin',(31.2889654673001,19.3072747125598,-35.0000004321337));
#2159=CARTESIAN_POINT('',(31.2889654673001,20.9572747125598,-35.0000004321337));
#2160=CARTESIAN_POINT('',(30.1395594400404,19.7703181908206,-35.0000004321337));
#2161=CARTESIAN_POINT('',(30.8766785227395,20.5315185688925,-35.0000004321337));
#2162=CARTESIAN_POINT('',(32.4383714945598,19.7703181908206,-35.0000004321337));
#2163=CARTESIAN_POINT('',(32.2759554254905,19.9380403080229,-35.0000004321337));
#2164=CARTESIAN_POINT('Origin',(31.2889654673001,18.6572747125598,-35.0000004321337));
#2165=CARTESIAN_POINT('Origin',(21.2457859788932,8.75727471255978,-29.0000004321337));
#2166=CARTESIAN_POINT('',(23.3950308813233,10.8502979683737,-35.0000004321337));
#2167=CARTESIAN_POINT('',(23.3950308813233,10.8502979683737,-29.0000004321337));
#2168=CARTESIAN_POINT('',(19.0965410764631,10.8502979683737,-35.0000004321337));
#2169=CARTESIAN_POINT('Origin',(21.2457859788932,8.75727471255978,-35.0000004321337));
#2170=CARTESIAN_POINT('',(19.0965410764631,10.8502979683737,-29.0000004321337));
#2171=CARTESIAN_POINT('Origin',(21.2457859788932,13.0572747125598,-29.0000004321337));
#2172=CARTESIAN_POINT('',(21.2457859788932,13.0572747125598,-35.0000004321337));
#2173=CARTESIAN_POINT('',(21.2457859788932,13.0572747125598,-29.0000004321337));
#2174=CARTESIAN_POINT('',(21.2457859788932,13.0572747125598,-35.0000004321337));
#2175=CARTESIAN_POINT('Origin',(19.0965410764631,10.8502979683737,-29.0000004321337));
#2176=CARTESIAN_POINT('',(21.2457859788932,13.0572747125598,-35.0000004321337));
#2177=CARTESIAN_POINT('Origin',(21.2457859788932,9.40727471255977,-35.0000004321337));
#2178=CARTESIAN_POINT('',(21.2457859788932,11.0572747125598,-35.0000004321337));
#2179=CARTESIAN_POINT('',(20.0963799516335,9.87031819082064,-35.0000004321337));
#2180=CARTESIAN_POINT('',(20.8334990343326,10.6315185688925,-35.0000004321337));
#2181=CARTESIAN_POINT('',(22.3951920061529,9.87031819082064,-35.0000004321337));
#2182=CARTESIAN_POINT('',(22.2327759370836,10.0380403080229,-35.0000004321337));
#2183=CARTESIAN_POINT('Origin',(21.2457859788932,8.75727471255978,-35.0000004321337));
#2184=CARTESIAN_POINT('Origin',(21.2457859788932,18.6572747125598,-29.0000004321337));
#2185=CARTESIAN_POINT('',(23.3950308813233,20.7502979683737,-35.0000004321337));
#2186=CARTESIAN_POINT('',(23.3950308813233,20.7502979683737,-29.0000004321337));
#2187=CARTESIAN_POINT('',(19.096541076463,20.7502979683737,-35.0000004321337));
#2188=CARTESIAN_POINT('Origin',(21.2457859788932,18.6572747125598,-35.0000004321337));
#2189=CARTESIAN_POINT('',(19.096541076463,20.7502979683737,-29.0000004321337));
#2190=CARTESIAN_POINT('Origin',(21.2457859788932,22.9572747125598,-29.0000004321337));
#2191=CARTESIAN_POINT('',(21.2457859788932,22.9572747125598,-35.0000004321337));
#2192=CARTESIAN_POINT('',(21.2457859788932,22.9572747125598,-29.0000004321337));
#2193=CARTESIAN_POINT('',(21.2457859788932,22.9572747125598,-35.0000004321337));
#2194=CARTESIAN_POINT('Origin',(19.096541076463,20.7502979683737,-29.0000004321337));
#2195=CARTESIAN_POINT('',(21.2457859788932,22.9572747125598,-35.0000004321337));
#2196=CARTESIAN_POINT('Origin',(21.2457859788932,19.3072747125598,-35.0000004321337));
#2197=CARTESIAN_POINT('',(21.2457859788932,20.9572747125598,-35.0000004321337));
#2198=CARTESIAN_POINT('',(20.0963799516335,19.7703181908206,-35.0000004321337));
#2199=CARTESIAN_POINT('',(20.8334990343326,20.5315185688925,-35.0000004321337));
#2200=CARTESIAN_POINT('',(22.3951920061529,19.7703181908206,-35.0000004321337));
#2201=CARTESIAN_POINT('',(22.2327759370836,19.9380403080229,-35.0000004321337));
#2202=CARTESIAN_POINT('Origin',(21.2457859788932,18.6572747125598,-35.0000004321337));
#2203=CARTESIAN_POINT('Origin',(31.2889654673001,8.75727471255978,-29.0000004321337));
#2204=CARTESIAN_POINT('',(33.4382103697302,10.8502979683737,-35.0000004321337));
#2205=CARTESIAN_POINT('',(33.4382103697302,10.8502979683737,-29.0000004321337));
#2206=CARTESIAN_POINT('',(29.13972056487,10.8502979683737,-35.0000004321337));
#2207=CARTESIAN_POINT('Origin',(31.2889654673001,8.75727471255978,-35.0000004321337));
#2208=CARTESIAN_POINT('',(29.13972056487,10.8502979683737,-29.0000004321337));
#2209=CARTESIAN_POINT('Origin',(31.2889654673001,13.0572747125598,-29.0000004321337));
#2210=CARTESIAN_POINT('',(31.2889654673001,13.0572747125598,-35.0000004321337));
#2211=CARTESIAN_POINT('',(31.2889654673001,13.0572747125598,-29.0000004321337));
#2212=CARTESIAN_POINT('',(31.2889654673001,13.0572747125598,-35.0000004321337));
#2213=CARTESIAN_POINT('Origin',(29.13972056487,10.8502979683737,-29.0000004321337));
#2214=CARTESIAN_POINT('',(31.2889654673001,13.0572747125598,-35.0000004321337));
#2215=CARTESIAN_POINT('Origin',(31.2889654673001,9.40727471255978,-35.0000004321337));
#2216=CARTESIAN_POINT('',(30.1395594400404,9.87031819082066,-35.0000004321337));
#2217=CARTESIAN_POINT('',(32.4383714945598,9.87031819082066,-35.0000004321337));
#2218=CARTESIAN_POINT('Origin',(31.2889654673001,8.75727471255978,-35.0000004321337));
#2219=CARTESIAN_POINT('',(31.2889654673001,11.0572747125598,-35.0000004321337));
#2220=CARTESIAN_POINT('',(30.8766785227396,10.6315185688925,-35.0000004321337));
#2221=CARTESIAN_POINT('',(32.2759554254905,10.0380403080229,-35.0000004321337));
#2222=CARTESIAN_POINT('Origin',(31.2889654673001,20.9572747125598,-32.7));
#2223=CARTESIAN_POINT('',(30.1395594400404,19.7703181908206,-32.7));
#2224=CARTESIAN_POINT('',(31.2889654673001,20.9572747125598,-32.7));
#2225=CARTESIAN_POINT('Origin',(21.2457859788932,11.0572747125598,-32.7));
#2226=CARTESIAN_POINT('',(20.0963799516335,9.87031819082064,-32.7));
#2227=CARTESIAN_POINT('',(21.2457859788932,11.0572747125598,-32.7));
#2228=CARTESIAN_POINT('Origin',(21.2457859788932,20.9572747125598,-32.7));
#2229=CARTESIAN_POINT('',(20.0963799516335,19.7703181908206,-32.7));
#2230=CARTESIAN_POINT('',(21.2457859788932,20.9572747125598,-32.7));
#2231=CARTESIAN_POINT('Origin',(31.2889654673001,8.75727471255978,-32.7));
#2232=CARTESIAN_POINT('',(32.4383714945598,9.87031819082066,-32.7));
#2233=CARTESIAN_POINT('',(30.1395594400404,9.87031819082066,-32.7));
#2234=CARTESIAN_POINT('Origin',(36.,26.91,-6.00000008940697));
#2235=CARTESIAN_POINT('',(36.,26.91,-7.25000008940697));
#2236=CARTESIAN_POINT('Origin',(36.,26.91,-6.00000008940697));
#2237=CARTESIAN_POINT('',(37.5,26.91,-7.25000008940697));
#2238=CARTESIAN_POINT('',(36.,26.91,-7.25000008940697));
#2239=CARTESIAN_POINT('Origin',(37.5,26.91,-6.00000008940697));
#2240=CARTESIAN_POINT('Origin',(36.,4.00000005960464,-6.00000008940697));
#2241=CARTESIAN_POINT('',(36.,4.00000005960464,-7.25000008940697));
#2242=CARTESIAN_POINT('Origin',(36.,4.00000005960464,-6.00000008940697));
#2243=CARTESIAN_POINT('',(37.5,4.00000005960464,-7.25000008940697));
#2244=CARTESIAN_POINT('',(36.,4.00000005960464,-7.25000008940697));
#2245=CARTESIAN_POINT('Origin',(37.5,4.00000005960464,-6.00000008940697));
#2246=CARTESIAN_POINT('Origin',(36.,26.91,-26.2584294708478));
#2247=CARTESIAN_POINT('',(36.,26.91,-27.5084294708478));
#2248=CARTESIAN_POINT('Origin',(36.,26.91,-26.2584294708478));
#2249=CARTESIAN_POINT('',(37.5,26.91,-27.5084294708478));
#2250=CARTESIAN_POINT('',(36.,26.91,-27.5084294708478));
#2251=CARTESIAN_POINT('Origin',(37.5,26.91,-26.2584294708478));
#2252=CARTESIAN_POINT('Origin',(36.,4.00000005960464,-26.2584294708478));
#2253=CARTESIAN_POINT('',(36.,4.00000005960464,-27.5084294708478));
#2254=CARTESIAN_POINT('Origin',(36.,4.00000005960464,-26.2584294708478));
#2255=CARTESIAN_POINT('',(37.5,4.00000005960464,-27.5084294708478));
#2256=CARTESIAN_POINT('',(36.,4.00000005960464,-27.5084294708478));
#2257=CARTESIAN_POINT('Origin',(37.5,4.00000005960464,-26.2584294708478));
#2258=CARTESIAN_POINT('Origin',(40.,26.91,-6.00000008940697));
#2259=CARTESIAN_POINT('',(40.,26.91,-4.25000008940697));
#2260=CARTESIAN_POINT('Origin',(40.,26.91,-6.00000008940697));
#2261=CARTESIAN_POINT('',(37.5,26.91,-4.25000008940697));
#2262=CARTESIAN_POINT('',(40.,26.91,-4.25000008940697));
#2263=CARTESIAN_POINT('Origin',(37.5,26.91,-6.00000008940697));
#2264=CARTESIAN_POINT('Origin',(37.5,26.91,-6.00000008940697));
#2265=CARTESIAN_POINT('Origin',(40.,4.00000005960464,-26.2584294708478));
#2266=CARTESIAN_POINT('',(40.,4.00000005960464,-24.5084294708478));
#2267=CARTESIAN_POINT('Origin',(40.,4.00000005960464,-26.2584294708478));
#2268=CARTESIAN_POINT('',(37.5,4.00000005960464,-24.5084294708478));
#2269=CARTESIAN_POINT('',(40.,4.00000005960464,-24.5084294708478));
#2270=CARTESIAN_POINT('Origin',(37.5,4.00000005960464,-26.2584294708478));
#2271=CARTESIAN_POINT('Origin',(37.5,4.00000005960464,-26.2584294708478));
#2272=CARTESIAN_POINT('Origin',(40.,26.91,-26.2584294708478));
#2273=CARTESIAN_POINT('',(40.,26.91,-24.5084294708478));
#2274=CARTESIAN_POINT('Origin',(40.,26.91,-26.2584294708478));
#2275=CARTESIAN_POINT('',(37.5,26.91,-24.5084294708478));
#2276=CARTESIAN_POINT('',(40.,26.91,-24.5084294708478));
#2277=CARTESIAN_POINT('Origin',(37.5,26.91,-26.2584294708478));
#2278=CARTESIAN_POINT('Origin',(37.5,26.91,-26.2584294708478));
#2279=CARTESIAN_POINT('Origin',(40.,4.00000005960464,-6.00000008940697));
#2280=CARTESIAN_POINT('',(40.,4.00000005960464,-4.25000008940697));
#2281=CARTESIAN_POINT('Origin',(40.,4.00000005960464,-6.00000008940697));
#2282=CARTESIAN_POINT('',(37.5,4.00000005960464,-4.25000008940697));
#2283=CARTESIAN_POINT('',(40.,4.00000005960464,-4.25000008940697));
#2284=CARTESIAN_POINT('Origin',(37.5,4.00000005960464,-6.00000008940697));
#2285=CARTESIAN_POINT('Origin',(37.5,4.00000005960464,-6.00000008940697));
#2286=CARTESIAN_POINT('Origin',(17.0595015323041,9.6161769221804,-37.7));
#2287=CARTESIAN_POINT('',(14.9190301558581,9.6161769221804,-39.7));
#2288=CARTESIAN_POINT('',(14.9190301558581,9.6161769221804,-37.7));
#2289=CARTESIAN_POINT('',(17.0595015323041,9.6161769221804,-39.7));
#2290=CARTESIAN_POINT('',(14.9190301558581,9.6161769221804,-39.7));
#2291=CARTESIAN_POINT('',(17.0595015323041,9.6161769221804,-37.7));
#2292=CARTESIAN_POINT('Origin',(26.2673757230967,13.5168246743539,-37.7));
#2293=CARTESIAN_POINT('',(35.4752499138892,9.6161769221804,-39.7));
#2294=CARTESIAN_POINT('Origin',(26.2673757230967,13.5168246743539,-39.7));
#2295=CARTESIAN_POINT('',(35.4752499138892,9.6161769221804,-37.7));
#2296=CARTESIAN_POINT('Origin',(37.6157212903352,9.6161769221804,-37.7));
#2297=CARTESIAN_POINT('',(37.6157212903352,9.6161769221804,-39.7));
#2298=CARTESIAN_POINT('',(37.6157212903352,9.6161769221804,-39.7));
#2299=CARTESIAN_POINT('',(37.6157212903352,9.6161769221804,-37.7));
#2300=CARTESIAN_POINT('Origin',(26.2673757230967,17.5665007982672,-39.7));
#2301=CARTESIAN_POINT('Origin',(26.2673757230967,13.5168246743539,-39.7));
#2302=CARTESIAN_POINT('Origin',(37.6157212903352,9.6161769221804,-32.7));
#2303=CARTESIAN_POINT('',(37.6157212903352,9.6161769221804,-32.7));
#2304=CARTESIAN_POINT('',(35.7794760429214,7.67964935358584,-32.7));
#2305=CARTESIAN_POINT('',(37.6157212903352,9.6161769221804,-32.7));
#2306=CARTESIAN_POINT('Origin',(26.2673757230966,13.5168246743539,-32.7));
#2307=CARTESIAN_POINT('',(14.9190301558581,9.6161769221804,-32.7));
#2308=CARTESIAN_POINT('Origin',(26.2673757230966,13.5168246743539,-32.7));
#2309=CARTESIAN_POINT('',(14.9190301558581,9.6161769221804,-32.7));
#2310=CARTESIAN_POINT('Origin',(21.7673757230966,2.39382467435395,-32.7));
#2311=CARTESIAN_POINT('',(26.6809975343645,-2.78814331852129,-32.7));
#2312=CARTESIAN_POINT('Origin',(21.2457859788932,8.75727471255978,-32.7));
#2313=CARTESIAN_POINT('',(22.3951920061529,9.87031819082064,-32.7));
#2314=CARTESIAN_POINT('Origin',(22.3951920061529,9.87031819082064,-32.7));
#2315=CARTESIAN_POINT('Origin',(32.4383714945598,9.87031819082066,-32.7));
#2316=CARTESIAN_POINT('',(31.2889654673001,11.0572747125598,-32.7));
#2317=CARTESIAN_POINT('Origin',(31.2889654673001,11.0572747125598,-32.7));
#2318=CARTESIAN_POINT('Origin',(21.2457859788932,18.6572747125598,-32.7));
#2319=CARTESIAN_POINT('',(22.3951920061529,19.7703181908206,-32.7));
#2320=CARTESIAN_POINT('Origin',(22.3951920061529,19.7703181908206,-32.7));
#2321=CARTESIAN_POINT('Origin',(28.1672864222666,15.4352457269855,-32.7));
#2322=CARTESIAN_POINT('',(26.2673757230966,17.3168246743539,-32.7));
#2323=CARTESIAN_POINT('',(28.1672864222666,15.4352457269855,-32.7));
#2324=CARTESIAN_POINT('Origin',(26.2673757230966,13.5168246743539,-32.7));
#2325=CARTESIAN_POINT('',(24.3674650239267,15.4352457269855,-32.7));
#2326=CARTESIAN_POINT('Origin',(26.2673757230966,17.3168246743539,-32.7));
#2327=CARTESIAN_POINT('Origin',(31.2889654673001,18.6572747125598,-32.7));
#2328=CARTESIAN_POINT('',(32.4383714945598,19.7703181908206,-32.7));
#2329=CARTESIAN_POINT('Origin',(32.4383714945598,19.7703181908206,-32.7));
#2330=CARTESIAN_POINT('Origin',(20.0000002980232,0.,-16.5000002458692));
#2331=CARTESIAN_POINT('',(24.0000002980232,0.,-16.5000002458692));
#2332=CARTESIAN_POINT('Origin',(20.0000002980232,0.,-16.5000002458692));
#2333=CARTESIAN_POINT('',(24.0000002980232,2.,-16.5000002458692));
#2334=CARTESIAN_POINT('',(24.0000002980232,0.,-16.5000002458692));
#2335=CARTESIAN_POINT('Origin',(20.0000002980232,2.,-16.5000002458692));
#2336=CARTESIAN_POINT('Origin',(40.,23.,-10.0000001490116));
#2337=CARTESIAN_POINT('',(40.,23.,-10.0000001490116));
#2338=CARTESIAN_POINT('',(40.,11.5,-10.0000001490116));
#2339=CARTESIAN_POINT('',(36.,23.,-10.0000001490116));
#2340=CARTESIAN_POINT('',(40.,23.,-10.0000001490116));
#2341=CARTESIAN_POINT('',(36.,12.5,-10.0000001490116));
#2342=CARTESIAN_POINT('Origin',(40.,23.,-6.00000008940697));
#2343=CARTESIAN_POINT('',(40.,23.,-6.00000008940697));
#2344=CARTESIAN_POINT('',(40.,23.,-3.00000004470348));
#2345=CARTESIAN_POINT('',(36.,23.,-6.00000008940697));
#2346=CARTESIAN_POINT('',(40.,23.,-6.00000008940697));
#2347=CARTESIAN_POINT('',(36.,23.,-19.3500000447035));
#2348=CARTESIAN_POINT('Origin',(40.,7.00000010430813,-6.00000008940697));
#2349=CARTESIAN_POINT('',(40.,7.00000010430813,-6.00000008940697));
#2350=CARTESIAN_POINT('',(40.,3.50000005215406,-6.00000008940697));
#2351=CARTESIAN_POINT('',(36.,7.00000010430813,-6.00000008940697));
#2352=CARTESIAN_POINT('',(40.,7.00000010430813,-6.00000008940697));
#2353=CARTESIAN_POINT('',(36.,4.50000005215406,-6.00000008940697));
#2354=CARTESIAN_POINT('Origin',(40.,7.00000010430813,-26.700000089407));
#2355=CARTESIAN_POINT('',(40.,7.00000010430813,-26.700000089407));
#2356=CARTESIAN_POINT('',(40.,7.00000010430813,-13.3500000447035));
#2357=CARTESIAN_POINT('',(36.,7.00000010430813,-26.700000089407));
#2358=CARTESIAN_POINT('',(40.,7.00000010430813,-26.700000089407));
#2359=CARTESIAN_POINT('',(36.,7.00000010430813,-29.7000000447035));
#2360=CARTESIAN_POINT('Origin',(40.,23.0000003427267,-26.700000089407));
#2361=CARTESIAN_POINT('',(40.,23.0000003427267,-26.700000089407));
#2362=CARTESIAN_POINT('',(40.,11.5000001713634,-26.700000089407));
#2363=CARTESIAN_POINT('',(36.,23.0000003427267,-26.700000089407));
#2364=CARTESIAN_POINT('',(40.,23.0000003427267,-26.700000089407));
#2365=CARTESIAN_POINT('',(36.,12.5000001713634,-26.700000089407));
#2366=CARTESIAN_POINT('Origin',(40.,23.0000003427267,-22.700000089407));
#2367=CARTESIAN_POINT('',(40.,23.0000003427267,-22.700000089407));
#2368=CARTESIAN_POINT('',(40.,23.0000003427267,-11.3500000447035));
#2369=CARTESIAN_POINT('',(36.,23.0000003427267,-22.700000089407));
#2370=CARTESIAN_POINT('',(40.,23.0000003427267,-22.700000089407));
#2371=CARTESIAN_POINT('',(36.,23.0000003427267,-27.7000000447035));
#2372=CARTESIAN_POINT('Origin',(40.,30.,-22.700000089407));
#2373=CARTESIAN_POINT('',(40.,30.,-22.700000089407));
#2374=CARTESIAN_POINT('',(40.,15.,-22.700000089407));
#2375=CARTESIAN_POINT('',(36.,30.,-22.700000089407));
#2376=CARTESIAN_POINT('',(39.,30.,-22.700000089407));
#2377=CARTESIAN_POINT('',(36.,16.,-22.700000089407));
#2378=CARTESIAN_POINT('Origin',(36.,2.,-32.7));
#2379=CARTESIAN_POINT('',(36.,30.,-32.7));
#2380=CARTESIAN_POINT('',(36.,2.,-24.525));
#2381=CARTESIAN_POINT('Origin',(38.,30.,-16.35));
#2382=CARTESIAN_POINT('',(40.,30.,-32.7));
#2383=CARTESIAN_POINT('',(40.,30.,0.));
#2384=CARTESIAN_POINT('',(40.,30.,-32.7));
#2385=CARTESIAN_POINT('Origin',(40.,0.,0.));
#2386=CARTESIAN_POINT('',(40.,0.,0.));
#2387=CARTESIAN_POINT('',(40.,0.,0.));
#2388=CARTESIAN_POINT('',(40.,0.,-32.7));
#2389=CARTESIAN_POINT('',(40.,0.,0.));
#2390=CARTESIAN_POINT('',(40.,0.,-32.7));
#2391=CARTESIAN_POINT('Origin',(2.,20.,-32.7));
#2392=CARTESIAN_POINT('',(2.,20.,0.));
#2393=CARTESIAN_POINT('',(2.,20.,0.));
#2394=CARTESIAN_POINT('',(-1.74839735707254,18.8337859369772,0.));
#2395=CARTESIAN_POINT('Origin',(0.,0.,0.));
#2396=CARTESIAN_POINT('',(0.,20.,0.));
#2397=CARTESIAN_POINT('',(0.,20.,0.));
#2398=CARTESIAN_POINT('',(0.,0.,0.));
#2399=CARTESIAN_POINT('',(0.,0.,0.));
#2400=CARTESIAN_POINT('',(0.,0.,0.));
#2401=CARTESIAN_POINT('Origin',(20.,2.,-16.35));
#2402=CARTESIAN_POINT('',(2.,2.,-8.175));
#2403=CARTESIAN_POINT('Origin',(2.,2.,0.));
#2404=CARTESIAN_POINT('',(2.,20.,0.));
#2405=CARTESIAN_POINT('Origin',(1.,20.,-16.35));
#2406=CARTESIAN_POINT('',(0.,20.,-32.7));
#2407=CARTESIAN_POINT('',(0.,20.,-32.7));
#2408=CARTESIAN_POINT('',(2.,20.,-32.7));
#2409=CARTESIAN_POINT('Origin',(40.,0.,-32.7));
#2410=CARTESIAN_POINT('',(40.,0.,-32.7));
#2411=CARTESIAN_POINT('',(0.,0.,-32.7));
#2412=CARTESIAN_POINT('',(40.,0.,-32.7));
#2413=CARTESIAN_POINT('',(0.,0.,-32.7));
#2414=CARTESIAN_POINT('Origin',(0.,0.,-32.7));
#2415=CARTESIAN_POINT('',(0.,0.,-32.7));
#2416=CARTESIAN_POINT('Origin',(20.,0.,-16.35));
#2417=UNCERTAINTY_MEASURE_WITH_UNIT(LENGTH_MEASURE(0.01),#2421,
'DISTANCE_ACCURACY_VALUE',
'Maximum model space distance between geometric entities at asserted c
onnectivities');
#2418=UNCERTAINTY_MEASURE_WITH_UNIT(LENGTH_MEASURE(0.01),#2421,
'DISTANCE_ACCURACY_VALUE',
'Maximum model space distance between geometric entities at asserted c
onnectivities');
#2419=(
GEOMETRIC_REPRESENTATION_CONTEXT(3)
GLOBAL_UNCERTAINTY_ASSIGNED_CONTEXT((#2417))
GLOBAL_UNIT_ASSIGNED_CONTEXT((#2421,#2423,#2424))
REPRESENTATION_CONTEXT('','3D')
);
#2420=(
GEOMETRIC_REPRESENTATION_CONTEXT(3)
GLOBAL_UNCERTAINTY_ASSIGNED_CONTEXT((#2418))
GLOBAL_UNIT_ASSIGNED_CONTEXT((#2421,#2423,#2424))
REPRESENTATION_CONTEXT('','3D')
);
#2421=(
LENGTH_UNIT()
NAMED_UNIT(*)
SI_UNIT(.MILLI.,.METRE.)
);
#2422=(
LENGTH_UNIT()
NAMED_UNIT(*)
SI_UNIT($,.METRE.)
);
#2423=(
NAMED_UNIT(*)
PLANE_ANGLE_UNIT()
SI_UNIT($,.RADIAN.)
);
#2424=(
NAMED_UNIT(*)
SI_UNIT($,.STERADIAN.)
SOLID_ANGLE_UNIT()
);
#2425=SHAPE_DEFINITION_REPRESENTATION(#2426,#2427);
#2426=PRODUCT_DEFINITION_SHAPE('',$,#2429);
#2427=SHAPE_REPRESENTATION('',(#1481),#2419);
#2428=PRODUCT_DEFINITION_CONTEXT('part definition',#2433,'design');
#2429=PRODUCT_DEFINITION('2026-07-16-11-29-51-119','Support',#2430,
#2428);
#2430=PRODUCT_DEFINITION_FORMATION('',$,#2435);
#2431=PRODUCT_RELATED_PRODUCT_CATEGORY('Support','Support',
(#2435));
#2432=APPLICATION_PROTOCOL_DEFINITION('international standard',
'automotive_design',2009,#2433);
#2433=APPLICATION_CONTEXT(
'Core Data for Automotive Mechanical Design Process');
#2434=PRODUCT_CONTEXT('part definition',#2433,'mechanical');
#2435=PRODUCT('2026-07-16-11-29-51-119','Support',$,(#2434));
#2436=PRESENTATION_STYLE_ASSIGNMENT((#2437));
#2437=SURFACE_STYLE_USAGE(.BOTH.,#2438);
#2438=SURFACE_SIDE_STYLE('',(#2439));
#2439=SURFACE_STYLE_FILL_AREA(#2440);
#2440=FILL_AREA_STYLE('A\X\E7o - Acetinado',(#2441));
#2441=FILL_AREA_STYLE_COLOUR('A\X\E7o - Acetinado',#2442);
#2442=COLOUR_RGB('A\X\E7o - Acetinado',0.627450980392157,0.627450980392157,
0.627450980392157);
ENDSEC;
END-ISO-10303-21;
