ISO-10303-21;
HEADER;
/* Generated by software containing ST-Developer
 * from STEP Tools, Inc. (www.steptools.com) 
 */

FILE_DESCRIPTION(
/* description */ (''),
/* implementation_level */ '2;1');

FILE_NAME(
/* name */ 'Rotation_Plate.step',
/* time_stamp */ '2026-08-25T10:23:41+02:00',
/* author */ (''),
/* organization */ (''),
/* preprocessor_version */ 'ST-DEVELOPER v20.1',
/* originating_system */ 'Autodesk Translation Framework v15.8.0.0',
/* authorisation */ '');

FILE_SCHEMA (('AUTOMOTIVE_DESIGN { 1 0 10303 214 3 1 1 }'));
ENDSEC;

DATA;
#10=MECHANICAL_DESIGN_GEOMETRIC_PRESENTATION_REPRESENTATION('',(#13),#6019);
#11=SHAPE_REPRESENTATION_RELATIONSHIP('SRR','None',#6026,#12);
#12=ADVANCED_BREP_SHAPE_REPRESENTATION('',(#14),#6018);
#13=STYLED_ITEM('',(#6035),#14);
#14=MANIFOLD_SOLID_BREP('Corpo3',#3083);
#15=CIRCLE('',#3138,1.6);
#16=CIRCLE('',#3139,1.6);
#17=CIRCLE('',#3141,7.5);
#18=CIRCLE('',#3142,1.6);
#19=CIRCLE('',#3144,1.6);
#20=CIRCLE('',#3145,1.6);
#21=CIRCLE('',#3147,1.6);
#22=CIRCLE('',#3149,1.6);
#23=CIRCLE('',#3150,1.6);
#24=CIRCLE('',#3152,6.);
#25=CIRCLE('',#3154,1.6);
#26=CIRCLE('',#3155,1.6);
#27=CIRCLE('',#3157,7.5);
#28=CIRCLE('',#3158,1.6);
#29=CIRCLE('',#3160,1.5);
#30=CIRCLE('',#3162,1.5);
#31=CIRCLE('',#3163,1.5);
#32=CIRCLE('',#3166,1.5);
#33=CIRCLE('',#3171,1.5);
#34=CIRCLE('',#3173,6.);
#35=CIRCLE('',#3174,1.5);
#36=CIRCLE('',#3175,7.5);
#37=CIRCLE('',#3177,1.5);
#38=CIRCLE('',#3180,1.5);
#39=CIRCLE('',#3185,1.6);
#40=CIRCLE('',#3198,1.6);
#41=CIRCLE('',#3200,1.6);
#42=CIRCLE('',#3202,7.5);
#43=CIRCLE('',#3208,1.6);
#44=CIRCLE('',#3210,7.5);
#45=CIRCLE('',#3213,1.6);
#46=CIRCLE('',#3215,7.5);
#47=CYLINDRICAL_SURFACE('',#3137,1.6);
#48=CYLINDRICAL_SURFACE('',#3143,1.6);
#49=CYLINDRICAL_SURFACE('',#3148,1.6);
#50=CYLINDRICAL_SURFACE('',#3153,1.6);
#51=CYLINDRICAL_SURFACE('',#3159,1.5);
#52=CYLINDRICAL_SURFACE('',#3161,1.5);
#53=CYLINDRICAL_SURFACE('',#3165,1.5);
#54=CYLINDRICAL_SURFACE('',#3168,1.5);
#55=CYLINDRICAL_SURFACE('',#3170,1.5);
#56=CYLINDRICAL_SURFACE('',#3176,1.5);
#57=CYLINDRICAL_SURFACE('',#3179,1.5);
#58=CYLINDRICAL_SURFACE('',#3182,1.5);
#59=CYLINDRICAL_SURFACE('',#3184,1.6);
#60=CYLINDRICAL_SURFACE('',#3199,1.6);
#61=CYLINDRICAL_SURFACE('',#3201,7.5);
#62=CYLINDRICAL_SURFACE('',#3204,6.);
#63=CYLINDRICAL_SURFACE('',#3207,1.6);
#64=CYLINDRICAL_SURFACE('',#3209,7.5);
#65=CYLINDRICAL_SURFACE('',#3212,1.6);
#66=CYLINDRICAL_SURFACE('',#3214,7.5);
#67=FACE_BOUND('',#510,.T.);
#68=FACE_BOUND('',#598,.T.);
#69=FACE_BOUND('',#601,.T.);
#70=FACE_BOUND('',#602,.T.);
#71=FACE_BOUND('',#603,.T.);
#72=FACE_BOUND('',#606,.T.);
#73=FACE_BOUND('',#609,.T.);
#74=FACE_BOUND('',#631,.T.);
#75=FACE_BOUND('',#632,.T.);
#76=FACE_BOUND('',#633,.T.);
#77=FACE_BOUND('',#634,.T.);
#78=FACE_BOUND('',#635,.T.);
#79=FACE_BOUND('',#636,.T.);
#80=FACE_BOUND('',#644,.T.);
#81=FACE_BOUND('',#651,.T.);
#82=FACE_BOUND('',#655,.T.);
#83=FACE_BOUND('',#659,.T.);
#84=B_SPLINE_CURVE_WITH_KNOTS('',3,(#3761,#3762,#3763,#3764,#3765),
 .UNSPECIFIED.,.F.,.F.,(4,1,4),(0.,0.00517030787985702,0.0104733405064461),
 .UNSPECIFIED.);
#85=B_SPLINE_CURVE_WITH_KNOTS('',3,(#3769,#3770,#3771,#3772,#3773),
 .UNSPECIFIED.,.F.,.F.,(4,1,4),(0.,0.00517030787985702,0.0104733405064461),
 .UNSPECIFIED.);
#86=B_SPLINE_CURVE_WITH_KNOTS('',3,(#3786,#3787,#3788,#3789,#3790),
 .UNSPECIFIED.,.F.,.F.,(4,1,4),(0.,0.00543655490210795,0.0107663459582467),
 .UNSPECIFIED.);
#87=B_SPLINE_CURVE_WITH_KNOTS('',3,(#3793,#3794,#3795,#3796,#3797),
 .UNSPECIFIED.,.F.,.F.,(4,1,4),(0.,0.00543655490210795,0.0107663459582467),
 .UNSPECIFIED.);
#88=B_SPLINE_CURVE_WITH_KNOTS('',3,(#3809,#3810,#3811,#3812,#3813),
 .UNSPECIFIED.,.F.,.F.,(4,1,4),(0.,0.00843462018955266,0.0148873470720804),
 .UNSPECIFIED.);
#89=B_SPLINE_CURVE_WITH_KNOTS('',3,(#3816,#3817,#3818,#3819,#3820),
 .UNSPECIFIED.,.F.,.F.,(4,1,4),(0.,0.00843462018955266,0.0148873470720804),
 .UNSPECIFIED.);
#90=B_SPLINE_CURVE_WITH_KNOTS('',3,(#3832,#3833,#3834,#3835,#3836),
 .UNSPECIFIED.,.F.,.F.,(4,1,4),(0.,0.00605210556774666,0.0141850454728632),
 .UNSPECIFIED.);
#91=B_SPLINE_CURVE_WITH_KNOTS('',3,(#3839,#3840,#3841,#3842,#3843),
 .UNSPECIFIED.,.F.,.F.,(4,1,4),(0.,0.00605210556774666,0.0141850454728632),
 .UNSPECIFIED.);
#92=B_SPLINE_CURVE_WITH_KNOTS('',3,(#3855,#3856,#3857,#3858,#3859),
 .UNSPECIFIED.,.F.,.F.,(4,1,4),(0.,0.00494644613550446,0.00997109430067205),
 .UNSPECIFIED.);
#93=B_SPLINE_CURVE_WITH_KNOTS('',3,(#3862,#3863,#3864,#3865,#3866),
 .UNSPECIFIED.,.F.,.F.,(4,1,4),(0.,0.00494644613550446,0.00997109430067205),
 .UNSPECIFIED.);
#94=B_SPLINE_CURVE_WITH_KNOTS('',3,(#3878,#3879,#3880,#3881,#3882),
 .UNSPECIFIED.,.F.,.F.,(4,1,4),(0.,0.00592864252151739,0.0112557849011362),
 .UNSPECIFIED.);
#95=B_SPLINE_CURVE_WITH_KNOTS('',3,(#3885,#3886,#3887,#3888,#3889),
 .UNSPECIFIED.,.F.,.F.,(4,1,4),(0.,0.00592864252151739,0.0112557849011362),
 .UNSPECIFIED.);
#96=B_SPLINE_CURVE_WITH_KNOTS('',3,(#3901,#3902,#3903,#3904,#3905),
 .UNSPECIFIED.,.F.,.F.,(4,1,4),(0.,0.00828093854473058,0.0151659385416642),
 .UNSPECIFIED.);
#97=B_SPLINE_CURVE_WITH_KNOTS('',3,(#3908,#3909,#3910,#3911,#3912),
 .UNSPECIFIED.,.F.,.F.,(4,1,4),(0.,0.00828093854473058,0.0151659385416642),
 .UNSPECIFIED.);
#98=B_SPLINE_CURVE_WITH_KNOTS('',3,(#3923,#3924,#3925,#3926,#3927),
 .UNSPECIFIED.,.F.,.F.,(4,1,4),(0.,0.00603108851525517,0.0134581152325361),
 .UNSPECIFIED.);
#99=B_SPLINE_CURVE_WITH_KNOTS('',3,(#3928,#3929,#3930,#3931,#3932),
 .UNSPECIFIED.,.F.,.F.,(4,1,4),(0.,0.00603108851525517,0.0134581152325361),
 .UNSPECIFIED.);
#100=B_SPLINE_CURVE_WITH_KNOTS('',3,(#3945,#3946,#3947,#3948,#3949),
 .UNSPECIFIED.,.F.,.F.,(4,1,4),(0.,0.0104468521863381,0.0200778665616589),
 .UNSPECIFIED.);
#101=B_SPLINE_CURVE_WITH_KNOTS('',3,(#3953,#3954,#3955,#3956,#3957),
 .UNSPECIFIED.,.F.,.F.,(4,1,4),(0.,0.0104468521863381,0.0200778665616589),
 .UNSPECIFIED.);
#102=B_SPLINE_CURVE_WITH_KNOTS('',3,(#3970,#3971,#3972,#3973,#3974),
 .UNSPECIFIED.,.F.,.F.,(4,1,4),(0.,0.0146913572541603,0.0295960415769672),
 .UNSPECIFIED.);
#103=B_SPLINE_CURVE_WITH_KNOTS('',3,(#3977,#3978,#3979,#3980,#3981),
 .UNSPECIFIED.,.F.,.F.,(4,1,4),(0.,0.0146913572541603,0.0295960415769672),
 .UNSPECIFIED.);
#104=B_SPLINE_CURVE_WITH_KNOTS('',3,(#3993,#3994,#3995,#3996,#3997),
 .UNSPECIFIED.,.F.,.F.,(4,1,4),(0.,0.0235957447436508,0.0411559765018964),
 .UNSPECIFIED.);
#105=B_SPLINE_CURVE_WITH_KNOTS('',3,(#4000,#4001,#4002,#4003,#4004),
 .UNSPECIFIED.,.F.,.F.,(4,1,4),(0.,0.0235957447436508,0.0411559765018964),
 .UNSPECIFIED.);
#106=B_SPLINE_CURVE_WITH_KNOTS('',3,(#4016,#4017,#4018,#4019,#4020),
 .UNSPECIFIED.,.F.,.F.,(4,1,4),(0.,0.017024786270696,0.0400126845448952),
 .UNSPECIFIED.);
#107=B_SPLINE_CURVE_WITH_KNOTS('',3,(#4023,#4024,#4025,#4026,#4027),
 .UNSPECIFIED.,.F.,.F.,(4,1,4),(0.,0.017024786270696,0.0400126845448952),
 .UNSPECIFIED.);
#108=B_SPLINE_CURVE_WITH_KNOTS('',3,(#4039,#4040,#4041,#4042,#4043),
 .UNSPECIFIED.,.F.,.F.,(4,1,4),(0.,0.0139916522148362,0.0280584222576769),
 .UNSPECIFIED.);
#109=B_SPLINE_CURVE_WITH_KNOTS('',3,(#4046,#4047,#4048,#4049,#4050),
 .UNSPECIFIED.,.F.,.F.,(4,1,4),(0.,0.0139916522148362,0.0280584222576769),
 .UNSPECIFIED.);
#110=B_SPLINE_CURVE_WITH_KNOTS('',3,(#4062,#4063,#4064,#4065,#4066),
 .UNSPECIFIED.,.F.,.F.,(4,1,4),(0.,0.012314991156209,0.0252578564525676),
 .UNSPECIFIED.);
#111=B_SPLINE_CURVE_WITH_KNOTS('',3,(#4069,#4070,#4071,#4072,#4073),
 .UNSPECIFIED.,.F.,.F.,(4,1,4),(0.,0.012314991156209,0.0252578564525676),
 .UNSPECIFIED.);
#112=B_SPLINE_CURVE_WITH_KNOTS('',3,(#4085,#4086,#4087,#4088,#4089),
 .UNSPECIFIED.,.F.,.F.,(4,1,4),(0.,0.0138983875445337,0.0265279899504512),
 .UNSPECIFIED.);
#113=B_SPLINE_CURVE_WITH_KNOTS('',3,(#4092,#4093,#4094,#4095,#4096),
 .UNSPECIFIED.,.F.,.F.,(4,1,4),(0.,0.0138983875445337,0.0265279899504512),
 .UNSPECIFIED.);
#114=B_SPLINE_CURVE_WITH_KNOTS('',3,(#4108,#4109,#4110,#4111,#4112),
 .UNSPECIFIED.,.F.,.F.,(4,1,4),(0.,0.0121827436367304,0.0253789428235657),
 .UNSPECIFIED.);
#115=B_SPLINE_CURVE_WITH_KNOTS('',3,(#4115,#4116,#4117,#4118,#4119),
 .UNSPECIFIED.,.F.,.F.,(4,1,4),(0.,0.0121827436367304,0.0253789428235657),
 .UNSPECIFIED.);
#116=B_SPLINE_CURVE_WITH_KNOTS('',3,(#4131,#4132,#4133,#4134,#4135),
 .UNSPECIFIED.,.F.,.F.,(4,1,4),(0.,0.0112837287000056,0.0228411172177621),
 .UNSPECIFIED.);
#117=B_SPLINE_CURVE_WITH_KNOTS('',3,(#4138,#4139,#4140,#4141,#4142),
 .UNSPECIFIED.,.F.,.F.,(4,1,4),(0.,0.0112837287000056,0.0228411172177621),
 .UNSPECIFIED.);
#118=B_SPLINE_CURVE_WITH_KNOTS('',3,(#4154,#4155,#4156,#4157,#4158),
 .UNSPECIFIED.,.F.,.F.,(4,1,4),(0.,0.0101520039186639,0.0200685451924544),
 .UNSPECIFIED.);
#119=B_SPLINE_CURVE_WITH_KNOTS('',3,(#4161,#4162,#4163,#4164,#4165),
 .UNSPECIFIED.,.F.,.F.,(4,1,4),(0.,0.0101520039186639,0.0200685451924544),
 .UNSPECIFIED.);
#120=B_SPLINE_CURVE_WITH_KNOTS('',3,(#4177,#4178,#4179,#4180,#4181),
 .UNSPECIFIED.,.F.,.F.,(4,1,4),(0.,0.00900225610734509,0.0233140734610995),
 .UNSPECIFIED.);
#121=B_SPLINE_CURVE_WITH_KNOTS('',3,(#4184,#4185,#4186,#4187,#4188),
 .UNSPECIFIED.,.F.,.F.,(4,1,4),(0.,0.00900225610734509,0.0233140734610995),
 .UNSPECIFIED.);
#122=B_SPLINE_CURVE_WITH_KNOTS('',3,(#4200,#4201,#4202,#4203,#4204),
 .UNSPECIFIED.,.F.,.F.,(4,1,4),(0.,0.00571886137617163,0.0118736384560671),
 .UNSPECIFIED.);
#123=B_SPLINE_CURVE_WITH_KNOTS('',3,(#4207,#4208,#4209,#4210,#4211),
 .UNSPECIFIED.,.F.,.F.,(4,1,4),(0.,0.00571886137617163,0.0118736384560671),
 .UNSPECIFIED.);
#124=B_SPLINE_CURVE_WITH_KNOTS('',3,(#4223,#4224,#4225,#4226,#4227),
 .UNSPECIFIED.,.F.,.F.,(4,1,4),(0.,0.0038441275460323,0.00800977693133745),
 .UNSPECIFIED.);
#125=B_SPLINE_CURVE_WITH_KNOTS('',3,(#4230,#4231,#4232,#4233,#4234),
 .UNSPECIFIED.,.F.,.F.,(4,1,4),(0.,0.0038441275460323,0.00800977693133745),
 .UNSPECIFIED.);
#126=B_SPLINE_CURVE_WITH_KNOTS('',3,(#4246,#4247,#4248,#4249,#4250),
 .UNSPECIFIED.,.F.,.F.,(4,1,4),(0.,0.00508703626473393,0.00923413307676333),
 .UNSPECIFIED.);
#127=B_SPLINE_CURVE_WITH_KNOTS('',3,(#4253,#4254,#4255,#4256,#4257),
 .UNSPECIFIED.,.F.,.F.,(4,1,4),(0.,0.00508703626473393,0.00923413307676333),
 .UNSPECIFIED.);
#128=B_SPLINE_CURVE_WITH_KNOTS('',3,(#4274,#4275,#4276,#4277,#4278),
 .UNSPECIFIED.,.F.,.F.,(4,1,4),(0.,0.00984471988240137,0.0209822295756726),
 .UNSPECIFIED.);
#129=B_SPLINE_CURVE_WITH_KNOTS('',3,(#4279,#4280,#4281,#4282,#4283),
 .UNSPECIFIED.,.F.,.F.,(4,1,4),(0.,0.00984471988240137,0.0209822295756726),
 .UNSPECIFIED.);
#130=B_SPLINE_CURVE_WITH_KNOTS('',3,(#4311,#4312,#4313,#4314,#4315),
 .UNSPECIFIED.,.F.,.F.,(4,1,4),(0.,0.00604586409585436,0.0149342581204492),
 .UNSPECIFIED.);
#131=B_SPLINE_CURVE_WITH_KNOTS('',3,(#4318,#4319,#4320,#4321,#4322),
 .UNSPECIFIED.,.F.,.F.,(4,1,4),(0.,0.00604586409585436,0.0149342581204492),
 .UNSPECIFIED.);
#132=B_SPLINE_CURVE_WITH_KNOTS('',3,(#4334,#4335,#4336,#4337,#4338),
 .UNSPECIFIED.,.F.,.F.,(4,1,4),(0.,0.00418112773329041,0.00861037589567424),
 .UNSPECIFIED.);
#133=B_SPLINE_CURVE_WITH_KNOTS('',3,(#4341,#4342,#4343,#4344,#4345),
 .UNSPECIFIED.,.F.,.F.,(4,1,4),(0.,0.00418112773329041,0.00861037589567424),
 .UNSPECIFIED.);
#134=B_SPLINE_CURVE_WITH_KNOTS('',3,(#4357,#4358,#4359,#4360,#4361),
 .UNSPECIFIED.,.F.,.F.,(4,1,4),(0.,0.00421966509587893,0.0083582872693374),
 .UNSPECIFIED.);
#135=B_SPLINE_CURVE_WITH_KNOTS('',3,(#4364,#4365,#4366,#4367,#4368),
 .UNSPECIFIED.,.F.,.F.,(4,1,4),(0.,0.00421966509587893,0.0083582872693374),
 .UNSPECIFIED.);
#136=B_SPLINE_CURVE_WITH_KNOTS('',3,(#4380,#4381,#4382,#4383,#4384),
 .UNSPECIFIED.,.F.,.F.,(4,1,4),(0.,0.00274877060750284,0.00604286750982789),
 .UNSPECIFIED.);
#137=B_SPLINE_CURVE_WITH_KNOTS('',3,(#4387,#4388,#4389,#4390,#4391),
 .UNSPECIFIED.,.F.,.F.,(4,1,4),(0.,0.00274877060750284,0.00604286750982789),
 .UNSPECIFIED.);
#138=B_SPLINE_CURVE_WITH_KNOTS('',3,(#4403,#4404,#4405,#4406,#4407),
 .UNSPECIFIED.,.F.,.F.,(4,1,4),(0.,0.00295410670046562,0.00559145410706891),
 .UNSPECIFIED.);
#139=B_SPLINE_CURVE_WITH_KNOTS('',3,(#4410,#4411,#4412,#4413,#4414),
 .UNSPECIFIED.,.F.,.F.,(4,1,4),(0.,0.00295410670046562,0.00559145410706891),
 .UNSPECIFIED.);
#140=B_SPLINE_CURVE_WITH_KNOTS('',3,(#4426,#4427,#4428,#4429,#4430),
 .UNSPECIFIED.,.F.,.F.,(4,1,4),(0.,0.0086302497328135,0.0135942357378214),
 .UNSPECIFIED.);
#141=B_SPLINE_CURVE_WITH_KNOTS('',3,(#4433,#4434,#4435,#4436,#4437),
 .UNSPECIFIED.,.F.,.F.,(4,1,4),(0.,0.0086302497328135,0.0135942357378214),
 .UNSPECIFIED.);
#142=B_SPLINE_CURVE_WITH_KNOTS('',3,(#4467,#4468,#4469,#4470,#4471),
 .UNSPECIFIED.,.F.,.F.,(4,1,4),(0.,0.00617524498456887,0.0149710649315699),
 .UNSPECIFIED.);
#143=B_SPLINE_CURVE_WITH_KNOTS('',3,(#4474,#4475,#4476,#4477,#4478),
 .UNSPECIFIED.,.F.,.F.,(4,1,4),(0.,0.00617524498456887,0.0149710649315699),
 .UNSPECIFIED.);
#144=B_SPLINE_CURVE_WITH_KNOTS('',3,(#4490,#4491,#4492,#4493,#4494),
 .UNSPECIFIED.,.F.,.F.,(4,1,4),(0.,0.00426397115622068,0.00887836464955435),
 .UNSPECIFIED.);
#145=B_SPLINE_CURVE_WITH_KNOTS('',3,(#4497,#4498,#4499,#4500,#4501),
 .UNSPECIFIED.,.F.,.F.,(4,1,4),(0.,0.00426397115622068,0.00887836464955435),
 .UNSPECIFIED.);
#146=B_SPLINE_CURVE_WITH_KNOTS('',3,(#4513,#4514,#4515,#4516,#4517),
 .UNSPECIFIED.,.F.,.F.,(4,1,4),(0.,0.00392103979120768,0.00799073944904653),
 .UNSPECIFIED.);
#147=B_SPLINE_CURVE_WITH_KNOTS('',3,(#4520,#4521,#4522,#4523,#4524),
 .UNSPECIFIED.,.F.,.F.,(4,1,4),(0.,0.00392103979120768,0.00799073944904653),
 .UNSPECIFIED.);
#148=B_SPLINE_CURVE_WITH_KNOTS('',3,(#4536,#4537,#4538,#4539,#4540),
 .UNSPECIFIED.,.F.,.F.,(4,1,4),(0.,0.00452621530140639,0.0094029679188356),
 .UNSPECIFIED.);
#149=B_SPLINE_CURVE_WITH_KNOTS('',3,(#4543,#4544,#4545,#4546,#4547),
 .UNSPECIFIED.,.F.,.F.,(4,1,4),(0.,0.00452621530140639,0.0094029679188356),
 .UNSPECIFIED.);
#150=B_SPLINE_CURVE_WITH_KNOTS('',3,(#4559,#4560,#4561,#4562,#4563),
 .UNSPECIFIED.,.F.,.F.,(4,1,4),(0.,0.0088093289927888,0.0140278723014258),
 .UNSPECIFIED.);
#151=B_SPLINE_CURVE_WITH_KNOTS('',3,(#4566,#4567,#4568,#4569,#4570),
 .UNSPECIFIED.,.F.,.F.,(4,1,4),(0.,0.0088093289927888,0.0140278723014258),
 .UNSPECIFIED.);
#152=B_SPLINE_CURVE_WITH_KNOTS('',3,(#4600,#4601,#4602,#4603,#4604),
 .UNSPECIFIED.,.F.,.F.,(4,1,4),(0.,0.00619884037218907,0.0150757346654111),
 .UNSPECIFIED.);
#153=B_SPLINE_CURVE_WITH_KNOTS('',3,(#4607,#4608,#4609,#4610,#4611),
 .UNSPECIFIED.,.F.,.F.,(4,1,4),(0.,0.00619884037218907,0.0150757346654111),
 .UNSPECIFIED.);
#154=B_SPLINE_CURVE_WITH_KNOTS('',3,(#4623,#4624,#4625,#4626,#4627),
 .UNSPECIFIED.,.F.,.F.,(4,1,4),(0.,0.00621672728420881,0.0126588722638049),
 .UNSPECIFIED.);
#155=B_SPLINE_CURVE_WITH_KNOTS('',3,(#4630,#4631,#4632,#4633,#4634),
 .UNSPECIFIED.,.F.,.F.,(4,1,4),(0.,0.00621672728420881,0.0126588722638049),
 .UNSPECIFIED.);
#156=B_SPLINE_CURVE_WITH_KNOTS('',3,(#4646,#4647,#4648,#4649,#4650),
 .UNSPECIFIED.,.F.,.F.,(4,1,4),(0.,0.00735121086004836,0.0139001808863358),
 .UNSPECIFIED.);
#157=B_SPLINE_CURVE_WITH_KNOTS('',3,(#4653,#4654,#4655,#4656,#4657),
 .UNSPECIFIED.,.F.,.F.,(4,1,4),(0.,0.00735121086004836,0.0139001808863358),
 .UNSPECIFIED.);
#158=B_SPLINE_CURVE_WITH_KNOTS('',3,(#4669,#4670,#4671,#4672,#4673),
 .UNSPECIFIED.,.F.,.F.,(4,1,4),(0.,0.00605398417113339,0.0121341758634512),
 .UNSPECIFIED.);
#159=B_SPLINE_CURVE_WITH_KNOTS('',3,(#4676,#4677,#4678,#4679,#4680),
 .UNSPECIFIED.,.F.,.F.,(4,1,4),(0.,0.00605398417113339,0.0121341758634512),
 .UNSPECIFIED.);
#160=B_SPLINE_CURVE_WITH_KNOTS('',3,(#4692,#4693,#4694,#4695,#4696),
 .UNSPECIFIED.,.F.,.F.,(4,1,4),(0.,0.00703317884802525,0.0134181350795528),
 .UNSPECIFIED.);
#161=B_SPLINE_CURVE_WITH_KNOTS('',3,(#4699,#4700,#4701,#4702,#4703),
 .UNSPECIFIED.,.F.,.F.,(4,1,4),(0.,0.00703317884802525,0.0134181350795528),
 .UNSPECIFIED.);
#162=B_SPLINE_CURVE_WITH_KNOTS('',3,(#4715,#4716,#4717,#4718,#4719),
 .UNSPECIFIED.,.F.,.F.,(4,1,4),(0.,0.00583617916964417,0.0120779451360985),
 .UNSPECIFIED.);
#163=B_SPLINE_CURVE_WITH_KNOTS('',3,(#4722,#4723,#4724,#4725,#4726),
 .UNSPECIFIED.,.F.,.F.,(4,1,4),(0.,0.00583617916964417,0.0120779451360985),
 .UNSPECIFIED.);
#164=B_SPLINE_CURVE_WITH_KNOTS('',3,(#4738,#4739,#4740,#4741,#4742),
 .UNSPECIFIED.,.F.,.F.,(4,1,4),(0.,0.00648355184455667,0.0124110863276732),
 .UNSPECIFIED.);
#165=B_SPLINE_CURVE_WITH_KNOTS('',3,(#4745,#4746,#4747,#4748,#4749),
 .UNSPECIFIED.,.F.,.F.,(4,1,4),(0.,0.00648355184455667,0.0124110863276732),
 .UNSPECIFIED.);
#166=B_SPLINE_CURVE_WITH_KNOTS('',3,(#4761,#4762,#4763,#4764,#4765),
 .UNSPECIFIED.,.F.,.F.,(4,1,4),(0.,0.0134036083241575,0.0258308727118939),
 .UNSPECIFIED.);
#167=B_SPLINE_CURVE_WITH_KNOTS('',3,(#4768,#4769,#4770,#4771,#4772),
 .UNSPECIFIED.,.F.,.F.,(4,1,4),(0.,0.0134036083241575,0.0258308727118939),
 .UNSPECIFIED.);
#168=B_SPLINE_CURVE_WITH_KNOTS('',3,(#4815,#4816,#4817,#4818,#4819),
 .UNSPECIFIED.,.F.,.F.,(4,1,4),(0.,0.00604586409585436,0.0149342581204492),
 .UNSPECIFIED.);
#169=B_SPLINE_CURVE_WITH_KNOTS('',3,(#4822,#4823,#4824,#4825,#4826),
 .UNSPECIFIED.,.F.,.F.,(4,1,4),(0.,0.00604586409585436,0.0149342581204492),
 .UNSPECIFIED.);
#170=B_SPLINE_CURVE_WITH_KNOTS('',3,(#4838,#4839,#4840,#4841,#4842),
 .UNSPECIFIED.,.F.,.F.,(4,1,4),(0.,0.00418117077431193,0.00861041893669576),
 .UNSPECIFIED.);
#171=B_SPLINE_CURVE_WITH_KNOTS('',3,(#4845,#4846,#4847,#4848,#4849),
 .UNSPECIFIED.,.F.,.F.,(4,1,4),(0.,0.00418117077431193,0.00861041893669576),
 .UNSPECIFIED.);
#172=B_SPLINE_CURVE_WITH_KNOTS('',3,(#4861,#4862,#4863,#4864,#4865),
 .UNSPECIFIED.,.F.,.F.,(4,1,4),(0.,0.00421972411097655,0.00835829244727506),
 .UNSPECIFIED.);
#173=B_SPLINE_CURVE_WITH_KNOTS('',3,(#4868,#4869,#4870,#4871,#4872),
 .UNSPECIFIED.,.F.,.F.,(4,1,4),(0.,0.00421972411097655,0.00835829244727506),
 .UNSPECIFIED.);
#174=B_SPLINE_CURVE_WITH_KNOTS('',3,(#4884,#4885,#4886,#4887,#4888),
 .UNSPECIFIED.,.F.,.F.,(4,1,4),(0.,0.00274877060750284,0.00604286750982789),
 .UNSPECIFIED.);
#175=B_SPLINE_CURVE_WITH_KNOTS('',3,(#4891,#4892,#4893,#4894,#4895),
 .UNSPECIFIED.,.F.,.F.,(4,1,4),(0.,0.00274877060750284,0.00604286750982789),
 .UNSPECIFIED.);
#176=B_SPLINE_CURVE_WITH_KNOTS('',3,(#4907,#4908,#4909,#4910,#4911),
 .UNSPECIFIED.,.F.,.F.,(4,1,4),(0.,0.00295410670046562,0.00559145410706891),
 .UNSPECIFIED.);
#177=B_SPLINE_CURVE_WITH_KNOTS('',3,(#4914,#4915,#4916,#4917,#4918),
 .UNSPECIFIED.,.F.,.F.,(4,1,4),(0.,0.00295410670046562,0.00559145410706891),
 .UNSPECIFIED.);
#178=B_SPLINE_CURVE_WITH_KNOTS('',3,(#4930,#4931,#4932,#4933,#4934),
 .UNSPECIFIED.,.F.,.F.,(4,1,4),(0.,0.00863025148503675,0.0135942283509336),
 .UNSPECIFIED.);
#179=B_SPLINE_CURVE_WITH_KNOTS('',3,(#4937,#4938,#4939,#4940,#4941),
 .UNSPECIFIED.,.F.,.F.,(4,1,4),(0.,0.00863025148503675,0.0135942283509336),
 .UNSPECIFIED.);
#180=B_SPLINE_CURVE_WITH_KNOTS('',3,(#4971,#4972,#4973,#4974,#4975),
 .UNSPECIFIED.,.F.,.F.,(4,1,4),(0.,0.00617524498456887,0.0149710649315699),
 .UNSPECIFIED.);
#181=B_SPLINE_CURVE_WITH_KNOTS('',3,(#4978,#4979,#4980,#4981,#4982),
 .UNSPECIFIED.,.F.,.F.,(4,1,4),(0.,0.00617524498456887,0.0149710649315699),
 .UNSPECIFIED.);
#182=B_SPLINE_CURVE_WITH_KNOTS('',3,(#4994,#4995,#4996,#4997,#4998),
 .UNSPECIFIED.,.F.,.F.,(4,1,4),(0.,0.00426392883268954,0.00887832232602321),
 .UNSPECIFIED.);
#183=B_SPLINE_CURVE_WITH_KNOTS('',3,(#5001,#5002,#5003,#5004,#5005),
 .UNSPECIFIED.,.F.,.F.,(4,1,4),(0.,0.00426392883268954,0.00887832232602321),
 .UNSPECIFIED.);
#184=B_SPLINE_CURVE_WITH_KNOTS('',3,(#5017,#5018,#5019,#5020,#5021),
 .UNSPECIFIED.,.F.,.F.,(4,1,4),(0.,0.003921098672705,0.00799079833054385),
 .UNSPECIFIED.);
#185=B_SPLINE_CURVE_WITH_KNOTS('',3,(#5024,#5025,#5026,#5027,#5028),
 .UNSPECIFIED.,.F.,.F.,(4,1,4),(0.,0.003921098672705,0.00799079833054385),
 .UNSPECIFIED.);
#186=B_SPLINE_CURVE_WITH_KNOTS('',3,(#5040,#5041,#5042,#5043,#5044),
 .UNSPECIFIED.,.F.,.F.,(4,1,4),(0.,0.00452621530140639,0.0094029679188356),
 .UNSPECIFIED.);
#187=B_SPLINE_CURVE_WITH_KNOTS('',3,(#5047,#5048,#5049,#5050,#5051),
 .UNSPECIFIED.,.F.,.F.,(4,1,4),(0.,0.00452621530140639,0.0094029679188356),
 .UNSPECIFIED.);
#188=B_SPLINE_CURVE_WITH_KNOTS('',3,(#5063,#5064,#5065,#5066,#5067),
 .UNSPECIFIED.,.F.,.F.,(4,1,4),(0.,0.0088093289927888,0.0140278723014258),
 .UNSPECIFIED.);
#189=B_SPLINE_CURVE_WITH_KNOTS('',3,(#5070,#5071,#5072,#5073,#5074),
 .UNSPECIFIED.,.F.,.F.,(4,1,4),(0.,0.0088093289927888,0.0140278723014258),
 .UNSPECIFIED.);
#190=B_SPLINE_CURVE_WITH_KNOTS('',3,(#5104,#5105,#5106,#5107,#5108),
 .UNSPECIFIED.,.F.,.F.,(4,1,4),(0.,0.00619886867191693,0.015075762965139),
 .UNSPECIFIED.);
#191=B_SPLINE_CURVE_WITH_KNOTS('',3,(#5111,#5112,#5113,#5114,#5115),
 .UNSPECIFIED.,.F.,.F.,(4,1,4),(0.,0.00619886867191693,0.015075762965139),
 .UNSPECIFIED.);
#192=B_SPLINE_CURVE_WITH_KNOTS('',3,(#5127,#5128,#5129,#5130,#5131),
 .UNSPECIFIED.,.F.,.F.,(4,1,4),(0.,0.00621668138847428,0.0126587949113024),
 .UNSPECIFIED.);
#193=B_SPLINE_CURVE_WITH_KNOTS('',3,(#5134,#5135,#5136,#5137,#5138),
 .UNSPECIFIED.,.F.,.F.,(4,1,4),(0.,0.00621668138847428,0.0126587949113024),
 .UNSPECIFIED.);
#194=B_SPLINE_CURVE_WITH_KNOTS('',3,(#5150,#5151,#5152,#5153,#5154),
 .UNSPECIFIED.,.F.,.F.,(4,1,4),(0.,0.00735121086004836,0.0139002363071152),
 .UNSPECIFIED.);
#195=B_SPLINE_CURVE_WITH_KNOTS('',3,(#5157,#5158,#5159,#5160,#5161),
 .UNSPECIFIED.,.F.,.F.,(4,1,4),(0.,0.00735121086004836,0.0139002363071152),
 .UNSPECIFIED.);
#196=B_SPLINE_CURVE_WITH_KNOTS('',3,(#5173,#5174,#5175,#5176,#5177),
 .UNSPECIFIED.,.F.,.F.,(4,1,4),(0.,0.00605398417113339,0.0121341758634512),
 .UNSPECIFIED.);
#197=B_SPLINE_CURVE_WITH_KNOTS('',3,(#5180,#5181,#5182,#5183,#5184),
 .UNSPECIFIED.,.F.,.F.,(4,1,4),(0.,0.00605398417113339,0.0121341758634512),
 .UNSPECIFIED.);
#198=B_SPLINE_CURVE_WITH_KNOTS('',3,(#5196,#5197,#5198,#5199,#5200),
 .UNSPECIFIED.,.F.,.F.,(4,1,4),(0.,0.00703317884802525,0.0134181350795528),
 .UNSPECIFIED.);
#199=B_SPLINE_CURVE_WITH_KNOTS('',3,(#5203,#5204,#5205,#5206,#5207),
 .UNSPECIFIED.,.F.,.F.,(4,1,4),(0.,0.00703317884802525,0.0134181350795528),
 .UNSPECIFIED.);
#200=B_SPLINE_CURVE_WITH_KNOTS('',3,(#5219,#5220,#5221,#5222,#5223),
 .UNSPECIFIED.,.F.,.F.,(4,1,4),(0.,0.00583617916964417,0.0120779097620629),
 .UNSPECIFIED.);
#201=B_SPLINE_CURVE_WITH_KNOTS('',3,(#5226,#5227,#5228,#5229,#5230),
 .UNSPECIFIED.,.F.,.F.,(4,1,4),(0.,0.00583617916964417,0.0120779097620629),
 .UNSPECIFIED.);
#202=B_SPLINE_CURVE_WITH_KNOTS('',3,(#5242,#5243,#5244,#5245,#5246),
 .UNSPECIFIED.,.F.,.F.,(4,1,4),(0.,0.00648349259880009,0.0124110827005557),
 .UNSPECIFIED.);
#203=B_SPLINE_CURVE_WITH_KNOTS('',3,(#5249,#5250,#5251,#5252,#5253),
 .UNSPECIFIED.,.F.,.F.,(4,1,4),(0.,0.00648349259880009,0.0124110827005557),
 .UNSPECIFIED.);
#204=B_SPLINE_CURVE_WITH_KNOTS('',3,(#5265,#5266,#5267,#5268,#5269),
 .UNSPECIFIED.,.F.,.F.,(4,1,4),(0.,0.013403562516085,0.0258308849101443),
 .UNSPECIFIED.);
#205=B_SPLINE_CURVE_WITH_KNOTS('',3,(#5272,#5273,#5274,#5275,#5276),
 .UNSPECIFIED.,.F.,.F.,(4,1,4),(0.,0.013403562516085,0.0258308849101443),
 .UNSPECIFIED.);
#206=B_SPLINE_CURVE_WITH_KNOTS('',3,(#5305,#5306,#5307,#5308,#5309),
 .UNSPECIFIED.,.F.,.F.,(4,1,4),(0.,0.0126017618645761,0.0239674074367585),
 .UNSPECIFIED.);
#207=B_SPLINE_CURVE_WITH_KNOTS('',3,(#5313,#5314,#5315,#5316,#5317),
 .UNSPECIFIED.,.F.,.F.,(4,1,4),(0.,0.0126017618645761,0.0239674074367585),
 .UNSPECIFIED.);
#208=B_SPLINE_CURVE_WITH_KNOTS('',3,(#5330,#5331,#5332,#5333,#5334),
 .UNSPECIFIED.,.F.,.F.,(4,1,4),(0.,0.0151782154229408,0.0308338262588784),
 .UNSPECIFIED.);
#209=B_SPLINE_CURVE_WITH_KNOTS('',3,(#5337,#5338,#5339,#5340,#5341),
 .UNSPECIFIED.,.F.,.F.,(4,1,4),(0.,0.0151782154229408,0.0308338262588784),
 .UNSPECIFIED.);
#210=B_SPLINE_CURVE_WITH_KNOTS('',3,(#5353,#5354,#5355,#5356,#5357),
 .UNSPECIFIED.,.F.,.F.,(4,1,4),(0.,0.0117219250748402,0.0232893547997403),
 .UNSPECIFIED.);
#211=B_SPLINE_CURVE_WITH_KNOTS('',3,(#5360,#5361,#5362,#5363,#5364),
 .UNSPECIFIED.,.F.,.F.,(4,1,4),(0.,0.0117219250748402,0.0232893547997403),
 .UNSPECIFIED.);
#212=B_SPLINE_CURVE_WITH_KNOTS('',3,(#5376,#5377,#5378,#5379,#5380),
 .UNSPECIFIED.,.F.,.F.,(4,1,4),(0.,0.0124610570649409,0.0259533732174764),
 .UNSPECIFIED.);
#213=B_SPLINE_CURVE_WITH_KNOTS('',3,(#5383,#5384,#5385,#5386,#5387),
 .UNSPECIFIED.,.F.,.F.,(4,1,4),(0.,0.0124610570649409,0.0259533732174764),
 .UNSPECIFIED.);
#214=B_SPLINE_CURVE_WITH_KNOTS('',3,(#5399,#5400,#5401,#5402,#5403),
 .UNSPECIFIED.,.F.,.F.,(4,1,4),(0.,0.0119123416408497,0.0238655840245599),
 .UNSPECIFIED.);
#215=B_SPLINE_CURVE_WITH_KNOTS('',3,(#5406,#5407,#5408,#5409,#5410),
 .UNSPECIFIED.,.F.,.F.,(4,1,4),(0.,0.0119123416408497,0.0238655840245599),
 .UNSPECIFIED.);
#216=B_SPLINE_CURVE_WITH_KNOTS('',3,(#5422,#5423,#5424,#5425,#5426),
 .UNSPECIFIED.,.F.,.F.,(4,1,4),(0.,0.00685579836231195,0.0134666916673774),
 .UNSPECIFIED.);
#217=B_SPLINE_CURVE_WITH_KNOTS('',3,(#5429,#5430,#5431,#5432,#5433),
 .UNSPECIFIED.,.F.,.F.,(4,1,4),(0.,0.00685579836231195,0.0134666916673774),
 .UNSPECIFIED.);
#218=B_SPLINE_CURVE_WITH_KNOTS('',3,(#5481,#5482,#5483,#5484,#5485),
 .UNSPECIFIED.,.F.,.F.,(4,1,4),(0.,0.00797205691775384,0.0167664521660376),
 .UNSPECIFIED.);
#219=B_SPLINE_CURVE_WITH_KNOTS('',3,(#5488,#5489,#5490,#5491,#5492),
 .UNSPECIFIED.,.F.,.F.,(4,1,4),(0.,0.00797205691775384,0.0167664521660376),
 .UNSPECIFIED.);
#220=B_SPLINE_CURVE_WITH_KNOTS('',3,(#5504,#5505,#5506,#5507,#5508),
 .UNSPECIFIED.,.F.,.F.,(4,1,4),(0.,0.00582438538276922,0.0118785528125871),
 .UNSPECIFIED.);
#221=B_SPLINE_CURVE_WITH_KNOTS('',3,(#5511,#5512,#5513,#5514,#5515),
 .UNSPECIFIED.,.F.,.F.,(4,1,4),(0.,0.00582438538276922,0.0118785528125871),
 .UNSPECIFIED.);
#222=B_SPLINE_CURVE_WITH_KNOTS('',3,(#5527,#5528,#5529,#5530,#5531),
 .UNSPECIFIED.,.F.,.F.,(4,1,4),(0.,0.00805746955223054,0.0145393493999641),
 .UNSPECIFIED.);
#223=B_SPLINE_CURVE_WITH_KNOTS('',3,(#5534,#5535,#5536,#5537,#5538),
 .UNSPECIFIED.,.F.,.F.,(4,1,4),(0.,0.00805746955223054,0.0145393493999641),
 .UNSPECIFIED.);
#224=B_SPLINE_CURVE_WITH_KNOTS('',3,(#5550,#5551,#5552,#5553,#5554),
 .UNSPECIFIED.,.F.,.F.,(4,1,4),(0.,0.00680830023878971,0.0153871270387509),
 .UNSPECIFIED.);
#225=B_SPLINE_CURVE_WITH_KNOTS('',3,(#5557,#5558,#5559,#5560,#5561),
 .UNSPECIFIED.,.F.,.F.,(4,1,4),(0.,0.00680830023878971,0.0153871270387509),
 .UNSPECIFIED.);
#226=B_SPLINE_CURVE_WITH_KNOTS('',3,(#5573,#5574,#5575,#5576,#5577),
 .UNSPECIFIED.,.F.,.F.,(4,1,4),(0.,0.00562876962681694,0.0114747844553455),
 .UNSPECIFIED.);
#227=B_SPLINE_CURVE_WITH_KNOTS('',3,(#5580,#5581,#5582,#5583,#5584),
 .UNSPECIFIED.,.F.,.F.,(4,1,4),(0.,0.00562876962681694,0.0114747844553455),
 .UNSPECIFIED.);
#228=B_SPLINE_CURVE_WITH_KNOTS('',3,(#5596,#5597,#5598,#5599,#5600),
 .UNSPECIFIED.,.F.,.F.,(4,1,4),(0.,0.00513711604482838,0.0101314228808558),
 .UNSPECIFIED.);
#229=B_SPLINE_CURVE_WITH_KNOTS('',3,(#5603,#5604,#5605,#5606,#5607),
 .UNSPECIFIED.,.F.,.F.,(4,1,4),(0.,0.00513711604482838,0.0101314228808558),
 .UNSPECIFIED.);
#230=B_SPLINE_CURVE_WITH_KNOTS('',3,(#5619,#5620,#5621,#5622,#5623),
 .UNSPECIFIED.,.F.,.F.,(4,1,4),(0.,0.0059794436794873,0.0114369931529373),
 .UNSPECIFIED.);
#231=B_SPLINE_CURVE_WITH_KNOTS('',3,(#5626,#5627,#5628,#5629,#5630),
 .UNSPECIFIED.,.F.,.F.,(4,1,4),(0.,0.0059794436794873,0.0114369931529373),
 .UNSPECIFIED.);
#232=B_SPLINE_CURVE_WITH_KNOTS('',3,(#5647,#5648,#5649,#5650,#5651),
 .UNSPECIFIED.,.F.,.F.,(4,1,4),(0.,0.0110711039046394,0.0227671297323015),
 .UNSPECIFIED.);
#233=B_SPLINE_CURVE_WITH_KNOTS('',3,(#5652,#5653,#5654,#5655,#5656),
 .UNSPECIFIED.,.F.,.F.,(4,1,4),(0.,0.0110711039046394,0.0227671297323015),
 .UNSPECIFIED.);
#234=B_SPLINE_CURVE_WITH_KNOTS('',3,(#5662,#5663,#5664,#5665,#5666,#5667,
#5668,#5669,#5670,#5671,#5672,#5673),.UNSPECIFIED.,.F.,.F.,(4,2,2,2,2,4),
(0.773940615331008,0.80536122894004,0.836781842549072,0.899623069767136,
0.976386903015792,1.05315073626445),.UNSPECIFIED.);
#235=B_SPLINE_CURVE_WITH_KNOTS('',3,(#5677,#5678,#5679,#5680,#5681,#5682,
#5683,#5684,#5685,#5686),.UNSPECIFIED.,.F.,.F.,(4,2,2,2,4),(0.,0.0829719190074412,
0.165943838014882,0.222468196350814,0.278992554686746),.UNSPECIFIED.);
#236=B_SPLINE_CURVE_WITH_KNOTS('',3,(#5709,#5710,#5711,#5712,#5713,#5714,
#5715,#5716,#5717,#5718,#5719,#5720,#5721,#5722,#5723,#5724,#5725,#5726,
#5727,#5728),.UNSPECIFIED.,.F.,.F.,(4,2,2,2,2,2,2,2,2,4),(0.247755690444658,
0.279587817435505,0.311419944426353,0.375084198408048,0.460320094229967,
0.502938042140927,0.524247016096407,0.534901503074147,0.540228746563017,
0.545555990051887),.UNSPECIFIED.);
#237=B_SPLINE_CURVE_WITH_KNOTS('',3,(#5731,#5732,#5733,#5734,#5735,#5736,
#5737,#5738,#5739,#5740,#5741,#5742,#5743,#5744,#5745,#5746,#5747,#5748,
#5749,#5750),.UNSPECIFIED.,.F.,.F.,(4,2,2,2,2,2,2,2,2,4),(0.,0.00532724348886999,
0.01065448697774,0.02130897395548,0.0426179479109599,0.0852358958219198,
0.17047179164384,0.234136045625535,0.265968172616382,0.29780029960723),
 .UNSPECIFIED.);
#238=B_SPLINE_CURVE_WITH_KNOTS('',3,(#5791,#5792,#5793,#5794,#5795,#5796,
#5797,#5798,#5799,#5800),.UNSPECIFIED.,.F.,.F.,(4,2,2,2,4),(0.773990983748142,
0.830515342084074,0.887039700420005,0.970011619427447,1.05298353843489),
 .UNSPECIFIED.);
#239=B_SPLINE_CURVE_WITH_KNOTS('',3,(#5802,#5803,#5804,#5805,#5806,#5807,
#5808,#5809,#5810,#5811,#5812,#5813),.UNSPECIFIED.,.F.,.F.,(4,2,2,2,2,4),
(0.,0.0767638332486564,0.153527666497313,0.216368893715377,0.247789507324409,
0.279210120933441),.UNSPECIFIED.);
#240=B_SPLINE_CURVE_WITH_KNOTS('',3,(#5839,#5840,#5841,#5842,#5843,#5844,
#5845,#5846,#5847,#5848),.UNSPECIFIED.,.F.,.F.,(4,2,2,2,4),(0.773990983748142,
0.830515342084074,0.887039700420006,0.970011619427447,1.05298353843489),
 .UNSPECIFIED.);
#241=B_SPLINE_CURVE_WITH_KNOTS('',3,(#5850,#5851,#5852,#5853,#5854,#5855,
#5856,#5857,#5858,#5859,#5860,#5861),.UNSPECIFIED.,.F.,.F.,(4,2,2,2,2,4),
(0.,0.0767638332486565,0.153527666497313,0.216368893715377,0.247789507324409,
0.279210120933441),.UNSPECIFIED.);
#242=B_SPLINE_SURFACE_WITH_KNOTS('',3,1,((#3749,#3750),(#3751,#3752),(#3753,
#3754),(#3755,#3756),(#3757,#3758)),.UNSPECIFIED.,.F.,.F.,.F.,(4,1,4),(2,
2),(0.,0.00517030787985702,0.0104733405064461),(0.,0.01),.UNSPECIFIED.);
#243=B_SPLINE_SURFACE_WITH_KNOTS('',3,1,((#3775,#3776),(#3777,#3778),(#3779,
#3780),(#3781,#3782),(#3783,#3784)),.UNSPECIFIED.,.F.,.F.,.F.,(4,1,4),(2,
2),(0.,0.00543655490210795,0.0107663459582467),(0.,0.01),.UNSPECIFIED.);
#244=B_SPLINE_SURFACE_WITH_KNOTS('',3,1,((#3798,#3799),(#3800,#3801),(#3802,
#3803),(#3804,#3805),(#3806,#3807)),.UNSPECIFIED.,.F.,.F.,.F.,(4,1,4),(2,
2),(0.,0.00843462018955266,0.0148873470720804),(0.,0.01),.UNSPECIFIED.);
#245=B_SPLINE_SURFACE_WITH_KNOTS('',3,1,((#3821,#3822),(#3823,#3824),(#3825,
#3826),(#3827,#3828),(#3829,#3830)),.UNSPECIFIED.,.F.,.F.,.F.,(4,1,4),(2,
2),(0.,0.00605210556774666,0.0141850454728632),(0.,0.01),.UNSPECIFIED.);
#246=B_SPLINE_SURFACE_WITH_KNOTS('',3,1,((#3844,#3845),(#3846,#3847),(#3848,
#3849),(#3850,#3851),(#3852,#3853)),.UNSPECIFIED.,.F.,.F.,.F.,(4,1,4),(2,
2),(0.,0.00494644613550446,0.00997109430067205),(0.,0.01),.UNSPECIFIED.);
#247=B_SPLINE_SURFACE_WITH_KNOTS('',3,1,((#3867,#3868),(#3869,#3870),(#3871,
#3872),(#3873,#3874),(#3875,#3876)),.UNSPECIFIED.,.F.,.F.,.F.,(4,1,4),(2,
2),(0.,0.00592864252151739,0.0112557849011362),(0.,0.01),.UNSPECIFIED.);
#248=B_SPLINE_SURFACE_WITH_KNOTS('',3,1,((#3890,#3891),(#3892,#3893),(#3894,
#3895),(#3896,#3897),(#3898,#3899)),.UNSPECIFIED.,.F.,.F.,.F.,(4,1,4),(2,
2),(0.,0.00828093854473058,0.0151659385416642),(0.,0.01),.UNSPECIFIED.);
#249=B_SPLINE_SURFACE_WITH_KNOTS('',3,1,((#3913,#3914),(#3915,#3916),(#3917,
#3918),(#3919,#3920),(#3921,#3922)),.UNSPECIFIED.,.F.,.F.,.F.,(4,1,4),(2,
2),(0.,0.00603108851525517,0.0134581152325361),(0.,0.01),.UNSPECIFIED.);
#250=B_SPLINE_SURFACE_WITH_KNOTS('',3,1,((#3933,#3934),(#3935,#3936),(#3937,
#3938),(#3939,#3940),(#3941,#3942)),.UNSPECIFIED.,.F.,.F.,.F.,(4,1,4),(2,
2),(0.,0.0104468521863381,0.0200778665616589),(0.,0.01),.UNSPECIFIED.);
#251=B_SPLINE_SURFACE_WITH_KNOTS('',3,1,((#3959,#3960),(#3961,#3962),(#3963,
#3964),(#3965,#3966),(#3967,#3968)),.UNSPECIFIED.,.F.,.F.,.F.,(4,1,4),(2,
2),(0.,0.0146913572541603,0.0295960415769672),(0.,0.01),.UNSPECIFIED.);
#252=B_SPLINE_SURFACE_WITH_KNOTS('',3,1,((#3982,#3983),(#3984,#3985),(#3986,
#3987),(#3988,#3989),(#3990,#3991)),.UNSPECIFIED.,.F.,.F.,.F.,(4,1,4),(2,
2),(0.,0.0235957447436508,0.0411559765018964),(0.,0.01),.UNSPECIFIED.);
#253=B_SPLINE_SURFACE_WITH_KNOTS('',3,1,((#4005,#4006),(#4007,#4008),(#4009,
#4010),(#4011,#4012),(#4013,#4014)),.UNSPECIFIED.,.F.,.F.,.F.,(4,1,4),(2,
2),(0.,0.017024786270696,0.0400126845448952),(0.,0.01),.UNSPECIFIED.);
#254=B_SPLINE_SURFACE_WITH_KNOTS('',3,1,((#4028,#4029),(#4030,#4031),(#4032,
#4033),(#4034,#4035),(#4036,#4037)),.UNSPECIFIED.,.F.,.F.,.F.,(4,1,4),(2,
2),(0.,0.0139916522148362,0.0280584222576769),(0.,0.01),.UNSPECIFIED.);
#255=B_SPLINE_SURFACE_WITH_KNOTS('',3,1,((#4051,#4052),(#4053,#4054),(#4055,
#4056),(#4057,#4058),(#4059,#4060)),.UNSPECIFIED.,.F.,.F.,.F.,(4,1,4),(2,
2),(0.,0.012314991156209,0.0252578564525676),(0.,0.01),.UNSPECIFIED.);
#256=B_SPLINE_SURFACE_WITH_KNOTS('',3,1,((#4074,#4075),(#4076,#4077),(#4078,
#4079),(#4080,#4081),(#4082,#4083)),.UNSPECIFIED.,.F.,.F.,.F.,(4,1,4),(2,
2),(0.,0.0138983875445337,0.0265279899504512),(0.,0.01),.UNSPECIFIED.);
#257=B_SPLINE_SURFACE_WITH_KNOTS('',3,1,((#4097,#4098),(#4099,#4100),(#4101,
#4102),(#4103,#4104),(#4105,#4106)),.UNSPECIFIED.,.F.,.F.,.F.,(4,1,4),(2,
2),(0.,0.0121827436367304,0.0253789428235657),(0.,0.01),.UNSPECIFIED.);
#258=B_SPLINE_SURFACE_WITH_KNOTS('',3,1,((#4120,#4121),(#4122,#4123),(#4124,
#4125),(#4126,#4127),(#4128,#4129)),.UNSPECIFIED.,.F.,.F.,.F.,(4,1,4),(2,
2),(0.,0.0112837287000056,0.0228411172177621),(0.,0.01),.UNSPECIFIED.);
#259=B_SPLINE_SURFACE_WITH_KNOTS('',3,1,((#4143,#4144),(#4145,#4146),(#4147,
#4148),(#4149,#4150),(#4151,#4152)),.UNSPECIFIED.,.F.,.F.,.F.,(4,1,4),(2,
2),(0.,0.0101520039186639,0.0200685451924544),(0.,0.01),.UNSPECIFIED.);
#260=B_SPLINE_SURFACE_WITH_KNOTS('',3,1,((#4166,#4167),(#4168,#4169),(#4170,
#4171),(#4172,#4173),(#4174,#4175)),.UNSPECIFIED.,.F.,.F.,.F.,(4,1,4),(2,
2),(0.,0.00900225610734509,0.0233140734610995),(0.,0.01),.UNSPECIFIED.);
#261=B_SPLINE_SURFACE_WITH_KNOTS('',3,1,((#4189,#4190),(#4191,#4192),(#4193,
#4194),(#4195,#4196),(#4197,#4198)),.UNSPECIFIED.,.F.,.F.,.F.,(4,1,4),(2,
2),(0.,0.00571886137617163,0.0118736384560671),(0.,0.01),.UNSPECIFIED.);
#262=B_SPLINE_SURFACE_WITH_KNOTS('',3,1,((#4212,#4213),(#4214,#4215),(#4216,
#4217),(#4218,#4219),(#4220,#4221)),.UNSPECIFIED.,.F.,.F.,.F.,(4,1,4),(2,
2),(0.,0.0038441275460323,0.00800977693133745),(0.,0.01),.UNSPECIFIED.);
#263=B_SPLINE_SURFACE_WITH_KNOTS('',3,1,((#4235,#4236),(#4237,#4238),(#4239,
#4240),(#4241,#4242),(#4243,#4244)),.UNSPECIFIED.,.F.,.F.,.F.,(4,1,4),(2,
2),(0.,0.00508703626473393,0.00923413307676333),(0.,0.01),.UNSPECIFIED.);
#264=B_SPLINE_SURFACE_WITH_KNOTS('',3,1,((#4264,#4265),(#4266,#4267),(#4268,
#4269),(#4270,#4271),(#4272,#4273)),.UNSPECIFIED.,.F.,.F.,.F.,(4,1,4),(2,
2),(0.,0.00984471988240137,0.0209822295756726),(0.,0.01),.UNSPECIFIED.);
#265=B_SPLINE_SURFACE_WITH_KNOTS('',3,1,((#4300,#4301),(#4302,#4303),(#4304,
#4305),(#4306,#4307),(#4308,#4309)),.UNSPECIFIED.,.F.,.F.,.F.,(4,1,4),(2,
2),(0.,0.00604586409585436,0.0149342581204492),(0.,0.01),.UNSPECIFIED.);
#266=B_SPLINE_SURFACE_WITH_KNOTS('',3,1,((#4323,#4324),(#4325,#4326),(#4327,
#4328),(#4329,#4330),(#4331,#4332)),.UNSPECIFIED.,.F.,.F.,.F.,(4,1,4),(2,
2),(0.,0.00418112773329041,0.00861037589567424),(0.,0.01),.UNSPECIFIED.);
#267=B_SPLINE_SURFACE_WITH_KNOTS('',3,1,((#4346,#4347),(#4348,#4349),(#4350,
#4351),(#4352,#4353),(#4354,#4355)),.UNSPECIFIED.,.F.,.F.,.F.,(4,1,4),(2,
2),(0.,0.00421966509587893,0.0083582872693374),(0.,0.01),.UNSPECIFIED.);
#268=B_SPLINE_SURFACE_WITH_KNOTS('',3,1,((#4369,#4370),(#4371,#4372),(#4373,
#4374),(#4375,#4376),(#4377,#4378)),.UNSPECIFIED.,.F.,.F.,.F.,(4,1,4),(2,
2),(0.,0.00274877060750284,0.00604286750982789),(0.,0.01),.UNSPECIFIED.);
#269=B_SPLINE_SURFACE_WITH_KNOTS('',3,1,((#4392,#4393),(#4394,#4395),(#4396,
#4397),(#4398,#4399),(#4400,#4401)),.UNSPECIFIED.,.F.,.F.,.F.,(4,1,4),(2,
2),(0.,0.00295410670046562,0.00559145410706891),(0.,0.01),.UNSPECIFIED.);
#270=B_SPLINE_SURFACE_WITH_KNOTS('',3,1,((#4415,#4416),(#4417,#4418),(#4419,
#4420),(#4421,#4422),(#4423,#4424)),.UNSPECIFIED.,.F.,.F.,.F.,(4,1,4),(2,
2),(0.,0.0086302497328135,0.0135942357378214),(0.,0.01),.UNSPECIFIED.);
#271=B_SPLINE_SURFACE_WITH_KNOTS('',3,1,((#4456,#4457),(#4458,#4459),(#4460,
#4461),(#4462,#4463),(#4464,#4465)),.UNSPECIFIED.,.F.,.F.,.F.,(4,1,4),(2,
2),(0.,0.00617524498456887,0.0149710649315699),(0.,0.01),.UNSPECIFIED.);
#272=B_SPLINE_SURFACE_WITH_KNOTS('',3,1,((#4479,#4480),(#4481,#4482),(#4483,
#4484),(#4485,#4486),(#4487,#4488)),.UNSPECIFIED.,.F.,.F.,.F.,(4,1,4),(2,
2),(0.,0.00426397115622068,0.00887836464955435),(0.,0.01),.UNSPECIFIED.);
#273=B_SPLINE_SURFACE_WITH_KNOTS('',3,1,((#4502,#4503),(#4504,#4505),(#4506,
#4507),(#4508,#4509),(#4510,#4511)),.UNSPECIFIED.,.F.,.F.,.F.,(4,1,4),(2,
2),(0.,0.00392103979120768,0.00799073944904653),(0.,0.01),.UNSPECIFIED.);
#274=B_SPLINE_SURFACE_WITH_KNOTS('',3,1,((#4525,#4526),(#4527,#4528),(#4529,
#4530),(#4531,#4532),(#4533,#4534)),.UNSPECIFIED.,.F.,.F.,.F.,(4,1,4),(2,
2),(0.,0.00452621530140639,0.0094029679188356),(0.,0.01),.UNSPECIFIED.);
#275=B_SPLINE_SURFACE_WITH_KNOTS('',3,1,((#4548,#4549),(#4550,#4551),(#4552,
#4553),(#4554,#4555),(#4556,#4557)),.UNSPECIFIED.,.F.,.F.,.F.,(4,1,4),(2,
2),(0.,0.0088093289927888,0.0140278723014258),(0.,0.01),.UNSPECIFIED.);
#276=B_SPLINE_SURFACE_WITH_KNOTS('',3,1,((#4589,#4590),(#4591,#4592),(#4593,
#4594),(#4595,#4596),(#4597,#4598)),.UNSPECIFIED.,.F.,.F.,.F.,(4,1,4),(2,
2),(0.,0.00619884037218907,0.0150757346654111),(0.,0.01),.UNSPECIFIED.);
#277=B_SPLINE_SURFACE_WITH_KNOTS('',3,1,((#4612,#4613),(#4614,#4615),(#4616,
#4617),(#4618,#4619),(#4620,#4621)),.UNSPECIFIED.,.F.,.F.,.F.,(4,1,4),(2,
2),(0.,0.00621672728420881,0.0126588722638049),(0.,0.01),.UNSPECIFIED.);
#278=B_SPLINE_SURFACE_WITH_KNOTS('',3,1,((#4635,#4636),(#4637,#4638),(#4639,
#4640),(#4641,#4642),(#4643,#4644)),.UNSPECIFIED.,.F.,.F.,.F.,(4,1,4),(2,
2),(0.,0.00735121086004836,0.0139001808863358),(0.,0.01),.UNSPECIFIED.);
#279=B_SPLINE_SURFACE_WITH_KNOTS('',3,1,((#4658,#4659),(#4660,#4661),(#4662,
#4663),(#4664,#4665),(#4666,#4667)),.UNSPECIFIED.,.F.,.F.,.F.,(4,1,4),(2,
2),(0.,0.00605398417113339,0.0121341758634512),(0.,0.01),.UNSPECIFIED.);
#280=B_SPLINE_SURFACE_WITH_KNOTS('',3,1,((#4681,#4682),(#4683,#4684),(#4685,
#4686),(#4687,#4688),(#4689,#4690)),.UNSPECIFIED.,.F.,.F.,.F.,(4,1,4),(2,
2),(0.,0.00703317884802525,0.0134181350795528),(0.,0.01),.UNSPECIFIED.);
#281=B_SPLINE_SURFACE_WITH_KNOTS('',3,1,((#4704,#4705),(#4706,#4707),(#4708,
#4709),(#4710,#4711),(#4712,#4713)),.UNSPECIFIED.,.F.,.F.,.F.,(4,1,4),(2,
2),(0.,0.00583617916964417,0.0120779451360985),(0.,0.01),.UNSPECIFIED.);
#282=B_SPLINE_SURFACE_WITH_KNOTS('',3,1,((#4727,#4728),(#4729,#4730),(#4731,
#4732),(#4733,#4734),(#4735,#4736)),.UNSPECIFIED.,.F.,.F.,.F.,(4,1,4),(2,
2),(0.,0.00648355184455667,0.0124110863276732),(0.,0.01),.UNSPECIFIED.);
#283=B_SPLINE_SURFACE_WITH_KNOTS('',3,1,((#4750,#4751),(#4752,#4753),(#4754,
#4755),(#4756,#4757),(#4758,#4759)),.UNSPECIFIED.,.F.,.F.,.F.,(4,1,4),(2,
2),(0.,0.0134036083241575,0.0258308727118939),(0.,0.01),.UNSPECIFIED.);
#284=B_SPLINE_SURFACE_WITH_KNOTS('',3,1,((#4804,#4805),(#4806,#4807),(#4808,
#4809),(#4810,#4811),(#4812,#4813)),.UNSPECIFIED.,.F.,.F.,.F.,(4,1,4),(2,
2),(0.,0.00604586409585436,0.0149342581204492),(0.,0.01),.UNSPECIFIED.);
#285=B_SPLINE_SURFACE_WITH_KNOTS('',3,1,((#4827,#4828),(#4829,#4830),(#4831,
#4832),(#4833,#4834),(#4835,#4836)),.UNSPECIFIED.,.F.,.F.,.F.,(4,1,4),(2,
2),(0.,0.00418117077431193,0.00861041893669576),(0.,0.01),.UNSPECIFIED.);
#286=B_SPLINE_SURFACE_WITH_KNOTS('',3,1,((#4850,#4851),(#4852,#4853),(#4854,
#4855),(#4856,#4857),(#4858,#4859)),.UNSPECIFIED.,.F.,.F.,.F.,(4,1,4),(2,
2),(0.,0.00421972411097655,0.00835829244727506),(0.,0.01),.UNSPECIFIED.);
#287=B_SPLINE_SURFACE_WITH_KNOTS('',3,1,((#4873,#4874),(#4875,#4876),(#4877,
#4878),(#4879,#4880),(#4881,#4882)),.UNSPECIFIED.,.F.,.F.,.F.,(4,1,4),(2,
2),(0.,0.00274877060750284,0.00604286750982789),(0.,0.01),.UNSPECIFIED.);
#288=B_SPLINE_SURFACE_WITH_KNOTS('',3,1,((#4896,#4897),(#4898,#4899),(#4900,
#4901),(#4902,#4903),(#4904,#4905)),.UNSPECIFIED.,.F.,.F.,.F.,(4,1,4),(2,
2),(0.,0.00295410670046562,0.00559145410706891),(0.,0.01),.UNSPECIFIED.);
#289=B_SPLINE_SURFACE_WITH_KNOTS('',3,1,((#4919,#4920),(#4921,#4922),(#4923,
#4924),(#4925,#4926),(#4927,#4928)),.UNSPECIFIED.,.F.,.F.,.F.,(4,1,4),(2,
2),(0.,0.00863025148503675,0.0135942283509336),(0.,0.01),.UNSPECIFIED.);
#290=B_SPLINE_SURFACE_WITH_KNOTS('',3,1,((#4960,#4961),(#4962,#4963),(#4964,
#4965),(#4966,#4967),(#4968,#4969)),.UNSPECIFIED.,.F.,.F.,.F.,(4,1,4),(2,
2),(0.,0.00617524498456887,0.0149710649315699),(0.,0.01),.UNSPECIFIED.);
#291=B_SPLINE_SURFACE_WITH_KNOTS('',3,1,((#4983,#4984),(#4985,#4986),(#4987,
#4988),(#4989,#4990),(#4991,#4992)),.UNSPECIFIED.,.F.,.F.,.F.,(4,1,4),(2,
2),(0.,0.00426392883268954,0.00887832232602321),(0.,0.01),.UNSPECIFIED.);
#292=B_SPLINE_SURFACE_WITH_KNOTS('',3,1,((#5006,#5007),(#5008,#5009),(#5010,
#5011),(#5012,#5013),(#5014,#5015)),.UNSPECIFIED.,.F.,.F.,.F.,(4,1,4),(2,
2),(0.,0.003921098672705,0.00799079833054385),(0.,0.01),.UNSPECIFIED.);
#293=B_SPLINE_SURFACE_WITH_KNOTS('',3,1,((#5029,#5030),(#5031,#5032),(#5033,
#5034),(#5035,#5036),(#5037,#5038)),.UNSPECIFIED.,.F.,.F.,.F.,(4,1,4),(2,
2),(0.,0.00452621530140639,0.0094029679188356),(0.,0.01),.UNSPECIFIED.);
#294=B_SPLINE_SURFACE_WITH_KNOTS('',3,1,((#5052,#5053),(#5054,#5055),(#5056,
#5057),(#5058,#5059),(#5060,#5061)),.UNSPECIFIED.,.F.,.F.,.F.,(4,1,4),(2,
2),(0.,0.0088093289927888,0.0140278723014258),(0.,0.01),.UNSPECIFIED.);
#295=B_SPLINE_SURFACE_WITH_KNOTS('',3,1,((#5093,#5094),(#5095,#5096),(#5097,
#5098),(#5099,#5100),(#5101,#5102)),.UNSPECIFIED.,.F.,.F.,.F.,(4,1,4),(2,
2),(0.,0.00619886867191693,0.015075762965139),(0.,0.01),.UNSPECIFIED.);
#296=B_SPLINE_SURFACE_WITH_KNOTS('',3,1,((#5116,#5117),(#5118,#5119),(#5120,
#5121),(#5122,#5123),(#5124,#5125)),.UNSPECIFIED.,.F.,.F.,.F.,(4,1,4),(2,
2),(0.,0.00621668138847428,0.0126587949113024),(0.,0.01),.UNSPECIFIED.);
#297=B_SPLINE_SURFACE_WITH_KNOTS('',3,1,((#5139,#5140),(#5141,#5142),(#5143,
#5144),(#5145,#5146),(#5147,#5148)),.UNSPECIFIED.,.F.,.F.,.F.,(4,1,4),(2,
2),(0.,0.00735121086004836,0.0139002363071152),(0.,0.01),.UNSPECIFIED.);
#298=B_SPLINE_SURFACE_WITH_KNOTS('',3,1,((#5162,#5163),(#5164,#5165),(#5166,
#5167),(#5168,#5169),(#5170,#5171)),.UNSPECIFIED.,.F.,.F.,.F.,(4,1,4),(2,
2),(0.,0.00605398417113339,0.0121341758634512),(0.,0.01),.UNSPECIFIED.);
#299=B_SPLINE_SURFACE_WITH_KNOTS('',3,1,((#5185,#5186),(#5187,#5188),(#5189,
#5190),(#5191,#5192),(#5193,#5194)),.UNSPECIFIED.,.F.,.F.,.F.,(4,1,4),(2,
2),(0.,0.00703317884802525,0.0134181350795528),(0.,0.01),.UNSPECIFIED.);
#300=B_SPLINE_SURFACE_WITH_KNOTS('',3,1,((#5208,#5209),(#5210,#5211),(#5212,
#5213),(#5214,#5215),(#5216,#5217)),.UNSPECIFIED.,.F.,.F.,.F.,(4,1,4),(2,
2),(0.,0.00583617916964417,0.0120779097620629),(0.,0.01),.UNSPECIFIED.);
#301=B_SPLINE_SURFACE_WITH_KNOTS('',3,1,((#5231,#5232),(#5233,#5234),(#5235,
#5236),(#5237,#5238),(#5239,#5240)),.UNSPECIFIED.,.F.,.F.,.F.,(4,1,4),(2,
2),(0.,0.00648349259880009,0.0124110827005557),(0.,0.01),.UNSPECIFIED.);
#302=B_SPLINE_SURFACE_WITH_KNOTS('',3,1,((#5254,#5255),(#5256,#5257),(#5258,
#5259),(#5260,#5261),(#5262,#5263)),.UNSPECIFIED.,.F.,.F.,.F.,(4,1,4),(2,
2),(0.,0.013403562516085,0.0258308849101443),(0.,0.01),.UNSPECIFIED.);
#303=B_SPLINE_SURFACE_WITH_KNOTS('',3,1,((#5293,#5294),(#5295,#5296),(#5297,
#5298),(#5299,#5300),(#5301,#5302)),.UNSPECIFIED.,.F.,.F.,.F.,(4,1,4),(2,
2),(0.,0.0126017618645761,0.0239674074367585),(0.,0.01),.UNSPECIFIED.);
#304=B_SPLINE_SURFACE_WITH_KNOTS('',3,1,((#5319,#5320),(#5321,#5322),(#5323,
#5324),(#5325,#5326),(#5327,#5328)),.UNSPECIFIED.,.F.,.F.,.F.,(4,1,4),(2,
2),(0.,0.0151782154229408,0.0308338262588784),(0.,0.01),.UNSPECIFIED.);
#305=B_SPLINE_SURFACE_WITH_KNOTS('',3,1,((#5342,#5343),(#5344,#5345),(#5346,
#5347),(#5348,#5349),(#5350,#5351)),.UNSPECIFIED.,.F.,.F.,.F.,(4,1,4),(2,
2),(0.,0.0117219250748402,0.0232893547997403),(0.,0.01),.UNSPECIFIED.);
#306=B_SPLINE_SURFACE_WITH_KNOTS('',3,1,((#5365,#5366),(#5367,#5368),(#5369,
#5370),(#5371,#5372),(#5373,#5374)),.UNSPECIFIED.,.F.,.F.,.F.,(4,1,4),(2,
2),(0.,0.0124610570649409,0.0259533732174764),(0.,0.01),.UNSPECIFIED.);
#307=B_SPLINE_SURFACE_WITH_KNOTS('',3,1,((#5388,#5389),(#5390,#5391),(#5392,
#5393),(#5394,#5395),(#5396,#5397)),.UNSPECIFIED.,.F.,.F.,.F.,(4,1,4),(2,
2),(0.,0.0119123416408497,0.0238655840245599),(0.,0.01),.UNSPECIFIED.);
#308=B_SPLINE_SURFACE_WITH_KNOTS('',3,1,((#5411,#5412),(#5413,#5414),(#5415,
#5416),(#5417,#5418),(#5419,#5420)),.UNSPECIFIED.,.F.,.F.,.F.,(4,1,4),(2,
2),(0.,0.00685579836231195,0.0134666916673774),(0.,0.01),.UNSPECIFIED.);
#309=B_SPLINE_SURFACE_WITH_KNOTS('',3,1,((#5470,#5471),(#5472,#5473),(#5474,
#5475),(#5476,#5477),(#5478,#5479)),.UNSPECIFIED.,.F.,.F.,.F.,(4,1,4),(2,
2),(0.,0.00797205691775384,0.0167664521660376),(0.,0.01),.UNSPECIFIED.);
#310=B_SPLINE_SURFACE_WITH_KNOTS('',3,1,((#5493,#5494),(#5495,#5496),(#5497,
#5498),(#5499,#5500),(#5501,#5502)),.UNSPECIFIED.,.F.,.F.,.F.,(4,1,4),(2,
2),(0.,0.00582438538276922,0.0118785528125871),(0.,0.01),.UNSPECIFIED.);
#311=B_SPLINE_SURFACE_WITH_KNOTS('',3,1,((#5516,#5517),(#5518,#5519),(#5520,
#5521),(#5522,#5523),(#5524,#5525)),.UNSPECIFIED.,.F.,.F.,.F.,(4,1,4),(2,
2),(0.,0.00805746955223054,0.0145393493999641),(0.,0.01),.UNSPECIFIED.);
#312=B_SPLINE_SURFACE_WITH_KNOTS('',3,1,((#5539,#5540),(#5541,#5542),(#5543,
#5544),(#5545,#5546),(#5547,#5548)),.UNSPECIFIED.,.F.,.F.,.F.,(4,1,4),(2,
2),(0.,0.00680830023878971,0.0153871270387509),(0.,0.01),.UNSPECIFIED.);
#313=B_SPLINE_SURFACE_WITH_KNOTS('',3,1,((#5562,#5563),(#5564,#5565),(#5566,
#5567),(#5568,#5569),(#5570,#5571)),.UNSPECIFIED.,.F.,.F.,.F.,(4,1,4),(2,
2),(0.,0.00562876962681694,0.0114747844553455),(0.,0.01),.UNSPECIFIED.);
#314=B_SPLINE_SURFACE_WITH_KNOTS('',3,1,((#5585,#5586),(#5587,#5588),(#5589,
#5590),(#5591,#5592),(#5593,#5594)),.UNSPECIFIED.,.F.,.F.,.F.,(4,1,4),(2,
2),(0.,0.00513711604482838,0.0101314228808558),(0.,0.01),.UNSPECIFIED.);
#315=B_SPLINE_SURFACE_WITH_KNOTS('',3,1,((#5608,#5609),(#5610,#5611),(#5612,
#5613),(#5614,#5615),(#5616,#5617)),.UNSPECIFIED.,.F.,.F.,.F.,(4,1,4),(2,
2),(0.,0.0059794436794873,0.0114369931529373),(0.,0.01),.UNSPECIFIED.);
#316=B_SPLINE_SURFACE_WITH_KNOTS('',3,1,((#5637,#5638),(#5639,#5640),(#5641,
#5642),(#5643,#5644),(#5645,#5646)),.UNSPECIFIED.,.F.,.F.,.F.,(4,1,4),(2,
2),(0.,0.0110711039046394,0.0227671297323015),(0.,0.01),.UNSPECIFIED.);
#317=FACE_OUTER_BOUND('',#480,.T.);
#318=FACE_OUTER_BOUND('',#481,.T.);
#319=FACE_OUTER_BOUND('',#482,.T.);
#320=FACE_OUTER_BOUND('',#483,.T.);
#321=FACE_OUTER_BOUND('',#484,.T.);
#322=FACE_OUTER_BOUND('',#485,.T.);
#323=FACE_OUTER_BOUND('',#486,.T.);
#324=FACE_OUTER_BOUND('',#487,.T.);
#325=FACE_OUTER_BOUND('',#488,.T.);
#326=FACE_OUTER_BOUND('',#489,.T.);
#327=FACE_OUTER_BOUND('',#490,.T.);
#328=FACE_OUTER_BOUND('',#491,.T.);
#329=FACE_OUTER_BOUND('',#492,.T.);
#330=FACE_OUTER_BOUND('',#493,.T.);
#331=FACE_OUTER_BOUND('',#494,.T.);
#332=FACE_OUTER_BOUND('',#495,.T.);
#333=FACE_OUTER_BOUND('',#496,.T.);
#334=FACE_OUTER_BOUND('',#497,.T.);
#335=FACE_OUTER_BOUND('',#498,.T.);
#336=FACE_OUTER_BOUND('',#499,.T.);
#337=FACE_OUTER_BOUND('',#500,.T.);
#338=FACE_OUTER_BOUND('',#501,.T.);
#339=FACE_OUTER_BOUND('',#502,.T.);
#340=FACE_OUTER_BOUND('',#503,.T.);
#341=FACE_OUTER_BOUND('',#504,.T.);
#342=FACE_OUTER_BOUND('',#505,.T.);
#343=FACE_OUTER_BOUND('',#506,.T.);
#344=FACE_OUTER_BOUND('',#507,.T.);
#345=FACE_OUTER_BOUND('',#508,.T.);
#346=FACE_OUTER_BOUND('',#509,.T.);
#347=FACE_OUTER_BOUND('',#511,.T.);
#348=FACE_OUTER_BOUND('',#512,.T.);
#349=FACE_OUTER_BOUND('',#513,.T.);
#350=FACE_OUTER_BOUND('',#514,.T.);
#351=FACE_OUTER_BOUND('',#515,.T.);
#352=FACE_OUTER_BOUND('',#516,.T.);
#353=FACE_OUTER_BOUND('',#517,.T.);
#354=FACE_OUTER_BOUND('',#518,.T.);
#355=FACE_OUTER_BOUND('',#519,.T.);
#356=FACE_OUTER_BOUND('',#520,.T.);
#357=FACE_OUTER_BOUND('',#521,.T.);
#358=FACE_OUTER_BOUND('',#522,.T.);
#359=FACE_OUTER_BOUND('',#523,.T.);
#360=FACE_OUTER_BOUND('',#524,.T.);
#361=FACE_OUTER_BOUND('',#525,.T.);
#362=FACE_OUTER_BOUND('',#526,.T.);
#363=FACE_OUTER_BOUND('',#527,.T.);
#364=FACE_OUTER_BOUND('',#528,.T.);
#365=FACE_OUTER_BOUND('',#529,.T.);
#366=FACE_OUTER_BOUND('',#530,.T.);
#367=FACE_OUTER_BOUND('',#531,.T.);
#368=FACE_OUTER_BOUND('',#532,.T.);
#369=FACE_OUTER_BOUND('',#533,.T.);
#370=FACE_OUTER_BOUND('',#534,.T.);
#371=FACE_OUTER_BOUND('',#535,.T.);
#372=FACE_OUTER_BOUND('',#536,.T.);
#373=FACE_OUTER_BOUND('',#537,.T.);
#374=FACE_OUTER_BOUND('',#538,.T.);
#375=FACE_OUTER_BOUND('',#539,.T.);
#376=FACE_OUTER_BOUND('',#540,.T.);
#377=FACE_OUTER_BOUND('',#541,.T.);
#378=FACE_OUTER_BOUND('',#542,.T.);
#379=FACE_OUTER_BOUND('',#543,.T.);
#380=FACE_OUTER_BOUND('',#544,.T.);
#381=FACE_OUTER_BOUND('',#545,.T.);
#382=FACE_OUTER_BOUND('',#546,.T.);
#383=FACE_OUTER_BOUND('',#547,.T.);
#384=FACE_OUTER_BOUND('',#548,.T.);
#385=FACE_OUTER_BOUND('',#549,.T.);
#386=FACE_OUTER_BOUND('',#550,.T.);
#387=FACE_OUTER_BOUND('',#551,.T.);
#388=FACE_OUTER_BOUND('',#552,.T.);
#389=FACE_OUTER_BOUND('',#553,.T.);
#390=FACE_OUTER_BOUND('',#554,.T.);
#391=FACE_OUTER_BOUND('',#555,.T.);
#392=FACE_OUTER_BOUND('',#556,.T.);
#393=FACE_OUTER_BOUND('',#557,.T.);
#394=FACE_OUTER_BOUND('',#558,.T.);
#395=FACE_OUTER_BOUND('',#559,.T.);
#396=FACE_OUTER_BOUND('',#560,.T.);
#397=FACE_OUTER_BOUND('',#561,.T.);
#398=FACE_OUTER_BOUND('',#562,.T.);
#399=FACE_OUTER_BOUND('',#563,.T.);
#400=FACE_OUTER_BOUND('',#564,.T.);
#401=FACE_OUTER_BOUND('',#565,.T.);
#402=FACE_OUTER_BOUND('',#566,.T.);
#403=FACE_OUTER_BOUND('',#567,.T.);
#404=FACE_OUTER_BOUND('',#568,.T.);
#405=FACE_OUTER_BOUND('',#569,.T.);
#406=FACE_OUTER_BOUND('',#570,.T.);
#407=FACE_OUTER_BOUND('',#571,.T.);
#408=FACE_OUTER_BOUND('',#572,.T.);
#409=FACE_OUTER_BOUND('',#573,.T.);
#410=FACE_OUTER_BOUND('',#574,.T.);
#411=FACE_OUTER_BOUND('',#575,.T.);
#412=FACE_OUTER_BOUND('',#576,.T.);
#413=FACE_OUTER_BOUND('',#577,.T.);
#414=FACE_OUTER_BOUND('',#578,.T.);
#415=FACE_OUTER_BOUND('',#579,.T.);
#416=FACE_OUTER_BOUND('',#580,.T.);
#417=FACE_OUTER_BOUND('',#581,.T.);
#418=FACE_OUTER_BOUND('',#582,.T.);
#419=FACE_OUTER_BOUND('',#583,.T.);
#420=FACE_OUTER_BOUND('',#584,.T.);
#421=FACE_OUTER_BOUND('',#585,.T.);
#422=FACE_OUTER_BOUND('',#586,.T.);
#423=FACE_OUTER_BOUND('',#587,.T.);
#424=FACE_OUTER_BOUND('',#588,.T.);
#425=FACE_OUTER_BOUND('',#589,.T.);
#426=FACE_OUTER_BOUND('',#590,.T.);
#427=FACE_OUTER_BOUND('',#591,.T.);
#428=FACE_OUTER_BOUND('',#592,.T.);
#429=FACE_OUTER_BOUND('',#593,.T.);
#430=FACE_OUTER_BOUND('',#594,.T.);
#431=FACE_OUTER_BOUND('',#595,.T.);
#432=FACE_OUTER_BOUND('',#596,.T.);
#433=FACE_OUTER_BOUND('',#597,.T.);
#434=FACE_OUTER_BOUND('',#599,.T.);
#435=FACE_OUTER_BOUND('',#600,.T.);
#436=FACE_OUTER_BOUND('',#604,.T.);
#437=FACE_OUTER_BOUND('',#605,.T.);
#438=FACE_OUTER_BOUND('',#607,.T.);
#439=FACE_OUTER_BOUND('',#608,.T.);
#440=FACE_OUTER_BOUND('',#610,.T.);
#441=FACE_OUTER_BOUND('',#611,.T.);
#442=FACE_OUTER_BOUND('',#612,.T.);
#443=FACE_OUTER_BOUND('',#613,.T.);
#444=FACE_OUTER_BOUND('',#614,.T.);
#445=FACE_OUTER_BOUND('',#615,.T.);
#446=FACE_OUTER_BOUND('',#616,.T.);
#447=FACE_OUTER_BOUND('',#617,.T.);
#448=FACE_OUTER_BOUND('',#618,.T.);
#449=FACE_OUTER_BOUND('',#619,.T.);
#450=FACE_OUTER_BOUND('',#620,.T.);
#451=FACE_OUTER_BOUND('',#621,.T.);
#452=FACE_OUTER_BOUND('',#622,.T.);
#453=FACE_OUTER_BOUND('',#623,.T.);
#454=FACE_OUTER_BOUND('',#624,.T.);
#455=FACE_OUTER_BOUND('',#625,.T.);
#456=FACE_OUTER_BOUND('',#626,.T.);
#457=FACE_OUTER_BOUND('',#627,.T.);
#458=FACE_OUTER_BOUND('',#628,.T.);
#459=FACE_OUTER_BOUND('',#629,.T.);
#460=FACE_OUTER_BOUND('',#630,.T.);
#461=FACE_OUTER_BOUND('',#637,.T.);
#462=FACE_OUTER_BOUND('',#638,.T.);
#463=FACE_OUTER_BOUND('',#639,.T.);
#464=FACE_OUTER_BOUND('',#640,.T.);
#465=FACE_OUTER_BOUND('',#641,.T.);
#466=FACE_OUTER_BOUND('',#642,.T.);
#467=FACE_OUTER_BOUND('',#643,.T.);
#468=FACE_OUTER_BOUND('',#645,.T.);
#469=FACE_OUTER_BOUND('',#646,.T.);
#470=FACE_OUTER_BOUND('',#647,.T.);
#471=FACE_OUTER_BOUND('',#648,.T.);
#472=FACE_OUTER_BOUND('',#649,.T.);
#473=FACE_OUTER_BOUND('',#650,.T.);
#474=FACE_OUTER_BOUND('',#652,.T.);
#475=FACE_OUTER_BOUND('',#653,.T.);
#476=FACE_OUTER_BOUND('',#654,.T.);
#477=FACE_OUTER_BOUND('',#656,.T.);
#478=FACE_OUTER_BOUND('',#657,.T.);
#479=FACE_OUTER_BOUND('',#658,.T.);
#480=EDGE_LOOP('',(#1944,#1945,#1946,#1947));
#481=EDGE_LOOP('',(#1948,#1949,#1950,#1951));
#482=EDGE_LOOP('',(#1952,#1953,#1954,#1955));
#483=EDGE_LOOP('',(#1956,#1957,#1958,#1959));
#484=EDGE_LOOP('',(#1960,#1961,#1962,#1963));
#485=EDGE_LOOP('',(#1964,#1965,#1966,#1967));
#486=EDGE_LOOP('',(#1968,#1969,#1970,#1971));
#487=EDGE_LOOP('',(#1972,#1973,#1974,#1975));
#488=EDGE_LOOP('',(#1976,#1977,#1978,#1979));
#489=EDGE_LOOP('',(#1980,#1981,#1982,#1983));
#490=EDGE_LOOP('',(#1984,#1985,#1986,#1987));
#491=EDGE_LOOP('',(#1988,#1989,#1990,#1991));
#492=EDGE_LOOP('',(#1992,#1993,#1994,#1995));
#493=EDGE_LOOP('',(#1996,#1997,#1998,#1999));
#494=EDGE_LOOP('',(#2000,#2001,#2002,#2003));
#495=EDGE_LOOP('',(#2004,#2005,#2006,#2007));
#496=EDGE_LOOP('',(#2008,#2009,#2010,#2011));
#497=EDGE_LOOP('',(#2012,#2013,#2014,#2015));
#498=EDGE_LOOP('',(#2016,#2017,#2018,#2019));
#499=EDGE_LOOP('',(#2020,#2021,#2022,#2023));
#500=EDGE_LOOP('',(#2024,#2025,#2026,#2027));
#501=EDGE_LOOP('',(#2028,#2029,#2030,#2031));
#502=EDGE_LOOP('',(#2032,#2033,#2034,#2035));
#503=EDGE_LOOP('',(#2036,#2037,#2038,#2039));
#504=EDGE_LOOP('',(#2040,#2041,#2042,#2043));
#505=EDGE_LOOP('',(#2044,#2045,#2046,#2047));
#506=EDGE_LOOP('',(#2048,#2049,#2050,#2051));
#507=EDGE_LOOP('',(#2052,#2053,#2054,#2055));
#508=EDGE_LOOP('',(#2056,#2057,#2058,#2059));
#509=EDGE_LOOP('',(#2060,#2061,#2062,#2063,#2064,#2065,#2066,#2067,#2068,
#2069,#2070,#2071,#2072,#2073,#2074,#2075));
#510=EDGE_LOOP('',(#2076,#2077,#2078,#2079,#2080,#2081,#2082,#2083));
#511=EDGE_LOOP('',(#2084,#2085,#2086,#2087));
#512=EDGE_LOOP('',(#2088,#2089,#2090,#2091));
#513=EDGE_LOOP('',(#2092,#2093,#2094,#2095));
#514=EDGE_LOOP('',(#2096,#2097,#2098,#2099));
#515=EDGE_LOOP('',(#2100,#2101,#2102,#2103));
#516=EDGE_LOOP('',(#2104,#2105,#2106,#2107));
#517=EDGE_LOOP('',(#2108,#2109,#2110,#2111));
#518=EDGE_LOOP('',(#2112,#2113,#2114,#2115));
#519=EDGE_LOOP('',(#2116,#2117,#2118,#2119));
#520=EDGE_LOOP('',(#2120,#2121,#2122,#2123));
#521=EDGE_LOOP('',(#2124,#2125,#2126,#2127));
#522=EDGE_LOOP('',(#2128,#2129,#2130,#2131));
#523=EDGE_LOOP('',(#2132,#2133,#2134,#2135));
#524=EDGE_LOOP('',(#2136,#2137,#2138,#2139));
#525=EDGE_LOOP('',(#2140,#2141,#2142,#2143));
#526=EDGE_LOOP('',(#2144,#2145,#2146,#2147));
#527=EDGE_LOOP('',(#2148,#2149,#2150,#2151));
#528=EDGE_LOOP('',(#2152,#2153,#2154,#2155));
#529=EDGE_LOOP('',(#2156,#2157,#2158,#2159));
#530=EDGE_LOOP('',(#2160,#2161,#2162,#2163));
#531=EDGE_LOOP('',(#2164,#2165,#2166,#2167));
#532=EDGE_LOOP('',(#2168,#2169,#2170,#2171));
#533=EDGE_LOOP('',(#2172,#2173,#2174,#2175));
#534=EDGE_LOOP('',(#2176,#2177,#2178,#2179));
#535=EDGE_LOOP('',(#2180,#2181,#2182,#2183));
#536=EDGE_LOOP('',(#2184,#2185,#2186,#2187));
#537=EDGE_LOOP('',(#2188,#2189,#2190,#2191));
#538=EDGE_LOOP('',(#2192,#2193,#2194,#2195));
#539=EDGE_LOOP('',(#2196,#2197,#2198,#2199));
#540=EDGE_LOOP('',(#2200,#2201,#2202,#2203));
#541=EDGE_LOOP('',(#2204,#2205,#2206,#2207,#2208,#2209,#2210,#2211,#2212,
#2213,#2214,#2215,#2216,#2217,#2218,#2219,#2220,#2221,#2222,#2223,#2224,
#2225,#2226,#2227,#2228,#2229,#2230,#2231,#2232,#2233));
#542=EDGE_LOOP('',(#2234,#2235,#2236,#2237));
#543=EDGE_LOOP('',(#2238,#2239,#2240,#2241));
#544=EDGE_LOOP('',(#2242,#2243,#2244,#2245));
#545=EDGE_LOOP('',(#2246,#2247,#2248,#2249));
#546=EDGE_LOOP('',(#2250,#2251,#2252,#2253));
#547=EDGE_LOOP('',(#2254,#2255,#2256,#2257));
#548=EDGE_LOOP('',(#2258,#2259,#2260,#2261));
#549=EDGE_LOOP('',(#2262,#2263,#2264,#2265));
#550=EDGE_LOOP('',(#2266,#2267,#2268,#2269));
#551=EDGE_LOOP('',(#2270,#2271,#2272,#2273));
#552=EDGE_LOOP('',(#2274,#2275,#2276,#2277));
#553=EDGE_LOOP('',(#2278,#2279,#2280,#2281));
#554=EDGE_LOOP('',(#2282,#2283,#2284,#2285));
#555=EDGE_LOOP('',(#2286,#2287,#2288,#2289));
#556=EDGE_LOOP('',(#2290,#2291,#2292,#2293));
#557=EDGE_LOOP('',(#2294,#2295,#2296,#2297));
#558=EDGE_LOOP('',(#2298,#2299,#2300,#2301));
#559=EDGE_LOOP('',(#2302,#2303,#2304,#2305));
#560=EDGE_LOOP('',(#2306,#2307,#2308,#2309));
#561=EDGE_LOOP('',(#2310,#2311,#2312,#2313));
#562=EDGE_LOOP('',(#2314,#2315,#2316,#2317));
#563=EDGE_LOOP('',(#2318,#2319,#2320,#2321));
#564=EDGE_LOOP('',(#2322,#2323,#2324,#2325));
#565=EDGE_LOOP('',(#2326,#2327,#2328,#2329));
#566=EDGE_LOOP('',(#2330,#2331,#2332,#2333));
#567=EDGE_LOOP('',(#2334,#2335,#2336,#2337));
#568=EDGE_LOOP('',(#2338,#2339,#2340,#2341));
#569=EDGE_LOOP('',(#2342,#2343,#2344,#2345));
#570=EDGE_LOOP('',(#2346,#2347,#2348,#2349));
#571=EDGE_LOOP('',(#2350,#2351,#2352,#2353));
#572=EDGE_LOOP('',(#2354,#2355,#2356,#2357,#2358,#2359,#2360,#2361,#2362,
#2363,#2364,#2365,#2366,#2367,#2368,#2369,#2370,#2371,#2372,#2373,#2374,
#2375,#2376,#2377,#2378,#2379,#2380,#2381,#2382,#2383));
#573=EDGE_LOOP('',(#2384,#2385,#2386,#2387));
#574=EDGE_LOOP('',(#2388,#2389,#2390,#2391));
#575=EDGE_LOOP('',(#2392,#2393,#2394,#2395));
#576=EDGE_LOOP('',(#2396,#2397,#2398,#2399));
#577=EDGE_LOOP('',(#2400,#2401,#2402,#2403));
#578=EDGE_LOOP('',(#2404,#2405,#2406,#2407));
#579=EDGE_LOOP('',(#2408,#2409,#2410,#2411));
#580=EDGE_LOOP('',(#2412,#2413,#2414,#2415));
#581=EDGE_LOOP('',(#2416,#2417,#2418,#2419));
#582=EDGE_LOOP('',(#2420,#2421,#2422,#2423));
#583=EDGE_LOOP('',(#2424,#2425,#2426,#2427));
#584=EDGE_LOOP('',(#2428,#2429,#2430,#2431));
#585=EDGE_LOOP('',(#2432,#2433,#2434,#2435));
#586=EDGE_LOOP('',(#2436,#2437,#2438,#2439));
#587=EDGE_LOOP('',(#2440,#2441,#2442,#2443));
#588=EDGE_LOOP('',(#2444,#2445,#2446,#2447));
#589=EDGE_LOOP('',(#2448,#2449,#2450,#2451));
#590=EDGE_LOOP('',(#2452,#2453,#2454,#2455));
#591=EDGE_LOOP('',(#2456,#2457,#2458,#2459));
#592=EDGE_LOOP('',(#2460,#2461,#2462,#2463));
#593=EDGE_LOOP('',(#2464,#2465,#2466,#2467));
#594=EDGE_LOOP('',(#2468,#2469,#2470,#2471,#2472,#2473,#2474,#2475,#2476,
#2477,#2478,#2479,#2480,#2481,#2482,#2483,#2484,#2485,#2486,#2487,#2488));
#595=EDGE_LOOP('',(#2489,#2490,#2491,#2492,#2493,#2494,#2495,#2496));
#596=EDGE_LOOP('',(#2497,#2498,#2499,#2500,#2501,#2502));
#597=EDGE_LOOP('',(#2503,#2504,#2505,#2506));
#598=EDGE_LOOP('',(#2507));
#599=EDGE_LOOP('',(#2508,#2509,#2510,#2511,#2512,#2513));
#600=EDGE_LOOP('',(#2514,#2515,#2516,#2517,#2518,#2519,#2520,#2521));
#601=EDGE_LOOP('',(#2522,#2523,#2524,#2525));
#602=EDGE_LOOP('',(#2526));
#603=EDGE_LOOP('',(#2527,#2528,#2529,#2530,#2531,#2532,#2533,#2534));
#604=EDGE_LOOP('',(#2535,#2536,#2537,#2538,#2539,#2540));
#605=EDGE_LOOP('',(#2541,#2542,#2543,#2544));
#606=EDGE_LOOP('',(#2545,#2546,#2547,#2548,#2549,#2550));
#607=EDGE_LOOP('',(#2551,#2552,#2553,#2554,#2555,#2556));
#608=EDGE_LOOP('',(#2557,#2558,#2559,#2560));
#609=EDGE_LOOP('',(#2561));
#610=EDGE_LOOP('',(#2562,#2563,#2564,#2565));
#611=EDGE_LOOP('',(#2566,#2567,#2568,#2569));
#612=EDGE_LOOP('',(#2570,#2571,#2572,#2573));
#613=EDGE_LOOP('',(#2574,#2575,#2576,#2577));
#614=EDGE_LOOP('',(#2578,#2579,#2580,#2581,#2582));
#615=EDGE_LOOP('',(#2583,#2584,#2585,#2586));
#616=EDGE_LOOP('',(#2587,#2588,#2589,#2590,#2591,#2592));
#617=EDGE_LOOP('',(#2593,#2594,#2595,#2596));
#618=EDGE_LOOP('',(#2597,#2598,#2599,#2600,#2601,#2602,#2603,#2604,#2605,
#2606,#2607,#2608));
#619=EDGE_LOOP('',(#2609,#2610,#2611,#2612));
#620=EDGE_LOOP('',(#2613,#2614,#2615,#2616));
#621=EDGE_LOOP('',(#2617,#2618,#2619,#2620));
#622=EDGE_LOOP('',(#2621,#2622,#2623,#2624,#2625));
#623=EDGE_LOOP('',(#2626,#2627,#2628,#2629));
#624=EDGE_LOOP('',(#2630,#2631,#2632,#2633,#2634,#2635));
#625=EDGE_LOOP('',(#2636,#2637,#2638,#2639));
#626=EDGE_LOOP('',(#2640,#2641,#2642,#2643));
#627=EDGE_LOOP('',(#2644,#2645,#2646,#2647));
#628=EDGE_LOOP('',(#2648,#2649,#2650,#2651));
#629=EDGE_LOOP('',(#2652,#2653,#2654,#2655,#2656,#2657));
#630=EDGE_LOOP('',(#2658,#2659,#2660,#2661));
#631=EDGE_LOOP('',(#2662));
#632=EDGE_LOOP('',(#2663,#2664,#2665,#2666,#2667,#2668,#2669,#2670,#2671,
#2672,#2673,#2674,#2675,#2676,#2677,#2678,#2679,#2680,#2681,#2682,#2683));
#633=EDGE_LOOP('',(#2684,#2685,#2686,#2687,#2688,#2689,#2690,#2691,#2692,
#2693,#2694,#2695,#2696,#2697,#2698,#2699,#2700,#2701,#2702,#2703,#2704,
#2705,#2706,#2707,#2708,#2709,#2710,#2711,#2712,#2713));
#634=EDGE_LOOP('',(#2714,#2715,#2716,#2717,#2718,#2719,#2720,#2721,#2722,
#2723,#2724,#2725,#2726,#2727,#2728,#2729,#2730,#2731,#2732,#2733,#2734,
#2735,#2736,#2737,#2738,#2739,#2740,#2741,#2742,#2743));
#635=EDGE_LOOP('',(#2744,#2745,#2746,#2747,#2748,#2749,#2750,#2751,#2752,
#2753,#2754,#2755,#2756,#2757,#2758,#2759));
#636=EDGE_LOOP('',(#2760,#2761,#2762,#2763));
#637=EDGE_LOOP('',(#2764,#2765,#2766,#2767));
#638=EDGE_LOOP('',(#2768,#2769,#2770,#2771));
#639=EDGE_LOOP('',(#2772,#2773,#2774,#2775));
#640=EDGE_LOOP('',(#2776,#2777,#2778,#2779));
#641=EDGE_LOOP('',(#2780,#2781,#2782,#2783));
#642=EDGE_LOOP('',(#2784,#2785,#2786,#2787));
#643=EDGE_LOOP('',(#2788,#2789,#2790,#2791,#2792,#2793));
#644=EDGE_LOOP('',(#2794));
#645=EDGE_LOOP('',(#2795,#2796,#2797,#2798));
#646=EDGE_LOOP('',(#2799,#2800,#2801,#2802));
#647=EDGE_LOOP('',(#2803,#2804,#2805,#2806,#2807));
#648=EDGE_LOOP('',(#2808,#2809,#2810,#2811));
#649=EDGE_LOOP('',(#2812,#2813,#2814,#2815,#2816));
#650=EDGE_LOOP('',(#2817,#2818,#2819,#2820,#2821,#2822));
#651=EDGE_LOOP('',(#2823));
#652=EDGE_LOOP('',(#2824,#2825,#2826,#2827));
#653=EDGE_LOOP('',(#2828,#2829,#2830,#2831));
#654=EDGE_LOOP('',(#2832,#2833,#2834,#2835));
#655=EDGE_LOOP('',(#2836));
#656=EDGE_LOOP('',(#2837,#2838,#2839,#2840));
#657=EDGE_LOOP('',(#2841,#2842,#2843,#2844));
#658=EDGE_LOOP('',(#2845,#2846,#2847,#2848,#2849,#2850));
#659=EDGE_LOOP('',(#2851));
#660=LINE('',#3727,#924);
#661=LINE('',#3729,#925);
#662=LINE('',#3731,#926);
#663=LINE('',#3732,#927);
#664=LINE('',#3735,#928);
#665=LINE('',#3737,#929);
#666=LINE('',#3738,#930);
#667=LINE('',#3741,#931);
#668=LINE('',#3743,#932);
#669=LINE('',#3744,#933);
#670=LINE('',#3746,#934);
#671=LINE('',#3747,#935);
#672=LINE('',#3767,#936);
#673=LINE('',#3774,#937);
#674=LINE('',#3792,#938);
#675=LINE('',#3815,#939);
#676=LINE('',#3838,#940);
#677=LINE('',#3861,#941);
#678=LINE('',#3884,#942);
#679=LINE('',#3907,#943);
#680=LINE('',#3951,#944);
#681=LINE('',#3958,#945);
#682=LINE('',#3976,#946);
#683=LINE('',#3999,#947);
#684=LINE('',#4022,#948);
#685=LINE('',#4045,#949);
#686=LINE('',#4068,#950);
#687=LINE('',#4091,#951);
#688=LINE('',#4114,#952);
#689=LINE('',#4137,#953);
#690=LINE('',#4160,#954);
#691=LINE('',#4183,#955);
#692=LINE('',#4206,#956);
#693=LINE('',#4229,#957);
#694=LINE('',#4252,#958);
#695=LINE('',#4260,#959);
#696=LINE('',#4262,#960);
#697=LINE('',#4263,#961);
#698=LINE('',#4288,#962);
#699=LINE('',#4290,#963);
#700=LINE('',#4292,#964);
#701=LINE('',#4293,#965);
#702=LINE('',#4296,#966);
#703=LINE('',#4298,#967);
#704=LINE('',#4299,#968);
#705=LINE('',#4317,#969);
#706=LINE('',#4340,#970);
#707=LINE('',#4363,#971);
#708=LINE('',#4386,#972);
#709=LINE('',#4409,#973);
#710=LINE('',#4432,#974);
#711=LINE('',#4440,#975);
#712=LINE('',#4442,#976);
#713=LINE('',#4443,#977);
#714=LINE('',#4446,#978);
#715=LINE('',#4448,#979);
#716=LINE('',#4449,#980);
#717=LINE('',#4452,#981);
#718=LINE('',#4454,#982);
#719=LINE('',#4455,#983);
#720=LINE('',#4473,#984);
#721=LINE('',#4496,#985);
#722=LINE('',#4519,#986);
#723=LINE('',#4542,#987);
#724=LINE('',#4565,#988);
#725=LINE('',#4573,#989);
#726=LINE('',#4575,#990);
#727=LINE('',#4576,#991);
#728=LINE('',#4579,#992);
#729=LINE('',#4581,#993);
#730=LINE('',#4582,#994);
#731=LINE('',#4585,#995);
#732=LINE('',#4587,#996);
#733=LINE('',#4588,#997);
#734=LINE('',#4606,#998);
#735=LINE('',#4629,#999);
#736=LINE('',#4652,#1000);
#737=LINE('',#4675,#1001);
#738=LINE('',#4698,#1002);
#739=LINE('',#4721,#1003);
#740=LINE('',#4744,#1004);
#741=LINE('',#4767,#1005);
#742=LINE('',#4775,#1006);
#743=LINE('',#4777,#1007);
#744=LINE('',#4778,#1008);
#745=LINE('',#4781,#1009);
#746=LINE('',#4783,#1010);
#747=LINE('',#4784,#1011);
#748=LINE('',#4786,#1012);
#749=LINE('',#4787,#1013);
#750=LINE('',#4792,#1014);
#751=LINE('',#4794,#1015);
#752=LINE('',#4796,#1016);
#753=LINE('',#4797,#1017);
#754=LINE('',#4800,#1018);
#755=LINE('',#4802,#1019);
#756=LINE('',#4803,#1020);
#757=LINE('',#4821,#1021);
#758=LINE('',#4844,#1022);
#759=LINE('',#4867,#1023);
#760=LINE('',#4890,#1024);
#761=LINE('',#4913,#1025);
#762=LINE('',#4936,#1026);
#763=LINE('',#4944,#1027);
#764=LINE('',#4946,#1028);
#765=LINE('',#4947,#1029);
#766=LINE('',#4950,#1030);
#767=LINE('',#4952,#1031);
#768=LINE('',#4953,#1032);
#769=LINE('',#4956,#1033);
#770=LINE('',#4958,#1034);
#771=LINE('',#4959,#1035);
#772=LINE('',#4977,#1036);
#773=LINE('',#5000,#1037);
#774=LINE('',#5023,#1038);
#775=LINE('',#5046,#1039);
#776=LINE('',#5069,#1040);
#777=LINE('',#5077,#1041);
#778=LINE('',#5079,#1042);
#779=LINE('',#5080,#1043);
#780=LINE('',#5083,#1044);
#781=LINE('',#5085,#1045);
#782=LINE('',#5086,#1046);
#783=LINE('',#5089,#1047);
#784=LINE('',#5091,#1048);
#785=LINE('',#5092,#1049);
#786=LINE('',#5110,#1050);
#787=LINE('',#5133,#1051);
#788=LINE('',#5156,#1052);
#789=LINE('',#5179,#1053);
#790=LINE('',#5202,#1054);
#791=LINE('',#5225,#1055);
#792=LINE('',#5248,#1056);
#793=LINE('',#5271,#1057);
#794=LINE('',#5279,#1058);
#795=LINE('',#5281,#1059);
#796=LINE('',#5282,#1060);
#797=LINE('',#5285,#1061);
#798=LINE('',#5287,#1062);
#799=LINE('',#5288,#1063);
#800=LINE('',#5290,#1064);
#801=LINE('',#5291,#1065);
#802=LINE('',#5311,#1066);
#803=LINE('',#5318,#1067);
#804=LINE('',#5336,#1068);
#805=LINE('',#5359,#1069);
#806=LINE('',#5382,#1070);
#807=LINE('',#5405,#1071);
#808=LINE('',#5428,#1072);
#809=LINE('',#5436,#1073);
#810=LINE('',#5438,#1074);
#811=LINE('',#5439,#1075);
#812=LINE('',#5442,#1076);
#813=LINE('',#5444,#1077);
#814=LINE('',#5445,#1078);
#815=LINE('',#5448,#1079);
#816=LINE('',#5450,#1080);
#817=LINE('',#5451,#1081);
#818=LINE('',#5454,#1082);
#819=LINE('',#5456,#1083);
#820=LINE('',#5457,#1084);
#821=LINE('',#5460,#1085);
#822=LINE('',#5462,#1086);
#823=LINE('',#5463,#1087);
#824=LINE('',#5466,#1088);
#825=LINE('',#5468,#1089);
#826=LINE('',#5469,#1090);
#827=LINE('',#5487,#1091);
#828=LINE('',#5510,#1092);
#829=LINE('',#5533,#1093);
#830=LINE('',#5556,#1094);
#831=LINE('',#5579,#1095);
#832=LINE('',#5602,#1096);
#833=LINE('',#5625,#1097);
#834=LINE('',#5633,#1098);
#835=LINE('',#5635,#1099);
#836=LINE('',#5636,#1100);
#837=LINE('',#5675,#1101);
#838=LINE('',#5690,#1102);
#839=LINE('',#5694,#1103);
#840=LINE('',#5697,#1104);
#841=LINE('',#5705,#1105);
#842=LINE('',#5730,#1106);
#843=LINE('',#5753,#1107);
#844=LINE('',#5755,#1108);
#845=LINE('',#5757,#1109);
#846=LINE('',#5759,#1110);
#847=LINE('',#5761,#1111);
#848=LINE('',#5762,#1112);
#849=LINE('',#5764,#1113);
#850=LINE('',#5765,#1114);
#851=LINE('',#5767,#1115);
#852=LINE('',#5769,#1116);
#853=LINE('',#5770,#1117);
#854=LINE('',#5775,#1118);
#855=LINE('',#5777,#1119);
#856=LINE('',#5779,#1120);
#857=LINE('',#5781,#1121);
#858=LINE('',#5783,#1122);
#859=LINE('',#5785,#1123);
#860=LINE('',#5787,#1124);
#861=LINE('',#5788,#1125);
#862=LINE('',#5817,#1126);
#863=LINE('',#5821,#1127);
#864=LINE('',#5824,#1128);
#865=LINE('',#5827,#1129);
#866=LINE('',#5829,#1130);
#867=LINE('',#5831,#1131);
#868=LINE('',#5833,#1132);
#869=LINE('',#5835,#1133);
#870=LINE('',#5836,#1134);
#871=LINE('',#5865,#1135);
#872=LINE('',#5869,#1136);
#873=LINE('',#5872,#1137);
#874=LINE('',#5878,#1138);
#875=LINE('',#5883,#1139);
#876=LINE('',#5887,#1140);
#877=LINE('',#5889,#1141);
#878=LINE('',#5890,#1142);
#879=LINE('',#5894,#1143);
#880=LINE('',#5897,#1144);
#881=LINE('',#5898,#1145);
#882=LINE('',#5900,#1146);
#883=LINE('',#5903,#1147);
#884=LINE('',#5904,#1148);
#885=LINE('',#5908,#1149);
#886=LINE('',#5911,#1150);
#887=LINE('',#5914,#1151);
#888=LINE('',#5918,#1152);
#889=LINE('',#5923,#1153);
#890=LINE('',#5926,#1154);
#891=LINE('',#5927,#1155);
#892=LINE('',#5930,#1156);
#893=LINE('',#5934,#1157);
#894=LINE('',#5935,#1158);
#895=LINE('',#5937,#1159);
#896=LINE('',#5940,#1160);
#897=LINE('',#5941,#1161);
#898=LINE('',#5944,#1162);
#899=LINE('',#5948,#1163);
#900=LINE('',#5950,#1164);
#901=LINE('',#5951,#1165);
#902=LINE('',#5954,#1166);
#903=LINE('',#5955,#1167);
#904=LINE('',#5958,#1168);
#905=LINE('',#5959,#1169);
#906=LINE('',#5961,#1170);
#907=LINE('',#5965,#1171);
#908=LINE('',#5967,#1172);
#909=LINE('',#5968,#1173);
#910=LINE('',#5971,#1174);
#911=LINE('',#5972,#1175);
#912=LINE('',#5975,#1176);
#913=LINE('',#5976,#1177);
#914=LINE('',#5979,#1178);
#915=LINE('',#5980,#1179);
#916=LINE('',#5983,#1180);
#917=LINE('',#5984,#1181);
#918=LINE('',#5986,#1182);
#919=LINE('',#5992,#1183);
#920=LINE('',#5997,#1184);
#921=LINE('',#5999,#1185);
#922=LINE('',#6004,#1186);
#923=LINE('',#6012,#1187);
#924=VECTOR('',#3221,10.);
#925=VECTOR('',#3222,10.);
#926=VECTOR('',#3223,10.);
#927=VECTOR('',#3224,10.);
#928=VECTOR('',#3227,10.);
#929=VECTOR('',#3228,10.);
#930=VECTOR('',#3229,10.);
#931=VECTOR('',#3232,10.);
#932=VECTOR('',#3233,10.);
#933=VECTOR('',#3234,10.);
#934=VECTOR('',#3237,10.);
#935=VECTOR('',#3238,10.);
#936=VECTOR('',#3241,10.);
#937=VECTOR('',#3242,10.);
#938=VECTOR('',#3243,10.);
#939=VECTOR('',#3244,10.);
#940=VECTOR('',#3245,10.);
#941=VECTOR('',#3246,10.);
#942=VECTOR('',#3247,10.);
#943=VECTOR('',#3248,10.);
#944=VECTOR('',#3249,10.);
#945=VECTOR('',#3250,10.);
#946=VECTOR('',#3251,10.);
#947=VECTOR('',#3252,10.);
#948=VECTOR('',#3253,10.);
#949=VECTOR('',#3254,10.);
#950=VECTOR('',#3255,10.);
#951=VECTOR('',#3256,10.);
#952=VECTOR('',#3257,10.);
#953=VECTOR('',#3258,10.);
#954=VECTOR('',#3259,10.);
#955=VECTOR('',#3260,10.);
#956=VECTOR('',#3261,10.);
#957=VECTOR('',#3262,10.);
#958=VECTOR('',#3263,10.);
#959=VECTOR('',#3266,10.);
#960=VECTOR('',#3267,10.);
#961=VECTOR('',#3268,10.);
#962=VECTOR('',#3273,10.);
#963=VECTOR('',#3274,10.);
#964=VECTOR('',#3275,10.);
#965=VECTOR('',#3276,10.);
#966=VECTOR('',#3279,10.);
#967=VECTOR('',#3280,10.);
#968=VECTOR('',#3281,10.);
#969=VECTOR('',#3282,10.);
#970=VECTOR('',#3283,10.);
#971=VECTOR('',#3284,10.);
#972=VECTOR('',#3285,10.);
#973=VECTOR('',#3286,10.);
#974=VECTOR('',#3287,10.);
#975=VECTOR('',#3290,10.);
#976=VECTOR('',#3291,10.);
#977=VECTOR('',#3292,10.);
#978=VECTOR('',#3295,10.);
#979=VECTOR('',#3296,10.);
#980=VECTOR('',#3297,10.);
#981=VECTOR('',#3300,10.);
#982=VECTOR('',#3301,10.);
#983=VECTOR('',#3302,10.);
#984=VECTOR('',#3303,10.);
#985=VECTOR('',#3304,10.);
#986=VECTOR('',#3305,10.);
#987=VECTOR('',#3306,10.);
#988=VECTOR('',#3307,10.);
#989=VECTOR('',#3310,10.);
#990=VECTOR('',#3311,10.);
#991=VECTOR('',#3312,10.);
#992=VECTOR('',#3315,10.);
#993=VECTOR('',#3316,10.);
#994=VECTOR('',#3317,10.);
#995=VECTOR('',#3320,10.);
#996=VECTOR('',#3321,10.);
#997=VECTOR('',#3322,10.);
#998=VECTOR('',#3323,10.);
#999=VECTOR('',#3324,10.);
#1000=VECTOR('',#3325,10.);
#1001=VECTOR('',#3326,10.);
#1002=VECTOR('',#3327,10.);
#1003=VECTOR('',#3328,10.);
#1004=VECTOR('',#3329,10.);
#1005=VECTOR('',#3330,10.);
#1006=VECTOR('',#3333,10.);
#1007=VECTOR('',#3334,10.);
#1008=VECTOR('',#3335,10.);
#1009=VECTOR('',#3338,10.);
#1010=VECTOR('',#3339,10.);
#1011=VECTOR('',#3340,10.);
#1012=VECTOR('',#3343,10.);
#1013=VECTOR('',#3344,10.);
#1014=VECTOR('',#3349,10.);
#1015=VECTOR('',#3350,10.);
#1016=VECTOR('',#3351,10.);
#1017=VECTOR('',#3352,10.);
#1018=VECTOR('',#3355,10.);
#1019=VECTOR('',#3356,10.);
#1020=VECTOR('',#3357,10.);
#1021=VECTOR('',#3358,10.);
#1022=VECTOR('',#3359,10.);
#1023=VECTOR('',#3360,10.);
#1024=VECTOR('',#3361,10.);
#1025=VECTOR('',#3362,10.);
#1026=VECTOR('',#3363,10.);
#1027=VECTOR('',#3366,10.);
#1028=VECTOR('',#3367,10.);
#1029=VECTOR('',#3368,10.);
#1030=VECTOR('',#3371,10.);
#1031=VECTOR('',#3372,10.);
#1032=VECTOR('',#3373,10.);
#1033=VECTOR('',#3376,10.);
#1034=VECTOR('',#3377,10.);
#1035=VECTOR('',#3378,10.);
#1036=VECTOR('',#3379,10.);
#1037=VECTOR('',#3380,10.);
#1038=VECTOR('',#3381,10.);
#1039=VECTOR('',#3382,10.);
#1040=VECTOR('',#3383,10.);
#1041=VECTOR('',#3386,10.);
#1042=VECTOR('',#3387,10.);
#1043=VECTOR('',#3388,10.);
#1044=VECTOR('',#3391,10.);
#1045=VECTOR('',#3392,10.);
#1046=VECTOR('',#3393,10.);
#1047=VECTOR('',#3396,10.);
#1048=VECTOR('',#3397,10.);
#1049=VECTOR('',#3398,10.);
#1050=VECTOR('',#3399,10.);
#1051=VECTOR('',#3400,10.);
#1052=VECTOR('',#3401,10.);
#1053=VECTOR('',#3402,10.);
#1054=VECTOR('',#3403,10.);
#1055=VECTOR('',#3404,10.);
#1056=VECTOR('',#3405,10.);
#1057=VECTOR('',#3406,10.);
#1058=VECTOR('',#3409,10.);
#1059=VECTOR('',#3410,10.);
#1060=VECTOR('',#3411,10.);
#1061=VECTOR('',#3414,10.);
#1062=VECTOR('',#3415,10.);
#1063=VECTOR('',#3416,10.);
#1064=VECTOR('',#3419,10.);
#1065=VECTOR('',#3420,10.);
#1066=VECTOR('',#3423,10.);
#1067=VECTOR('',#3424,10.);
#1068=VECTOR('',#3425,10.);
#1069=VECTOR('',#3426,10.);
#1070=VECTOR('',#3427,10.);
#1071=VECTOR('',#3428,10.);
#1072=VECTOR('',#3429,10.);
#1073=VECTOR('',#3432,10.);
#1074=VECTOR('',#3433,10.);
#1075=VECTOR('',#3434,10.);
#1076=VECTOR('',#3437,10.);
#1077=VECTOR('',#3438,10.);
#1078=VECTOR('',#3439,10.);
#1079=VECTOR('',#3442,10.);
#1080=VECTOR('',#3443,10.);
#1081=VECTOR('',#3444,10.);
#1082=VECTOR('',#3447,10.);
#1083=VECTOR('',#3448,10.);
#1084=VECTOR('',#3449,10.);
#1085=VECTOR('',#3452,10.);
#1086=VECTOR('',#3453,10.);
#1087=VECTOR('',#3454,10.);
#1088=VECTOR('',#3457,10.);
#1089=VECTOR('',#3458,10.);
#1090=VECTOR('',#3459,10.);
#1091=VECTOR('',#3460,10.);
#1092=VECTOR('',#3461,10.);
#1093=VECTOR('',#3462,10.);
#1094=VECTOR('',#3463,10.);
#1095=VECTOR('',#3464,10.);
#1096=VECTOR('',#3465,10.);
#1097=VECTOR('',#3466,10.);
#1098=VECTOR('',#3469,10.);
#1099=VECTOR('',#3470,10.);
#1100=VECTOR('',#3471,10.);
#1101=VECTOR('',#3478,10.);
#1102=VECTOR('',#3481,10.);
#1103=VECTOR('',#3486,10.);
#1104=VECTOR('',#3489,10.);
#1105=VECTOR('',#3496,1.6);
#1106=VECTOR('',#3499,10.);
#1107=VECTOR('',#3502,10.);
#1108=VECTOR('',#3503,10.);
#1109=VECTOR('',#3504,10.);
#1110=VECTOR('',#3505,10.);
#1111=VECTOR('',#3506,10.);
#1112=VECTOR('',#3507,10.);
#1113=VECTOR('',#3508,10.);
#1114=VECTOR('',#3509,10.);
#1115=VECTOR('',#3510,10.);
#1116=VECTOR('',#3511,10.);
#1117=VECTOR('',#3512,10.);
#1118=VECTOR('',#3515,10.);
#1119=VECTOR('',#3516,10.);
#1120=VECTOR('',#3517,10.);
#1121=VECTOR('',#3518,10.);
#1122=VECTOR('',#3519,10.);
#1123=VECTOR('',#3520,10.);
#1124=VECTOR('',#3521,10.);
#1125=VECTOR('',#3522,10.);
#1126=VECTOR('',#3527,10.);
#1127=VECTOR('',#3532,10.);
#1128=VECTOR('',#3535,10.);
#1129=VECTOR('',#3536,10.);
#1130=VECTOR('',#3537,10.);
#1131=VECTOR('',#3538,10.);
#1132=VECTOR('',#3539,10.);
#1133=VECTOR('',#3540,10.);
#1134=VECTOR('',#3541,10.);
#1135=VECTOR('',#3546,10.);
#1136=VECTOR('',#3551,10.);
#1137=VECTOR('',#3554,10.);
#1138=VECTOR('',#3561,10.);
#1139=VECTOR('',#3566,10.);
#1140=VECTOR('',#3571,10.);
#1141=VECTOR('',#3572,10.);
#1142=VECTOR('',#3573,10.);
#1143=VECTOR('',#3578,10.);
#1144=VECTOR('',#3581,10.);
#1145=VECTOR('',#3582,10.);
#1146=VECTOR('',#3585,10.);
#1147=VECTOR('',#3588,10.);
#1148=VECTOR('',#3589,10.);
#1149=VECTOR('',#3594,10.);
#1150=VECTOR('',#3597,10.);
#1151=VECTOR('',#3600,10.);
#1152=VECTOR('',#3603,10.);
#1153=VECTOR('',#3610,10.);
#1154=VECTOR('',#3613,10.);
#1155=VECTOR('',#3614,10.);
#1156=VECTOR('',#3617,10.);
#1157=VECTOR('',#3622,10.);
#1158=VECTOR('',#3623,10.);
#1159=VECTOR('',#3626,10.);
#1160=VECTOR('',#3629,10.);
#1161=VECTOR('',#3630,10.);
#1162=VECTOR('',#3633,1.6);
#1163=VECTOR('',#3638,10.);
#1164=VECTOR('',#3639,10.);
#1165=VECTOR('',#3640,10.);
#1166=VECTOR('',#3643,10.);
#1167=VECTOR('',#3644,10.);
#1168=VECTOR('',#3647,10.);
#1169=VECTOR('',#3648,10.);
#1170=VECTOR('',#3651,10.);
#1171=VECTOR('',#3656,10.);
#1172=VECTOR('',#3657,10.);
#1173=VECTOR('',#3658,10.);
#1174=VECTOR('',#3661,10.);
#1175=VECTOR('',#3662,10.);
#1176=VECTOR('',#3665,10.);
#1177=VECTOR('',#3666,10.);
#1178=VECTOR('',#3669,10.);
#1179=VECTOR('',#3670,10.);
#1180=VECTOR('',#3673,10.);
#1181=VECTOR('',#3674,10.);
#1182=VECTOR('',#3677,10.);
#1183=VECTOR('',#3684,1.6);
#1184=VECTOR('',#3693,10.);
#1185=VECTOR('',#3696,10.);
#1186=VECTOR('',#3703,1.6);
#1187=VECTOR('',#3716,1.6);
#1188=VERTEX_POINT('',#3725);
#1189=VERTEX_POINT('',#3726);
#1190=VERTEX_POINT('',#3728);
#1191=VERTEX_POINT('',#3730);
#1192=VERTEX_POINT('',#3734);
#1193=VERTEX_POINT('',#3736);
#1194=VERTEX_POINT('',#3740);
#1195=VERTEX_POINT('',#3742);
#1196=VERTEX_POINT('',#3759);
#1197=VERTEX_POINT('',#3760);
#1198=VERTEX_POINT('',#3766);
#1199=VERTEX_POINT('',#3768);
#1200=VERTEX_POINT('',#3785);
#1201=VERTEX_POINT('',#3791);
#1202=VERTEX_POINT('',#3808);
#1203=VERTEX_POINT('',#3814);
#1204=VERTEX_POINT('',#3831);
#1205=VERTEX_POINT('',#3837);
#1206=VERTEX_POINT('',#3854);
#1207=VERTEX_POINT('',#3860);
#1208=VERTEX_POINT('',#3877);
#1209=VERTEX_POINT('',#3883);
#1210=VERTEX_POINT('',#3900);
#1211=VERTEX_POINT('',#3906);
#1212=VERTEX_POINT('',#3943);
#1213=VERTEX_POINT('',#3944);
#1214=VERTEX_POINT('',#3950);
#1215=VERTEX_POINT('',#3952);
#1216=VERTEX_POINT('',#3969);
#1217=VERTEX_POINT('',#3975);
#1218=VERTEX_POINT('',#3992);
#1219=VERTEX_POINT('',#3998);
#1220=VERTEX_POINT('',#4015);
#1221=VERTEX_POINT('',#4021);
#1222=VERTEX_POINT('',#4038);
#1223=VERTEX_POINT('',#4044);
#1224=VERTEX_POINT('',#4061);
#1225=VERTEX_POINT('',#4067);
#1226=VERTEX_POINT('',#4084);
#1227=VERTEX_POINT('',#4090);
#1228=VERTEX_POINT('',#4107);
#1229=VERTEX_POINT('',#4113);
#1230=VERTEX_POINT('',#4130);
#1231=VERTEX_POINT('',#4136);
#1232=VERTEX_POINT('',#4153);
#1233=VERTEX_POINT('',#4159);
#1234=VERTEX_POINT('',#4176);
#1235=VERTEX_POINT('',#4182);
#1236=VERTEX_POINT('',#4199);
#1237=VERTEX_POINT('',#4205);
#1238=VERTEX_POINT('',#4222);
#1239=VERTEX_POINT('',#4228);
#1240=VERTEX_POINT('',#4245);
#1241=VERTEX_POINT('',#4251);
#1242=VERTEX_POINT('',#4259);
#1243=VERTEX_POINT('',#4261);
#1244=VERTEX_POINT('',#4286);
#1245=VERTEX_POINT('',#4287);
#1246=VERTEX_POINT('',#4289);
#1247=VERTEX_POINT('',#4291);
#1248=VERTEX_POINT('',#4295);
#1249=VERTEX_POINT('',#4297);
#1250=VERTEX_POINT('',#4310);
#1251=VERTEX_POINT('',#4316);
#1252=VERTEX_POINT('',#4333);
#1253=VERTEX_POINT('',#4339);
#1254=VERTEX_POINT('',#4356);
#1255=VERTEX_POINT('',#4362);
#1256=VERTEX_POINT('',#4379);
#1257=VERTEX_POINT('',#4385);
#1258=VERTEX_POINT('',#4402);
#1259=VERTEX_POINT('',#4408);
#1260=VERTEX_POINT('',#4425);
#1261=VERTEX_POINT('',#4431);
#1262=VERTEX_POINT('',#4439);
#1263=VERTEX_POINT('',#4441);
#1264=VERTEX_POINT('',#4445);
#1265=VERTEX_POINT('',#4447);
#1266=VERTEX_POINT('',#4451);
#1267=VERTEX_POINT('',#4453);
#1268=VERTEX_POINT('',#4466);
#1269=VERTEX_POINT('',#4472);
#1270=VERTEX_POINT('',#4489);
#1271=VERTEX_POINT('',#4495);
#1272=VERTEX_POINT('',#4512);
#1273=VERTEX_POINT('',#4518);
#1274=VERTEX_POINT('',#4535);
#1275=VERTEX_POINT('',#4541);
#1276=VERTEX_POINT('',#4558);
#1277=VERTEX_POINT('',#4564);
#1278=VERTEX_POINT('',#4572);
#1279=VERTEX_POINT('',#4574);
#1280=VERTEX_POINT('',#4578);
#1281=VERTEX_POINT('',#4580);
#1282=VERTEX_POINT('',#4584);
#1283=VERTEX_POINT('',#4586);
#1284=VERTEX_POINT('',#4599);
#1285=VERTEX_POINT('',#4605);
#1286=VERTEX_POINT('',#4622);
#1287=VERTEX_POINT('',#4628);
#1288=VERTEX_POINT('',#4645);
#1289=VERTEX_POINT('',#4651);
#1290=VERTEX_POINT('',#4668);
#1291=VERTEX_POINT('',#4674);
#1292=VERTEX_POINT('',#4691);
#1293=VERTEX_POINT('',#4697);
#1294=VERTEX_POINT('',#4714);
#1295=VERTEX_POINT('',#4720);
#1296=VERTEX_POINT('',#4737);
#1297=VERTEX_POINT('',#4743);
#1298=VERTEX_POINT('',#4760);
#1299=VERTEX_POINT('',#4766);
#1300=VERTEX_POINT('',#4774);
#1301=VERTEX_POINT('',#4776);
#1302=VERTEX_POINT('',#4780);
#1303=VERTEX_POINT('',#4782);
#1304=VERTEX_POINT('',#4790);
#1305=VERTEX_POINT('',#4791);
#1306=VERTEX_POINT('',#4793);
#1307=VERTEX_POINT('',#4795);
#1308=VERTEX_POINT('',#4799);
#1309=VERTEX_POINT('',#4801);
#1310=VERTEX_POINT('',#4814);
#1311=VERTEX_POINT('',#4820);
#1312=VERTEX_POINT('',#4837);
#1313=VERTEX_POINT('',#4843);
#1314=VERTEX_POINT('',#4860);
#1315=VERTEX_POINT('',#4866);
#1316=VERTEX_POINT('',#4883);
#1317=VERTEX_POINT('',#4889);
#1318=VERTEX_POINT('',#4906);
#1319=VERTEX_POINT('',#4912);
#1320=VERTEX_POINT('',#4929);
#1321=VERTEX_POINT('',#4935);
#1322=VERTEX_POINT('',#4943);
#1323=VERTEX_POINT('',#4945);
#1324=VERTEX_POINT('',#4949);
#1325=VERTEX_POINT('',#4951);
#1326=VERTEX_POINT('',#4955);
#1327=VERTEX_POINT('',#4957);
#1328=VERTEX_POINT('',#4970);
#1329=VERTEX_POINT('',#4976);
#1330=VERTEX_POINT('',#4993);
#1331=VERTEX_POINT('',#4999);
#1332=VERTEX_POINT('',#5016);
#1333=VERTEX_POINT('',#5022);
#1334=VERTEX_POINT('',#5039);
#1335=VERTEX_POINT('',#5045);
#1336=VERTEX_POINT('',#5062);
#1337=VERTEX_POINT('',#5068);
#1338=VERTEX_POINT('',#5076);
#1339=VERTEX_POINT('',#5078);
#1340=VERTEX_POINT('',#5082);
#1341=VERTEX_POINT('',#5084);
#1342=VERTEX_POINT('',#5088);
#1343=VERTEX_POINT('',#5090);
#1344=VERTEX_POINT('',#5103);
#1345=VERTEX_POINT('',#5109);
#1346=VERTEX_POINT('',#5126);
#1347=VERTEX_POINT('',#5132);
#1348=VERTEX_POINT('',#5149);
#1349=VERTEX_POINT('',#5155);
#1350=VERTEX_POINT('',#5172);
#1351=VERTEX_POINT('',#5178);
#1352=VERTEX_POINT('',#5195);
#1353=VERTEX_POINT('',#5201);
#1354=VERTEX_POINT('',#5218);
#1355=VERTEX_POINT('',#5224);
#1356=VERTEX_POINT('',#5241);
#1357=VERTEX_POINT('',#5247);
#1358=VERTEX_POINT('',#5264);
#1359=VERTEX_POINT('',#5270);
#1360=VERTEX_POINT('',#5278);
#1361=VERTEX_POINT('',#5280);
#1362=VERTEX_POINT('',#5284);
#1363=VERTEX_POINT('',#5286);
#1364=VERTEX_POINT('',#5303);
#1365=VERTEX_POINT('',#5304);
#1366=VERTEX_POINT('',#5310);
#1367=VERTEX_POINT('',#5312);
#1368=VERTEX_POINT('',#5329);
#1369=VERTEX_POINT('',#5335);
#1370=VERTEX_POINT('',#5352);
#1371=VERTEX_POINT('',#5358);
#1372=VERTEX_POINT('',#5375);
#1373=VERTEX_POINT('',#5381);
#1374=VERTEX_POINT('',#5398);
#1375=VERTEX_POINT('',#5404);
#1376=VERTEX_POINT('',#5421);
#1377=VERTEX_POINT('',#5427);
#1378=VERTEX_POINT('',#5435);
#1379=VERTEX_POINT('',#5437);
#1380=VERTEX_POINT('',#5441);
#1381=VERTEX_POINT('',#5443);
#1382=VERTEX_POINT('',#5447);
#1383=VERTEX_POINT('',#5449);
#1384=VERTEX_POINT('',#5453);
#1385=VERTEX_POINT('',#5455);
#1386=VERTEX_POINT('',#5459);
#1387=VERTEX_POINT('',#5461);
#1388=VERTEX_POINT('',#5465);
#1389=VERTEX_POINT('',#5467);
#1390=VERTEX_POINT('',#5480);
#1391=VERTEX_POINT('',#5486);
#1392=VERTEX_POINT('',#5503);
#1393=VERTEX_POINT('',#5509);
#1394=VERTEX_POINT('',#5526);
#1395=VERTEX_POINT('',#5532);
#1396=VERTEX_POINT('',#5549);
#1397=VERTEX_POINT('',#5555);
#1398=VERTEX_POINT('',#5572);
#1399=VERTEX_POINT('',#5578);
#1400=VERTEX_POINT('',#5595);
#1401=VERTEX_POINT('',#5601);
#1402=VERTEX_POINT('',#5618);
#1403=VERTEX_POINT('',#5624);
#1404=VERTEX_POINT('',#5632);
#1405=VERTEX_POINT('',#5634);
#1406=VERTEX_POINT('',#5660);
#1407=VERTEX_POINT('',#5661);
#1408=VERTEX_POINT('',#5674);
#1409=VERTEX_POINT('',#5676);
#1410=VERTEX_POINT('',#5687);
#1411=VERTEX_POINT('',#5689);
#1412=VERTEX_POINT('',#5693);
#1413=VERTEX_POINT('',#5695);
#1414=VERTEX_POINT('',#5698);
#1415=VERTEX_POINT('',#5701);
#1416=VERTEX_POINT('',#5702);
#1417=VERTEX_POINT('',#5704);
#1418=VERTEX_POINT('',#5706);
#1419=VERTEX_POINT('',#5708);
#1420=VERTEX_POINT('',#5729);
#1421=VERTEX_POINT('',#5752);
#1422=VERTEX_POINT('',#5754);
#1423=VERTEX_POINT('',#5756);
#1424=VERTEX_POINT('',#5758);
#1425=VERTEX_POINT('',#5760);
#1426=VERTEX_POINT('',#5763);
#1427=VERTEX_POINT('',#5766);
#1428=VERTEX_POINT('',#5768);
#1429=VERTEX_POINT('',#5771);
#1430=VERTEX_POINT('',#5773);
#1431=VERTEX_POINT('',#5774);
#1432=VERTEX_POINT('',#5776);
#1433=VERTEX_POINT('',#5778);
#1434=VERTEX_POINT('',#5780);
#1435=VERTEX_POINT('',#5782);
#1436=VERTEX_POINT('',#5784);
#1437=VERTEX_POINT('',#5786);
#1438=VERTEX_POINT('',#5790);
#1439=VERTEX_POINT('',#5801);
#1440=VERTEX_POINT('',#5814);
#1441=VERTEX_POINT('',#5816);
#1442=VERTEX_POINT('',#5820);
#1443=VERTEX_POINT('',#5822);
#1444=VERTEX_POINT('',#5825);
#1445=VERTEX_POINT('',#5826);
#1446=VERTEX_POINT('',#5828);
#1447=VERTEX_POINT('',#5830);
#1448=VERTEX_POINT('',#5832);
#1449=VERTEX_POINT('',#5834);
#1450=VERTEX_POINT('',#5838);
#1451=VERTEX_POINT('',#5849);
#1452=VERTEX_POINT('',#5862);
#1453=VERTEX_POINT('',#5864);
#1454=VERTEX_POINT('',#5868);
#1455=VERTEX_POINT('',#5870);
#1456=VERTEX_POINT('',#5873);
#1457=VERTEX_POINT('',#5876);
#1458=VERTEX_POINT('',#5880);
#1459=VERTEX_POINT('',#5882);
#1460=VERTEX_POINT('',#5886);
#1461=VERTEX_POINT('',#5888);
#1462=VERTEX_POINT('',#5892);
#1463=VERTEX_POINT('',#5896);
#1464=VERTEX_POINT('',#5902);
#1465=VERTEX_POINT('',#5906);
#1466=VERTEX_POINT('',#5910);
#1467=VERTEX_POINT('',#5912);
#1468=VERTEX_POINT('',#5915);
#1469=VERTEX_POINT('',#5917);
#1470=VERTEX_POINT('',#5921);
#1471=VERTEX_POINT('',#5925);
#1472=VERTEX_POINT('',#5929);
#1473=VERTEX_POINT('',#5933);
#1474=VERTEX_POINT('',#5939);
#1475=VERTEX_POINT('',#5943);
#1476=VERTEX_POINT('',#5947);
#1477=VERTEX_POINT('',#5949);
#1478=VERTEX_POINT('',#5953);
#1479=VERTEX_POINT('',#5957);
#1480=VERTEX_POINT('',#5964);
#1481=VERTEX_POINT('',#5966);
#1482=VERTEX_POINT('',#5970);
#1483=VERTEX_POINT('',#5974);
#1484=VERTEX_POINT('',#5978);
#1485=VERTEX_POINT('',#5982);
#1486=VERTEX_POINT('',#5988);
#1487=VERTEX_POINT('',#5991);
#1488=VERTEX_POINT('',#6003);
#1489=VERTEX_POINT('',#6010);
#1490=EDGE_CURVE('',#1188,#1189,#660,.T.);
#1491=EDGE_CURVE('',#1188,#1190,#661,.T.);
#1492=EDGE_CURVE('',#1190,#1191,#662,.T.);
#1493=EDGE_CURVE('',#1189,#1191,#663,.T.);
#1494=EDGE_CURVE('',#1192,#1188,#664,.T.);
#1495=EDGE_CURVE('',#1192,#1193,#665,.T.);
#1496=EDGE_CURVE('',#1193,#1190,#666,.T.);
#1497=EDGE_CURVE('',#1194,#1192,#667,.T.);
#1498=EDGE_CURVE('',#1194,#1195,#668,.T.);
#1499=EDGE_CURVE('',#1195,#1193,#669,.T.);
#1500=EDGE_CURVE('',#1189,#1194,#670,.T.);
#1501=EDGE_CURVE('',#1191,#1195,#671,.T.);
#1502=EDGE_CURVE('',#1196,#1197,#84,.T.);
#1503=EDGE_CURVE('',#1196,#1198,#672,.T.);
#1504=EDGE_CURVE('',#1198,#1199,#85,.T.);
#1505=EDGE_CURVE('',#1197,#1199,#673,.T.);
#1506=EDGE_CURVE('',#1200,#1196,#86,.T.);
#1507=EDGE_CURVE('',#1200,#1201,#674,.T.);
#1508=EDGE_CURVE('',#1201,#1198,#87,.T.);
#1509=EDGE_CURVE('',#1202,#1200,#88,.T.);
#1510=EDGE_CURVE('',#1202,#1203,#675,.T.);
#1511=EDGE_CURVE('',#1203,#1201,#89,.T.);
#1512=EDGE_CURVE('',#1204,#1202,#90,.T.);
#1513=EDGE_CURVE('',#1204,#1205,#676,.T.);
#1514=EDGE_CURVE('',#1205,#1203,#91,.T.);
#1515=EDGE_CURVE('',#1206,#1204,#92,.T.);
#1516=EDGE_CURVE('',#1206,#1207,#677,.T.);
#1517=EDGE_CURVE('',#1207,#1205,#93,.T.);
#1518=EDGE_CURVE('',#1208,#1206,#94,.T.);
#1519=EDGE_CURVE('',#1208,#1209,#678,.T.);
#1520=EDGE_CURVE('',#1209,#1207,#95,.T.);
#1521=EDGE_CURVE('',#1210,#1208,#96,.T.);
#1522=EDGE_CURVE('',#1210,#1211,#679,.T.);
#1523=EDGE_CURVE('',#1211,#1209,#97,.T.);
#1524=EDGE_CURVE('',#1197,#1210,#98,.T.);
#1525=EDGE_CURVE('',#1199,#1211,#99,.T.);
#1526=EDGE_CURVE('',#1212,#1213,#100,.T.);
#1527=EDGE_CURVE('',#1212,#1214,#680,.T.);
#1528=EDGE_CURVE('',#1214,#1215,#101,.T.);
#1529=EDGE_CURVE('',#1213,#1215,#681,.T.);
#1530=EDGE_CURVE('',#1216,#1212,#102,.T.);
#1531=EDGE_CURVE('',#1216,#1217,#682,.T.);
#1532=EDGE_CURVE('',#1217,#1214,#103,.T.);
#1533=EDGE_CURVE('',#1218,#1216,#104,.T.);
#1534=EDGE_CURVE('',#1218,#1219,#683,.T.);
#1535=EDGE_CURVE('',#1219,#1217,#105,.T.);
#1536=EDGE_CURVE('',#1220,#1218,#106,.T.);
#1537=EDGE_CURVE('',#1220,#1221,#684,.T.);
#1538=EDGE_CURVE('',#1221,#1219,#107,.T.);
#1539=EDGE_CURVE('',#1222,#1220,#108,.T.);
#1540=EDGE_CURVE('',#1222,#1223,#685,.T.);
#1541=EDGE_CURVE('',#1223,#1221,#109,.T.);
#1542=EDGE_CURVE('',#1224,#1222,#110,.T.);
#1543=EDGE_CURVE('',#1224,#1225,#686,.T.);
#1544=EDGE_CURVE('',#1225,#1223,#111,.T.);
#1545=EDGE_CURVE('',#1226,#1224,#112,.T.);
#1546=EDGE_CURVE('',#1226,#1227,#687,.T.);
#1547=EDGE_CURVE('',#1227,#1225,#113,.T.);
#1548=EDGE_CURVE('',#1228,#1226,#114,.T.);
#1549=EDGE_CURVE('',#1228,#1229,#688,.T.);
#1550=EDGE_CURVE('',#1229,#1227,#115,.T.);
#1551=EDGE_CURVE('',#1230,#1228,#116,.T.);
#1552=EDGE_CURVE('',#1230,#1231,#689,.T.);
#1553=EDGE_CURVE('',#1231,#1229,#117,.T.);
#1554=EDGE_CURVE('',#1232,#1230,#118,.T.);
#1555=EDGE_CURVE('',#1232,#1233,#690,.T.);
#1556=EDGE_CURVE('',#1233,#1231,#119,.T.);
#1557=EDGE_CURVE('',#1234,#1232,#120,.T.);
#1558=EDGE_CURVE('',#1234,#1235,#691,.T.);
#1559=EDGE_CURVE('',#1235,#1233,#121,.T.);
#1560=EDGE_CURVE('',#1236,#1234,#122,.T.);
#1561=EDGE_CURVE('',#1236,#1237,#692,.T.);
#1562=EDGE_CURVE('',#1237,#1235,#123,.T.);
#1563=EDGE_CURVE('',#1238,#1236,#124,.T.);
#1564=EDGE_CURVE('',#1238,#1239,#693,.T.);
#1565=EDGE_CURVE('',#1239,#1237,#125,.T.);
#1566=EDGE_CURVE('',#1240,#1238,#126,.T.);
#1567=EDGE_CURVE('',#1240,#1241,#694,.T.);
#1568=EDGE_CURVE('',#1241,#1239,#127,.T.);
#1569=EDGE_CURVE('',#1242,#1240,#695,.T.);
#1570=EDGE_CURVE('',#1242,#1243,#696,.T.);
#1571=EDGE_CURVE('',#1243,#1241,#697,.T.);
#1572=EDGE_CURVE('',#1213,#1242,#128,.T.);
#1573=EDGE_CURVE('',#1215,#1243,#129,.T.);
#1574=EDGE_CURVE('',#1244,#1245,#698,.T.);
#1575=EDGE_CURVE('',#1244,#1246,#699,.T.);
#1576=EDGE_CURVE('',#1246,#1247,#700,.T.);
#1577=EDGE_CURVE('',#1245,#1247,#701,.T.);
#1578=EDGE_CURVE('',#1248,#1244,#702,.T.);
#1579=EDGE_CURVE('',#1248,#1249,#703,.T.);
#1580=EDGE_CURVE('',#1249,#1246,#704,.T.);
#1581=EDGE_CURVE('',#1250,#1248,#130,.T.);
#1582=EDGE_CURVE('',#1250,#1251,#705,.T.);
#1583=EDGE_CURVE('',#1251,#1249,#131,.T.);
#1584=EDGE_CURVE('',#1252,#1250,#132,.T.);
#1585=EDGE_CURVE('',#1252,#1253,#706,.T.);
#1586=EDGE_CURVE('',#1253,#1251,#133,.T.);
#1587=EDGE_CURVE('',#1254,#1252,#134,.T.);
#1588=EDGE_CURVE('',#1254,#1255,#707,.T.);
#1589=EDGE_CURVE('',#1255,#1253,#135,.T.);
#1590=EDGE_CURVE('',#1256,#1254,#136,.T.);
#1591=EDGE_CURVE('',#1256,#1257,#708,.T.);
#1592=EDGE_CURVE('',#1257,#1255,#137,.T.);
#1593=EDGE_CURVE('',#1258,#1256,#138,.T.);
#1594=EDGE_CURVE('',#1258,#1259,#709,.T.);
#1595=EDGE_CURVE('',#1259,#1257,#139,.T.);
#1596=EDGE_CURVE('',#1260,#1258,#140,.T.);
#1597=EDGE_CURVE('',#1260,#1261,#710,.T.);
#1598=EDGE_CURVE('',#1261,#1259,#141,.T.);
#1599=EDGE_CURVE('',#1262,#1260,#711,.T.);
#1600=EDGE_CURVE('',#1262,#1263,#712,.T.);
#1601=EDGE_CURVE('',#1263,#1261,#713,.T.);
#1602=EDGE_CURVE('',#1264,#1262,#714,.T.);
#1603=EDGE_CURVE('',#1264,#1265,#715,.T.);
#1604=EDGE_CURVE('',#1265,#1263,#716,.T.);
#1605=EDGE_CURVE('',#1266,#1264,#717,.T.);
#1606=EDGE_CURVE('',#1266,#1267,#718,.T.);
#1607=EDGE_CURVE('',#1267,#1265,#719,.T.);
#1608=EDGE_CURVE('',#1268,#1266,#142,.T.);
#1609=EDGE_CURVE('',#1268,#1269,#720,.T.);
#1610=EDGE_CURVE('',#1269,#1267,#143,.T.);
#1611=EDGE_CURVE('',#1270,#1268,#144,.T.);
#1612=EDGE_CURVE('',#1270,#1271,#721,.T.);
#1613=EDGE_CURVE('',#1271,#1269,#145,.T.);
#1614=EDGE_CURVE('',#1272,#1270,#146,.T.);
#1615=EDGE_CURVE('',#1272,#1273,#722,.T.);
#1616=EDGE_CURVE('',#1273,#1271,#147,.T.);
#1617=EDGE_CURVE('',#1274,#1272,#148,.T.);
#1618=EDGE_CURVE('',#1274,#1275,#723,.T.);
#1619=EDGE_CURVE('',#1275,#1273,#149,.T.);
#1620=EDGE_CURVE('',#1276,#1274,#150,.T.);
#1621=EDGE_CURVE('',#1276,#1277,#724,.T.);
#1622=EDGE_CURVE('',#1277,#1275,#151,.T.);
#1623=EDGE_CURVE('',#1278,#1276,#725,.T.);
#1624=EDGE_CURVE('',#1278,#1279,#726,.T.);
#1625=EDGE_CURVE('',#1279,#1277,#727,.T.);
#1626=EDGE_CURVE('',#1280,#1278,#728,.T.);
#1627=EDGE_CURVE('',#1280,#1281,#729,.T.);
#1628=EDGE_CURVE('',#1281,#1279,#730,.T.);
#1629=EDGE_CURVE('',#1282,#1280,#731,.T.);
#1630=EDGE_CURVE('',#1282,#1283,#732,.T.);
#1631=EDGE_CURVE('',#1283,#1281,#733,.T.);
#1632=EDGE_CURVE('',#1284,#1282,#152,.T.);
#1633=EDGE_CURVE('',#1284,#1285,#734,.T.);
#1634=EDGE_CURVE('',#1285,#1283,#153,.T.);
#1635=EDGE_CURVE('',#1286,#1284,#154,.T.);
#1636=EDGE_CURVE('',#1286,#1287,#735,.T.);
#1637=EDGE_CURVE('',#1287,#1285,#155,.T.);
#1638=EDGE_CURVE('',#1288,#1286,#156,.T.);
#1639=EDGE_CURVE('',#1288,#1289,#736,.T.);
#1640=EDGE_CURVE('',#1289,#1287,#157,.T.);
#1641=EDGE_CURVE('',#1290,#1288,#158,.T.);
#1642=EDGE_CURVE('',#1290,#1291,#737,.T.);
#1643=EDGE_CURVE('',#1291,#1289,#159,.T.);
#1644=EDGE_CURVE('',#1292,#1290,#160,.T.);
#1645=EDGE_CURVE('',#1292,#1293,#738,.T.);
#1646=EDGE_CURVE('',#1293,#1291,#161,.T.);
#1647=EDGE_CURVE('',#1294,#1292,#162,.T.);
#1648=EDGE_CURVE('',#1294,#1295,#739,.T.);
#1649=EDGE_CURVE('',#1295,#1293,#163,.T.);
#1650=EDGE_CURVE('',#1296,#1294,#164,.T.);
#1651=EDGE_CURVE('',#1296,#1297,#740,.T.);
#1652=EDGE_CURVE('',#1297,#1295,#165,.T.);
#1653=EDGE_CURVE('',#1298,#1296,#166,.T.);
#1654=EDGE_CURVE('',#1298,#1299,#741,.T.);
#1655=EDGE_CURVE('',#1299,#1297,#167,.T.);
#1656=EDGE_CURVE('',#1300,#1298,#742,.T.);
#1657=EDGE_CURVE('',#1300,#1301,#743,.T.);
#1658=EDGE_CURVE('',#1301,#1299,#744,.T.);
#1659=EDGE_CURVE('',#1302,#1300,#745,.T.);
#1660=EDGE_CURVE('',#1302,#1303,#746,.T.);
#1661=EDGE_CURVE('',#1303,#1301,#747,.T.);
#1662=EDGE_CURVE('',#1245,#1302,#748,.T.);
#1663=EDGE_CURVE('',#1247,#1303,#749,.T.);
#1664=EDGE_CURVE('',#1304,#1305,#750,.T.);
#1665=EDGE_CURVE('',#1304,#1306,#751,.T.);
#1666=EDGE_CURVE('',#1306,#1307,#752,.T.);
#1667=EDGE_CURVE('',#1305,#1307,#753,.T.);
#1668=EDGE_CURVE('',#1308,#1304,#754,.T.);
#1669=EDGE_CURVE('',#1308,#1309,#755,.T.);
#1670=EDGE_CURVE('',#1309,#1306,#756,.T.);
#1671=EDGE_CURVE('',#1310,#1308,#168,.T.);
#1672=EDGE_CURVE('',#1310,#1311,#757,.T.);
#1673=EDGE_CURVE('',#1311,#1309,#169,.T.);
#1674=EDGE_CURVE('',#1312,#1310,#170,.T.);
#1675=EDGE_CURVE('',#1312,#1313,#758,.T.);
#1676=EDGE_CURVE('',#1313,#1311,#171,.T.);
#1677=EDGE_CURVE('',#1314,#1312,#172,.T.);
#1678=EDGE_CURVE('',#1314,#1315,#759,.T.);
#1679=EDGE_CURVE('',#1315,#1313,#173,.T.);
#1680=EDGE_CURVE('',#1316,#1314,#174,.T.);
#1681=EDGE_CURVE('',#1316,#1317,#760,.T.);
#1682=EDGE_CURVE('',#1317,#1315,#175,.T.);
#1683=EDGE_CURVE('',#1318,#1316,#176,.T.);
#1684=EDGE_CURVE('',#1318,#1319,#761,.T.);
#1685=EDGE_CURVE('',#1319,#1317,#177,.T.);
#1686=EDGE_CURVE('',#1320,#1318,#178,.T.);
#1687=EDGE_CURVE('',#1320,#1321,#762,.T.);
#1688=EDGE_CURVE('',#1321,#1319,#179,.T.);
#1689=EDGE_CURVE('',#1322,#1320,#763,.T.);
#1690=EDGE_CURVE('',#1322,#1323,#764,.T.);
#1691=EDGE_CURVE('',#1323,#1321,#765,.T.);
#1692=EDGE_CURVE('',#1324,#1322,#766,.T.);
#1693=EDGE_CURVE('',#1324,#1325,#767,.T.);
#1694=EDGE_CURVE('',#1325,#1323,#768,.T.);
#1695=EDGE_CURVE('',#1326,#1324,#769,.T.);
#1696=EDGE_CURVE('',#1326,#1327,#770,.T.);
#1697=EDGE_CURVE('',#1327,#1325,#771,.T.);
#1698=EDGE_CURVE('',#1328,#1326,#180,.T.);
#1699=EDGE_CURVE('',#1328,#1329,#772,.T.);
#1700=EDGE_CURVE('',#1329,#1327,#181,.T.);
#1701=EDGE_CURVE('',#1330,#1328,#182,.T.);
#1702=EDGE_CURVE('',#1330,#1331,#773,.T.);
#1703=EDGE_CURVE('',#1331,#1329,#183,.T.);
#1704=EDGE_CURVE('',#1332,#1330,#184,.T.);
#1705=EDGE_CURVE('',#1332,#1333,#774,.T.);
#1706=EDGE_CURVE('',#1333,#1331,#185,.T.);
#1707=EDGE_CURVE('',#1334,#1332,#186,.T.);
#1708=EDGE_CURVE('',#1334,#1335,#775,.T.);
#1709=EDGE_CURVE('',#1335,#1333,#187,.T.);
#1710=EDGE_CURVE('',#1336,#1334,#188,.T.);
#1711=EDGE_CURVE('',#1336,#1337,#776,.T.);
#1712=EDGE_CURVE('',#1337,#1335,#189,.T.);
#1713=EDGE_CURVE('',#1338,#1336,#777,.T.);
#1714=EDGE_CURVE('',#1338,#1339,#778,.T.);
#1715=EDGE_CURVE('',#1339,#1337,#779,.T.);
#1716=EDGE_CURVE('',#1340,#1338,#780,.T.);
#1717=EDGE_CURVE('',#1340,#1341,#781,.T.);
#1718=EDGE_CURVE('',#1341,#1339,#782,.T.);
#1719=EDGE_CURVE('',#1342,#1340,#783,.T.);
#1720=EDGE_CURVE('',#1342,#1343,#784,.T.);
#1721=EDGE_CURVE('',#1343,#1341,#785,.T.);
#1722=EDGE_CURVE('',#1344,#1342,#190,.T.);
#1723=EDGE_CURVE('',#1344,#1345,#786,.T.);
#1724=EDGE_CURVE('',#1345,#1343,#191,.T.);
#1725=EDGE_CURVE('',#1346,#1344,#192,.T.);
#1726=EDGE_CURVE('',#1346,#1347,#787,.T.);
#1727=EDGE_CURVE('',#1347,#1345,#193,.T.);
#1728=EDGE_CURVE('',#1348,#1346,#194,.T.);
#1729=EDGE_CURVE('',#1348,#1349,#788,.T.);
#1730=EDGE_CURVE('',#1349,#1347,#195,.T.);
#1731=EDGE_CURVE('',#1350,#1348,#196,.T.);
#1732=EDGE_CURVE('',#1350,#1351,#789,.T.);
#1733=EDGE_CURVE('',#1351,#1349,#197,.T.);
#1734=EDGE_CURVE('',#1352,#1350,#198,.T.);
#1735=EDGE_CURVE('',#1352,#1353,#790,.T.);
#1736=EDGE_CURVE('',#1353,#1351,#199,.T.);
#1737=EDGE_CURVE('',#1354,#1352,#200,.T.);
#1738=EDGE_CURVE('',#1354,#1355,#791,.T.);
#1739=EDGE_CURVE('',#1355,#1353,#201,.T.);
#1740=EDGE_CURVE('',#1356,#1354,#202,.T.);
#1741=EDGE_CURVE('',#1356,#1357,#792,.T.);
#1742=EDGE_CURVE('',#1357,#1355,#203,.T.);
#1743=EDGE_CURVE('',#1358,#1356,#204,.T.);
#1744=EDGE_CURVE('',#1358,#1359,#793,.T.);
#1745=EDGE_CURVE('',#1359,#1357,#205,.T.);
#1746=EDGE_CURVE('',#1360,#1358,#794,.T.);
#1747=EDGE_CURVE('',#1360,#1361,#795,.T.);
#1748=EDGE_CURVE('',#1361,#1359,#796,.T.);
#1749=EDGE_CURVE('',#1362,#1360,#797,.T.);
#1750=EDGE_CURVE('',#1362,#1363,#798,.T.);
#1751=EDGE_CURVE('',#1363,#1361,#799,.T.);
#1752=EDGE_CURVE('',#1305,#1362,#800,.T.);
#1753=EDGE_CURVE('',#1307,#1363,#801,.T.);
#1754=EDGE_CURVE('',#1364,#1365,#206,.T.);
#1755=EDGE_CURVE('',#1364,#1366,#802,.T.);
#1756=EDGE_CURVE('',#1366,#1367,#207,.T.);
#1757=EDGE_CURVE('',#1365,#1367,#803,.T.);
#1758=EDGE_CURVE('',#1368,#1364,#208,.T.);
#1759=EDGE_CURVE('',#1368,#1369,#804,.T.);
#1760=EDGE_CURVE('',#1369,#1366,#209,.T.);
#1761=EDGE_CURVE('',#1370,#1368,#210,.T.);
#1762=EDGE_CURVE('',#1370,#1371,#805,.T.);
#1763=EDGE_CURVE('',#1371,#1369,#211,.T.);
#1764=EDGE_CURVE('',#1372,#1370,#212,.T.);
#1765=EDGE_CURVE('',#1372,#1373,#806,.T.);
#1766=EDGE_CURVE('',#1373,#1371,#213,.T.);
#1767=EDGE_CURVE('',#1374,#1372,#214,.T.);
#1768=EDGE_CURVE('',#1374,#1375,#807,.T.);
#1769=EDGE_CURVE('',#1375,#1373,#215,.T.);
#1770=EDGE_CURVE('',#1376,#1374,#216,.T.);
#1771=EDGE_CURVE('',#1376,#1377,#808,.T.);
#1772=EDGE_CURVE('',#1377,#1375,#217,.T.);
#1773=EDGE_CURVE('',#1378,#1376,#809,.T.);
#1774=EDGE_CURVE('',#1378,#1379,#810,.T.);
#1775=EDGE_CURVE('',#1379,#1377,#811,.T.);
#1776=EDGE_CURVE('',#1380,#1378,#812,.T.);
#1777=EDGE_CURVE('',#1380,#1381,#813,.T.);
#1778=EDGE_CURVE('',#1381,#1379,#814,.T.);
#1779=EDGE_CURVE('',#1382,#1380,#815,.T.);
#1780=EDGE_CURVE('',#1382,#1383,#816,.T.);
#1781=EDGE_CURVE('',#1383,#1381,#817,.T.);
#1782=EDGE_CURVE('',#1384,#1382,#818,.T.);
#1783=EDGE_CURVE('',#1384,#1385,#819,.T.);
#1784=EDGE_CURVE('',#1385,#1383,#820,.T.);
#1785=EDGE_CURVE('',#1386,#1384,#821,.T.);
#1786=EDGE_CURVE('',#1386,#1387,#822,.T.);
#1787=EDGE_CURVE('',#1387,#1385,#823,.T.);
#1788=EDGE_CURVE('',#1388,#1386,#824,.T.);
#1789=EDGE_CURVE('',#1388,#1389,#825,.T.);
#1790=EDGE_CURVE('',#1389,#1387,#826,.T.);
#1791=EDGE_CURVE('',#1390,#1388,#218,.T.);
#1792=EDGE_CURVE('',#1390,#1391,#827,.T.);
#1793=EDGE_CURVE('',#1391,#1389,#219,.T.);
#1794=EDGE_CURVE('',#1392,#1390,#220,.T.);
#1795=EDGE_CURVE('',#1392,#1393,#828,.T.);
#1796=EDGE_CURVE('',#1393,#1391,#221,.T.);
#1797=EDGE_CURVE('',#1394,#1392,#222,.T.);
#1798=EDGE_CURVE('',#1394,#1395,#829,.T.);
#1799=EDGE_CURVE('',#1395,#1393,#223,.T.);
#1800=EDGE_CURVE('',#1396,#1394,#224,.T.);
#1801=EDGE_CURVE('',#1396,#1397,#830,.T.);
#1802=EDGE_CURVE('',#1397,#1395,#225,.T.);
#1803=EDGE_CURVE('',#1398,#1396,#226,.T.);
#1804=EDGE_CURVE('',#1398,#1399,#831,.T.);
#1805=EDGE_CURVE('',#1399,#1397,#227,.T.);
#1806=EDGE_CURVE('',#1400,#1398,#228,.T.);
#1807=EDGE_CURVE('',#1400,#1401,#832,.T.);
#1808=EDGE_CURVE('',#1401,#1399,#229,.T.);
#1809=EDGE_CURVE('',#1402,#1400,#230,.T.);
#1810=EDGE_CURVE('',#1402,#1403,#833,.T.);
#1811=EDGE_CURVE('',#1403,#1401,#231,.T.);
#1812=EDGE_CURVE('',#1404,#1402,#834,.T.);
#1813=EDGE_CURVE('',#1404,#1405,#835,.T.);
#1814=EDGE_CURVE('',#1405,#1403,#836,.T.);
#1815=EDGE_CURVE('',#1365,#1404,#232,.T.);
#1816=EDGE_CURVE('',#1367,#1405,#233,.T.);
#1817=EDGE_CURVE('',#1406,#1407,#234,.F.);
#1818=EDGE_CURVE('',#1406,#1408,#837,.T.);
#1819=EDGE_CURVE('',#1408,#1409,#235,.T.);
#1820=EDGE_CURVE('',#1409,#1410,#15,.T.);
#1821=EDGE_CURVE('',#1410,#1411,#838,.T.);
#1822=EDGE_CURVE('',#1407,#1411,#16,.F.);
#1823=EDGE_CURVE('',#1410,#1412,#839,.T.);
#1824=EDGE_CURVE('',#1413,#1412,#17,.T.);
#1825=EDGE_CURVE('',#1411,#1413,#840,.T.);
#1826=EDGE_CURVE('',#1414,#1414,#18,.T.);
#1827=EDGE_CURVE('',#1415,#1416,#19,.T.);
#1828=EDGE_CURVE('',#1416,#1417,#841,.T.);
#1829=EDGE_CURVE('',#1418,#1417,#20,.F.);
#1830=EDGE_CURVE('',#1419,#1418,#236,.F.);
#1831=EDGE_CURVE('',#1419,#1420,#842,.T.);
#1832=EDGE_CURVE('',#1420,#1415,#237,.T.);
#1833=EDGE_CURVE('',#1420,#1421,#843,.T.);
#1834=EDGE_CURVE('',#1420,#1422,#844,.T.);
#1835=EDGE_CURVE('',#1422,#1423,#845,.T.);
#1836=EDGE_CURVE('',#1423,#1424,#846,.T.);
#1837=EDGE_CURVE('',#1424,#1425,#847,.T.);
#1838=EDGE_CURVE('',#1425,#1419,#848,.T.);
#1839=EDGE_CURVE('',#1426,#1419,#849,.T.);
#1840=EDGE_CURVE('',#1421,#1426,#850,.T.);
#1841=EDGE_CURVE('',#1427,#1406,#851,.T.);
#1842=EDGE_CURVE('',#1427,#1428,#852,.T.);
#1843=EDGE_CURVE('',#1408,#1428,#853,.T.);
#1844=EDGE_CURVE('',#1429,#1429,#21,.T.);
#1845=EDGE_CURVE('',#1430,#1431,#854,.T.);
#1846=EDGE_CURVE('',#1430,#1432,#855,.T.);
#1847=EDGE_CURVE('',#1433,#1432,#856,.T.);
#1848=EDGE_CURVE('',#1433,#1434,#857,.T.);
#1849=EDGE_CURVE('',#1435,#1434,#858,.T.);
#1850=EDGE_CURVE('',#1435,#1436,#859,.T.);
#1851=EDGE_CURVE('',#1437,#1436,#860,.T.);
#1852=EDGE_CURVE('',#1431,#1437,#861,.T.);
#1853=EDGE_CURVE('',#1431,#1438,#238,.F.);
#1854=EDGE_CURVE('',#1437,#1439,#239,.T.);
#1855=EDGE_CURVE('',#1439,#1440,#22,.T.);
#1856=EDGE_CURVE('',#1440,#1441,#862,.T.);
#1857=EDGE_CURVE('',#1438,#1441,#23,.F.);
#1858=EDGE_CURVE('',#1440,#1442,#863,.T.);
#1859=EDGE_CURVE('',#1443,#1442,#24,.T.);
#1860=EDGE_CURVE('',#1441,#1443,#864,.T.);
#1861=EDGE_CURVE('',#1444,#1445,#865,.T.);
#1862=EDGE_CURVE('',#1445,#1446,#866,.T.);
#1863=EDGE_CURVE('',#1446,#1447,#867,.T.);
#1864=EDGE_CURVE('',#1447,#1448,#868,.T.);
#1865=EDGE_CURVE('',#1448,#1449,#869,.T.);
#1866=EDGE_CURVE('',#1449,#1444,#870,.T.);
#1867=EDGE_CURVE('',#1421,#1450,#240,.F.);
#1868=EDGE_CURVE('',#1426,#1451,#241,.T.);
#1869=EDGE_CURVE('',#1451,#1452,#25,.T.);
#1870=EDGE_CURVE('',#1452,#1453,#871,.T.);
#1871=EDGE_CURVE('',#1450,#1453,#26,.F.);
#1872=EDGE_CURVE('',#1452,#1454,#872,.T.);
#1873=EDGE_CURVE('',#1455,#1454,#27,.T.);
#1874=EDGE_CURVE('',#1453,#1455,#873,.T.);
#1875=EDGE_CURVE('',#1456,#1456,#28,.T.);
#1876=EDGE_CURVE('',#1430,#1457,#29,.T.);
#1877=EDGE_CURVE('',#1438,#1457,#874,.F.);
#1878=EDGE_CURVE('',#1432,#1458,#30,.T.);
#1879=EDGE_CURVE('',#1458,#1459,#875,.T.);
#1880=EDGE_CURVE('',#1459,#1433,#31,.T.);
#1881=EDGE_CURVE('',#1458,#1460,#876,.T.);
#1882=EDGE_CURVE('',#1461,#1460,#877,.T.);
#1883=EDGE_CURVE('',#1459,#1461,#878,.T.);
#1884=EDGE_CURVE('',#1428,#1462,#32,.T.);
#1885=EDGE_CURVE('',#1462,#1409,#879,.T.);
#1886=EDGE_CURVE('',#1462,#1463,#880,.T.);
#1887=EDGE_CURVE('',#1412,#1463,#881,.T.);
#1888=EDGE_CURVE('',#1450,#1415,#882,.F.);
#1889=EDGE_CURVE('',#1464,#1455,#883,.T.);
#1890=EDGE_CURVE('',#1416,#1464,#884,.T.);
#1891=EDGE_CURVE('',#1465,#1436,#33,.T.);
#1892=EDGE_CURVE('',#1465,#1439,#885,.T.);
#1893=EDGE_CURVE('',#1457,#1466,#886,.T.);
#1894=EDGE_CURVE('',#1467,#1466,#34,.F.);
#1895=EDGE_CURVE('',#1467,#1465,#887,.T.);
#1896=EDGE_CURVE('',#1468,#1435,#35,.T.);
#1897=EDGE_CURVE('',#1468,#1469,#888,.T.);
#1898=EDGE_CURVE('',#1460,#1469,#36,.T.);
#1899=EDGE_CURVE('',#1434,#1470,#37,.T.);
#1900=EDGE_CURVE('',#1470,#1468,#889,.T.);
#1901=EDGE_CURVE('',#1470,#1471,#890,.T.);
#1902=EDGE_CURVE('',#1469,#1471,#891,.T.);
#1903=EDGE_CURVE('',#1407,#1472,#892,.F.);
#1904=EDGE_CURVE('',#1472,#1427,#38,.T.);
#1905=EDGE_CURVE('',#1473,#1413,#893,.T.);
#1906=EDGE_CURVE('',#1472,#1473,#894,.T.);
#1907=EDGE_CURVE('',#1418,#1451,#895,.F.);
#1908=EDGE_CURVE('',#1417,#1474,#896,.T.);
#1909=EDGE_CURVE('',#1454,#1474,#897,.T.);
#1910=EDGE_CURVE('',#1429,#1475,#898,.T.);
#1911=EDGE_CURVE('',#1475,#1475,#39,.T.);
#1912=EDGE_CURVE('',#1422,#1476,#899,.T.);
#1913=EDGE_CURVE('',#1477,#1476,#900,.T.);
#1914=EDGE_CURVE('',#1423,#1477,#901,.T.);
#1915=EDGE_CURVE('',#1478,#1477,#902,.T.);
#1916=EDGE_CURVE('',#1424,#1478,#903,.T.);
#1917=EDGE_CURVE('',#1479,#1478,#904,.T.);
#1918=EDGE_CURVE('',#1425,#1479,#905,.T.);
#1919=EDGE_CURVE('',#1476,#1479,#906,.T.);
#1920=EDGE_CURVE('',#1444,#1480,#907,.T.);
#1921=EDGE_CURVE('',#1480,#1481,#908,.T.);
#1922=EDGE_CURVE('',#1445,#1481,#909,.T.);
#1923=EDGE_CURVE('',#1449,#1482,#910,.T.);
#1924=EDGE_CURVE('',#1482,#1480,#911,.T.);
#1925=EDGE_CURVE('',#1448,#1483,#912,.T.);
#1926=EDGE_CURVE('',#1483,#1482,#913,.T.);
#1927=EDGE_CURVE('',#1447,#1484,#914,.T.);
#1928=EDGE_CURVE('',#1484,#1483,#915,.T.);
#1929=EDGE_CURVE('',#1446,#1485,#916,.T.);
#1930=EDGE_CURVE('',#1485,#1484,#917,.T.);
#1931=EDGE_CURVE('',#1481,#1485,#918,.T.);
#1932=EDGE_CURVE('',#1486,#1486,#40,.T.);
#1933=EDGE_CURVE('',#1486,#1487,#919,.T.);
#1934=EDGE_CURVE('',#1487,#1487,#41,.T.);
#1935=EDGE_CURVE('',#1471,#1461,#42,.T.);
#1936=EDGE_CURVE('',#1466,#1443,#920,.T.);
#1937=EDGE_CURVE('',#1442,#1467,#921,.T.);
#1938=EDGE_CURVE('',#1456,#1488,#922,.T.);
#1939=EDGE_CURVE('',#1488,#1488,#43,.T.);
#1940=EDGE_CURVE('',#1474,#1464,#44,.T.);
#1941=EDGE_CURVE('',#1489,#1489,#45,.T.);
#1942=EDGE_CURVE('',#1489,#1414,#923,.T.);
#1943=EDGE_CURVE('',#1463,#1473,#46,.T.);
#1944=ORIENTED_EDGE('',*,*,#1490,.F.);
#1945=ORIENTED_EDGE('',*,*,#1491,.T.);
#1946=ORIENTED_EDGE('',*,*,#1492,.T.);
#1947=ORIENTED_EDGE('',*,*,#1493,.F.);
#1948=ORIENTED_EDGE('',*,*,#1494,.F.);
#1949=ORIENTED_EDGE('',*,*,#1495,.T.);
#1950=ORIENTED_EDGE('',*,*,#1496,.T.);
#1951=ORIENTED_EDGE('',*,*,#1491,.F.);
#1952=ORIENTED_EDGE('',*,*,#1497,.F.);
#1953=ORIENTED_EDGE('',*,*,#1498,.T.);
#1954=ORIENTED_EDGE('',*,*,#1499,.T.);
#1955=ORIENTED_EDGE('',*,*,#1495,.F.);
#1956=ORIENTED_EDGE('',*,*,#1500,.F.);
#1957=ORIENTED_EDGE('',*,*,#1493,.T.);
#1958=ORIENTED_EDGE('',*,*,#1501,.T.);
#1959=ORIENTED_EDGE('',*,*,#1498,.F.);
#1960=ORIENTED_EDGE('',*,*,#1501,.F.);
#1961=ORIENTED_EDGE('',*,*,#1492,.F.);
#1962=ORIENTED_EDGE('',*,*,#1496,.F.);
#1963=ORIENTED_EDGE('',*,*,#1499,.F.);
#1964=ORIENTED_EDGE('',*,*,#1502,.F.);
#1965=ORIENTED_EDGE('',*,*,#1503,.T.);
#1966=ORIENTED_EDGE('',*,*,#1504,.T.);
#1967=ORIENTED_EDGE('',*,*,#1505,.F.);
#1968=ORIENTED_EDGE('',*,*,#1506,.F.);
#1969=ORIENTED_EDGE('',*,*,#1507,.T.);
#1970=ORIENTED_EDGE('',*,*,#1508,.T.);
#1971=ORIENTED_EDGE('',*,*,#1503,.F.);
#1972=ORIENTED_EDGE('',*,*,#1509,.F.);
#1973=ORIENTED_EDGE('',*,*,#1510,.T.);
#1974=ORIENTED_EDGE('',*,*,#1511,.T.);
#1975=ORIENTED_EDGE('',*,*,#1507,.F.);
#1976=ORIENTED_EDGE('',*,*,#1512,.F.);
#1977=ORIENTED_EDGE('',*,*,#1513,.T.);
#1978=ORIENTED_EDGE('',*,*,#1514,.T.);
#1979=ORIENTED_EDGE('',*,*,#1510,.F.);
#1980=ORIENTED_EDGE('',*,*,#1515,.F.);
#1981=ORIENTED_EDGE('',*,*,#1516,.T.);
#1982=ORIENTED_EDGE('',*,*,#1517,.T.);
#1983=ORIENTED_EDGE('',*,*,#1513,.F.);
#1984=ORIENTED_EDGE('',*,*,#1518,.F.);
#1985=ORIENTED_EDGE('',*,*,#1519,.T.);
#1986=ORIENTED_EDGE('',*,*,#1520,.T.);
#1987=ORIENTED_EDGE('',*,*,#1516,.F.);
#1988=ORIENTED_EDGE('',*,*,#1521,.F.);
#1989=ORIENTED_EDGE('',*,*,#1522,.T.);
#1990=ORIENTED_EDGE('',*,*,#1523,.T.);
#1991=ORIENTED_EDGE('',*,*,#1519,.F.);
#1992=ORIENTED_EDGE('',*,*,#1524,.F.);
#1993=ORIENTED_EDGE('',*,*,#1505,.T.);
#1994=ORIENTED_EDGE('',*,*,#1525,.T.);
#1995=ORIENTED_EDGE('',*,*,#1522,.F.);
#1996=ORIENTED_EDGE('',*,*,#1526,.F.);
#1997=ORIENTED_EDGE('',*,*,#1527,.T.);
#1998=ORIENTED_EDGE('',*,*,#1528,.T.);
#1999=ORIENTED_EDGE('',*,*,#1529,.F.);
#2000=ORIENTED_EDGE('',*,*,#1530,.F.);
#2001=ORIENTED_EDGE('',*,*,#1531,.T.);
#2002=ORIENTED_EDGE('',*,*,#1532,.T.);
#2003=ORIENTED_EDGE('',*,*,#1527,.F.);
#2004=ORIENTED_EDGE('',*,*,#1533,.F.);
#2005=ORIENTED_EDGE('',*,*,#1534,.T.);
#2006=ORIENTED_EDGE('',*,*,#1535,.T.);
#2007=ORIENTED_EDGE('',*,*,#1531,.F.);
#2008=ORIENTED_EDGE('',*,*,#1536,.F.);
#2009=ORIENTED_EDGE('',*,*,#1537,.T.);
#2010=ORIENTED_EDGE('',*,*,#1538,.T.);
#2011=ORIENTED_EDGE('',*,*,#1534,.F.);
#2012=ORIENTED_EDGE('',*,*,#1539,.F.);
#2013=ORIENTED_EDGE('',*,*,#1540,.T.);
#2014=ORIENTED_EDGE('',*,*,#1541,.T.);
#2015=ORIENTED_EDGE('',*,*,#1537,.F.);
#2016=ORIENTED_EDGE('',*,*,#1542,.F.);
#2017=ORIENTED_EDGE('',*,*,#1543,.T.);
#2018=ORIENTED_EDGE('',*,*,#1544,.T.);
#2019=ORIENTED_EDGE('',*,*,#1540,.F.);
#2020=ORIENTED_EDGE('',*,*,#1545,.F.);
#2021=ORIENTED_EDGE('',*,*,#1546,.T.);
#2022=ORIENTED_EDGE('',*,*,#1547,.T.);
#2023=ORIENTED_EDGE('',*,*,#1543,.F.);
#2024=ORIENTED_EDGE('',*,*,#1548,.F.);
#2025=ORIENTED_EDGE('',*,*,#1549,.T.);
#2026=ORIENTED_EDGE('',*,*,#1550,.T.);
#2027=ORIENTED_EDGE('',*,*,#1546,.F.);
#2028=ORIENTED_EDGE('',*,*,#1551,.F.);
#2029=ORIENTED_EDGE('',*,*,#1552,.T.);
#2030=ORIENTED_EDGE('',*,*,#1553,.T.);
#2031=ORIENTED_EDGE('',*,*,#1549,.F.);
#2032=ORIENTED_EDGE('',*,*,#1554,.F.);
#2033=ORIENTED_EDGE('',*,*,#1555,.T.);
#2034=ORIENTED_EDGE('',*,*,#1556,.T.);
#2035=ORIENTED_EDGE('',*,*,#1552,.F.);
#2036=ORIENTED_EDGE('',*,*,#1557,.F.);
#2037=ORIENTED_EDGE('',*,*,#1558,.T.);
#2038=ORIENTED_EDGE('',*,*,#1559,.T.);
#2039=ORIENTED_EDGE('',*,*,#1555,.F.);
#2040=ORIENTED_EDGE('',*,*,#1560,.F.);
#2041=ORIENTED_EDGE('',*,*,#1561,.T.);
#2042=ORIENTED_EDGE('',*,*,#1562,.T.);
#2043=ORIENTED_EDGE('',*,*,#1558,.F.);
#2044=ORIENTED_EDGE('',*,*,#1563,.F.);
#2045=ORIENTED_EDGE('',*,*,#1564,.T.);
#2046=ORIENTED_EDGE('',*,*,#1565,.T.);
#2047=ORIENTED_EDGE('',*,*,#1561,.F.);
#2048=ORIENTED_EDGE('',*,*,#1566,.F.);
#2049=ORIENTED_EDGE('',*,*,#1567,.T.);
#2050=ORIENTED_EDGE('',*,*,#1568,.T.);
#2051=ORIENTED_EDGE('',*,*,#1564,.F.);
#2052=ORIENTED_EDGE('',*,*,#1569,.F.);
#2053=ORIENTED_EDGE('',*,*,#1570,.T.);
#2054=ORIENTED_EDGE('',*,*,#1571,.T.);
#2055=ORIENTED_EDGE('',*,*,#1567,.F.);
#2056=ORIENTED_EDGE('',*,*,#1572,.F.);
#2057=ORIENTED_EDGE('',*,*,#1529,.T.);
#2058=ORIENTED_EDGE('',*,*,#1573,.T.);
#2059=ORIENTED_EDGE('',*,*,#1570,.F.);
#2060=ORIENTED_EDGE('',*,*,#1573,.F.);
#2061=ORIENTED_EDGE('',*,*,#1528,.F.);
#2062=ORIENTED_EDGE('',*,*,#1532,.F.);
#2063=ORIENTED_EDGE('',*,*,#1535,.F.);
#2064=ORIENTED_EDGE('',*,*,#1538,.F.);
#2065=ORIENTED_EDGE('',*,*,#1541,.F.);
#2066=ORIENTED_EDGE('',*,*,#1544,.F.);
#2067=ORIENTED_EDGE('',*,*,#1547,.F.);
#2068=ORIENTED_EDGE('',*,*,#1550,.F.);
#2069=ORIENTED_EDGE('',*,*,#1553,.F.);
#2070=ORIENTED_EDGE('',*,*,#1556,.F.);
#2071=ORIENTED_EDGE('',*,*,#1559,.F.);
#2072=ORIENTED_EDGE('',*,*,#1562,.F.);
#2073=ORIENTED_EDGE('',*,*,#1565,.F.);
#2074=ORIENTED_EDGE('',*,*,#1568,.F.);
#2075=ORIENTED_EDGE('',*,*,#1571,.F.);
#2076=ORIENTED_EDGE('',*,*,#1525,.F.);
#2077=ORIENTED_EDGE('',*,*,#1504,.F.);
#2078=ORIENTED_EDGE('',*,*,#1508,.F.);
#2079=ORIENTED_EDGE('',*,*,#1511,.F.);
#2080=ORIENTED_EDGE('',*,*,#1514,.F.);
#2081=ORIENTED_EDGE('',*,*,#1517,.F.);
#2082=ORIENTED_EDGE('',*,*,#1520,.F.);
#2083=ORIENTED_EDGE('',*,*,#1523,.F.);
#2084=ORIENTED_EDGE('',*,*,#1574,.F.);
#2085=ORIENTED_EDGE('',*,*,#1575,.T.);
#2086=ORIENTED_EDGE('',*,*,#1576,.T.);
#2087=ORIENTED_EDGE('',*,*,#1577,.F.);
#2088=ORIENTED_EDGE('',*,*,#1578,.F.);
#2089=ORIENTED_EDGE('',*,*,#1579,.T.);
#2090=ORIENTED_EDGE('',*,*,#1580,.T.);
#2091=ORIENTED_EDGE('',*,*,#1575,.F.);
#2092=ORIENTED_EDGE('',*,*,#1581,.F.);
#2093=ORIENTED_EDGE('',*,*,#1582,.T.);
#2094=ORIENTED_EDGE('',*,*,#1583,.T.);
#2095=ORIENTED_EDGE('',*,*,#1579,.F.);
#2096=ORIENTED_EDGE('',*,*,#1584,.F.);
#2097=ORIENTED_EDGE('',*,*,#1585,.T.);
#2098=ORIENTED_EDGE('',*,*,#1586,.T.);
#2099=ORIENTED_EDGE('',*,*,#1582,.F.);
#2100=ORIENTED_EDGE('',*,*,#1587,.F.);
#2101=ORIENTED_EDGE('',*,*,#1588,.T.);
#2102=ORIENTED_EDGE('',*,*,#1589,.T.);
#2103=ORIENTED_EDGE('',*,*,#1585,.F.);
#2104=ORIENTED_EDGE('',*,*,#1590,.F.);
#2105=ORIENTED_EDGE('',*,*,#1591,.T.);
#2106=ORIENTED_EDGE('',*,*,#1592,.T.);
#2107=ORIENTED_EDGE('',*,*,#1588,.F.);
#2108=ORIENTED_EDGE('',*,*,#1593,.F.);
#2109=ORIENTED_EDGE('',*,*,#1594,.T.);
#2110=ORIENTED_EDGE('',*,*,#1595,.T.);
#2111=ORIENTED_EDGE('',*,*,#1591,.F.);
#2112=ORIENTED_EDGE('',*,*,#1596,.F.);
#2113=ORIENTED_EDGE('',*,*,#1597,.T.);
#2114=ORIENTED_EDGE('',*,*,#1598,.T.);
#2115=ORIENTED_EDGE('',*,*,#1594,.F.);
#2116=ORIENTED_EDGE('',*,*,#1599,.F.);
#2117=ORIENTED_EDGE('',*,*,#1600,.T.);
#2118=ORIENTED_EDGE('',*,*,#1601,.T.);
#2119=ORIENTED_EDGE('',*,*,#1597,.F.);
#2120=ORIENTED_EDGE('',*,*,#1602,.F.);
#2121=ORIENTED_EDGE('',*,*,#1603,.T.);
#2122=ORIENTED_EDGE('',*,*,#1604,.T.);
#2123=ORIENTED_EDGE('',*,*,#1600,.F.);
#2124=ORIENTED_EDGE('',*,*,#1605,.F.);
#2125=ORIENTED_EDGE('',*,*,#1606,.T.);
#2126=ORIENTED_EDGE('',*,*,#1607,.T.);
#2127=ORIENTED_EDGE('',*,*,#1603,.F.);
#2128=ORIENTED_EDGE('',*,*,#1608,.F.);
#2129=ORIENTED_EDGE('',*,*,#1609,.T.);
#2130=ORIENTED_EDGE('',*,*,#1610,.T.);
#2131=ORIENTED_EDGE('',*,*,#1606,.F.);
#2132=ORIENTED_EDGE('',*,*,#1611,.F.);
#2133=ORIENTED_EDGE('',*,*,#1612,.T.);
#2134=ORIENTED_EDGE('',*,*,#1613,.T.);
#2135=ORIENTED_EDGE('',*,*,#1609,.F.);
#2136=ORIENTED_EDGE('',*,*,#1614,.F.);
#2137=ORIENTED_EDGE('',*,*,#1615,.T.);
#2138=ORIENTED_EDGE('',*,*,#1616,.T.);
#2139=ORIENTED_EDGE('',*,*,#1612,.F.);
#2140=ORIENTED_EDGE('',*,*,#1617,.F.);
#2141=ORIENTED_EDGE('',*,*,#1618,.T.);
#2142=ORIENTED_EDGE('',*,*,#1619,.T.);
#2143=ORIENTED_EDGE('',*,*,#1615,.F.);
#2144=ORIENTED_EDGE('',*,*,#1620,.F.);
#2145=ORIENTED_EDGE('',*,*,#1621,.T.);
#2146=ORIENTED_EDGE('',*,*,#1622,.T.);
#2147=ORIENTED_EDGE('',*,*,#1618,.F.);
#2148=ORIENTED_EDGE('',*,*,#1623,.F.);
#2149=ORIENTED_EDGE('',*,*,#1624,.T.);
#2150=ORIENTED_EDGE('',*,*,#1625,.T.);
#2151=ORIENTED_EDGE('',*,*,#1621,.F.);
#2152=ORIENTED_EDGE('',*,*,#1626,.F.);
#2153=ORIENTED_EDGE('',*,*,#1627,.T.);
#2154=ORIENTED_EDGE('',*,*,#1628,.T.);
#2155=ORIENTED_EDGE('',*,*,#1624,.F.);
#2156=ORIENTED_EDGE('',*,*,#1629,.F.);
#2157=ORIENTED_EDGE('',*,*,#1630,.T.);
#2158=ORIENTED_EDGE('',*,*,#1631,.T.);
#2159=ORIENTED_EDGE('',*,*,#1627,.F.);
#2160=ORIENTED_EDGE('',*,*,#1632,.F.);
#2161=ORIENTED_EDGE('',*,*,#1633,.T.);
#2162=ORIENTED_EDGE('',*,*,#1634,.T.);
#2163=ORIENTED_EDGE('',*,*,#1630,.F.);
#2164=ORIENTED_EDGE('',*,*,#1635,.F.);
#2165=ORIENTED_EDGE('',*,*,#1636,.T.);
#2166=ORIENTED_EDGE('',*,*,#1637,.T.);
#2167=ORIENTED_EDGE('',*,*,#1633,.F.);
#2168=ORIENTED_EDGE('',*,*,#1638,.F.);
#2169=ORIENTED_EDGE('',*,*,#1639,.T.);
#2170=ORIENTED_EDGE('',*,*,#1640,.T.);
#2171=ORIENTED_EDGE('',*,*,#1636,.F.);
#2172=ORIENTED_EDGE('',*,*,#1641,.F.);
#2173=ORIENTED_EDGE('',*,*,#1642,.T.);
#2174=ORIENTED_EDGE('',*,*,#1643,.T.);
#2175=ORIENTED_EDGE('',*,*,#1639,.F.);
#2176=ORIENTED_EDGE('',*,*,#1644,.F.);
#2177=ORIENTED_EDGE('',*,*,#1645,.T.);
#2178=ORIENTED_EDGE('',*,*,#1646,.T.);
#2179=ORIENTED_EDGE('',*,*,#1642,.F.);
#2180=ORIENTED_EDGE('',*,*,#1647,.F.);
#2181=ORIENTED_EDGE('',*,*,#1648,.T.);
#2182=ORIENTED_EDGE('',*,*,#1649,.T.);
#2183=ORIENTED_EDGE('',*,*,#1645,.F.);
#2184=ORIENTED_EDGE('',*,*,#1650,.F.);
#2185=ORIENTED_EDGE('',*,*,#1651,.T.);
#2186=ORIENTED_EDGE('',*,*,#1652,.T.);
#2187=ORIENTED_EDGE('',*,*,#1648,.F.);
#2188=ORIENTED_EDGE('',*,*,#1653,.F.);
#2189=ORIENTED_EDGE('',*,*,#1654,.T.);
#2190=ORIENTED_EDGE('',*,*,#1655,.T.);
#2191=ORIENTED_EDGE('',*,*,#1651,.F.);
#2192=ORIENTED_EDGE('',*,*,#1656,.F.);
#2193=ORIENTED_EDGE('',*,*,#1657,.T.);
#2194=ORIENTED_EDGE('',*,*,#1658,.T.);
#2195=ORIENTED_EDGE('',*,*,#1654,.F.);
#2196=ORIENTED_EDGE('',*,*,#1659,.F.);
#2197=ORIENTED_EDGE('',*,*,#1660,.T.);
#2198=ORIENTED_EDGE('',*,*,#1661,.T.);
#2199=ORIENTED_EDGE('',*,*,#1657,.F.);
#2200=ORIENTED_EDGE('',*,*,#1662,.F.);
#2201=ORIENTED_EDGE('',*,*,#1577,.T.);
#2202=ORIENTED_EDGE('',*,*,#1663,.T.);
#2203=ORIENTED_EDGE('',*,*,#1660,.F.);
#2204=ORIENTED_EDGE('',*,*,#1663,.F.);
#2205=ORIENTED_EDGE('',*,*,#1576,.F.);
#2206=ORIENTED_EDGE('',*,*,#1580,.F.);
#2207=ORIENTED_EDGE('',*,*,#1583,.F.);
#2208=ORIENTED_EDGE('',*,*,#1586,.F.);
#2209=ORIENTED_EDGE('',*,*,#1589,.F.);
#2210=ORIENTED_EDGE('',*,*,#1592,.F.);
#2211=ORIENTED_EDGE('',*,*,#1595,.F.);
#2212=ORIENTED_EDGE('',*,*,#1598,.F.);
#2213=ORIENTED_EDGE('',*,*,#1601,.F.);
#2214=ORIENTED_EDGE('',*,*,#1604,.F.);
#2215=ORIENTED_EDGE('',*,*,#1607,.F.);
#2216=ORIENTED_EDGE('',*,*,#1610,.F.);
#2217=ORIENTED_EDGE('',*,*,#1613,.F.);
#2218=ORIENTED_EDGE('',*,*,#1616,.F.);
#2219=ORIENTED_EDGE('',*,*,#1619,.F.);
#2220=ORIENTED_EDGE('',*,*,#1622,.F.);
#2221=ORIENTED_EDGE('',*,*,#1625,.F.);
#2222=ORIENTED_EDGE('',*,*,#1628,.F.);
#2223=ORIENTED_EDGE('',*,*,#1631,.F.);
#2224=ORIENTED_EDGE('',*,*,#1634,.F.);
#2225=ORIENTED_EDGE('',*,*,#1637,.F.);
#2226=ORIENTED_EDGE('',*,*,#1640,.F.);
#2227=ORIENTED_EDGE('',*,*,#1643,.F.);
#2228=ORIENTED_EDGE('',*,*,#1646,.F.);
#2229=ORIENTED_EDGE('',*,*,#1649,.F.);
#2230=ORIENTED_EDGE('',*,*,#1652,.F.);
#2231=ORIENTED_EDGE('',*,*,#1655,.F.);
#2232=ORIENTED_EDGE('',*,*,#1658,.F.);
#2233=ORIENTED_EDGE('',*,*,#1661,.F.);
#2234=ORIENTED_EDGE('',*,*,#1664,.F.);
#2235=ORIENTED_EDGE('',*,*,#1665,.T.);
#2236=ORIENTED_EDGE('',*,*,#1666,.T.);
#2237=ORIENTED_EDGE('',*,*,#1667,.F.);
#2238=ORIENTED_EDGE('',*,*,#1668,.F.);
#2239=ORIENTED_EDGE('',*,*,#1669,.T.);
#2240=ORIENTED_EDGE('',*,*,#1670,.T.);
#2241=ORIENTED_EDGE('',*,*,#1665,.F.);
#2242=ORIENTED_EDGE('',*,*,#1671,.F.);
#2243=ORIENTED_EDGE('',*,*,#1672,.T.);
#2244=ORIENTED_EDGE('',*,*,#1673,.T.);
#2245=ORIENTED_EDGE('',*,*,#1669,.F.);
#2246=ORIENTED_EDGE('',*,*,#1674,.F.);
#2247=ORIENTED_EDGE('',*,*,#1675,.T.);
#2248=ORIENTED_EDGE('',*,*,#1676,.T.);
#2249=ORIENTED_EDGE('',*,*,#1672,.F.);
#2250=ORIENTED_EDGE('',*,*,#1677,.F.);
#2251=ORIENTED_EDGE('',*,*,#1678,.T.);
#2252=ORIENTED_EDGE('',*,*,#1679,.T.);
#2253=ORIENTED_EDGE('',*,*,#1675,.F.);
#2254=ORIENTED_EDGE('',*,*,#1680,.F.);
#2255=ORIENTED_EDGE('',*,*,#1681,.T.);
#2256=ORIENTED_EDGE('',*,*,#1682,.T.);
#2257=ORIENTED_EDGE('',*,*,#1678,.F.);
#2258=ORIENTED_EDGE('',*,*,#1683,.F.);
#2259=ORIENTED_EDGE('',*,*,#1684,.T.);
#2260=ORIENTED_EDGE('',*,*,#1685,.T.);
#2261=ORIENTED_EDGE('',*,*,#1681,.F.);
#2262=ORIENTED_EDGE('',*,*,#1686,.F.);
#2263=ORIENTED_EDGE('',*,*,#1687,.T.);
#2264=ORIENTED_EDGE('',*,*,#1688,.T.);
#2265=ORIENTED_EDGE('',*,*,#1684,.F.);
#2266=ORIENTED_EDGE('',*,*,#1689,.F.);
#2267=ORIENTED_EDGE('',*,*,#1690,.T.);
#2268=ORIENTED_EDGE('',*,*,#1691,.T.);
#2269=ORIENTED_EDGE('',*,*,#1687,.F.);
#2270=ORIENTED_EDGE('',*,*,#1692,.F.);
#2271=ORIENTED_EDGE('',*,*,#1693,.T.);
#2272=ORIENTED_EDGE('',*,*,#1694,.T.);
#2273=ORIENTED_EDGE('',*,*,#1690,.F.);
#2274=ORIENTED_EDGE('',*,*,#1695,.F.);
#2275=ORIENTED_EDGE('',*,*,#1696,.T.);
#2276=ORIENTED_EDGE('',*,*,#1697,.T.);
#2277=ORIENTED_EDGE('',*,*,#1693,.F.);
#2278=ORIENTED_EDGE('',*,*,#1698,.F.);
#2279=ORIENTED_EDGE('',*,*,#1699,.T.);
#2280=ORIENTED_EDGE('',*,*,#1700,.T.);
#2281=ORIENTED_EDGE('',*,*,#1696,.F.);
#2282=ORIENTED_EDGE('',*,*,#1701,.F.);
#2283=ORIENTED_EDGE('',*,*,#1702,.T.);
#2284=ORIENTED_EDGE('',*,*,#1703,.T.);
#2285=ORIENTED_EDGE('',*,*,#1699,.F.);
#2286=ORIENTED_EDGE('',*,*,#1704,.F.);
#2287=ORIENTED_EDGE('',*,*,#1705,.T.);
#2288=ORIENTED_EDGE('',*,*,#1706,.T.);
#2289=ORIENTED_EDGE('',*,*,#1702,.F.);
#2290=ORIENTED_EDGE('',*,*,#1707,.F.);
#2291=ORIENTED_EDGE('',*,*,#1708,.T.);
#2292=ORIENTED_EDGE('',*,*,#1709,.T.);
#2293=ORIENTED_EDGE('',*,*,#1705,.F.);
#2294=ORIENTED_EDGE('',*,*,#1710,.F.);
#2295=ORIENTED_EDGE('',*,*,#1711,.T.);
#2296=ORIENTED_EDGE('',*,*,#1712,.T.);
#2297=ORIENTED_EDGE('',*,*,#1708,.F.);
#2298=ORIENTED_EDGE('',*,*,#1713,.F.);
#2299=ORIENTED_EDGE('',*,*,#1714,.T.);
#2300=ORIENTED_EDGE('',*,*,#1715,.T.);
#2301=ORIENTED_EDGE('',*,*,#1711,.F.);
#2302=ORIENTED_EDGE('',*,*,#1716,.F.);
#2303=ORIENTED_EDGE('',*,*,#1717,.T.);
#2304=ORIENTED_EDGE('',*,*,#1718,.T.);
#2305=ORIENTED_EDGE('',*,*,#1714,.F.);
#2306=ORIENTED_EDGE('',*,*,#1719,.F.);
#2307=ORIENTED_EDGE('',*,*,#1720,.T.);
#2308=ORIENTED_EDGE('',*,*,#1721,.T.);
#2309=ORIENTED_EDGE('',*,*,#1717,.F.);
#2310=ORIENTED_EDGE('',*,*,#1722,.F.);
#2311=ORIENTED_EDGE('',*,*,#1723,.T.);
#2312=ORIENTED_EDGE('',*,*,#1724,.T.);
#2313=ORIENTED_EDGE('',*,*,#1720,.F.);
#2314=ORIENTED_EDGE('',*,*,#1725,.F.);
#2315=ORIENTED_EDGE('',*,*,#1726,.T.);
#2316=ORIENTED_EDGE('',*,*,#1727,.T.);
#2317=ORIENTED_EDGE('',*,*,#1723,.F.);
#2318=ORIENTED_EDGE('',*,*,#1728,.F.);
#2319=ORIENTED_EDGE('',*,*,#1729,.T.);
#2320=ORIENTED_EDGE('',*,*,#1730,.T.);
#2321=ORIENTED_EDGE('',*,*,#1726,.F.);
#2322=ORIENTED_EDGE('',*,*,#1731,.F.);
#2323=ORIENTED_EDGE('',*,*,#1732,.T.);
#2324=ORIENTED_EDGE('',*,*,#1733,.T.);
#2325=ORIENTED_EDGE('',*,*,#1729,.F.);
#2326=ORIENTED_EDGE('',*,*,#1734,.F.);
#2327=ORIENTED_EDGE('',*,*,#1735,.T.);
#2328=ORIENTED_EDGE('',*,*,#1736,.T.);
#2329=ORIENTED_EDGE('',*,*,#1732,.F.);
#2330=ORIENTED_EDGE('',*,*,#1737,.F.);
#2331=ORIENTED_EDGE('',*,*,#1738,.T.);
#2332=ORIENTED_EDGE('',*,*,#1739,.T.);
#2333=ORIENTED_EDGE('',*,*,#1735,.F.);
#2334=ORIENTED_EDGE('',*,*,#1740,.F.);
#2335=ORIENTED_EDGE('',*,*,#1741,.T.);
#2336=ORIENTED_EDGE('',*,*,#1742,.T.);
#2337=ORIENTED_EDGE('',*,*,#1738,.F.);
#2338=ORIENTED_EDGE('',*,*,#1743,.F.);
#2339=ORIENTED_EDGE('',*,*,#1744,.T.);
#2340=ORIENTED_EDGE('',*,*,#1745,.T.);
#2341=ORIENTED_EDGE('',*,*,#1741,.F.);
#2342=ORIENTED_EDGE('',*,*,#1746,.F.);
#2343=ORIENTED_EDGE('',*,*,#1747,.T.);
#2344=ORIENTED_EDGE('',*,*,#1748,.T.);
#2345=ORIENTED_EDGE('',*,*,#1744,.F.);
#2346=ORIENTED_EDGE('',*,*,#1749,.F.);
#2347=ORIENTED_EDGE('',*,*,#1750,.T.);
#2348=ORIENTED_EDGE('',*,*,#1751,.T.);
#2349=ORIENTED_EDGE('',*,*,#1747,.F.);
#2350=ORIENTED_EDGE('',*,*,#1752,.F.);
#2351=ORIENTED_EDGE('',*,*,#1667,.T.);
#2352=ORIENTED_EDGE('',*,*,#1753,.T.);
#2353=ORIENTED_EDGE('',*,*,#1750,.F.);
#2354=ORIENTED_EDGE('',*,*,#1753,.F.);
#2355=ORIENTED_EDGE('',*,*,#1666,.F.);
#2356=ORIENTED_EDGE('',*,*,#1670,.F.);
#2357=ORIENTED_EDGE('',*,*,#1673,.F.);
#2358=ORIENTED_EDGE('',*,*,#1676,.F.);
#2359=ORIENTED_EDGE('',*,*,#1679,.F.);
#2360=ORIENTED_EDGE('',*,*,#1682,.F.);
#2361=ORIENTED_EDGE('',*,*,#1685,.F.);
#2362=ORIENTED_EDGE('',*,*,#1688,.F.);
#2363=ORIENTED_EDGE('',*,*,#1691,.F.);
#2364=ORIENTED_EDGE('',*,*,#1694,.F.);
#2365=ORIENTED_EDGE('',*,*,#1697,.F.);
#2366=ORIENTED_EDGE('',*,*,#1700,.F.);
#2367=ORIENTED_EDGE('',*,*,#1703,.F.);
#2368=ORIENTED_EDGE('',*,*,#1706,.F.);
#2369=ORIENTED_EDGE('',*,*,#1709,.F.);
#2370=ORIENTED_EDGE('',*,*,#1712,.F.);
#2371=ORIENTED_EDGE('',*,*,#1715,.F.);
#2372=ORIENTED_EDGE('',*,*,#1718,.F.);
#2373=ORIENTED_EDGE('',*,*,#1721,.F.);
#2374=ORIENTED_EDGE('',*,*,#1724,.F.);
#2375=ORIENTED_EDGE('',*,*,#1727,.F.);
#2376=ORIENTED_EDGE('',*,*,#1730,.F.);
#2377=ORIENTED_EDGE('',*,*,#1733,.F.);
#2378=ORIENTED_EDGE('',*,*,#1736,.F.);
#2379=ORIENTED_EDGE('',*,*,#1739,.F.);
#2380=ORIENTED_EDGE('',*,*,#1742,.F.);
#2381=ORIENTED_EDGE('',*,*,#1745,.F.);
#2382=ORIENTED_EDGE('',*,*,#1748,.F.);
#2383=ORIENTED_EDGE('',*,*,#1751,.F.);
#2384=ORIENTED_EDGE('',*,*,#1754,.F.);
#2385=ORIENTED_EDGE('',*,*,#1755,.T.);
#2386=ORIENTED_EDGE('',*,*,#1756,.T.);
#2387=ORIENTED_EDGE('',*,*,#1757,.F.);
#2388=ORIENTED_EDGE('',*,*,#1758,.F.);
#2389=ORIENTED_EDGE('',*,*,#1759,.T.);
#2390=ORIENTED_EDGE('',*,*,#1760,.T.);
#2391=ORIENTED_EDGE('',*,*,#1755,.F.);
#2392=ORIENTED_EDGE('',*,*,#1761,.F.);
#2393=ORIENTED_EDGE('',*,*,#1762,.T.);
#2394=ORIENTED_EDGE('',*,*,#1763,.T.);
#2395=ORIENTED_EDGE('',*,*,#1759,.F.);
#2396=ORIENTED_EDGE('',*,*,#1764,.F.);
#2397=ORIENTED_EDGE('',*,*,#1765,.T.);
#2398=ORIENTED_EDGE('',*,*,#1766,.T.);
#2399=ORIENTED_EDGE('',*,*,#1762,.F.);
#2400=ORIENTED_EDGE('',*,*,#1767,.F.);
#2401=ORIENTED_EDGE('',*,*,#1768,.T.);
#2402=ORIENTED_EDGE('',*,*,#1769,.T.);
#2403=ORIENTED_EDGE('',*,*,#1765,.F.);
#2404=ORIENTED_EDGE('',*,*,#1770,.F.);
#2405=ORIENTED_EDGE('',*,*,#1771,.T.);
#2406=ORIENTED_EDGE('',*,*,#1772,.T.);
#2407=ORIENTED_EDGE('',*,*,#1768,.F.);
#2408=ORIENTED_EDGE('',*,*,#1773,.F.);
#2409=ORIENTED_EDGE('',*,*,#1774,.T.);
#2410=ORIENTED_EDGE('',*,*,#1775,.T.);
#2411=ORIENTED_EDGE('',*,*,#1771,.F.);
#2412=ORIENTED_EDGE('',*,*,#1776,.F.);
#2413=ORIENTED_EDGE('',*,*,#1777,.T.);
#2414=ORIENTED_EDGE('',*,*,#1778,.T.);
#2415=ORIENTED_EDGE('',*,*,#1774,.F.);
#2416=ORIENTED_EDGE('',*,*,#1779,.F.);
#2417=ORIENTED_EDGE('',*,*,#1780,.T.);
#2418=ORIENTED_EDGE('',*,*,#1781,.T.);
#2419=ORIENTED_EDGE('',*,*,#1777,.F.);
#2420=ORIENTED_EDGE('',*,*,#1782,.F.);
#2421=ORIENTED_EDGE('',*,*,#1783,.T.);
#2422=ORIENTED_EDGE('',*,*,#1784,.T.);
#2423=ORIENTED_EDGE('',*,*,#1780,.F.);
#2424=ORIENTED_EDGE('',*,*,#1785,.F.);
#2425=ORIENTED_EDGE('',*,*,#1786,.T.);
#2426=ORIENTED_EDGE('',*,*,#1787,.T.);
#2427=ORIENTED_EDGE('',*,*,#1783,.F.);
#2428=ORIENTED_EDGE('',*,*,#1788,.F.);
#2429=ORIENTED_EDGE('',*,*,#1789,.T.);
#2430=ORIENTED_EDGE('',*,*,#1790,.T.);
#2431=ORIENTED_EDGE('',*,*,#1786,.F.);
#2432=ORIENTED_EDGE('',*,*,#1791,.F.);
#2433=ORIENTED_EDGE('',*,*,#1792,.T.);
#2434=ORIENTED_EDGE('',*,*,#1793,.T.);
#2435=ORIENTED_EDGE('',*,*,#1789,.F.);
#2436=ORIENTED_EDGE('',*,*,#1794,.F.);
#2437=ORIENTED_EDGE('',*,*,#1795,.T.);
#2438=ORIENTED_EDGE('',*,*,#1796,.T.);
#2439=ORIENTED_EDGE('',*,*,#1792,.F.);
#2440=ORIENTED_EDGE('',*,*,#1797,.F.);
#2441=ORIENTED_EDGE('',*,*,#1798,.T.);
#2442=ORIENTED_EDGE('',*,*,#1799,.T.);
#2443=ORIENTED_EDGE('',*,*,#1795,.F.);
#2444=ORIENTED_EDGE('',*,*,#1800,.F.);
#2445=ORIENTED_EDGE('',*,*,#1801,.T.);
#2446=ORIENTED_EDGE('',*,*,#1802,.T.);
#2447=ORIENTED_EDGE('',*,*,#1798,.F.);
#2448=ORIENTED_EDGE('',*,*,#1803,.F.);
#2449=ORIENTED_EDGE('',*,*,#1804,.T.);
#2450=ORIENTED_EDGE('',*,*,#1805,.T.);
#2451=ORIENTED_EDGE('',*,*,#1801,.F.);
#2452=ORIENTED_EDGE('',*,*,#1806,.F.);
#2453=ORIENTED_EDGE('',*,*,#1807,.T.);
#2454=ORIENTED_EDGE('',*,*,#1808,.T.);
#2455=ORIENTED_EDGE('',*,*,#1804,.F.);
#2456=ORIENTED_EDGE('',*,*,#1809,.F.);
#2457=ORIENTED_EDGE('',*,*,#1810,.T.);
#2458=ORIENTED_EDGE('',*,*,#1811,.T.);
#2459=ORIENTED_EDGE('',*,*,#1807,.F.);
#2460=ORIENTED_EDGE('',*,*,#1812,.F.);
#2461=ORIENTED_EDGE('',*,*,#1813,.T.);
#2462=ORIENTED_EDGE('',*,*,#1814,.T.);
#2463=ORIENTED_EDGE('',*,*,#1810,.F.);
#2464=ORIENTED_EDGE('',*,*,#1815,.F.);
#2465=ORIENTED_EDGE('',*,*,#1757,.T.);
#2466=ORIENTED_EDGE('',*,*,#1816,.T.);
#2467=ORIENTED_EDGE('',*,*,#1813,.F.);
#2468=ORIENTED_EDGE('',*,*,#1816,.F.);
#2469=ORIENTED_EDGE('',*,*,#1756,.F.);
#2470=ORIENTED_EDGE('',*,*,#1760,.F.);
#2471=ORIENTED_EDGE('',*,*,#1763,.F.);
#2472=ORIENTED_EDGE('',*,*,#1766,.F.);
#2473=ORIENTED_EDGE('',*,*,#1769,.F.);
#2474=ORIENTED_EDGE('',*,*,#1772,.F.);
#2475=ORIENTED_EDGE('',*,*,#1775,.F.);
#2476=ORIENTED_EDGE('',*,*,#1778,.F.);
#2477=ORIENTED_EDGE('',*,*,#1781,.F.);
#2478=ORIENTED_EDGE('',*,*,#1784,.F.);
#2479=ORIENTED_EDGE('',*,*,#1787,.F.);
#2480=ORIENTED_EDGE('',*,*,#1790,.F.);
#2481=ORIENTED_EDGE('',*,*,#1793,.F.);
#2482=ORIENTED_EDGE('',*,*,#1796,.F.);
#2483=ORIENTED_EDGE('',*,*,#1799,.F.);
#2484=ORIENTED_EDGE('',*,*,#1802,.F.);
#2485=ORIENTED_EDGE('',*,*,#1805,.F.);
#2486=ORIENTED_EDGE('',*,*,#1808,.F.);
#2487=ORIENTED_EDGE('',*,*,#1811,.F.);
#2488=ORIENTED_EDGE('',*,*,#1814,.F.);
#2489=ORIENTED_EDGE('',*,*,#1502,.T.);
#2490=ORIENTED_EDGE('',*,*,#1524,.T.);
#2491=ORIENTED_EDGE('',*,*,#1521,.T.);
#2492=ORIENTED_EDGE('',*,*,#1518,.T.);
#2493=ORIENTED_EDGE('',*,*,#1515,.T.);
#2494=ORIENTED_EDGE('',*,*,#1512,.T.);
#2495=ORIENTED_EDGE('',*,*,#1509,.T.);
#2496=ORIENTED_EDGE('',*,*,#1506,.T.);
#2497=ORIENTED_EDGE('',*,*,#1817,.F.);
#2498=ORIENTED_EDGE('',*,*,#1818,.T.);
#2499=ORIENTED_EDGE('',*,*,#1819,.T.);
#2500=ORIENTED_EDGE('',*,*,#1820,.T.);
#2501=ORIENTED_EDGE('',*,*,#1821,.T.);
#2502=ORIENTED_EDGE('',*,*,#1822,.F.);
#2503=ORIENTED_EDGE('',*,*,#1821,.F.);
#2504=ORIENTED_EDGE('',*,*,#1823,.T.);
#2505=ORIENTED_EDGE('',*,*,#1824,.F.);
#2506=ORIENTED_EDGE('',*,*,#1825,.F.);
#2507=ORIENTED_EDGE('',*,*,#1826,.T.);
#2508=ORIENTED_EDGE('',*,*,#1827,.T.);
#2509=ORIENTED_EDGE('',*,*,#1828,.T.);
#2510=ORIENTED_EDGE('',*,*,#1829,.F.);
#2511=ORIENTED_EDGE('',*,*,#1830,.F.);
#2512=ORIENTED_EDGE('',*,*,#1831,.T.);
#2513=ORIENTED_EDGE('',*,*,#1832,.T.);
#2514=ORIENTED_EDGE('',*,*,#1833,.F.);
#2515=ORIENTED_EDGE('',*,*,#1834,.T.);
#2516=ORIENTED_EDGE('',*,*,#1835,.T.);
#2517=ORIENTED_EDGE('',*,*,#1836,.T.);
#2518=ORIENTED_EDGE('',*,*,#1837,.T.);
#2519=ORIENTED_EDGE('',*,*,#1838,.T.);
#2520=ORIENTED_EDGE('',*,*,#1839,.F.);
#2521=ORIENTED_EDGE('',*,*,#1840,.F.);
#2522=ORIENTED_EDGE('',*,*,#1841,.F.);
#2523=ORIENTED_EDGE('',*,*,#1842,.T.);
#2524=ORIENTED_EDGE('',*,*,#1843,.F.);
#2525=ORIENTED_EDGE('',*,*,#1818,.F.);
#2526=ORIENTED_EDGE('',*,*,#1844,.T.);
#2527=ORIENTED_EDGE('',*,*,#1845,.F.);
#2528=ORIENTED_EDGE('',*,*,#1846,.T.);
#2529=ORIENTED_EDGE('',*,*,#1847,.F.);
#2530=ORIENTED_EDGE('',*,*,#1848,.T.);
#2531=ORIENTED_EDGE('',*,*,#1849,.F.);
#2532=ORIENTED_EDGE('',*,*,#1850,.T.);
#2533=ORIENTED_EDGE('',*,*,#1851,.F.);
#2534=ORIENTED_EDGE('',*,*,#1852,.F.);
#2535=ORIENTED_EDGE('',*,*,#1853,.F.);
#2536=ORIENTED_EDGE('',*,*,#1852,.T.);
#2537=ORIENTED_EDGE('',*,*,#1854,.T.);
#2538=ORIENTED_EDGE('',*,*,#1855,.T.);
#2539=ORIENTED_EDGE('',*,*,#1856,.T.);
#2540=ORIENTED_EDGE('',*,*,#1857,.F.);
#2541=ORIENTED_EDGE('',*,*,#1856,.F.);
#2542=ORIENTED_EDGE('',*,*,#1858,.T.);
#2543=ORIENTED_EDGE('',*,*,#1859,.F.);
#2544=ORIENTED_EDGE('',*,*,#1860,.F.);
#2545=ORIENTED_EDGE('',*,*,#1861,.T.);
#2546=ORIENTED_EDGE('',*,*,#1862,.T.);
#2547=ORIENTED_EDGE('',*,*,#1863,.T.);
#2548=ORIENTED_EDGE('',*,*,#1864,.T.);
#2549=ORIENTED_EDGE('',*,*,#1865,.T.);
#2550=ORIENTED_EDGE('',*,*,#1866,.T.);
#2551=ORIENTED_EDGE('',*,*,#1867,.F.);
#2552=ORIENTED_EDGE('',*,*,#1840,.T.);
#2553=ORIENTED_EDGE('',*,*,#1868,.T.);
#2554=ORIENTED_EDGE('',*,*,#1869,.T.);
#2555=ORIENTED_EDGE('',*,*,#1870,.T.);
#2556=ORIENTED_EDGE('',*,*,#1871,.F.);
#2557=ORIENTED_EDGE('',*,*,#1870,.F.);
#2558=ORIENTED_EDGE('',*,*,#1872,.T.);
#2559=ORIENTED_EDGE('',*,*,#1873,.F.);
#2560=ORIENTED_EDGE('',*,*,#1874,.F.);
#2561=ORIENTED_EDGE('',*,*,#1875,.T.);
#2562=ORIENTED_EDGE('',*,*,#1876,.F.);
#2563=ORIENTED_EDGE('',*,*,#1845,.T.);
#2564=ORIENTED_EDGE('',*,*,#1853,.T.);
#2565=ORIENTED_EDGE('',*,*,#1877,.T.);
#2566=ORIENTED_EDGE('',*,*,#1878,.T.);
#2567=ORIENTED_EDGE('',*,*,#1879,.T.);
#2568=ORIENTED_EDGE('',*,*,#1880,.T.);
#2569=ORIENTED_EDGE('',*,*,#1847,.T.);
#2570=ORIENTED_EDGE('',*,*,#1879,.F.);
#2571=ORIENTED_EDGE('',*,*,#1881,.T.);
#2572=ORIENTED_EDGE('',*,*,#1882,.F.);
#2573=ORIENTED_EDGE('',*,*,#1883,.F.);
#2574=ORIENTED_EDGE('',*,*,#1884,.T.);
#2575=ORIENTED_EDGE('',*,*,#1885,.T.);
#2576=ORIENTED_EDGE('',*,*,#1819,.F.);
#2577=ORIENTED_EDGE('',*,*,#1843,.T.);
#2578=ORIENTED_EDGE('',*,*,#1885,.F.);
#2579=ORIENTED_EDGE('',*,*,#1886,.T.);
#2580=ORIENTED_EDGE('',*,*,#1887,.F.);
#2581=ORIENTED_EDGE('',*,*,#1823,.F.);
#2582=ORIENTED_EDGE('',*,*,#1820,.F.);
#2583=ORIENTED_EDGE('',*,*,#1888,.T.);
#2584=ORIENTED_EDGE('',*,*,#1832,.F.);
#2585=ORIENTED_EDGE('',*,*,#1833,.T.);
#2586=ORIENTED_EDGE('',*,*,#1867,.T.);
#2587=ORIENTED_EDGE('',*,*,#1888,.F.);
#2588=ORIENTED_EDGE('',*,*,#1871,.T.);
#2589=ORIENTED_EDGE('',*,*,#1874,.T.);
#2590=ORIENTED_EDGE('',*,*,#1889,.F.);
#2591=ORIENTED_EDGE('',*,*,#1890,.F.);
#2592=ORIENTED_EDGE('',*,*,#1827,.F.);
#2593=ORIENTED_EDGE('',*,*,#1891,.F.);
#2594=ORIENTED_EDGE('',*,*,#1892,.T.);
#2595=ORIENTED_EDGE('',*,*,#1854,.F.);
#2596=ORIENTED_EDGE('',*,*,#1851,.T.);
#2597=ORIENTED_EDGE('',*,*,#1876,.T.);
#2598=ORIENTED_EDGE('',*,*,#1893,.T.);
#2599=ORIENTED_EDGE('',*,*,#1894,.F.);
#2600=ORIENTED_EDGE('',*,*,#1895,.T.);
#2601=ORIENTED_EDGE('',*,*,#1891,.T.);
#2602=ORIENTED_EDGE('',*,*,#1850,.F.);
#2603=ORIENTED_EDGE('',*,*,#1896,.F.);
#2604=ORIENTED_EDGE('',*,*,#1897,.T.);
#2605=ORIENTED_EDGE('',*,*,#1898,.F.);
#2606=ORIENTED_EDGE('',*,*,#1881,.F.);
#2607=ORIENTED_EDGE('',*,*,#1878,.F.);
#2608=ORIENTED_EDGE('',*,*,#1846,.F.);
#2609=ORIENTED_EDGE('',*,*,#1899,.T.);
#2610=ORIENTED_EDGE('',*,*,#1900,.T.);
#2611=ORIENTED_EDGE('',*,*,#1896,.T.);
#2612=ORIENTED_EDGE('',*,*,#1849,.T.);
#2613=ORIENTED_EDGE('',*,*,#1900,.F.);
#2614=ORIENTED_EDGE('',*,*,#1901,.T.);
#2615=ORIENTED_EDGE('',*,*,#1902,.F.);
#2616=ORIENTED_EDGE('',*,*,#1897,.F.);
#2617=ORIENTED_EDGE('',*,*,#1903,.T.);
#2618=ORIENTED_EDGE('',*,*,#1904,.T.);
#2619=ORIENTED_EDGE('',*,*,#1841,.T.);
#2620=ORIENTED_EDGE('',*,*,#1817,.T.);
#2621=ORIENTED_EDGE('',*,*,#1903,.F.);
#2622=ORIENTED_EDGE('',*,*,#1822,.T.);
#2623=ORIENTED_EDGE('',*,*,#1825,.T.);
#2624=ORIENTED_EDGE('',*,*,#1905,.F.);
#2625=ORIENTED_EDGE('',*,*,#1906,.F.);
#2626=ORIENTED_EDGE('',*,*,#1907,.T.);
#2627=ORIENTED_EDGE('',*,*,#1868,.F.);
#2628=ORIENTED_EDGE('',*,*,#1839,.T.);
#2629=ORIENTED_EDGE('',*,*,#1830,.T.);
#2630=ORIENTED_EDGE('',*,*,#1907,.F.);
#2631=ORIENTED_EDGE('',*,*,#1829,.T.);
#2632=ORIENTED_EDGE('',*,*,#1908,.T.);
#2633=ORIENTED_EDGE('',*,*,#1909,.F.);
#2634=ORIENTED_EDGE('',*,*,#1872,.F.);
#2635=ORIENTED_EDGE('',*,*,#1869,.F.);
#2636=ORIENTED_EDGE('',*,*,#1844,.F.);
#2637=ORIENTED_EDGE('',*,*,#1910,.T.);
#2638=ORIENTED_EDGE('',*,*,#1911,.F.);
#2639=ORIENTED_EDGE('',*,*,#1910,.F.);
#2640=ORIENTED_EDGE('',*,*,#1835,.F.);
#2641=ORIENTED_EDGE('',*,*,#1912,.T.);
#2642=ORIENTED_EDGE('',*,*,#1913,.F.);
#2643=ORIENTED_EDGE('',*,*,#1914,.F.);
#2644=ORIENTED_EDGE('',*,*,#1836,.F.);
#2645=ORIENTED_EDGE('',*,*,#1914,.T.);
#2646=ORIENTED_EDGE('',*,*,#1915,.F.);
#2647=ORIENTED_EDGE('',*,*,#1916,.F.);
#2648=ORIENTED_EDGE('',*,*,#1837,.F.);
#2649=ORIENTED_EDGE('',*,*,#1916,.T.);
#2650=ORIENTED_EDGE('',*,*,#1917,.F.);
#2651=ORIENTED_EDGE('',*,*,#1918,.F.);
#2652=ORIENTED_EDGE('',*,*,#1838,.F.);
#2653=ORIENTED_EDGE('',*,*,#1918,.T.);
#2654=ORIENTED_EDGE('',*,*,#1919,.F.);
#2655=ORIENTED_EDGE('',*,*,#1912,.F.);
#2656=ORIENTED_EDGE('',*,*,#1834,.F.);
#2657=ORIENTED_EDGE('',*,*,#1831,.F.);
#2658=ORIENTED_EDGE('',*,*,#1919,.T.);
#2659=ORIENTED_EDGE('',*,*,#1917,.T.);
#2660=ORIENTED_EDGE('',*,*,#1915,.T.);
#2661=ORIENTED_EDGE('',*,*,#1913,.T.);
#2662=ORIENTED_EDGE('',*,*,#1911,.T.);
#2663=ORIENTED_EDGE('',*,*,#1754,.T.);
#2664=ORIENTED_EDGE('',*,*,#1815,.T.);
#2665=ORIENTED_EDGE('',*,*,#1812,.T.);
#2666=ORIENTED_EDGE('',*,*,#1809,.T.);
#2667=ORIENTED_EDGE('',*,*,#1806,.T.);
#2668=ORIENTED_EDGE('',*,*,#1803,.T.);
#2669=ORIENTED_EDGE('',*,*,#1800,.T.);
#2670=ORIENTED_EDGE('',*,*,#1797,.T.);
#2671=ORIENTED_EDGE('',*,*,#1794,.T.);
#2672=ORIENTED_EDGE('',*,*,#1791,.T.);
#2673=ORIENTED_EDGE('',*,*,#1788,.T.);
#2674=ORIENTED_EDGE('',*,*,#1785,.T.);
#2675=ORIENTED_EDGE('',*,*,#1782,.T.);
#2676=ORIENTED_EDGE('',*,*,#1779,.T.);
#2677=ORIENTED_EDGE('',*,*,#1776,.T.);
#2678=ORIENTED_EDGE('',*,*,#1773,.T.);
#2679=ORIENTED_EDGE('',*,*,#1770,.T.);
#2680=ORIENTED_EDGE('',*,*,#1767,.T.);
#2681=ORIENTED_EDGE('',*,*,#1764,.T.);
#2682=ORIENTED_EDGE('',*,*,#1761,.T.);
#2683=ORIENTED_EDGE('',*,*,#1758,.T.);
#2684=ORIENTED_EDGE('',*,*,#1664,.T.);
#2685=ORIENTED_EDGE('',*,*,#1752,.T.);
#2686=ORIENTED_EDGE('',*,*,#1749,.T.);
#2687=ORIENTED_EDGE('',*,*,#1746,.T.);
#2688=ORIENTED_EDGE('',*,*,#1743,.T.);
#2689=ORIENTED_EDGE('',*,*,#1740,.T.);
#2690=ORIENTED_EDGE('',*,*,#1737,.T.);
#2691=ORIENTED_EDGE('',*,*,#1734,.T.);
#2692=ORIENTED_EDGE('',*,*,#1731,.T.);
#2693=ORIENTED_EDGE('',*,*,#1728,.T.);
#2694=ORIENTED_EDGE('',*,*,#1725,.T.);
#2695=ORIENTED_EDGE('',*,*,#1722,.T.);
#2696=ORIENTED_EDGE('',*,*,#1719,.T.);
#2697=ORIENTED_EDGE('',*,*,#1716,.T.);
#2698=ORIENTED_EDGE('',*,*,#1713,.T.);
#2699=ORIENTED_EDGE('',*,*,#1710,.T.);
#2700=ORIENTED_EDGE('',*,*,#1707,.T.);
#2701=ORIENTED_EDGE('',*,*,#1704,.T.);
#2702=ORIENTED_EDGE('',*,*,#1701,.T.);
#2703=ORIENTED_EDGE('',*,*,#1698,.T.);
#2704=ORIENTED_EDGE('',*,*,#1695,.T.);
#2705=ORIENTED_EDGE('',*,*,#1692,.T.);
#2706=ORIENTED_EDGE('',*,*,#1689,.T.);
#2707=ORIENTED_EDGE('',*,*,#1686,.T.);
#2708=ORIENTED_EDGE('',*,*,#1683,.T.);
#2709=ORIENTED_EDGE('',*,*,#1680,.T.);
#2710=ORIENTED_EDGE('',*,*,#1677,.T.);
#2711=ORIENTED_EDGE('',*,*,#1674,.T.);
#2712=ORIENTED_EDGE('',*,*,#1671,.T.);
#2713=ORIENTED_EDGE('',*,*,#1668,.T.);
#2714=ORIENTED_EDGE('',*,*,#1574,.T.);
#2715=ORIENTED_EDGE('',*,*,#1662,.T.);
#2716=ORIENTED_EDGE('',*,*,#1659,.T.);
#2717=ORIENTED_EDGE('',*,*,#1656,.T.);
#2718=ORIENTED_EDGE('',*,*,#1653,.T.);
#2719=ORIENTED_EDGE('',*,*,#1650,.T.);
#2720=ORIENTED_EDGE('',*,*,#1647,.T.);
#2721=ORIENTED_EDGE('',*,*,#1644,.T.);
#2722=ORIENTED_EDGE('',*,*,#1641,.T.);
#2723=ORIENTED_EDGE('',*,*,#1638,.T.);
#2724=ORIENTED_EDGE('',*,*,#1635,.T.);
#2725=ORIENTED_EDGE('',*,*,#1632,.T.);
#2726=ORIENTED_EDGE('',*,*,#1629,.T.);
#2727=ORIENTED_EDGE('',*,*,#1626,.T.);
#2728=ORIENTED_EDGE('',*,*,#1623,.T.);
#2729=ORIENTED_EDGE('',*,*,#1620,.T.);
#2730=ORIENTED_EDGE('',*,*,#1617,.T.);
#2731=ORIENTED_EDGE('',*,*,#1614,.T.);
#2732=ORIENTED_EDGE('',*,*,#1611,.T.);
#2733=ORIENTED_EDGE('',*,*,#1608,.T.);
#2734=ORIENTED_EDGE('',*,*,#1605,.T.);
#2735=ORIENTED_EDGE('',*,*,#1602,.T.);
#2736=ORIENTED_EDGE('',*,*,#1599,.T.);
#2737=ORIENTED_EDGE('',*,*,#1596,.T.);
#2738=ORIENTED_EDGE('',*,*,#1593,.T.);
#2739=ORIENTED_EDGE('',*,*,#1590,.T.);
#2740=ORIENTED_EDGE('',*,*,#1587,.T.);
#2741=ORIENTED_EDGE('',*,*,#1584,.T.);
#2742=ORIENTED_EDGE('',*,*,#1581,.T.);
#2743=ORIENTED_EDGE('',*,*,#1578,.T.);
#2744=ORIENTED_EDGE('',*,*,#1526,.T.);
#2745=ORIENTED_EDGE('',*,*,#1572,.T.);
#2746=ORIENTED_EDGE('',*,*,#1569,.T.);
#2747=ORIENTED_EDGE('',*,*,#1566,.T.);
#2748=ORIENTED_EDGE('',*,*,#1563,.T.);
#2749=ORIENTED_EDGE('',*,*,#1560,.T.);
#2750=ORIENTED_EDGE('',*,*,#1557,.T.);
#2751=ORIENTED_EDGE('',*,*,#1554,.T.);
#2752=ORIENTED_EDGE('',*,*,#1551,.T.);
#2753=ORIENTED_EDGE('',*,*,#1548,.T.);
#2754=ORIENTED_EDGE('',*,*,#1545,.T.);
#2755=ORIENTED_EDGE('',*,*,#1542,.T.);
#2756=ORIENTED_EDGE('',*,*,#1539,.T.);
#2757=ORIENTED_EDGE('',*,*,#1536,.T.);
#2758=ORIENTED_EDGE('',*,*,#1533,.T.);
#2759=ORIENTED_EDGE('',*,*,#1530,.T.);
#2760=ORIENTED_EDGE('',*,*,#1490,.T.);
#2761=ORIENTED_EDGE('',*,*,#1500,.T.);
#2762=ORIENTED_EDGE('',*,*,#1497,.T.);
#2763=ORIENTED_EDGE('',*,*,#1494,.T.);
#2764=ORIENTED_EDGE('',*,*,#1861,.F.);
#2765=ORIENTED_EDGE('',*,*,#1920,.T.);
#2766=ORIENTED_EDGE('',*,*,#1921,.T.);
#2767=ORIENTED_EDGE('',*,*,#1922,.F.);
#2768=ORIENTED_EDGE('',*,*,#1866,.F.);
#2769=ORIENTED_EDGE('',*,*,#1923,.T.);
#2770=ORIENTED_EDGE('',*,*,#1924,.T.);
#2771=ORIENTED_EDGE('',*,*,#1920,.F.);
#2772=ORIENTED_EDGE('',*,*,#1865,.F.);
#2773=ORIENTED_EDGE('',*,*,#1925,.T.);
#2774=ORIENTED_EDGE('',*,*,#1926,.T.);
#2775=ORIENTED_EDGE('',*,*,#1923,.F.);
#2776=ORIENTED_EDGE('',*,*,#1864,.F.);
#2777=ORIENTED_EDGE('',*,*,#1927,.T.);
#2778=ORIENTED_EDGE('',*,*,#1928,.T.);
#2779=ORIENTED_EDGE('',*,*,#1925,.F.);
#2780=ORIENTED_EDGE('',*,*,#1863,.F.);
#2781=ORIENTED_EDGE('',*,*,#1929,.T.);
#2782=ORIENTED_EDGE('',*,*,#1930,.T.);
#2783=ORIENTED_EDGE('',*,*,#1927,.F.);
#2784=ORIENTED_EDGE('',*,*,#1862,.F.);
#2785=ORIENTED_EDGE('',*,*,#1922,.T.);
#2786=ORIENTED_EDGE('',*,*,#1931,.T.);
#2787=ORIENTED_EDGE('',*,*,#1929,.F.);
#2788=ORIENTED_EDGE('',*,*,#1931,.F.);
#2789=ORIENTED_EDGE('',*,*,#1921,.F.);
#2790=ORIENTED_EDGE('',*,*,#1924,.F.);
#2791=ORIENTED_EDGE('',*,*,#1926,.F.);
#2792=ORIENTED_EDGE('',*,*,#1928,.F.);
#2793=ORIENTED_EDGE('',*,*,#1930,.F.);
#2794=ORIENTED_EDGE('',*,*,#1932,.F.);
#2795=ORIENTED_EDGE('',*,*,#1932,.T.);
#2796=ORIENTED_EDGE('',*,*,#1933,.T.);
#2797=ORIENTED_EDGE('',*,*,#1934,.F.);
#2798=ORIENTED_EDGE('',*,*,#1933,.F.);
#2799=ORIENTED_EDGE('',*,*,#1898,.T.);
#2800=ORIENTED_EDGE('',*,*,#1902,.T.);
#2801=ORIENTED_EDGE('',*,*,#1935,.T.);
#2802=ORIENTED_EDGE('',*,*,#1882,.T.);
#2803=ORIENTED_EDGE('',*,*,#1877,.F.);
#2804=ORIENTED_EDGE('',*,*,#1857,.T.);
#2805=ORIENTED_EDGE('',*,*,#1860,.T.);
#2806=ORIENTED_EDGE('',*,*,#1936,.F.);
#2807=ORIENTED_EDGE('',*,*,#1893,.F.);
#2808=ORIENTED_EDGE('',*,*,#1859,.T.);
#2809=ORIENTED_EDGE('',*,*,#1937,.T.);
#2810=ORIENTED_EDGE('',*,*,#1894,.T.);
#2811=ORIENTED_EDGE('',*,*,#1936,.T.);
#2812=ORIENTED_EDGE('',*,*,#1892,.F.);
#2813=ORIENTED_EDGE('',*,*,#1895,.F.);
#2814=ORIENTED_EDGE('',*,*,#1937,.F.);
#2815=ORIENTED_EDGE('',*,*,#1858,.F.);
#2816=ORIENTED_EDGE('',*,*,#1855,.F.);
#2817=ORIENTED_EDGE('',*,*,#1935,.F.);
#2818=ORIENTED_EDGE('',*,*,#1901,.F.);
#2819=ORIENTED_EDGE('',*,*,#1899,.F.);
#2820=ORIENTED_EDGE('',*,*,#1848,.F.);
#2821=ORIENTED_EDGE('',*,*,#1880,.F.);
#2822=ORIENTED_EDGE('',*,*,#1883,.T.);
#2823=ORIENTED_EDGE('',*,*,#1934,.T.);
#2824=ORIENTED_EDGE('',*,*,#1875,.F.);
#2825=ORIENTED_EDGE('',*,*,#1938,.T.);
#2826=ORIENTED_EDGE('',*,*,#1939,.F.);
#2827=ORIENTED_EDGE('',*,*,#1938,.F.);
#2828=ORIENTED_EDGE('',*,*,#1873,.T.);
#2829=ORIENTED_EDGE('',*,*,#1909,.T.);
#2830=ORIENTED_EDGE('',*,*,#1940,.T.);
#2831=ORIENTED_EDGE('',*,*,#1889,.T.);
#2832=ORIENTED_EDGE('',*,*,#1828,.F.);
#2833=ORIENTED_EDGE('',*,*,#1890,.T.);
#2834=ORIENTED_EDGE('',*,*,#1940,.F.);
#2835=ORIENTED_EDGE('',*,*,#1908,.F.);
#2836=ORIENTED_EDGE('',*,*,#1939,.T.);
#2837=ORIENTED_EDGE('',*,*,#1941,.F.);
#2838=ORIENTED_EDGE('',*,*,#1942,.T.);
#2839=ORIENTED_EDGE('',*,*,#1826,.F.);
#2840=ORIENTED_EDGE('',*,*,#1942,.F.);
#2841=ORIENTED_EDGE('',*,*,#1824,.T.);
#2842=ORIENTED_EDGE('',*,*,#1887,.T.);
#2843=ORIENTED_EDGE('',*,*,#1943,.T.);
#2844=ORIENTED_EDGE('',*,*,#1905,.T.);
#2845=ORIENTED_EDGE('',*,*,#1943,.F.);
#2846=ORIENTED_EDGE('',*,*,#1886,.F.);
#2847=ORIENTED_EDGE('',*,*,#1884,.F.);
#2848=ORIENTED_EDGE('',*,*,#1842,.F.);
#2849=ORIENTED_EDGE('',*,*,#1904,.F.);
#2850=ORIENTED_EDGE('',*,*,#1906,.T.);
#2851=ORIENTED_EDGE('',*,*,#1941,.T.);
#2852=PLANE('',#3097);
#2853=PLANE('',#3098);
#2854=PLANE('',#3099);
#2855=PLANE('',#3100);
#2856=PLANE('',#3101);
#2857=PLANE('',#3102);
#2858=PLANE('',#3103);
#2859=PLANE('',#3104);
#2860=PLANE('',#3105);
#2861=PLANE('',#3106);
#2862=PLANE('',#3107);
#2863=PLANE('',#3108);
#2864=PLANE('',#3109);
#2865=PLANE('',#3110);
#2866=PLANE('',#3111);
#2867=PLANE('',#3112);
#2868=PLANE('',#3113);
#2869=PLANE('',#3114);
#2870=PLANE('',#3115);
#2871=PLANE('',#3116);
#2872=PLANE('',#3117);
#2873=PLANE('',#3118);
#2874=PLANE('',#3119);
#2875=PLANE('',#3120);
#2876=PLANE('',#3121);
#2877=PLANE('',#3122);
#2878=PLANE('',#3123);
#2879=PLANE('',#3124);
#2880=PLANE('',#3125);
#2881=PLANE('',#3126);
#2882=PLANE('',#3127);
#2883=PLANE('',#3128);
#2884=PLANE('',#3129);
#2885=PLANE('',#3130);
#2886=PLANE('',#3131);
#2887=PLANE('',#3132);
#2888=PLANE('',#3133);
#2889=PLANE('',#3134);
#2890=PLANE('',#3135);
#2891=PLANE('',#3136);
#2892=PLANE('',#3140);
#2893=PLANE('',#3146);
#2894=PLANE('',#3151);
#2895=PLANE('',#3156);
#2896=PLANE('',#3164);
#2897=PLANE('',#3167);
#2898=PLANE('',#3169);
#2899=PLANE('',#3172);
#2900=PLANE('',#3178);
#2901=PLANE('',#3181);
#2902=PLANE('',#3183);
#2903=PLANE('',#3186);
#2904=PLANE('',#3187);
#2905=PLANE('',#3188);
#2906=PLANE('',#3189);
#2907=PLANE('',#3190);
#2908=PLANE('',#3191);
#2909=PLANE('',#3192);
#2910=PLANE('',#3193);
#2911=PLANE('',#3194);
#2912=PLANE('',#3195);
#2913=PLANE('',#3196);
#2914=PLANE('',#3197);
#2915=PLANE('',#3203);
#2916=PLANE('',#3205);
#2917=PLANE('',#3206);
#2918=PLANE('',#3211);
#2919=PLANE('',#3216);
#2920=ADVANCED_FACE('',(#317),#2852,.F.);
#2921=ADVANCED_FACE('',(#318),#2853,.F.);
#2922=ADVANCED_FACE('',(#319),#2854,.F.);
#2923=ADVANCED_FACE('',(#320),#2855,.F.);
#2924=ADVANCED_FACE('',(#321),#2856,.F.);
#2925=ADVANCED_FACE('',(#322),#242,.F.);
#2926=ADVANCED_FACE('',(#323),#243,.F.);
#2927=ADVANCED_FACE('',(#324),#244,.F.);
#2928=ADVANCED_FACE('',(#325),#245,.F.);
#2929=ADVANCED_FACE('',(#326),#246,.F.);
#2930=ADVANCED_FACE('',(#327),#247,.F.);
#2931=ADVANCED_FACE('',(#328),#248,.F.);
#2932=ADVANCED_FACE('',(#329),#249,.F.);
#2933=ADVANCED_FACE('',(#330),#250,.F.);
#2934=ADVANCED_FACE('',(#331),#251,.F.);
#2935=ADVANCED_FACE('',(#332),#252,.F.);
#2936=ADVANCED_FACE('',(#333),#253,.F.);
#2937=ADVANCED_FACE('',(#334),#254,.F.);
#2938=ADVANCED_FACE('',(#335),#255,.F.);
#2939=ADVANCED_FACE('',(#336),#256,.F.);
#2940=ADVANCED_FACE('',(#337),#257,.F.);
#2941=ADVANCED_FACE('',(#338),#258,.F.);
#2942=ADVANCED_FACE('',(#339),#259,.F.);
#2943=ADVANCED_FACE('',(#340),#260,.F.);
#2944=ADVANCED_FACE('',(#341),#261,.F.);
#2945=ADVANCED_FACE('',(#342),#262,.F.);
#2946=ADVANCED_FACE('',(#343),#263,.F.);
#2947=ADVANCED_FACE('',(#344),#2857,.F.);
#2948=ADVANCED_FACE('',(#345),#264,.F.);
#2949=ADVANCED_FACE('',(#346,#67),#2858,.T.);
#2950=ADVANCED_FACE('',(#347),#2859,.F.);
#2951=ADVANCED_FACE('',(#348),#2860,.F.);
#2952=ADVANCED_FACE('',(#349),#265,.F.);
#2953=ADVANCED_FACE('',(#350),#266,.F.);
#2954=ADVANCED_FACE('',(#351),#267,.F.);
#2955=ADVANCED_FACE('',(#352),#268,.F.);
#2956=ADVANCED_FACE('',(#353),#269,.F.);
#2957=ADVANCED_FACE('',(#354),#270,.F.);
#2958=ADVANCED_FACE('',(#355),#2861,.F.);
#2959=ADVANCED_FACE('',(#356),#2862,.F.);
#2960=ADVANCED_FACE('',(#357),#2863,.F.);
#2961=ADVANCED_FACE('',(#358),#271,.F.);
#2962=ADVANCED_FACE('',(#359),#272,.F.);
#2963=ADVANCED_FACE('',(#360),#273,.F.);
#2964=ADVANCED_FACE('',(#361),#274,.F.);
#2965=ADVANCED_FACE('',(#362),#275,.F.);
#2966=ADVANCED_FACE('',(#363),#2864,.F.);
#2967=ADVANCED_FACE('',(#364),#2865,.F.);
#2968=ADVANCED_FACE('',(#365),#2866,.F.);
#2969=ADVANCED_FACE('',(#366),#276,.F.);
#2970=ADVANCED_FACE('',(#367),#277,.F.);
#2971=ADVANCED_FACE('',(#368),#278,.F.);
#2972=ADVANCED_FACE('',(#369),#279,.F.);
#2973=ADVANCED_FACE('',(#370),#280,.F.);
#2974=ADVANCED_FACE('',(#371),#281,.F.);
#2975=ADVANCED_FACE('',(#372),#282,.F.);
#2976=ADVANCED_FACE('',(#373),#283,.F.);
#2977=ADVANCED_FACE('',(#374),#2867,.F.);
#2978=ADVANCED_FACE('',(#375),#2868,.F.);
#2979=ADVANCED_FACE('',(#376),#2869,.F.);
#2980=ADVANCED_FACE('',(#377),#2870,.T.);
#2981=ADVANCED_FACE('',(#378),#2871,.F.);
#2982=ADVANCED_FACE('',(#379),#2872,.F.);
#2983=ADVANCED_FACE('',(#380),#284,.F.);
#2984=ADVANCED_FACE('',(#381),#285,.F.);
#2985=ADVANCED_FACE('',(#382),#286,.F.);
#2986=ADVANCED_FACE('',(#383),#287,.F.);
#2987=ADVANCED_FACE('',(#384),#288,.F.);
#2988=ADVANCED_FACE('',(#385),#289,.F.);
#2989=ADVANCED_FACE('',(#386),#2873,.F.);
#2990=ADVANCED_FACE('',(#387),#2874,.F.);
#2991=ADVANCED_FACE('',(#388),#2875,.F.);
#2992=ADVANCED_FACE('',(#389),#290,.F.);
#2993=ADVANCED_FACE('',(#390),#291,.F.);
#2994=ADVANCED_FACE('',(#391),#292,.F.);
#2995=ADVANCED_FACE('',(#392),#293,.F.);
#2996=ADVANCED_FACE('',(#393),#294,.F.);
#2997=ADVANCED_FACE('',(#394),#2876,.F.);
#2998=ADVANCED_FACE('',(#395),#2877,.F.);
#2999=ADVANCED_FACE('',(#396),#2878,.F.);
#3000=ADVANCED_FACE('',(#397),#295,.F.);
#3001=ADVANCED_FACE('',(#398),#296,.F.);
#3002=ADVANCED_FACE('',(#399),#297,.F.);
#3003=ADVANCED_FACE('',(#400),#298,.F.);
#3004=ADVANCED_FACE('',(#401),#299,.F.);
#3005=ADVANCED_FACE('',(#402),#300,.F.);
#3006=ADVANCED_FACE('',(#403),#301,.F.);
#3007=ADVANCED_FACE('',(#404),#302,.F.);
#3008=ADVANCED_FACE('',(#405),#2879,.F.);
#3009=ADVANCED_FACE('',(#406),#2880,.F.);
#3010=ADVANCED_FACE('',(#407),#2881,.F.);
#3011=ADVANCED_FACE('',(#408),#2882,.T.);
#3012=ADVANCED_FACE('',(#409),#303,.F.);
#3013=ADVANCED_FACE('',(#410),#304,.F.);
#3014=ADVANCED_FACE('',(#411),#305,.F.);
#3015=ADVANCED_FACE('',(#412),#306,.F.);
#3016=ADVANCED_FACE('',(#413),#307,.F.);
#3017=ADVANCED_FACE('',(#414),#308,.F.);
#3018=ADVANCED_FACE('',(#415),#2883,.F.);
#3019=ADVANCED_FACE('',(#416),#2884,.F.);
#3020=ADVANCED_FACE('',(#417),#2885,.F.);
#3021=ADVANCED_FACE('',(#418),#2886,.F.);
#3022=ADVANCED_FACE('',(#419),#2887,.F.);
#3023=ADVANCED_FACE('',(#420),#2888,.F.);
#3024=ADVANCED_FACE('',(#421),#309,.F.);
#3025=ADVANCED_FACE('',(#422),#310,.F.);
#3026=ADVANCED_FACE('',(#423),#311,.F.);
#3027=ADVANCED_FACE('',(#424),#312,.F.);
#3028=ADVANCED_FACE('',(#425),#313,.F.);
#3029=ADVANCED_FACE('',(#426),#314,.F.);
#3030=ADVANCED_FACE('',(#427),#315,.F.);
#3031=ADVANCED_FACE('',(#428),#2889,.F.);
#3032=ADVANCED_FACE('',(#429),#316,.F.);
#3033=ADVANCED_FACE('',(#430),#2890,.T.);
#3034=ADVANCED_FACE('',(#431),#2891,.T.);
#3035=ADVANCED_FACE('',(#432),#47,.F.);
#3036=ADVANCED_FACE('',(#433,#68),#2892,.T.);
#3037=ADVANCED_FACE('',(#434),#48,.F.);
#3038=ADVANCED_FACE('',(#435,#69,#70,#71),#2893,.T.);
#3039=ADVANCED_FACE('',(#436),#49,.F.);
#3040=ADVANCED_FACE('',(#437,#72),#2894,.T.);
#3041=ADVANCED_FACE('',(#438),#50,.F.);
#3042=ADVANCED_FACE('',(#439,#73),#2895,.T.);
#3043=ADVANCED_FACE('',(#440),#51,.F.);
#3044=ADVANCED_FACE('',(#441),#52,.F.);
#3045=ADVANCED_FACE('',(#442),#2896,.T.);
#3046=ADVANCED_FACE('',(#443),#53,.F.);
#3047=ADVANCED_FACE('',(#444),#2897,.T.);
#3048=ADVANCED_FACE('',(#445),#54,.F.);
#3049=ADVANCED_FACE('',(#446),#2898,.T.);
#3050=ADVANCED_FACE('',(#447),#55,.F.);
#3051=ADVANCED_FACE('',(#448),#2899,.T.);
#3052=ADVANCED_FACE('',(#449),#56,.F.);
#3053=ADVANCED_FACE('',(#450),#2900,.T.);
#3054=ADVANCED_FACE('',(#451),#57,.F.);
#3055=ADVANCED_FACE('',(#452),#2901,.T.);
#3056=ADVANCED_FACE('',(#453),#58,.F.);
#3057=ADVANCED_FACE('',(#454),#2902,.T.);
#3058=ADVANCED_FACE('',(#455),#59,.F.);
#3059=ADVANCED_FACE('',(#456),#2903,.T.);
#3060=ADVANCED_FACE('',(#457),#2904,.T.);
#3061=ADVANCED_FACE('',(#458),#2905,.T.);
#3062=ADVANCED_FACE('',(#459),#2906,.T.);
#3063=ADVANCED_FACE('',(#460,#74,#75,#76,#77,#78,#79),#2907,.T.);
#3064=ADVANCED_FACE('',(#461),#2908,.F.);
#3065=ADVANCED_FACE('',(#462),#2909,.F.);
#3066=ADVANCED_FACE('',(#463),#2910,.F.);
#3067=ADVANCED_FACE('',(#464),#2911,.F.);
#3068=ADVANCED_FACE('',(#465),#2912,.F.);
#3069=ADVANCED_FACE('',(#466),#2913,.F.);
#3070=ADVANCED_FACE('',(#467,#80),#2914,.T.);
#3071=ADVANCED_FACE('',(#468),#60,.F.);
#3072=ADVANCED_FACE('',(#469),#61,.T.);
#3073=ADVANCED_FACE('',(#470),#2915,.T.);
#3074=ADVANCED_FACE('',(#471),#62,.T.);
#3075=ADVANCED_FACE('',(#472),#2916,.T.);
#3076=ADVANCED_FACE('',(#473,#81),#2917,.T.);
#3077=ADVANCED_FACE('',(#474),#63,.F.);
#3078=ADVANCED_FACE('',(#475),#64,.T.);
#3079=ADVANCED_FACE('',(#476,#82),#2918,.T.);
#3080=ADVANCED_FACE('',(#477),#65,.F.);
#3081=ADVANCED_FACE('',(#478),#66,.T.);
#3082=ADVANCED_FACE('',(#479,#83),#2919,.T.);
#3083=CLOSED_SHELL('',(#2920,#2921,#2922,#2923,#2924,#2925,#2926,#2927,
#2928,#2929,#2930,#2931,#2932,#2933,#2934,#2935,#2936,#2937,#2938,#2939,
#2940,#2941,#2942,#2943,#2944,#2945,#2946,#2947,#2948,#2949,#2950,#2951,
#2952,#2953,#2954,#2955,#2956,#2957,#2958,#2959,#2960,#2961,#2962,#2963,
#2964,#2965,#2966,#2967,#2968,#2969,#2970,#2971,#2972,#2973,#2974,#2975,
#2976,#2977,#2978,#2979,#2980,#2981,#2982,#2983,#2984,#2985,#2986,#2987,
#2988,#2989,#2990,#2991,#2992,#2993,#2994,#2995,#2996,#2997,#2998,#2999,
#3000,#3001,#3002,#3003,#3004,#3005,#3006,#3007,#3008,#3009,#3010,#3011,
#3012,#3013,#3014,#3015,#3016,#3017,#3018,#3019,#3020,#3021,#3022,#3023,
#3024,#3025,#3026,#3027,#3028,#3029,#3030,#3031,#3032,#3033,#3034,#3035,
#3036,#3037,#3038,#3039,#3040,#3041,#3042,#3043,#3044,#3045,#3046,#3047,
#3048,#3049,#3050,#3051,#3052,#3053,#3054,#3055,#3056,#3057,#3058,#3059,
#3060,#3061,#3062,#3063,#3064,#3065,#3066,#3067,#3068,#3069,#3070,#3071,
#3072,#3073,#3074,#3075,#3076,#3077,#3078,#3079,#3080,#3081,#3082));
#3084=DERIVED_UNIT_ELEMENT(#3086,1.);
#3085=DERIVED_UNIT_ELEMENT(#6021,-3.);
#3086=(
MASS_UNIT()
NAMED_UNIT(*)
SI_UNIT(.KILO.,.GRAM.)
);
#3087=DERIVED_UNIT((#3084,#3085));
#3088=MEASURE_REPRESENTATION_ITEM('density measure',
POSITIVE_RATIO_MEASURE(7850.),#3087);
#3089=PROPERTY_DEFINITION_REPRESENTATION(#3094,#3091);
#3090=PROPERTY_DEFINITION_REPRESENTATION(#3095,#3092);
#3091=REPRESENTATION('material name',(#3093),#6018);
#3092=REPRESENTATION('density',(#3088),#6018);
#3093=DESCRIPTIVE_REPRESENTATION_ITEM('A\X\E7o','A\X\E7o');
#3094=PROPERTY_DEFINITION('material property','material name',#6028);
#3095=PROPERTY_DEFINITION('material property','density of part',#6028);
#3096=AXIS2_PLACEMENT_3D('',#3723,#3217,#3218);
#3097=AXIS2_PLACEMENT_3D('',#3724,#3219,#3220);
#3098=AXIS2_PLACEMENT_3D('',#3733,#3225,#3226);
#3099=AXIS2_PLACEMENT_3D('',#3739,#3230,#3231);
#3100=AXIS2_PLACEMENT_3D('',#3745,#3235,#3236);
#3101=AXIS2_PLACEMENT_3D('',#3748,#3239,#3240);
#3102=AXIS2_PLACEMENT_3D('',#4258,#3264,#3265);
#3103=AXIS2_PLACEMENT_3D('',#4284,#3269,#3270);
#3104=AXIS2_PLACEMENT_3D('',#4285,#3271,#3272);
#3105=AXIS2_PLACEMENT_3D('',#4294,#3277,#3278);
#3106=AXIS2_PLACEMENT_3D('',#4438,#3288,#3289);
#3107=AXIS2_PLACEMENT_3D('',#4444,#3293,#3294);
#3108=AXIS2_PLACEMENT_3D('',#4450,#3298,#3299);
#3109=AXIS2_PLACEMENT_3D('',#4571,#3308,#3309);
#3110=AXIS2_PLACEMENT_3D('',#4577,#3313,#3314);
#3111=AXIS2_PLACEMENT_3D('',#4583,#3318,#3319);
#3112=AXIS2_PLACEMENT_3D('',#4773,#3331,#3332);
#3113=AXIS2_PLACEMENT_3D('',#4779,#3336,#3337);
#3114=AXIS2_PLACEMENT_3D('',#4785,#3341,#3342);
#3115=AXIS2_PLACEMENT_3D('',#4788,#3345,#3346);
#3116=AXIS2_PLACEMENT_3D('',#4789,#3347,#3348);
#3117=AXIS2_PLACEMENT_3D('',#4798,#3353,#3354);
#3118=AXIS2_PLACEMENT_3D('',#4942,#3364,#3365);
#3119=AXIS2_PLACEMENT_3D('',#4948,#3369,#3370);
#3120=AXIS2_PLACEMENT_3D('',#4954,#3374,#3375);
#3121=AXIS2_PLACEMENT_3D('',#5075,#3384,#3385);
#3122=AXIS2_PLACEMENT_3D('',#5081,#3389,#3390);
#3123=AXIS2_PLACEMENT_3D('',#5087,#3394,#3395);
#3124=AXIS2_PLACEMENT_3D('',#5277,#3407,#3408);
#3125=AXIS2_PLACEMENT_3D('',#5283,#3412,#3413);
#3126=AXIS2_PLACEMENT_3D('',#5289,#3417,#3418);
#3127=AXIS2_PLACEMENT_3D('',#5292,#3421,#3422);
#3128=AXIS2_PLACEMENT_3D('',#5434,#3430,#3431);
#3129=AXIS2_PLACEMENT_3D('',#5440,#3435,#3436);
#3130=AXIS2_PLACEMENT_3D('',#5446,#3440,#3441);
#3131=AXIS2_PLACEMENT_3D('',#5452,#3445,#3446);
#3132=AXIS2_PLACEMENT_3D('',#5458,#3450,#3451);
#3133=AXIS2_PLACEMENT_3D('',#5464,#3455,#3456);
#3134=AXIS2_PLACEMENT_3D('',#5631,#3467,#3468);
#3135=AXIS2_PLACEMENT_3D('',#5657,#3472,#3473);
#3136=AXIS2_PLACEMENT_3D('',#5658,#3474,#3475);
#3137=AXIS2_PLACEMENT_3D('',#5659,#3476,#3477);
#3138=AXIS2_PLACEMENT_3D('',#5688,#3479,#3480);
#3139=AXIS2_PLACEMENT_3D('',#5691,#3482,#3483);
#3140=AXIS2_PLACEMENT_3D('',#5692,#3484,#3485);
#3141=AXIS2_PLACEMENT_3D('',#5696,#3487,#3488);
#3142=AXIS2_PLACEMENT_3D('',#5699,#3490,#3491);
#3143=AXIS2_PLACEMENT_3D('',#5700,#3492,#3493);
#3144=AXIS2_PLACEMENT_3D('',#5703,#3494,#3495);
#3145=AXIS2_PLACEMENT_3D('',#5707,#3497,#3498);
#3146=AXIS2_PLACEMENT_3D('',#5751,#3500,#3501);
#3147=AXIS2_PLACEMENT_3D('',#5772,#3513,#3514);
#3148=AXIS2_PLACEMENT_3D('',#5789,#3523,#3524);
#3149=AXIS2_PLACEMENT_3D('',#5815,#3525,#3526);
#3150=AXIS2_PLACEMENT_3D('',#5818,#3528,#3529);
#3151=AXIS2_PLACEMENT_3D('',#5819,#3530,#3531);
#3152=AXIS2_PLACEMENT_3D('',#5823,#3533,#3534);
#3153=AXIS2_PLACEMENT_3D('',#5837,#3542,#3543);
#3154=AXIS2_PLACEMENT_3D('',#5863,#3544,#3545);
#3155=AXIS2_PLACEMENT_3D('',#5866,#3547,#3548);
#3156=AXIS2_PLACEMENT_3D('',#5867,#3549,#3550);
#3157=AXIS2_PLACEMENT_3D('',#5871,#3552,#3553);
#3158=AXIS2_PLACEMENT_3D('',#5874,#3555,#3556);
#3159=AXIS2_PLACEMENT_3D('',#5875,#3557,#3558);
#3160=AXIS2_PLACEMENT_3D('',#5877,#3559,#3560);
#3161=AXIS2_PLACEMENT_3D('',#5879,#3562,#3563);
#3162=AXIS2_PLACEMENT_3D('',#5881,#3564,#3565);
#3163=AXIS2_PLACEMENT_3D('',#5884,#3567,#3568);
#3164=AXIS2_PLACEMENT_3D('',#5885,#3569,#3570);
#3165=AXIS2_PLACEMENT_3D('',#5891,#3574,#3575);
#3166=AXIS2_PLACEMENT_3D('',#5893,#3576,#3577);
#3167=AXIS2_PLACEMENT_3D('',#5895,#3579,#3580);
#3168=AXIS2_PLACEMENT_3D('',#5899,#3583,#3584);
#3169=AXIS2_PLACEMENT_3D('',#5901,#3586,#3587);
#3170=AXIS2_PLACEMENT_3D('',#5905,#3590,#3591);
#3171=AXIS2_PLACEMENT_3D('',#5907,#3592,#3593);
#3172=AXIS2_PLACEMENT_3D('',#5909,#3595,#3596);
#3173=AXIS2_PLACEMENT_3D('',#5913,#3598,#3599);
#3174=AXIS2_PLACEMENT_3D('',#5916,#3601,#3602);
#3175=AXIS2_PLACEMENT_3D('',#5919,#3604,#3605);
#3176=AXIS2_PLACEMENT_3D('',#5920,#3606,#3607);
#3177=AXIS2_PLACEMENT_3D('',#5922,#3608,#3609);
#3178=AXIS2_PLACEMENT_3D('',#5924,#3611,#3612);
#3179=AXIS2_PLACEMENT_3D('',#5928,#3615,#3616);
#3180=AXIS2_PLACEMENT_3D('',#5931,#3618,#3619);
#3181=AXIS2_PLACEMENT_3D('',#5932,#3620,#3621);
#3182=AXIS2_PLACEMENT_3D('',#5936,#3624,#3625);
#3183=AXIS2_PLACEMENT_3D('',#5938,#3627,#3628);
#3184=AXIS2_PLACEMENT_3D('',#5942,#3631,#3632);
#3185=AXIS2_PLACEMENT_3D('',#5945,#3634,#3635);
#3186=AXIS2_PLACEMENT_3D('',#5946,#3636,#3637);
#3187=AXIS2_PLACEMENT_3D('',#5952,#3641,#3642);
#3188=AXIS2_PLACEMENT_3D('',#5956,#3645,#3646);
#3189=AXIS2_PLACEMENT_3D('',#5960,#3649,#3650);
#3190=AXIS2_PLACEMENT_3D('',#5962,#3652,#3653);
#3191=AXIS2_PLACEMENT_3D('',#5963,#3654,#3655);
#3192=AXIS2_PLACEMENT_3D('',#5969,#3659,#3660);
#3193=AXIS2_PLACEMENT_3D('',#5973,#3663,#3664);
#3194=AXIS2_PLACEMENT_3D('',#5977,#3667,#3668);
#3195=AXIS2_PLACEMENT_3D('',#5981,#3671,#3672);
#3196=AXIS2_PLACEMENT_3D('',#5985,#3675,#3676);
#3197=AXIS2_PLACEMENT_3D('',#5987,#3678,#3679);
#3198=AXIS2_PLACEMENT_3D('',#5989,#3680,#3681);
#3199=AXIS2_PLACEMENT_3D('',#5990,#3682,#3683);
#3200=AXIS2_PLACEMENT_3D('',#5993,#3685,#3686);
#3201=AXIS2_PLACEMENT_3D('',#5994,#3687,#3688);
#3202=AXIS2_PLACEMENT_3D('',#5995,#3689,#3690);
#3203=AXIS2_PLACEMENT_3D('',#5996,#3691,#3692);
#3204=AXIS2_PLACEMENT_3D('',#5998,#3694,#3695);
#3205=AXIS2_PLACEMENT_3D('',#6000,#3697,#3698);
#3206=AXIS2_PLACEMENT_3D('',#6001,#3699,#3700);
#3207=AXIS2_PLACEMENT_3D('',#6002,#3701,#3702);
#3208=AXIS2_PLACEMENT_3D('',#6005,#3704,#3705);
#3209=AXIS2_PLACEMENT_3D('',#6006,#3706,#3707);
#3210=AXIS2_PLACEMENT_3D('',#6007,#3708,#3709);
#3211=AXIS2_PLACEMENT_3D('',#6008,#3710,#3711);
#3212=AXIS2_PLACEMENT_3D('',#6009,#3712,#3713);
#3213=AXIS2_PLACEMENT_3D('',#6011,#3714,#3715);
#3214=AXIS2_PLACEMENT_3D('',#6013,#3717,#3718);
#3215=AXIS2_PLACEMENT_3D('',#6014,#3719,#3720);
#3216=AXIS2_PLACEMENT_3D('',#6015,#3721,#3722);
#3217=DIRECTION('axis',(0.,0.,1.));
#3218=DIRECTION('refdir',(1.,0.,0.));
#3219=DIRECTION('center_axis',(1.,0.,0.));
#3220=DIRECTION('ref_axis',(0.,0.,-1.));
#3221=DIRECTION('',(0.,0.,-1.));
#3222=DIRECTION('',(0.,1.,0.));
#3223=DIRECTION('',(0.,0.,-1.));
#3224=DIRECTION('',(0.,1.,0.));
#3225=DIRECTION('center_axis',(0.,0.,1.));
#3226=DIRECTION('ref_axis',(1.,0.,0.));
#3227=DIRECTION('',(1.,0.,0.));
#3228=DIRECTION('',(0.,1.,0.));
#3229=DIRECTION('',(1.,0.,0.));
#3230=DIRECTION('center_axis',(-1.,0.,0.));
#3231=DIRECTION('ref_axis',(0.,0.,1.));
#3232=DIRECTION('',(0.,0.,1.));
#3233=DIRECTION('',(0.,1.,0.));
#3234=DIRECTION('',(0.,0.,1.));
#3235=DIRECTION('center_axis',(0.,0.,-1.));
#3236=DIRECTION('ref_axis',(-1.,0.,0.));
#3237=DIRECTION('',(-1.,0.,0.));
#3238=DIRECTION('',(-1.,0.,0.));
#3239=DIRECTION('center_axis',(0.,1.,0.));
#3240=DIRECTION('ref_axis',(0.,0.,1.));
#3241=DIRECTION('',(0.,1.,0.));
#3242=DIRECTION('',(0.,1.,0.));
#3243=DIRECTION('',(0.,1.,0.));
#3244=DIRECTION('',(0.,1.,0.));
#3245=DIRECTION('',(0.,1.,0.));
#3246=DIRECTION('',(0.,1.,0.));
#3247=DIRECTION('',(0.,1.,0.));
#3248=DIRECTION('',(0.,1.,0.));
#3249=DIRECTION('',(0.,1.,0.));
#3250=DIRECTION('',(0.,1.,0.));
#3251=DIRECTION('',(0.,1.,0.));
#3252=DIRECTION('',(0.,1.,0.));
#3253=DIRECTION('',(0.,1.,0.));
#3254=DIRECTION('',(0.,1.,0.));
#3255=DIRECTION('',(0.,1.,0.));
#3256=DIRECTION('',(0.,1.,0.));
#3257=DIRECTION('',(0.,1.,0.));
#3258=DIRECTION('',(0.,1.,0.));
#3259=DIRECTION('',(0.,1.,0.));
#3260=DIRECTION('',(0.,1.,0.));
#3261=DIRECTION('',(0.,1.,0.));
#3262=DIRECTION('',(0.,1.,0.));
#3263=DIRECTION('',(0.,1.,0.));
#3264=DIRECTION('center_axis',(0.109629417865597,0.,-0.993972530172967));
#3265=DIRECTION('ref_axis',(-0.993972530172967,0.,-0.109629417865597));
#3266=DIRECTION('',(-0.993972530172967,0.,-0.109629417865597));
#3267=DIRECTION('',(0.,1.,0.));
#3268=DIRECTION('',(-0.993972530172967,0.,-0.109629417865597));
#3269=DIRECTION('center_axis',(0.,-1.,0.));
#3270=DIRECTION('ref_axis',(1.,0.,0.));
#3271=DIRECTION('center_axis',(0.,0.,-1.));
#3272=DIRECTION('ref_axis',(-1.,0.,0.));
#3273=DIRECTION('',(-1.,0.,0.));
#3274=DIRECTION('',(0.,1.,0.));
#3275=DIRECTION('',(-1.,0.,0.));
#3276=DIRECTION('',(0.,1.,0.));
#3277=DIRECTION('center_axis',(1.,0.,0.));
#3278=DIRECTION('ref_axis',(0.,0.,-1.));
#3279=DIRECTION('',(0.,0.,-1.));
#3280=DIRECTION('',(0.,1.,0.));
#3281=DIRECTION('',(0.,0.,-1.));
#3282=DIRECTION('',(0.,1.,0.));
#3283=DIRECTION('',(0.,1.,0.));
#3284=DIRECTION('',(0.,1.,0.));
#3285=DIRECTION('',(0.,1.,0.));
#3286=DIRECTION('',(0.,1.,0.));
#3287=DIRECTION('',(0.,1.,0.));
#3288=DIRECTION('center_axis',(-1.,0.,0.));
#3289=DIRECTION('ref_axis',(0.,0.,1.));
#3290=DIRECTION('',(0.,0.,1.));
#3291=DIRECTION('',(0.,1.,0.));
#3292=DIRECTION('',(0.,0.,1.));
#3293=DIRECTION('center_axis',(0.,0.,-1.));
#3294=DIRECTION('ref_axis',(-1.,0.,0.));
#3295=DIRECTION('',(-1.,0.,0.));
#3296=DIRECTION('',(0.,1.,0.));
#3297=DIRECTION('',(-1.,0.,0.));
#3298=DIRECTION('center_axis',(1.,0.,0.));
#3299=DIRECTION('ref_axis',(0.,0.,-1.));
#3300=DIRECTION('',(0.,0.,-1.));
#3301=DIRECTION('',(0.,1.,0.));
#3302=DIRECTION('',(0.,0.,-1.));
#3303=DIRECTION('',(0.,1.,0.));
#3304=DIRECTION('',(0.,1.,0.));
#3305=DIRECTION('',(0.,1.,0.));
#3306=DIRECTION('',(0.,1.,0.));
#3307=DIRECTION('',(0.,1.,0.));
#3308=DIRECTION('center_axis',(-1.,0.,0.));
#3309=DIRECTION('ref_axis',(0.,0.,1.));
#3310=DIRECTION('',(0.,0.,1.));
#3311=DIRECTION('',(0.,1.,0.));
#3312=DIRECTION('',(0.,0.,1.));
#3313=DIRECTION('center_axis',(0.,0.,-1.));
#3314=DIRECTION('ref_axis',(-1.,0.,0.));
#3315=DIRECTION('',(-1.,0.,0.));
#3316=DIRECTION('',(0.,1.,0.));
#3317=DIRECTION('',(-1.,0.,0.));
#3318=DIRECTION('center_axis',(1.,0.,0.));
#3319=DIRECTION('ref_axis',(0.,0.,-1.));
#3320=DIRECTION('',(0.,0.,-1.));
#3321=DIRECTION('',(0.,1.,0.));
#3322=DIRECTION('',(0.,0.,-1.));
#3323=DIRECTION('',(0.,1.,0.));
#3324=DIRECTION('',(0.,1.,0.));
#3325=DIRECTION('',(0.,1.,0.));
#3326=DIRECTION('',(0.,1.,0.));
#3327=DIRECTION('',(0.,1.,0.));
#3328=DIRECTION('',(0.,1.,0.));
#3329=DIRECTION('',(0.,1.,0.));
#3330=DIRECTION('',(0.,1.,0.));
#3331=DIRECTION('center_axis',(1.,0.,0.));
#3332=DIRECTION('ref_axis',(0.,0.,-1.));
#3333=DIRECTION('',(0.,0.,-1.));
#3334=DIRECTION('',(0.,1.,0.));
#3335=DIRECTION('',(0.,0.,-1.));
#3336=DIRECTION('center_axis',(0.,0.,1.));
#3337=DIRECTION('ref_axis',(1.,0.,0.));
#3338=DIRECTION('',(1.,0.,0.));
#3339=DIRECTION('',(0.,1.,0.));
#3340=DIRECTION('',(1.,0.,0.));
#3341=DIRECTION('center_axis',(-1.,0.,0.));
#3342=DIRECTION('ref_axis',(0.,0.,1.));
#3343=DIRECTION('',(0.,0.,1.));
#3344=DIRECTION('',(0.,0.,1.));
#3345=DIRECTION('center_axis',(0.,-1.,0.));
#3346=DIRECTION('ref_axis',(1.,0.,0.));
#3347=DIRECTION('center_axis',(0.,0.,-1.));
#3348=DIRECTION('ref_axis',(-1.,0.,0.));
#3349=DIRECTION('',(-1.,0.,0.));
#3350=DIRECTION('',(0.,1.,0.));
#3351=DIRECTION('',(-1.,0.,0.));
#3352=DIRECTION('',(0.,1.,0.));
#3353=DIRECTION('center_axis',(1.,0.,0.));
#3354=DIRECTION('ref_axis',(0.,0.,-1.));
#3355=DIRECTION('',(0.,0.,-1.));
#3356=DIRECTION('',(0.,1.,0.));
#3357=DIRECTION('',(0.,0.,-1.));
#3358=DIRECTION('',(0.,1.,0.));
#3359=DIRECTION('',(0.,1.,0.));
#3360=DIRECTION('',(0.,1.,0.));
#3361=DIRECTION('',(0.,1.,0.));
#3362=DIRECTION('',(0.,1.,0.));
#3363=DIRECTION('',(0.,1.,0.));
#3364=DIRECTION('center_axis',(-1.,0.,0.));
#3365=DIRECTION('ref_axis',(0.,0.,1.));
#3366=DIRECTION('',(0.,0.,1.));
#3367=DIRECTION('',(0.,1.,0.));
#3368=DIRECTION('',(0.,0.,1.));
#3369=DIRECTION('center_axis',(0.,0.,-1.));
#3370=DIRECTION('ref_axis',(-1.,0.,0.));
#3371=DIRECTION('',(-1.,0.,0.));
#3372=DIRECTION('',(0.,1.,0.));
#3373=DIRECTION('',(-1.,0.,0.));
#3374=DIRECTION('center_axis',(1.,0.,0.));
#3375=DIRECTION('ref_axis',(0.,0.,-1.));
#3376=DIRECTION('',(0.,0.,-1.));
#3377=DIRECTION('',(0.,1.,0.));
#3378=DIRECTION('',(0.,0.,-1.));
#3379=DIRECTION('',(0.,1.,0.));
#3380=DIRECTION('',(0.,1.,0.));
#3381=DIRECTION('',(0.,1.,0.));
#3382=DIRECTION('',(0.,1.,0.));
#3383=DIRECTION('',(0.,1.,0.));
#3384=DIRECTION('center_axis',(-1.,0.,0.));
#3385=DIRECTION('ref_axis',(0.,0.,1.));
#3386=DIRECTION('',(0.,0.,1.));
#3387=DIRECTION('',(0.,1.,0.));
#3388=DIRECTION('',(0.,0.,1.));
#3389=DIRECTION('center_axis',(0.,0.,-1.));
#3390=DIRECTION('ref_axis',(-1.,0.,0.));
#3391=DIRECTION('',(-1.,0.,0.));
#3392=DIRECTION('',(0.,1.,0.));
#3393=DIRECTION('',(-1.,0.,0.));
#3394=DIRECTION('center_axis',(1.,0.,0.));
#3395=DIRECTION('ref_axis',(0.,0.,-1.));
#3396=DIRECTION('',(0.,0.,-1.));
#3397=DIRECTION('',(0.,1.,0.));
#3398=DIRECTION('',(0.,0.,-1.));
#3399=DIRECTION('',(0.,1.,0.));
#3400=DIRECTION('',(0.,1.,0.));
#3401=DIRECTION('',(0.,1.,0.));
#3402=DIRECTION('',(0.,1.,0.));
#3403=DIRECTION('',(0.,1.,0.));
#3404=DIRECTION('',(0.,1.,0.));
#3405=DIRECTION('',(0.,1.,0.));
#3406=DIRECTION('',(0.,1.,0.));
#3407=DIRECTION('center_axis',(1.,0.,0.));
#3408=DIRECTION('ref_axis',(0.,0.,-1.));
#3409=DIRECTION('',(0.,0.,-1.));
#3410=DIRECTION('',(0.,1.,0.));
#3411=DIRECTION('',(0.,0.,-1.));
#3412=DIRECTION('center_axis',(0.,0.,1.));
#3413=DIRECTION('ref_axis',(1.,0.,0.));
#3414=DIRECTION('',(1.,0.,0.));
#3415=DIRECTION('',(0.,1.,0.));
#3416=DIRECTION('',(1.,0.,0.));
#3417=DIRECTION('center_axis',(-1.,0.,0.));
#3418=DIRECTION('ref_axis',(0.,0.,1.));
#3419=DIRECTION('',(0.,0.,1.));
#3420=DIRECTION('',(0.,0.,1.));
#3421=DIRECTION('center_axis',(0.,-1.,0.));
#3422=DIRECTION('ref_axis',(1.,0.,0.));
#3423=DIRECTION('',(0.,1.,0.));
#3424=DIRECTION('',(0.,1.,0.));
#3425=DIRECTION('',(0.,1.,0.));
#3426=DIRECTION('',(0.,1.,0.));
#3427=DIRECTION('',(0.,1.,0.));
#3428=DIRECTION('',(0.,1.,0.));
#3429=DIRECTION('',(0.,1.,0.));
#3430=DIRECTION('center_axis',(0.984743864667077,0.,-0.174010117523521));
#3431=DIRECTION('ref_axis',(-0.174010117523521,0.,-0.984743864667077));
#3432=DIRECTION('',(-0.174010117523521,0.,-0.984743864667077));
#3433=DIRECTION('',(0.,1.,0.));
#3434=DIRECTION('',(-0.174010117523521,0.,-0.984743864667077));
#3435=DIRECTION('center_axis',(0.,0.,-1.));
#3436=DIRECTION('ref_axis',(-1.,0.,0.));
#3437=DIRECTION('',(-1.,0.,0.));
#3438=DIRECTION('',(0.,1.,0.));
#3439=DIRECTION('',(-1.,0.,0.));
#3440=DIRECTION('center_axis',(1.,0.,0.));
#3441=DIRECTION('ref_axis',(0.,0.,-1.));
#3442=DIRECTION('',(0.,0.,-1.));
#3443=DIRECTION('',(0.,1.,0.));
#3444=DIRECTION('',(0.,0.,-1.));
#3445=DIRECTION('center_axis',(0.,0.,1.));
#3446=DIRECTION('ref_axis',(1.,0.,0.));
#3447=DIRECTION('',(1.,0.,0.));
#3448=DIRECTION('',(0.,1.,0.));
#3449=DIRECTION('',(1.,0.,0.));
#3450=DIRECTION('center_axis',(-0.982652732865764,0.,0.18545513363465));
#3451=DIRECTION('ref_axis',(0.18545513363465,0.,0.982652732865764));
#3452=DIRECTION('',(0.18545513363465,0.,0.982652732865764));
#3453=DIRECTION('',(0.,1.,0.));
#3454=DIRECTION('',(0.18545513363465,0.,0.982652732865764));
#3455=DIRECTION('center_axis',(-0.143244150807694,0.,-0.989687381580357));
#3456=DIRECTION('ref_axis',(-0.989687381580357,0.,0.143244150807694));
#3457=DIRECTION('',(-0.989687381580357,0.,0.143244150807694));
#3458=DIRECTION('',(0.,1.,0.));
#3459=DIRECTION('',(-0.989687381580357,0.,0.143244150807694));
#3460=DIRECTION('',(0.,1.,0.));
#3461=DIRECTION('',(0.,1.,0.));
#3462=DIRECTION('',(0.,1.,0.));
#3463=DIRECTION('',(0.,1.,0.));
#3464=DIRECTION('',(0.,1.,0.));
#3465=DIRECTION('',(0.,1.,0.));
#3466=DIRECTION('',(0.,1.,0.));
#3467=DIRECTION('center_axis',(-0.103019643003507,0.,0.994679321769298));
#3468=DIRECTION('ref_axis',(0.994679321769298,0.,0.103019643003507));
#3469=DIRECTION('',(0.994679321769298,0.,0.103019643003507));
#3470=DIRECTION('',(0.,1.,0.));
#3471=DIRECTION('',(0.994679321769298,0.,0.103019643003507));
#3472=DIRECTION('center_axis',(0.,-1.,0.));
#3473=DIRECTION('ref_axis',(1.,0.,0.));
#3474=DIRECTION('center_axis',(0.,-1.,0.));
#3475=DIRECTION('ref_axis',(0.,0.,-1.));
#3476=DIRECTION('center_axis',(0.,0.,-1.));
#3477=DIRECTION('ref_axis',(0.707106781186548,-0.707106781186547,0.));
#3478=DIRECTION('',(0.,0.,1.));
#3479=DIRECTION('center_axis',(0.,0.,1.));
#3480=DIRECTION('ref_axis',(0.707106781186548,-0.707106781186547,0.));
#3481=DIRECTION('',(0.,0.,-1.));
#3482=DIRECTION('center_axis',(9.91270557701033E-17,0.,-1.));
#3483=DIRECTION('ref_axis',(0.707106781186548,-0.707106781186547,0.));
#3484=DIRECTION('center_axis',(-1.,0.,0.));
#3485=DIRECTION('ref_axis',(0.,0.,1.));
#3486=DIRECTION('',(0.,1.,0.));
#3487=DIRECTION('center_axis',(1.,0.,0.));
#3488=DIRECTION('ref_axis',(0.,0.707106781186547,0.707106781186547));
#3489=DIRECTION('',(0.,1.,0.));
#3490=DIRECTION('center_axis',(1.,0.,0.));
#3491=DIRECTION('ref_axis',(0.,0.,-1.));
#3492=DIRECTION('center_axis',(0.,0.,1.));
#3493=DIRECTION('ref_axis',(0.0625000000000014,-0.998044963916957,0.));
#3494=DIRECTION('center_axis',(0.,0.,1.));
#3495=DIRECTION('ref_axis',(0.0625000000000014,-0.998044963916957,0.));
#3496=DIRECTION('',(0.,0.,-1.));
#3497=DIRECTION('center_axis',(0.,0.,-1.));
#3498=DIRECTION('ref_axis',(0.0625000000000014,-0.998044963916957,0.));
#3499=DIRECTION('',(-9.25185853854297E-17,0.,1.));
#3500=DIRECTION('center_axis',(0.,1.,0.));
#3501=DIRECTION('ref_axis',(1.,0.,0.));
#3502=DIRECTION('',(1.,0.,0.));
#3503=DIRECTION('',(-9.25185853854297E-17,0.,1.));
#3504=DIRECTION('',(1.,0.,0.));
#3505=DIRECTION('',(0.,0.,-1.));
#3506=DIRECTION('',(-1.,0.,0.));
#3507=DIRECTION('',(-9.25185853854297E-17,0.,1.));
#3508=DIRECTION('',(-1.,0.,0.));
#3509=DIRECTION('',(-2.96059473233375E-16,0.,-1.));
#3510=DIRECTION('',(-1.,0.,-9.91270557701032E-17));
#3511=DIRECTION('',(-2.96059473233375E-16,0.,1.));
#3512=DIRECTION('',(1.,0.,0.));
#3513=DIRECTION('center_axis',(0.,-1.,0.));
#3514=DIRECTION('ref_axis',(1.,0.,0.));
#3515=DIRECTION('',(1.,0.,0.));
#3516=DIRECTION('',(0.,0.,1.));
#3517=DIRECTION('',(1.,0.,0.));
#3518=DIRECTION('',(5.9211894646675E-16,0.,-1.));
#3519=DIRECTION('',(-1.,0.,0.));
#3520=DIRECTION('',(0.,0.,1.));
#3521=DIRECTION('',(-1.,0.,3.1720657846433E-16));
#3522=DIRECTION('',(0.,0.,-1.));
#3523=DIRECTION('center_axis',(0.,0.,1.));
#3524=DIRECTION('ref_axis',(-0.707106781186548,-0.707106781186547,0.));
#3525=DIRECTION('center_axis',(-3.1720657846433E-16,0.,-1.));
#3526=DIRECTION('ref_axis',(-0.707106781186548,-0.707106781186547,0.));
#3527=DIRECTION('',(0.,0.,1.));
#3528=DIRECTION('center_axis',(0.,0.,1.));
#3529=DIRECTION('ref_axis',(-0.707106781186548,-0.707106781186547,0.));
#3530=DIRECTION('center_axis',(1.,0.,0.));
#3531=DIRECTION('ref_axis',(0.,0.,-1.));
#3532=DIRECTION('',(0.,1.,0.));
#3533=DIRECTION('center_axis',(-1.,0.,0.));
#3534=DIRECTION('ref_axis',(0.,0.707106781186548,-0.707106781186548));
#3535=DIRECTION('',(0.,1.,0.));
#3536=DIRECTION('',(0.,-0.866025403784437,0.500000000000003));
#3537=DIRECTION('',(0.,4.12063432796478E-15,1.));
#3538=DIRECTION('',(0.,0.86602540378444,0.499999999999997));
#3539=DIRECTION('',(0.,0.866025403784436,-0.500000000000004));
#3540=DIRECTION('',(0.,-3.43386193997065E-15,-1.));
#3541=DIRECTION('',(0.,-0.86602540378444,-0.499999999999997));
#3542=DIRECTION('center_axis',(2.96059473233375E-16,0.,1.));
#3543=DIRECTION('ref_axis',(-0.707106781186548,-0.707106781186547,0.));
#3544=DIRECTION('center_axis',(0.,0.,-1.));
#3545=DIRECTION('ref_axis',(-0.707106781186548,-0.707106781186547,0.));
#3546=DIRECTION('',(2.96059473233375E-16,0.,1.));
#3547=DIRECTION('center_axis',(0.,0.,1.));
#3548=DIRECTION('ref_axis',(-0.707106781186548,-0.707106781186547,0.));
#3549=DIRECTION('center_axis',(1.,0.,-2.96059473233375E-16));
#3550=DIRECTION('ref_axis',(-2.96059473233375E-16,0.,-1.));
#3551=DIRECTION('',(0.,1.,0.));
#3552=DIRECTION('center_axis',(-1.,0.,2.96059473233375E-16));
#3553=DIRECTION('ref_axis',(0.,0.707106781186547,-0.707106781186547));
#3554=DIRECTION('',(0.,1.,0.));
#3555=DIRECTION('center_axis',(-1.,0.,2.96059473233375E-16));
#3556=DIRECTION('ref_axis',(0.,0.,-1.));
#3557=DIRECTION('center_axis',(-1.,0.,0.));
#3558=DIRECTION('ref_axis',(0.,-0.707106781186547,-0.707106781186548));
#3559=DIRECTION('center_axis',(1.,0.,0.));
#3560=DIRECTION('ref_axis',(0.,-0.707106781186547,-0.707106781186548));
#3561=DIRECTION('',(1.,0.,0.));
#3562=DIRECTION('center_axis',(-1.,0.,0.));
#3563=DIRECTION('ref_axis',(0.,-0.707106781186548,-0.707106781186547));
#3564=DIRECTION('center_axis',(1.,0.,0.));
#3565=DIRECTION('ref_axis',(0.,-0.707106781186548,-0.707106781186547));
#3566=DIRECTION('',(-1.,0.,0.));
#3567=DIRECTION('center_axis',(-1.,0.,-5.9211894646675E-16));
#3568=DIRECTION('ref_axis',(0.,-0.707106781186548,-0.707106781186547));
#3569=DIRECTION('center_axis',(0.,0.,1.));
#3570=DIRECTION('ref_axis',(1.,0.,0.));
#3571=DIRECTION('',(0.,1.,0.));
#3572=DIRECTION('',(1.,0.,0.));
#3573=DIRECTION('',(0.,1.,0.));
#3574=DIRECTION('center_axis',(-1.,0.,0.));
#3575=DIRECTION('ref_axis',(0.,-0.707106781186547,-0.707106781186548));
#3576=DIRECTION('center_axis',(1.,0.,2.96059473233375E-16));
#3577=DIRECTION('ref_axis',(0.,-0.707106781186547,-0.707106781186548));
#3578=DIRECTION('',(-1.,0.,0.));
#3579=DIRECTION('center_axis',(0.,0.,1.));
#3580=DIRECTION('ref_axis',(1.,0.,0.));
#3581=DIRECTION('',(0.,1.,0.));
#3582=DIRECTION('',(1.,0.,0.));
#3583=DIRECTION('center_axis',(-1.,0.,0.));
#3584=DIRECTION('ref_axis',(0.,-0.707106781186547,-0.707106781186548));
#3585=DIRECTION('',(1.,0.,0.));
#3586=DIRECTION('center_axis',(0.,0.,1.));
#3587=DIRECTION('ref_axis',(1.,0.,0.));
#3588=DIRECTION('',(1.,0.,0.));
#3589=DIRECTION('',(0.,1.,0.));
#3590=DIRECTION('center_axis',(1.,0.,-3.1720657846433E-16));
#3591=DIRECTION('ref_axis',(0.,-0.707106781186548,0.707106781186548));
#3592=DIRECTION('center_axis',(1.,0.,0.));
#3593=DIRECTION('ref_axis',(0.,-0.707106781186548,0.707106781186548));
#3594=DIRECTION('',(1.,0.,-3.1720657846433E-16));
#3595=DIRECTION('center_axis',(1.,0.,0.));
#3596=DIRECTION('ref_axis',(0.,0.,-1.));
#3597=DIRECTION('',(0.,1.,0.));
#3598=DIRECTION('center_axis',(-1.,0.,0.));
#3599=DIRECTION('ref_axis',(0.,0.707106781186548,-0.707106781186548));
#3600=DIRECTION('',(0.,-1.,0.));
#3601=DIRECTION('center_axis',(1.,0.,0.));
#3602=DIRECTION('ref_axis',(0.,-0.707106781186548,0.707106781186548));
#3603=DIRECTION('',(0.,1.,0.));
#3604=DIRECTION('center_axis',(-1.,0.,0.));
#3605=DIRECTION('ref_axis',(0.,0.707106781186547,-0.707106781186547));
#3606=DIRECTION('center_axis',(1.,0.,0.));
#3607=DIRECTION('ref_axis',(0.,-0.707106781186548,0.707106781186548));
#3608=DIRECTION('center_axis',(-1.,0.,-5.9211894646675E-16));
#3609=DIRECTION('ref_axis',(0.,-0.707106781186548,0.707106781186548));
#3610=DIRECTION('',(1.,0.,0.));
#3611=DIRECTION('center_axis',(0.,0.,-1.));
#3612=DIRECTION('ref_axis',(-1.,0.,0.));
#3613=DIRECTION('',(0.,1.,0.));
#3614=DIRECTION('',(-1.,0.,0.));
#3615=DIRECTION('center_axis',(1.,0.,9.91270557701033E-17));
#3616=DIRECTION('ref_axis',(0.,-0.707106781186548,0.707106781186548));
#3617=DIRECTION('',(-1.,0.,-9.91270557701032E-17));
#3618=DIRECTION('center_axis',(1.,0.,2.96059473233375E-16));
#3619=DIRECTION('ref_axis',(0.,-0.707106781186548,0.707106781186548));
#3620=DIRECTION('center_axis',(9.91270557701033E-17,0.,-1.));
#3621=DIRECTION('ref_axis',(-1.,0.,-9.91270557701032E-17));
#3622=DIRECTION('',(-1.,0.,-9.91270557701032E-17));
#3623=DIRECTION('',(0.,1.,0.));
#3624=DIRECTION('center_axis',(1.,0.,0.));
#3625=DIRECTION('ref_axis',(0.,-0.707106781186547,0.707106781186548));
#3626=DIRECTION('',(-1.,0.,0.));
#3627=DIRECTION('center_axis',(0.,0.,-1.));
#3628=DIRECTION('ref_axis',(-1.,0.,0.));
#3629=DIRECTION('',(0.,1.,0.));
#3630=DIRECTION('',(-1.,0.,0.));
#3631=DIRECTION('center_axis',(0.,-1.,0.));
#3632=DIRECTION('ref_axis',(1.,0.,0.));
#3633=DIRECTION('',(0.,-1.,0.));
#3634=DIRECTION('center_axis',(0.,1.,0.));
#3635=DIRECTION('ref_axis',(1.,0.,0.));
#3636=DIRECTION('center_axis',(0.,0.,1.));
#3637=DIRECTION('ref_axis',(-1.,0.,0.));
#3638=DIRECTION('',(0.,-1.,0.));
#3639=DIRECTION('',(-1.,0.,0.));
#3640=DIRECTION('',(0.,-1.,0.));
#3641=DIRECTION('center_axis',(1.,0.,0.));
#3642=DIRECTION('ref_axis',(0.,0.,1.));
#3643=DIRECTION('',(0.,0.,1.));
#3644=DIRECTION('',(0.,-1.,0.));
#3645=DIRECTION('center_axis',(0.,0.,-1.));
#3646=DIRECTION('ref_axis',(1.,0.,0.));
#3647=DIRECTION('',(1.,0.,0.));
#3648=DIRECTION('',(0.,-1.,0.));
#3649=DIRECTION('center_axis',(-1.,0.,-9.25185853854297E-17));
#3650=DIRECTION('ref_axis',(9.25185853854297E-17,0.,-1.));
#3651=DIRECTION('',(9.25185853854297E-17,0.,-1.));
#3652=DIRECTION('center_axis',(0.,-1.,0.));
#3653=DIRECTION('ref_axis',(0.,0.,-1.));
#3654=DIRECTION('center_axis',(0.,-0.500000000000003,-0.866025403784437));
#3655=DIRECTION('ref_axis',(0.,-0.866025403784437,0.500000000000003));
#3656=DIRECTION('',(-1.,0.,0.));
#3657=DIRECTION('',(0.,-0.866025403784437,0.500000000000003));
#3658=DIRECTION('',(-1.,0.,0.));
#3659=DIRECTION('center_axis',(0.,0.499999999999997,-0.86602540378444));
#3660=DIRECTION('ref_axis',(0.,-0.86602540378444,-0.499999999999997));
#3661=DIRECTION('',(-1.,0.,0.));
#3662=DIRECTION('',(0.,-0.86602540378444,-0.499999999999997));
#3663=DIRECTION('center_axis',(0.,1.,-3.43386193997065E-15));
#3664=DIRECTION('ref_axis',(0.,-3.43386193997065E-15,-1.));
#3665=DIRECTION('',(-1.,0.,0.));
#3666=DIRECTION('',(0.,-3.43386193997065E-15,-1.));
#3667=DIRECTION('center_axis',(0.,0.500000000000004,0.866025403784436));
#3668=DIRECTION('ref_axis',(0.,0.866025403784436,-0.500000000000004));
#3669=DIRECTION('',(-1.,0.,0.));
#3670=DIRECTION('',(0.,0.866025403784436,-0.500000000000004));
#3671=DIRECTION('center_axis',(0.,-0.499999999999997,0.86602540378444));
#3672=DIRECTION('ref_axis',(0.,0.86602540378444,0.499999999999997));
#3673=DIRECTION('',(-1.,0.,0.));
#3674=DIRECTION('',(0.,0.86602540378444,0.499999999999997));
#3675=DIRECTION('center_axis',(0.,-1.,4.12063432796478E-15));
#3676=DIRECTION('ref_axis',(0.,4.12063432796478E-15,1.));
#3677=DIRECTION('',(0.,4.12063432796478E-15,1.));
#3678=DIRECTION('center_axis',(1.,0.,0.));
#3679=DIRECTION('ref_axis',(0.,0.,-1.));
#3680=DIRECTION('center_axis',(1.,0.,0.));
#3681=DIRECTION('ref_axis',(0.,0.,-1.));
#3682=DIRECTION('center_axis',(-1.,0.,0.));
#3683=DIRECTION('ref_axis',(0.,0.,-1.));
#3684=DIRECTION('',(-1.,0.,0.));
#3685=DIRECTION('center_axis',(1.,0.,5.9211894646675E-16));
#3686=DIRECTION('ref_axis',(0.,0.,-1.));
#3687=DIRECTION('center_axis',(1.,0.,0.));
#3688=DIRECTION('ref_axis',(0.,0.707106781186547,0.707106781186547));
#3689=DIRECTION('center_axis',(1.,0.,5.9211894646675E-16));
#3690=DIRECTION('ref_axis',(0.,0.707106781186547,0.707106781186547));
#3691=DIRECTION('center_axis',(0.,0.,1.));
#3692=DIRECTION('ref_axis',(1.,0.,0.));
#3693=DIRECTION('',(1.,0.,0.));
#3694=DIRECTION('center_axis',(-1.,0.,3.1720657846433E-16));
#3695=DIRECTION('ref_axis',(0.,0.707106781186548,-0.707106781186548));
#3696=DIRECTION('',(-1.,0.,3.1720657846433E-16));
#3697=DIRECTION('center_axis',(-3.1720657846433E-16,0.,-1.));
#3698=DIRECTION('ref_axis',(-1.,0.,3.1720657846433E-16));
#3699=DIRECTION('center_axis',(-1.,0.,-5.9211894646675E-16));
#3700=DIRECTION('ref_axis',(-5.9211894646675E-16,0.,1.));
#3701=DIRECTION('center_axis',(-1.,0.,0.));
#3702=DIRECTION('ref_axis',(0.,0.,-1.));
#3703=DIRECTION('',(-1.,0.,0.));
#3704=DIRECTION('center_axis',(1.,0.,0.));
#3705=DIRECTION('ref_axis',(0.,0.,-1.));
#3706=DIRECTION('center_axis',(1.,0.,0.));
#3707=DIRECTION('ref_axis',(0.,0.707106781186547,0.707106781186547));
#3708=DIRECTION('center_axis',(1.,0.,0.));
#3709=DIRECTION('ref_axis',(0.,0.707106781186547,0.707106781186547));
#3710=DIRECTION('center_axis',(-1.,0.,0.));
#3711=DIRECTION('ref_axis',(0.,0.,1.));
#3712=DIRECTION('center_axis',(-1.,0.,0.));
#3713=DIRECTION('ref_axis',(0.,0.,-1.));
#3714=DIRECTION('center_axis',(-1.,0.,-2.96059473233375E-16));
#3715=DIRECTION('ref_axis',(0.,0.,-1.));
#3716=DIRECTION('',(-1.,0.,0.));
#3717=DIRECTION('center_axis',(-1.,0.,-9.91270557701033E-17));
#3718=DIRECTION('ref_axis',(0.,0.707106781186547,-0.707106781186547));
#3719=DIRECTION('center_axis',(-1.,0.,-2.96059473233375E-16));
#3720=DIRECTION('ref_axis',(0.,0.707106781186547,-0.707106781186547));
#3721=DIRECTION('center_axis',(1.,0.,2.96059473233375E-16));
#3722=DIRECTION('ref_axis',(2.96059473233375E-16,0.,-1.));
#3723=CARTESIAN_POINT('',(0.,0.,0.));
#3724=CARTESIAN_POINT('Origin',(13.6798079544678,-5.,14.7003898024559));
#3725=CARTESIAN_POINT('',(13.6798079544678,-5.,14.7003898024559));
#3726=CARTESIAN_POINT('',(13.6798079544678,-5.,14.5102679729462));
#3727=CARTESIAN_POINT('',(13.6798079544678,-5.,11.5563232851684));
#3728=CARTESIAN_POINT('',(13.6798079544678,-4.9,14.7003898024559));
#3729=CARTESIAN_POINT('',(13.6798079544678,-5.,14.7003898024559));
#3730=CARTESIAN_POINT('',(13.6798079544678,-4.9,14.5102679729462));
#3731=CARTESIAN_POINT('',(13.6798079544678,-4.9,14.7003898024559));
#3732=CARTESIAN_POINT('',(13.6798079544678,-5.,14.5102679729462));
#3733=CARTESIAN_POINT('Origin',(13.4896858269349,-5.,14.7003898024559));
#3734=CARTESIAN_POINT('',(13.4896858269349,-5.,14.7003898024559));
#3735=CARTESIAN_POINT('',(17.7412809584425,-5.,14.7003898024559));
#3736=CARTESIAN_POINT('',(13.4896858269349,-4.9,14.7003898024559));
#3737=CARTESIAN_POINT('',(13.4896858269349,-5.,14.7003898024559));
#3738=CARTESIAN_POINT('',(13.4896858269349,-4.9,14.7003898024559));
#3739=CARTESIAN_POINT('Origin',(13.4896858269349,-5.,14.5102679729462));
#3740=CARTESIAN_POINT('',(13.4896858269349,-5.,14.5102679729462));
#3741=CARTESIAN_POINT('',(13.4896858269349,-5.,11.4612623704135));
#3742=CARTESIAN_POINT('',(13.4896858269349,-4.9,14.5102679729462));
#3743=CARTESIAN_POINT('',(13.4896858269349,-5.,14.5102679729462));
#3744=CARTESIAN_POINT('',(13.4896858269349,-4.9,14.5102679729462));
#3745=CARTESIAN_POINT('Origin',(13.6798079544678,-5.,14.5102679729462));
#3746=CARTESIAN_POINT('',(17.836342022209,-5.,14.5102679729462));
#3747=CARTESIAN_POINT('',(13.6798079544678,-4.9,14.5102679729462));
#3748=CARTESIAN_POINT('Origin',(14.9930691951886,-4.9,14.9997809529305));
#3749=CARTESIAN_POINT('Ctrl Pts',(14.1777779394761,-5.,15.0143274664879));
#3750=CARTESIAN_POINT('Ctrl Pts',(14.1777779394761,-4.9,15.0143274664879));
#3751=CARTESIAN_POINT('Ctrl Pts',(14.1601369856877,-5.,15.012448337104));
#3752=CARTESIAN_POINT('Ctrl Pts',(14.1601369856877,-4.9,15.012448337104));
#3753=CARTESIAN_POINT('Ctrl Pts',(14.1244022247841,-5.,15.0086418400153));
#3754=CARTESIAN_POINT('Ctrl Pts',(14.1244022247841,-4.9,15.0086418400153));
#3755=CARTESIAN_POINT('Ctrl Pts',(14.0983009775567,-5.,14.9838944790365));
#3756=CARTESIAN_POINT('Ctrl Pts',(14.0983009775567,-4.9,14.9838944790365));
#3757=CARTESIAN_POINT('Ctrl Pts',(14.0850849682465,-5.,14.9713639914989));
#3758=CARTESIAN_POINT('Ctrl Pts',(14.0850849682465,-4.9,14.9713639914989));
#3759=CARTESIAN_POINT('',(14.1777779394761,-5.,15.0143274664879));
#3760=CARTESIAN_POINT('',(14.0850849682465,-5.,14.9713639914989));
#3761=CARTESIAN_POINT('Ctrl Pts',(14.1777779394761,-5.,15.0143274664879));
#3762=CARTESIAN_POINT('Ctrl Pts',(14.1601369856877,-5.,15.012448337104));
#3763=CARTESIAN_POINT('Ctrl Pts',(14.1244022247841,-5.,15.0086418400153));
#3764=CARTESIAN_POINT('Ctrl Pts',(14.0983009775567,-5.,14.9838944790365));
#3765=CARTESIAN_POINT('Ctrl Pts',(14.0850849682465,-5.,14.9713639914989));
#3766=CARTESIAN_POINT('',(14.1777779394761,-4.9,15.0143274664879));
#3767=CARTESIAN_POINT('',(14.1777779394761,-5.,15.0143274664879));
#3768=CARTESIAN_POINT('',(14.0850849682465,-4.9,14.9713639914989));
#3769=CARTESIAN_POINT('Ctrl Pts',(14.1777779394761,-4.9,15.0143274664879));
#3770=CARTESIAN_POINT('Ctrl Pts',(14.1601369856877,-4.9,15.012448337104));
#3771=CARTESIAN_POINT('Ctrl Pts',(14.1244022247841,-4.9,15.0086418400153));
#3772=CARTESIAN_POINT('Ctrl Pts',(14.0983009775567,-4.9,14.9838944790365));
#3773=CARTESIAN_POINT('Ctrl Pts',(14.0850849682465,-4.9,14.9713639914989));
#3774=CARTESIAN_POINT('',(14.0850849682465,-5.,14.9713639914989));
#3775=CARTESIAN_POINT('Ctrl Pts',(14.2725004488602,-5.,14.9693343043327));
#3776=CARTESIAN_POINT('Ctrl Pts',(14.2725004488602,-4.9,14.9693343043327));
#3777=CARTESIAN_POINT('Ctrl Pts',(14.2591771125098,-5.,14.9824569375652));
#3778=CARTESIAN_POINT('Ctrl Pts',(14.2591771125098,-4.9,14.9824569375652));
#3779=CARTESIAN_POINT('Ctrl Pts',(14.2327920854016,-5.,15.0084444998739));
#3780=CARTESIAN_POINT('Ctrl Pts',(14.2327920854016,-4.9,15.0084444998739));
#3781=CARTESIAN_POINT('Ctrl Pts',(14.1959943539271,-5.,15.0123794846327));
#3782=CARTESIAN_POINT('Ctrl Pts',(14.1959943539271,-4.9,15.0123794846327));
#3783=CARTESIAN_POINT('Ctrl Pts',(14.1777779394761,-5.,15.0143274664879));
#3784=CARTESIAN_POINT('Ctrl Pts',(14.1777779394761,-4.9,15.0143274664879));
#3785=CARTESIAN_POINT('',(14.2725004488602,-5.,14.9693343043327));
#3786=CARTESIAN_POINT('Ctrl Pts',(14.2725004488602,-5.,14.9693343043327));
#3787=CARTESIAN_POINT('Ctrl Pts',(14.2591771125098,-5.,14.9824569375652));
#3788=CARTESIAN_POINT('Ctrl Pts',(14.2327920854016,-5.,15.0084444998739));
#3789=CARTESIAN_POINT('Ctrl Pts',(14.1959943539271,-5.,15.0123794846327));
#3790=CARTESIAN_POINT('Ctrl Pts',(14.1777779394761,-5.,15.0143274664879));
#3791=CARTESIAN_POINT('',(14.2725004488602,-4.9,14.9693343043327));
#3792=CARTESIAN_POINT('',(14.2725004488602,-5.,14.9693343043327));
#3793=CARTESIAN_POINT('Ctrl Pts',(14.2725004488602,-4.9,14.9693343043327));
#3794=CARTESIAN_POINT('Ctrl Pts',(14.2591771125098,-4.9,14.9824569375652));
#3795=CARTESIAN_POINT('Ctrl Pts',(14.2327920854016,-4.9,15.0084444998739));
#3796=CARTESIAN_POINT('Ctrl Pts',(14.1959943539271,-4.9,15.0123794846327));
#3797=CARTESIAN_POINT('Ctrl Pts',(14.1777779394761,-4.9,15.0143274664879));
#3798=CARTESIAN_POINT('Ctrl Pts',(14.310389929451,-5.,14.827588647604));
#3799=CARTESIAN_POINT('Ctrl Pts',(14.310389929451,-4.9,14.827588647604));
#3800=CARTESIAN_POINT('Ctrl Pts',(14.3098455353565,-5.,14.8562897285304));
#3801=CARTESIAN_POINT('Ctrl Pts',(14.3098455353565,-4.9,14.8562897285304));
#3802=CARTESIAN_POINT('Ctrl Pts',(14.308884664132,-5.,14.9069479613249));
#3803=CARTESIAN_POINT('Ctrl Pts',(14.308884664132,-4.9,14.9069479613249));
#3804=CARTESIAN_POINT('Ctrl Pts',(14.2835021634974,-5.,14.9504701694902));
#3805=CARTESIAN_POINT('Ctrl Pts',(14.2835021634974,-4.9,14.9504701694902));
#3806=CARTESIAN_POINT('Ctrl Pts',(14.2725004488602,-5.,14.9693343043327));
#3807=CARTESIAN_POINT('Ctrl Pts',(14.2725004488602,-4.9,14.9693343043327));
#3808=CARTESIAN_POINT('',(14.310389929451,-5.,14.827588647604));
#3809=CARTESIAN_POINT('Ctrl Pts',(14.310389929451,-5.,14.827588647604));
#3810=CARTESIAN_POINT('Ctrl Pts',(14.3098455353565,-5.,14.8562897285304));
#3811=CARTESIAN_POINT('Ctrl Pts',(14.308884664132,-5.,14.9069479613249));
#3812=CARTESIAN_POINT('Ctrl Pts',(14.2835021634974,-5.,14.9504701694902));
#3813=CARTESIAN_POINT('Ctrl Pts',(14.2725004488602,-5.,14.9693343043327));
#3814=CARTESIAN_POINT('',(14.310389929451,-4.9,14.827588647604));
#3815=CARTESIAN_POINT('',(14.310389929451,-5.,14.827588647604));
#3816=CARTESIAN_POINT('Ctrl Pts',(14.310389929451,-4.9,14.827588647604));
#3817=CARTESIAN_POINT('Ctrl Pts',(14.3098455353565,-4.9,14.8562897285304));
#3818=CARTESIAN_POINT('Ctrl Pts',(14.308884664132,-4.9,14.9069479613249));
#3819=CARTESIAN_POINT('Ctrl Pts',(14.2835021634974,-4.9,14.9504701694902));
#3820=CARTESIAN_POINT('Ctrl Pts',(14.2725004488602,-4.9,14.9693343043327));
#3821=CARTESIAN_POINT('Ctrl Pts',(14.275206499733,-5.,14.6922707557678));
#3822=CARTESIAN_POINT('Ctrl Pts',(14.275206499733,-4.9,14.6922707557678));
#3823=CARTESIAN_POINT('Ctrl Pts',(14.285413313013,-5.,14.710020573865));
#3824=CARTESIAN_POINT('Ctrl Pts',(14.285413313013,-4.9,14.710020573865));
#3825=CARTESIAN_POINT('Ctrl Pts',(14.3093362451047,-5.,14.751622950761));
#3826=CARTESIAN_POINT('Ctrl Pts',(14.3093362451047,-4.9,14.751622950761));
#3827=CARTESIAN_POINT('Ctrl Pts',(14.3100059543152,-5.,14.7999058421531));
#3828=CARTESIAN_POINT('Ctrl Pts',(14.3100059543152,-4.9,14.7999058421531));
#3829=CARTESIAN_POINT('Ctrl Pts',(14.310389929451,-5.,14.827588647604));
#3830=CARTESIAN_POINT('Ctrl Pts',(14.310389929451,-4.9,14.827588647604));
#3831=CARTESIAN_POINT('',(14.275206499733,-5.,14.6922707557678));
#3832=CARTESIAN_POINT('Ctrl Pts',(14.275206499733,-5.,14.6922707557678));
#3833=CARTESIAN_POINT('Ctrl Pts',(14.285413313013,-5.,14.710020573865));
#3834=CARTESIAN_POINT('Ctrl Pts',(14.3093362451047,-5.,14.751622950761));
#3835=CARTESIAN_POINT('Ctrl Pts',(14.3100059543152,-5.,14.7999058421531));
#3836=CARTESIAN_POINT('Ctrl Pts',(14.310389929451,-5.,14.827588647604));
#3837=CARTESIAN_POINT('',(14.275206499733,-4.9,14.6922707557678));
#3838=CARTESIAN_POINT('',(14.275206499733,-5.,14.6922707557678));
#3839=CARTESIAN_POINT('Ctrl Pts',(14.275206499733,-4.9,14.6922707557678));
#3840=CARTESIAN_POINT('Ctrl Pts',(14.285413313013,-4.9,14.710020573865));
#3841=CARTESIAN_POINT('Ctrl Pts',(14.3093362451047,-4.9,14.751622950761));
#3842=CARTESIAN_POINT('Ctrl Pts',(14.3100059543152,-4.9,14.7999058421531));
#3843=CARTESIAN_POINT('Ctrl Pts',(14.310389929451,-4.9,14.827588647604));
#3844=CARTESIAN_POINT('Ctrl Pts',(14.1872503096238,-5.,14.650998711586));
#3845=CARTESIAN_POINT('Ctrl Pts',(14.1872503096238,-4.9,14.650998711586));
#3846=CARTESIAN_POINT('Ctrl Pts',(14.2041539703247,-5.,14.6527717730532));
#3847=CARTESIAN_POINT('Ctrl Pts',(14.2041539703247,-4.9,14.6527717730532));
#3848=CARTESIAN_POINT('Ctrl Pts',(14.2382285342151,-5.,14.6563459276293));
#3849=CARTESIAN_POINT('Ctrl Pts',(14.2382285342151,-4.9,14.6563459276293));
#3850=CARTESIAN_POINT('Ctrl Pts',(14.2628162318277,-5.,14.6802333643415));
#3851=CARTESIAN_POINT('Ctrl Pts',(14.2628162318277,-4.9,14.6802333643415));
#3852=CARTESIAN_POINT('Ctrl Pts',(14.275206499733,-5.,14.6922707557678));
#3853=CARTESIAN_POINT('Ctrl Pts',(14.275206499733,-4.9,14.6922707557678));
#3854=CARTESIAN_POINT('',(14.1872503096238,-5.,14.650998711586));
#3855=CARTESIAN_POINT('Ctrl Pts',(14.1872503096238,-5.,14.650998711586));
#3856=CARTESIAN_POINT('Ctrl Pts',(14.2041539703247,-5.,14.6527717730532));
#3857=CARTESIAN_POINT('Ctrl Pts',(14.2382285342151,-5.,14.6563459276293));
#3858=CARTESIAN_POINT('Ctrl Pts',(14.2628162318277,-5.,14.6802333643415));
#3859=CARTESIAN_POINT('Ctrl Pts',(14.275206499733,-5.,14.6922707557678));
#3860=CARTESIAN_POINT('',(14.1872503096238,-4.9,14.650998711586));
#3861=CARTESIAN_POINT('',(14.1872503096238,-5.,14.650998711586));
#3862=CARTESIAN_POINT('Ctrl Pts',(14.1872503096238,-4.9,14.650998711586));
#3863=CARTESIAN_POINT('Ctrl Pts',(14.2041539703247,-4.9,14.6527717730532));
#3864=CARTESIAN_POINT('Ctrl Pts',(14.2382285342151,-4.9,14.6563459276293));
#3865=CARTESIAN_POINT('Ctrl Pts',(14.2628162318277,-4.9,14.6802333643415));
#3866=CARTESIAN_POINT('Ctrl Pts',(14.275206499733,-4.9,14.6922707557678));
#3867=CARTESIAN_POINT('Ctrl Pts',(14.0898211533204,-5.,14.7014045715332));
#3868=CARTESIAN_POINT('Ctrl Pts',(14.0898211533204,-4.9,14.7014045715332));
#3869=CARTESIAN_POINT('Ctrl Pts',(14.1039967250036,-5.,14.6867156124506));
#3870=CARTESIAN_POINT('Ctrl Pts',(14.1039967250036,-4.9,14.6867156124506));
#3871=CARTESIAN_POINT('Ctrl Pts',(14.1309096625163,-5.,14.6588279866991));
#3872=CARTESIAN_POINT('Ctrl Pts',(14.1309096625163,-4.9,14.6588279866991));
#3873=CARTESIAN_POINT('Ctrl Pts',(14.1691512946658,-5.,14.6535138081399));
#3874=CARTESIAN_POINT('Ctrl Pts',(14.1691512946658,-4.9,14.6535138081399));
#3875=CARTESIAN_POINT('Ctrl Pts',(14.1872503096238,-5.,14.650998711586));
#3876=CARTESIAN_POINT('Ctrl Pts',(14.1872503096238,-4.9,14.650998711586));
#3877=CARTESIAN_POINT('',(14.0898211533204,-5.,14.7014045715332));
#3878=CARTESIAN_POINT('Ctrl Pts',(14.0898211533204,-5.,14.7014045715332));
#3879=CARTESIAN_POINT('Ctrl Pts',(14.1039967250036,-5.,14.6867156124506));
#3880=CARTESIAN_POINT('Ctrl Pts',(14.1309096625163,-5.,14.6588279866991));
#3881=CARTESIAN_POINT('Ctrl Pts',(14.1691512946658,-5.,14.6535138081399));
#3882=CARTESIAN_POINT('Ctrl Pts',(14.1872503096238,-5.,14.650998711586));
#3883=CARTESIAN_POINT('',(14.0898211533204,-4.9,14.7014045715332));
#3884=CARTESIAN_POINT('',(14.0898211533204,-5.,14.7014045715332));
#3885=CARTESIAN_POINT('Ctrl Pts',(14.0898211533204,-4.9,14.7014045715332));
#3886=CARTESIAN_POINT('Ctrl Pts',(14.1039967250036,-4.9,14.6867156124506));
#3887=CARTESIAN_POINT('Ctrl Pts',(14.1309096625163,-4.9,14.6588279866991));
#3888=CARTESIAN_POINT('Ctrl Pts',(14.1691512946658,-4.9,14.6535138081399));
#3889=CARTESIAN_POINT('Ctrl Pts',(14.1872503096238,-4.9,14.650998711586));
#3890=CARTESIAN_POINT('Ctrl Pts',(14.0471960837021,-5.,14.84450340271));
#3891=CARTESIAN_POINT('Ctrl Pts',(14.0471960837021,-4.9,14.84450340271));
#3892=CARTESIAN_POINT('Ctrl Pts',(14.048218715547,-5.,14.8163307911903));
#3893=CARTESIAN_POINT('Ctrl Pts',(14.048218715547,-4.9,14.8163307911903));
#3894=CARTESIAN_POINT('Ctrl Pts',(14.0500915916258,-5.,14.7647346958253));
#3895=CARTESIAN_POINT('Ctrl Pts',(14.0500915916258,-4.9,14.7647346958253));
#3896=CARTESIAN_POINT('Ctrl Pts',(14.0774163283889,-5.,14.7211782380732));
#3897=CARTESIAN_POINT('Ctrl Pts',(14.0774163283889,-4.9,14.7211782380732));
#3898=CARTESIAN_POINT('Ctrl Pts',(14.0898211533204,-5.,14.7014045715332));
#3899=CARTESIAN_POINT('Ctrl Pts',(14.0898211533204,-4.9,14.7014045715332));
#3900=CARTESIAN_POINT('',(14.0471960837021,-5.,14.84450340271));
#3901=CARTESIAN_POINT('Ctrl Pts',(14.0471960837021,-5.,14.84450340271));
#3902=CARTESIAN_POINT('Ctrl Pts',(14.048218715547,-5.,14.8163307911903));
#3903=CARTESIAN_POINT('Ctrl Pts',(14.0500915916258,-5.,14.7647346958253));
#3904=CARTESIAN_POINT('Ctrl Pts',(14.0774163283889,-5.,14.7211782380732));
#3905=CARTESIAN_POINT('Ctrl Pts',(14.0898211533204,-5.,14.7014045715332));
#3906=CARTESIAN_POINT('',(14.0471960837021,-4.9,14.84450340271));
#3907=CARTESIAN_POINT('',(14.0471960837021,-5.,14.84450340271));
#3908=CARTESIAN_POINT('Ctrl Pts',(14.0471960837021,-4.9,14.84450340271));
#3909=CARTESIAN_POINT('Ctrl Pts',(14.048218715547,-4.9,14.8163307911903));
#3910=CARTESIAN_POINT('Ctrl Pts',(14.0500915916258,-4.9,14.7647346958253));
#3911=CARTESIAN_POINT('Ctrl Pts',(14.0774163283889,-4.9,14.7211782380732));
#3912=CARTESIAN_POINT('Ctrl Pts',(14.0898211533204,-4.9,14.7014045715332));
#3913=CARTESIAN_POINT('Ctrl Pts',(14.0850849682465,-5.,14.9713639914989));
#3914=CARTESIAN_POINT('Ctrl Pts',(14.0850849682465,-4.9,14.9713639914989));
#3915=CARTESIAN_POINT('Ctrl Pts',(14.0740648909536,-5.,14.9541262670951));
#3916=CARTESIAN_POINT('Ctrl Pts',(14.0740648909536,-4.9,14.9541262670951));
#3917=CARTESIAN_POINT('Ctrl Pts',(14.0494740613373,-5.,14.915661024745));
#3918=CARTESIAN_POINT('Ctrl Pts',(14.0494740613373,-4.9,14.915661024745));
#3919=CARTESIAN_POINT('Ctrl Pts',(14.0480061620247,-5.,14.8698079738382));
#3920=CARTESIAN_POINT('Ctrl Pts',(14.0480061620247,-4.9,14.8698079738382));
#3921=CARTESIAN_POINT('Ctrl Pts',(14.0471960837021,-5.,14.84450340271));
#3922=CARTESIAN_POINT('Ctrl Pts',(14.0471960837021,-4.9,14.84450340271));
#3923=CARTESIAN_POINT('Ctrl Pts',(14.0850849682465,-5.,14.9713639914989));
#3924=CARTESIAN_POINT('Ctrl Pts',(14.0740648909536,-5.,14.9541262670951));
#3925=CARTESIAN_POINT('Ctrl Pts',(14.0494740613373,-5.,14.915661024745));
#3926=CARTESIAN_POINT('Ctrl Pts',(14.0480061620247,-5.,14.8698079738382));
#3927=CARTESIAN_POINT('Ctrl Pts',(14.0471960837021,-5.,14.84450340271));
#3928=CARTESIAN_POINT('Ctrl Pts',(14.0850849682465,-4.9,14.9713639914989));
#3929=CARTESIAN_POINT('Ctrl Pts',(14.0740648909536,-4.9,14.9541262670951));
#3930=CARTESIAN_POINT('Ctrl Pts',(14.0494740613373,-4.9,14.915661024745));
#3931=CARTESIAN_POINT('Ctrl Pts',(14.0480061620247,-4.9,14.8698079738382));
#3932=CARTESIAN_POINT('Ctrl Pts',(14.0471960837021,-4.9,14.84450340271));
#3933=CARTESIAN_POINT('Ctrl Pts',(14.1967226797715,-5.,15.5062085390091));
#3934=CARTESIAN_POINT('Ctrl Pts',(14.1967226797715,-4.9,15.5062085390091));
#3935=CARTESIAN_POINT('Ctrl Pts',(14.2322153456493,-5.,15.5040282763701));
#3936=CARTESIAN_POINT('Ctrl Pts',(14.2322153456493,-4.9,15.5040282763701));
#3937=CARTESIAN_POINT('Ctrl Pts',(14.3004289086155,-5.,15.4998380168016));
#3938=CARTESIAN_POINT('Ctrl Pts',(14.3004289086155,-4.9,15.4998380168016));
#3939=CARTESIAN_POINT('Ctrl Pts',(14.3567725232015,-5.,15.4613901110279));
#3940=CARTESIAN_POINT('Ctrl Pts',(14.3567725232015,-4.9,15.4613901110279));
#3941=CARTESIAN_POINT('Ctrl Pts',(14.3837996060029,-5.,15.4429472982883));
#3942=CARTESIAN_POINT('Ctrl Pts',(14.3837996060029,-4.9,15.4429472982883));
#3943=CARTESIAN_POINT('',(14.1967226797715,-5.,15.5062085390091));
#3944=CARTESIAN_POINT('',(14.3837996060029,-5.,15.4429472982883));
#3945=CARTESIAN_POINT('Ctrl Pts',(14.1967226797715,-5.,15.5062085390091));
#3946=CARTESIAN_POINT('Ctrl Pts',(14.2322153456493,-5.,15.5040282763701));
#3947=CARTESIAN_POINT('Ctrl Pts',(14.3004289086155,-5.,15.4998380168016));
#3948=CARTESIAN_POINT('Ctrl Pts',(14.3567725232015,-5.,15.4613901110279));
#3949=CARTESIAN_POINT('Ctrl Pts',(14.3837996060029,-5.,15.4429472982883));
#3950=CARTESIAN_POINT('',(14.1967226797715,-4.9,15.5062085390091));
#3951=CARTESIAN_POINT('',(14.1967226797715,-5.,15.5062085390091));
#3952=CARTESIAN_POINT('',(14.3837996060029,-4.9,15.4429472982883));
#3953=CARTESIAN_POINT('Ctrl Pts',(14.1967226797715,-4.9,15.5062085390091));
#3954=CARTESIAN_POINT('Ctrl Pts',(14.2322153456493,-4.9,15.5040282763701));
#3955=CARTESIAN_POINT('Ctrl Pts',(14.3004289086155,-4.9,15.4998380168016));
#3956=CARTESIAN_POINT('Ctrl Pts',(14.3567725232015,-4.9,15.4613901110279));
#3957=CARTESIAN_POINT('Ctrl Pts',(14.3837996060029,-4.9,15.4429472982883));
#3958=CARTESIAN_POINT('',(14.3837996060029,-5.,15.4429472982883));
#3959=CARTESIAN_POINT('Ctrl Pts',(13.9348821574822,-5.,15.3857754170895));
#3960=CARTESIAN_POINT('Ctrl Pts',(13.9348821574822,-4.9,15.3857754170895));
#3961=CARTESIAN_POINT('Ctrl Pts',(13.9711862328458,-5.,15.4209012451631));
#3962=CARTESIAN_POINT('Ctrl Pts',(13.9711862328458,-4.9,15.4209012451631));
#3963=CARTESIAN_POINT('Ctrl Pts',(14.0443215399033,-5.,15.4916629488033));
#3964=CARTESIAN_POINT('Ctrl Pts',(14.0443215399033,-4.9,15.4916629488033));
#3965=CARTESIAN_POINT('Ctrl Pts',(14.1456787735375,-5.,15.5013367661128));
#3966=CARTESIAN_POINT('Ctrl Pts',(14.1456787735375,-4.9,15.5013367661128));
#3967=CARTESIAN_POINT('Ctrl Pts',(14.1967226797715,-5.,15.5062085390091));
#3968=CARTESIAN_POINT('Ctrl Pts',(14.1967226797715,-4.9,15.5062085390091));
#3969=CARTESIAN_POINT('',(13.9348821574822,-5.,15.3857754170895));
#3970=CARTESIAN_POINT('Ctrl Pts',(13.9348821574822,-5.,15.3857754170895));
#3971=CARTESIAN_POINT('Ctrl Pts',(13.9711862328458,-5.,15.4209012451631));
#3972=CARTESIAN_POINT('Ctrl Pts',(14.0443215399033,-5.,15.4916629488033));
#3973=CARTESIAN_POINT('Ctrl Pts',(14.1456787735375,-5.,15.5013367661128));
#3974=CARTESIAN_POINT('Ctrl Pts',(14.1967226797715,-5.,15.5062085390091));
#3975=CARTESIAN_POINT('',(13.9348821574822,-4.9,15.3857754170895));
#3976=CARTESIAN_POINT('',(13.9348821574822,-5.,15.3857754170895));
#3977=CARTESIAN_POINT('Ctrl Pts',(13.9348821574822,-4.9,15.3857754170895));
#3978=CARTESIAN_POINT('Ctrl Pts',(13.9711862328458,-4.9,15.4209012451631));
#3979=CARTESIAN_POINT('Ctrl Pts',(14.0443215399033,-4.9,15.4916629488033));
#3980=CARTESIAN_POINT('Ctrl Pts',(14.1456787735375,-4.9,15.5013367661128));
#3981=CARTESIAN_POINT('Ctrl Pts',(14.1967226797715,-4.9,15.5062085390091));
#3982=CARTESIAN_POINT('Ctrl Pts',(13.8340701395646,-5.,14.9926766753197));
#3983=CARTESIAN_POINT('Ctrl Pts',(13.8340701395646,-4.9,14.9926766753197));
#3984=CARTESIAN_POINT('Ctrl Pts',(13.835171423089,-5.,15.0729472431255));
#3985=CARTESIAN_POINT('Ctrl Pts',(13.835171423089,-4.9,15.0729472431255));
#3986=CARTESIAN_POINT('Ctrl Pts',(13.8370922948117,-5.,15.2129561149921));
#3987=CARTESIAN_POINT('Ctrl Pts',(13.8370922948117,-4.9,15.2129561149921));
#3988=CARTESIAN_POINT('Ctrl Pts',(13.9056361843006,-5.,15.3340904209521));
#3989=CARTESIAN_POINT('Ctrl Pts',(13.9056361843006,-4.9,15.3340904209521));
#3990=CARTESIAN_POINT('Ctrl Pts',(13.9348821574822,-5.,15.3857754170895));
#3991=CARTESIAN_POINT('Ctrl Pts',(13.9348821574822,-4.9,15.3857754170895));
#3992=CARTESIAN_POINT('',(13.8340701395646,-5.,14.9926766753197));
#3993=CARTESIAN_POINT('Ctrl Pts',(13.8340701395646,-5.,14.9926766753197));
#3994=CARTESIAN_POINT('Ctrl Pts',(13.835171423089,-5.,15.0729472431255));
#3995=CARTESIAN_POINT('Ctrl Pts',(13.8370922948117,-5.,15.2129561149921));
#3996=CARTESIAN_POINT('Ctrl Pts',(13.9056361843006,-5.,15.3340904209521));
#3997=CARTESIAN_POINT('Ctrl Pts',(13.9348821574822,-5.,15.3857754170895));
#3998=CARTESIAN_POINT('',(13.8340701395646,-4.9,14.9926766753197));
#3999=CARTESIAN_POINT('',(13.8340701395646,-5.,14.9926766753197));
#4000=CARTESIAN_POINT('Ctrl Pts',(13.8340701395646,-4.9,14.9926766753197));
#4001=CARTESIAN_POINT('Ctrl Pts',(13.835171423089,-4.9,15.0729472431255));
#4002=CARTESIAN_POINT('Ctrl Pts',(13.8370922948117,-4.9,15.2129561149921));
#4003=CARTESIAN_POINT('Ctrl Pts',(13.9056361843006,-4.9,15.3340904209521));
#4004=CARTESIAN_POINT('Ctrl Pts',(13.9348821574822,-4.9,15.3857754170895));
#4005=CARTESIAN_POINT('Ctrl Pts',(13.9308227831498,-5.,14.6100649237633));
#4006=CARTESIAN_POINT('Ctrl Pts',(13.9308227831498,-4.9,14.6100649237633));
#4007=CARTESIAN_POINT('Ctrl Pts',(13.9027591098678,-5.,14.660316657093));
#4008=CARTESIAN_POINT('Ctrl Pts',(13.9027591098678,-4.9,14.660316657093));
#4009=CARTESIAN_POINT('Ctrl Pts',(13.8368021640156,-5.,14.7784213264608));
#4010=CARTESIAN_POINT('Ctrl Pts',(13.8368021640156,-4.9,14.7784213264608));
#4011=CARTESIAN_POINT('Ctrl Pts',(13.8350670112974,-5.,14.9144983483284));
#4012=CARTESIAN_POINT('Ctrl Pts',(13.8350670112974,-4.9,14.9144983483284));
#4013=CARTESIAN_POINT('Ctrl Pts',(13.8340701395646,-5.,14.9926766753197));
#4014=CARTESIAN_POINT('Ctrl Pts',(13.8340701395646,-4.9,14.9926766753197));
#4015=CARTESIAN_POINT('',(13.9308227831498,-5.,14.6100649237633));
#4016=CARTESIAN_POINT('Ctrl Pts',(13.9308227831498,-5.,14.6100649237633));
#4017=CARTESIAN_POINT('Ctrl Pts',(13.9027591098678,-5.,14.660316657093));
#4018=CARTESIAN_POINT('Ctrl Pts',(13.8368021640156,-5.,14.7784213264608));
#4019=CARTESIAN_POINT('Ctrl Pts',(13.8350670112974,-5.,14.9144983483284));
#4020=CARTESIAN_POINT('Ctrl Pts',(13.8340701395646,-5.,14.9926766753197));
#4021=CARTESIAN_POINT('',(13.9308227831498,-4.9,14.6100649237633));
#4022=CARTESIAN_POINT('',(13.9308227831498,-5.,14.6100649237633));
#4023=CARTESIAN_POINT('Ctrl Pts',(13.9308227831498,-4.9,14.6100649237633));
#4024=CARTESIAN_POINT('Ctrl Pts',(13.9027591098678,-4.9,14.660316657093));
#4025=CARTESIAN_POINT('Ctrl Pts',(13.8368021640156,-4.9,14.7784213264608));
#4026=CARTESIAN_POINT('Ctrl Pts',(13.8350670112974,-4.9,14.9144983483284));
#4027=CARTESIAN_POINT('Ctrl Pts',(13.8340701395646,-4.9,14.9926766753197));
#4028=CARTESIAN_POINT('Ctrl Pts',(14.1777779394761,-5.,14.4933533668518));
#4029=CARTESIAN_POINT('Ctrl Pts',(14.1777779394761,-4.9,14.4933533668518));
#4030=CARTESIAN_POINT('Ctrl Pts',(14.1298944558141,-5.,14.498268253578));
#4031=CARTESIAN_POINT('Ctrl Pts',(14.1298944558141,-4.9,14.498268253578));
#4032=CARTESIAN_POINT('Ctrl Pts',(14.0338704135403,-5.,14.5081244138796));
#4033=CARTESIAN_POINT('Ctrl Pts',(14.0338704135403,-4.9,14.5081244138796));
#4034=CARTESIAN_POINT('Ctrl Pts',(13.9652332449424,-5.,14.5760241602137));
#4035=CARTESIAN_POINT('Ctrl Pts',(13.9652332449424,-4.9,14.5760241602137));
#4036=CARTESIAN_POINT('Ctrl Pts',(13.9308227831498,-5.,14.6100649237633));
#4037=CARTESIAN_POINT('Ctrl Pts',(13.9308227831498,-4.9,14.6100649237633));
#4038=CARTESIAN_POINT('',(14.1777779394761,-5.,14.4933533668518));
#4039=CARTESIAN_POINT('Ctrl Pts',(14.1777779394761,-5.,14.4933533668518));
#4040=CARTESIAN_POINT('Ctrl Pts',(14.1298944558141,-5.,14.498268253578));
#4041=CARTESIAN_POINT('Ctrl Pts',(14.0338704135403,-5.,14.5081244138796));
#4042=CARTESIAN_POINT('Ctrl Pts',(13.9652332449424,-5.,14.5760241602137));
#4043=CARTESIAN_POINT('Ctrl Pts',(13.9308227831498,-5.,14.6100649237633));
#4044=CARTESIAN_POINT('',(14.1777779394761,-4.9,14.4933533668518));
#4045=CARTESIAN_POINT('',(14.1777779394761,-5.,14.4933533668518));
#4046=CARTESIAN_POINT('Ctrl Pts',(14.1777779394761,-4.9,14.4933533668518));
#4047=CARTESIAN_POINT('Ctrl Pts',(14.1298944558141,-4.9,14.498268253578));
#4048=CARTESIAN_POINT('Ctrl Pts',(14.0338704135403,-4.9,14.5081244138796));
#4049=CARTESIAN_POINT('Ctrl Pts',(13.9652332449424,-4.9,14.5760241602137));
#4050=CARTESIAN_POINT('Ctrl Pts',(13.9308227831498,-4.9,14.6100649237633));
#4051=CARTESIAN_POINT('Ctrl Pts',(14.4071419769898,-5.,14.5853695273399));
#4052=CARTESIAN_POINT('Ctrl Pts',(14.4071419769898,-4.9,14.5853695273399));
#4053=CARTESIAN_POINT('Ctrl Pts',(14.3747029572607,-5.,14.5585359940823));
#4054=CARTESIAN_POINT('Ctrl Pts',(14.3747029572607,-4.9,14.5585359940823));
#4055=CARTESIAN_POINT('Ctrl Pts',(14.3081710293538,-5.,14.5035008322588));
#4056=CARTESIAN_POINT('Ctrl Pts',(14.3081710293538,-4.9,14.5035008322588));
#4057=CARTESIAN_POINT('Ctrl Pts',(14.2219566910964,-5.,14.496791450528));
#4058=CARTESIAN_POINT('Ctrl Pts',(14.2219566910964,-4.9,14.496791450528));
#4059=CARTESIAN_POINT('Ctrl Pts',(14.1777779394761,-5.,14.4933533668518));
#4060=CARTESIAN_POINT('Ctrl Pts',(14.1777779394761,-4.9,14.4933533668518));
#4061=CARTESIAN_POINT('',(14.4071419769898,-5.,14.5853695273399));
#4062=CARTESIAN_POINT('Ctrl Pts',(14.4071419769898,-5.,14.5853695273399));
#4063=CARTESIAN_POINT('Ctrl Pts',(14.3747029572607,-5.,14.5585359940823));
#4064=CARTESIAN_POINT('Ctrl Pts',(14.3081710293538,-5.,14.5035008322588));
#4065=CARTESIAN_POINT('Ctrl Pts',(14.2219566910964,-5.,14.496791450528));
#4066=CARTESIAN_POINT('Ctrl Pts',(14.1777779394761,-5.,14.4933533668518));
#4067=CARTESIAN_POINT('',(14.4071419769898,-4.9,14.5853695273399));
#4068=CARTESIAN_POINT('',(14.4071419769898,-5.,14.5853695273399));
#4069=CARTESIAN_POINT('Ctrl Pts',(14.4071419769898,-4.9,14.5853695273399));
#4070=CARTESIAN_POINT('Ctrl Pts',(14.3747029572607,-4.9,14.5585359940823));
#4071=CARTESIAN_POINT('Ctrl Pts',(14.3081710293538,-4.9,14.5035008322588));
#4072=CARTESIAN_POINT('Ctrl Pts',(14.2219566910964,-4.9,14.496791450528));
#4073=CARTESIAN_POINT('Ctrl Pts',(14.1777779394761,-4.9,14.4933533668518));
#4074=CARTESIAN_POINT('Ctrl Pts',(14.4964517885819,-5.,14.8296184837818));
#4075=CARTESIAN_POINT('Ctrl Pts',(14.4964517885819,-4.9,14.8296184837818));
#4076=CARTESIAN_POINT('Ctrl Pts',(14.493496184516,-5.,14.7822024245022));
#4077=CARTESIAN_POINT('Ctrl Pts',(14.493496184516,-4.9,14.7822024245022));
#4078=CARTESIAN_POINT('Ctrl Pts',(14.4878547937643,-5.,14.6916989225652));
#4079=CARTESIAN_POINT('Ctrl Pts',(14.4878547937643,-4.9,14.6916989225652));
#4080=CARTESIAN_POINT('Ctrl Pts',(14.4331744964472,-5.,14.6196642299747));
#4081=CARTESIAN_POINT('Ctrl Pts',(14.4331744964472,-4.9,14.6196642299747));
#4082=CARTESIAN_POINT('Ctrl Pts',(14.4071419769898,-5.,14.5853695273399));
#4083=CARTESIAN_POINT('Ctrl Pts',(14.4071419769898,-4.9,14.5853695273399));
#4084=CARTESIAN_POINT('',(14.4964517885819,-5.,14.8296184837818));
#4085=CARTESIAN_POINT('Ctrl Pts',(14.4964517885819,-5.,14.8296184837818));
#4086=CARTESIAN_POINT('Ctrl Pts',(14.493496184516,-5.,14.7822024245022));
#4087=CARTESIAN_POINT('Ctrl Pts',(14.4878547937643,-5.,14.6916989225652));
#4088=CARTESIAN_POINT('Ctrl Pts',(14.4331744964472,-5.,14.6196642299747));
#4089=CARTESIAN_POINT('Ctrl Pts',(14.4071419769898,-5.,14.5853695273399));
#4090=CARTESIAN_POINT('',(14.4964517885819,-4.9,14.8296184837818));
#4091=CARTESIAN_POINT('',(14.4964517885819,-5.,14.8296184837818));
#4092=CARTESIAN_POINT('Ctrl Pts',(14.4964517885819,-4.9,14.8296184837818));
#4093=CARTESIAN_POINT('Ctrl Pts',(14.493496184516,-4.9,14.7822024245022));
#4094=CARTESIAN_POINT('Ctrl Pts',(14.4878547937643,-4.9,14.6916989225652));
#4095=CARTESIAN_POINT('Ctrl Pts',(14.4331744964472,-4.9,14.6196642299747));
#4096=CARTESIAN_POINT('Ctrl Pts',(14.4071419769898,-4.9,14.5853695273399));
#4097=CARTESIAN_POINT('Ctrl Pts',(14.4115396076813,-5.,15.0637185573578));
#4098=CARTESIAN_POINT('Ctrl Pts',(14.4115396076813,-4.9,15.0637185573578));
#4099=CARTESIAN_POINT('Ctrl Pts',(14.4362950278388,-5.,15.0304105148674));
#4100=CARTESIAN_POINT('Ctrl Pts',(14.4362950278388,-4.9,15.0304105148674));
#4101=CARTESIAN_POINT('Ctrl Pts',(14.4878652169098,-5.,14.9610236073584));
#4102=CARTESIAN_POINT('Ctrl Pts',(14.4878652169098,-4.9,14.9610236073584));
#4103=CARTESIAN_POINT('Ctrl Pts',(14.4935144018553,-5.,14.874570960805));
#4104=CARTESIAN_POINT('Ctrl Pts',(14.4935144018553,-4.9,14.874570960805));
#4105=CARTESIAN_POINT('Ctrl Pts',(14.4964517885819,-5.,14.8296184837818));
#4106=CARTESIAN_POINT('Ctrl Pts',(14.4964517885819,-4.9,14.8296184837818));
#4107=CARTESIAN_POINT('',(14.4115396076813,-5.,15.0637185573578));
#4108=CARTESIAN_POINT('Ctrl Pts',(14.4115396076813,-5.,15.0637185573578));
#4109=CARTESIAN_POINT('Ctrl Pts',(14.4362950278388,-5.,15.0304105148674));
#4110=CARTESIAN_POINT('Ctrl Pts',(14.4878652169098,-5.,14.9610236073584));
#4111=CARTESIAN_POINT('Ctrl Pts',(14.4935144018553,-5.,14.874570960805));
#4112=CARTESIAN_POINT('Ctrl Pts',(14.4964517885819,-5.,14.8296184837818));
#4113=CARTESIAN_POINT('',(14.4115396076813,-4.9,15.0637185573578));
#4114=CARTESIAN_POINT('',(14.4115396076813,-5.,15.0637185573578));
#4115=CARTESIAN_POINT('Ctrl Pts',(14.4115396076813,-4.9,15.0637185573578));
#4116=CARTESIAN_POINT('Ctrl Pts',(14.4362950278388,-4.9,15.0304105148674));
#4117=CARTESIAN_POINT('Ctrl Pts',(14.4878652169098,-4.9,14.9610236073584));
#4118=CARTESIAN_POINT('Ctrl Pts',(14.4935144018553,-4.9,14.874570960805));
#4119=CARTESIAN_POINT('Ctrl Pts',(14.4964517885819,-4.9,14.8296184837818));
#4120=CARTESIAN_POINT('Ctrl Pts',(14.2075480753556,-5.,15.1543816924095));
#4121=CARTESIAN_POINT('Ctrl Pts',(14.2075480753556,-4.9,15.1543816924095));
#4122=CARTESIAN_POINT('Ctrl Pts',(14.2459826235211,-5.,15.1504262743469));
#4123=CARTESIAN_POINT('Ctrl Pts',(14.2459826235211,-4.9,15.1504262743469));
#4124=CARTESIAN_POINT('Ctrl Pts',(14.3237838577761,-5.,15.1424195090288));
#4125=CARTESIAN_POINT('Ctrl Pts',(14.3237838577761,-4.9,15.1424195090288));
#4126=CARTESIAN_POINT('Ctrl Pts',(14.3820549752929,-5.,15.0901609116325));
#4127=CARTESIAN_POINT('Ctrl Pts',(14.3820549752929,-4.9,15.0901609116325));
#4128=CARTESIAN_POINT('Ctrl Pts',(14.4115396076813,-5.,15.0637185573578));
#4129=CARTESIAN_POINT('Ctrl Pts',(14.4115396076813,-4.9,15.0637185573578));
#4130=CARTESIAN_POINT('',(14.2075480753556,-5.,15.1543816924095));
#4131=CARTESIAN_POINT('Ctrl Pts',(14.2075480753556,-5.,15.1543816924095));
#4132=CARTESIAN_POINT('Ctrl Pts',(14.2459826235211,-5.,15.1504262743469));
#4133=CARTESIAN_POINT('Ctrl Pts',(14.3237838577761,-5.,15.1424195090288));
#4134=CARTESIAN_POINT('Ctrl Pts',(14.3820549752929,-5.,15.0901609116325));
#4135=CARTESIAN_POINT('Ctrl Pts',(14.4115396076813,-5.,15.0637185573578));
#4136=CARTESIAN_POINT('',(14.2075480753556,-4.9,15.1543816924095));
#4137=CARTESIAN_POINT('',(14.2075480753556,-5.,15.1543816924095));
#4138=CARTESIAN_POINT('Ctrl Pts',(14.2075480753556,-4.9,15.1543816924095));
#4139=CARTESIAN_POINT('Ctrl Pts',(14.2459826235211,-4.9,15.1504262743469));
#4140=CARTESIAN_POINT('Ctrl Pts',(14.3237838577761,-4.9,15.1424195090288));
#4141=CARTESIAN_POINT('Ctrl Pts',(14.3820549752929,-4.9,15.0901609116325));
#4142=CARTESIAN_POINT('Ctrl Pts',(14.4115396076813,-4.9,15.0637185573578));
#4143=CARTESIAN_POINT('Ctrl Pts',(14.030957990326,-5.,15.0704844295979));
#4144=CARTESIAN_POINT('Ctrl Pts',(14.030957990326,-4.9,15.0704844295979));
#4145=CARTESIAN_POINT('Ctrl Pts',(14.0558653324847,-5.,15.0949535094807));
#4146=CARTESIAN_POINT('Ctrl Pts',(14.0558653324847,-4.9,15.0949535094807));
#4147=CARTESIAN_POINT('Ctrl Pts',(14.1051023231065,-5.,15.1433241404792));
#4148=CARTESIAN_POINT('Ctrl Pts',(14.1051023231065,-4.9,15.1433241404792));
#4149=CARTESIAN_POINT('Ctrl Pts',(14.1736676484425,-5.,15.1507247854926));
#4150=CARTESIAN_POINT('Ctrl Pts',(14.1736676484425,-4.9,15.1507247854926));
#4151=CARTESIAN_POINT('Ctrl Pts',(14.2075480753556,-5.,15.1543816924095));
#4152=CARTESIAN_POINT('Ctrl Pts',(14.2075480753556,-4.9,15.1543816924095));
#4153=CARTESIAN_POINT('',(14.030957990326,-5.,15.0704844295979));
#4154=CARTESIAN_POINT('Ctrl Pts',(14.030957990326,-5.,15.0704844295979));
#4155=CARTESIAN_POINT('Ctrl Pts',(14.0558653324847,-5.,15.0949535094807));
#4156=CARTESIAN_POINT('Ctrl Pts',(14.1051023231065,-5.,15.1433241404792));
#4157=CARTESIAN_POINT('Ctrl Pts',(14.1736676484425,-5.,15.1507247854926));
#4158=CARTESIAN_POINT('Ctrl Pts',(14.2075480753556,-5.,15.1543816924095));
#4159=CARTESIAN_POINT('',(14.030957990326,-4.9,15.0704844295979));
#4160=CARTESIAN_POINT('',(14.030957990326,-5.,15.0704844295979));
#4161=CARTESIAN_POINT('Ctrl Pts',(14.030957990326,-4.9,15.0704844295979));
#4162=CARTESIAN_POINT('Ctrl Pts',(14.0558653324847,-4.9,15.0949535094807));
#4163=CARTESIAN_POINT('Ctrl Pts',(14.1051023231065,-4.9,15.1433241404792));
#4164=CARTESIAN_POINT('Ctrl Pts',(14.1736676484425,-4.9,15.1507247854926));
#4165=CARTESIAN_POINT('Ctrl Pts',(14.2075480753556,-4.9,15.1543816924095));
#4166=CARTESIAN_POINT('Ctrl Pts',(14.0833939844742,-5.,15.2957889437675));
#4167=CARTESIAN_POINT('Ctrl Pts',(14.0833939844742,-4.9,15.2957889437675));
#4168=CARTESIAN_POINT('Ctrl Pts',(14.0706563551858,-5.,15.26837044466));
#4169=CARTESIAN_POINT('Ctrl Pts',(14.0706563551858,-4.9,15.26837044466));
#4170=CARTESIAN_POINT('Ctrl Pts',(14.0376683995657,-5.,15.1973619224892));
#4171=CARTESIAN_POINT('Ctrl Pts',(14.0376683995657,-4.9,15.1973619224892));
#4172=CARTESIAN_POINT('Ctrl Pts',(14.0335104389014,-5.,15.1187450146694));
#4173=CARTESIAN_POINT('Ctrl Pts',(14.0335104389014,-4.9,15.1187450146694));
#4174=CARTESIAN_POINT('Ctrl Pts',(14.030957990326,-5.,15.0704844295979));
#4175=CARTESIAN_POINT('Ctrl Pts',(14.030957990326,-4.9,15.0704844295979));
#4176=CARTESIAN_POINT('',(14.0833939844742,-5.,15.2957889437675));
#4177=CARTESIAN_POINT('Ctrl Pts',(14.0833939844742,-5.,15.2957889437675));
#4178=CARTESIAN_POINT('Ctrl Pts',(14.0706563551858,-5.,15.26837044466));
#4179=CARTESIAN_POINT('Ctrl Pts',(14.0376683995657,-5.,15.1973619224892));
#4180=CARTESIAN_POINT('Ctrl Pts',(14.0335104389014,-5.,15.1187450146694));
#4181=CARTESIAN_POINT('Ctrl Pts',(14.030957990326,-5.,15.0704844295979));
#4182=CARTESIAN_POINT('',(14.0833939844742,-4.9,15.2957889437675));
#4183=CARTESIAN_POINT('',(14.0833939844742,-5.,15.2957889437675));
#4184=CARTESIAN_POINT('Ctrl Pts',(14.0833939844742,-4.9,15.2957889437675));
#4185=CARTESIAN_POINT('Ctrl Pts',(14.0706563551858,-4.9,15.26837044466));
#4186=CARTESIAN_POINT('Ctrl Pts',(14.0376683995657,-4.9,15.1973619224892));
#4187=CARTESIAN_POINT('Ctrl Pts',(14.0335104389014,-4.9,15.1187450146694));
#4188=CARTESIAN_POINT('Ctrl Pts',(14.030957990326,-4.9,15.0704844295979));
#4189=CARTESIAN_POINT('Ctrl Pts',(14.1852201754227,-5.,15.3499162197113));
#4190=CARTESIAN_POINT('Ctrl Pts',(14.1852201754227,-4.9,15.3499162197113));
#4191=CARTESIAN_POINT('Ctrl Pts',(14.165688814692,-5.,15.3473473508444));
#4192=CARTESIAN_POINT('Ctrl Pts',(14.165688814692,-4.9,15.3473473508444));
#4193=CARTESIAN_POINT('Ctrl Pts',(14.1251373306433,-5.,15.3420138031046));
#4194=CARTESIAN_POINT('Ctrl Pts',(14.1251373306433,-4.9,15.3420138031046));
#4195=CARTESIAN_POINT('Ctrl Pts',(14.0976448757812,-5.,15.31156979285));
#4196=CARTESIAN_POINT('Ctrl Pts',(14.0976448757812,-4.9,15.31156979285));
#4197=CARTESIAN_POINT('Ctrl Pts',(14.0833939844742,-5.,15.2957889437675));
#4198=CARTESIAN_POINT('Ctrl Pts',(14.0833939844742,-4.9,15.2957889437675));
#4199=CARTESIAN_POINT('',(14.1852201754227,-5.,15.3499162197113));
#4200=CARTESIAN_POINT('Ctrl Pts',(14.1852201754227,-5.,15.3499162197113));
#4201=CARTESIAN_POINT('Ctrl Pts',(14.165688814692,-5.,15.3473473508444));
#4202=CARTESIAN_POINT('Ctrl Pts',(14.1251373306433,-5.,15.3420138031046));
#4203=CARTESIAN_POINT('Ctrl Pts',(14.0976448757812,-5.,15.31156979285));
#4204=CARTESIAN_POINT('Ctrl Pts',(14.0833939844742,-5.,15.2957889437675));
#4205=CARTESIAN_POINT('',(14.1852201754227,-4.9,15.3499162197113));
#4206=CARTESIAN_POINT('',(14.1852201754227,-5.,15.3499162197113));
#4207=CARTESIAN_POINT('Ctrl Pts',(14.1852201754227,-4.9,15.3499162197113));
#4208=CARTESIAN_POINT('Ctrl Pts',(14.165688814692,-4.9,15.3473473508444));
#4209=CARTESIAN_POINT('Ctrl Pts',(14.1251373306433,-4.9,15.3420138031046));
#4210=CARTESIAN_POINT('Ctrl Pts',(14.0976448757812,-4.9,15.31156979285));
#4211=CARTESIAN_POINT('Ctrl Pts',(14.0833939844742,-4.9,15.2957889437675));
#4212=CARTESIAN_POINT('Ctrl Pts',(14.2589690024033,-5.,15.3228524327278));
#4213=CARTESIAN_POINT('Ctrl Pts',(14.2589690024033,-4.9,15.3228524327278));
#4214=CARTESIAN_POINT('Ctrl Pts',(14.2485099487974,-5.,15.3307425797824));
#4215=CARTESIAN_POINT('Ctrl Pts',(14.2485099487974,-4.9,15.3307425797824));
#4216=CARTESIAN_POINT('Ctrl Pts',(14.2267170490319,-5.,15.347182803762));
#4217=CARTESIAN_POINT('Ctrl Pts',(14.2267170490319,-4.9,15.347182803762));
#4218=CARTESIAN_POINT('Ctrl Pts',(14.199417742025,-5.,15.3489810202224));
#4219=CARTESIAN_POINT('Ctrl Pts',(14.199417742025,-4.9,15.3489810202224));
#4220=CARTESIAN_POINT('Ctrl Pts',(14.1852201754227,-5.,15.3499162197113));
#4221=CARTESIAN_POINT('Ctrl Pts',(14.1852201754227,-4.9,15.3499162197113));
#4222=CARTESIAN_POINT('',(14.2589690024033,-5.,15.3228524327278));
#4223=CARTESIAN_POINT('Ctrl Pts',(14.2589690024033,-5.,15.3228524327278));
#4224=CARTESIAN_POINT('Ctrl Pts',(14.2485099487974,-5.,15.3307425797824));
#4225=CARTESIAN_POINT('Ctrl Pts',(14.2267170490319,-5.,15.347182803762));
#4226=CARTESIAN_POINT('Ctrl Pts',(14.199417742025,-5.,15.3489810202224));
#4227=CARTESIAN_POINT('Ctrl Pts',(14.1852201754227,-5.,15.3499162197113));
#4228=CARTESIAN_POINT('',(14.2589690024033,-4.9,15.3228524327278));
#4229=CARTESIAN_POINT('',(14.2589690024033,-5.,15.3228524327278));
#4230=CARTESIAN_POINT('Ctrl Pts',(14.2589690024033,-4.9,15.3228524327278));
#4231=CARTESIAN_POINT('Ctrl Pts',(14.2485099487974,-4.9,15.3307425797824));
#4232=CARTESIAN_POINT('Ctrl Pts',(14.2267170490319,-4.9,15.347182803762));
#4233=CARTESIAN_POINT('Ctrl Pts',(14.199417742025,-4.9,15.3489810202224));
#4234=CARTESIAN_POINT('Ctrl Pts',(14.1852201754227,-4.9,15.3499162197113));
#4235=CARTESIAN_POINT('Ctrl Pts',(14.2941512400284,-5.,15.2389553189278));
#4236=CARTESIAN_POINT('Ctrl Pts',(14.2941512400284,-4.9,15.2389553189278));
#4237=CARTESIAN_POINT('Ctrl Pts',(14.2915644193961,-5.,15.2560676282835));
#4238=CARTESIAN_POINT('Ctrl Pts',(14.2915644193961,-4.9,15.2560676282835));
#4239=CARTESIAN_POINT('Ctrl Pts',(14.2868687489268,-5.,15.2871303794845));
#4240=CARTESIAN_POINT('Ctrl Pts',(14.2868687489268,-4.9,15.2871303794845));
#4241=CARTESIAN_POINT('Ctrl Pts',(14.2676156627496,-5.,15.3117814912407));
#4242=CARTESIAN_POINT('Ctrl Pts',(14.2676156627496,-4.9,15.3117814912407));
#4243=CARTESIAN_POINT('Ctrl Pts',(14.2589690024033,-5.,15.3228524327278));
#4244=CARTESIAN_POINT('Ctrl Pts',(14.2589690024033,-4.9,15.3228524327278));
#4245=CARTESIAN_POINT('',(14.2941512400284,-5.,15.2389553189278));
#4246=CARTESIAN_POINT('Ctrl Pts',(14.2941512400284,-5.,15.2389553189278));
#4247=CARTESIAN_POINT('Ctrl Pts',(14.2915644193961,-5.,15.2560676282835));
#4248=CARTESIAN_POINT('Ctrl Pts',(14.2868687489268,-5.,15.2871303794845));
#4249=CARTESIAN_POINT('Ctrl Pts',(14.2676156627496,-5.,15.3117814912407));
#4250=CARTESIAN_POINT('Ctrl Pts',(14.2589690024033,-5.,15.3228524327278));
#4251=CARTESIAN_POINT('',(14.2941512400284,-4.9,15.2389553189278));
#4252=CARTESIAN_POINT('',(14.2941512400284,-5.,15.2389553189278));
#4253=CARTESIAN_POINT('Ctrl Pts',(14.2941512400284,-4.9,15.2389553189278));
#4254=CARTESIAN_POINT('Ctrl Pts',(14.2915644193961,-4.9,15.2560676282835));
#4255=CARTESIAN_POINT('Ctrl Pts',(14.2868687489268,-4.9,15.2871303794845));
#4256=CARTESIAN_POINT('Ctrl Pts',(14.2676156627496,-4.9,15.3117814912407));
#4257=CARTESIAN_POINT('Ctrl Pts',(14.2589690024033,-4.9,15.3228524327278));
#4258=CARTESIAN_POINT('Origin',(14.4781841570511,-5.,15.2592530846596));
#4259=CARTESIAN_POINT('',(14.4781841570511,-5.,15.2592530846596));
#4260=CARTESIAN_POINT('',(17.8173181468309,-5.,15.62754023985));
#4261=CARTESIAN_POINT('',(14.4781841570511,-4.9,15.2592530846596));
#4262=CARTESIAN_POINT('',(14.4781841570511,-5.,15.2592530846596));
#4263=CARTESIAN_POINT('',(14.4781841570511,-4.9,15.2592530846596));
#4264=CARTESIAN_POINT('Ctrl Pts',(14.3837996060029,-5.,15.4429472982883));
#4265=CARTESIAN_POINT('Ctrl Pts',(14.3837996060029,-4.9,15.4429472982883));
#4266=CARTESIAN_POINT('Ctrl Pts',(14.4064224200786,-5.,15.4183678787351));
#4267=CARTESIAN_POINT('Ctrl Pts',(14.4064224200786,-4.9,15.4183678787351));
#4268=CARTESIAN_POINT('Ctrl Pts',(14.4546388329633,-5.,15.3659813172011));
#4269=CARTESIAN_POINT('Ctrl Pts',(14.4546388329633,-4.9,15.3659813172011));
#4270=CARTESIAN_POINT('Ctrl Pts',(14.4700198231796,-5.,15.2962610664033));
#4271=CARTESIAN_POINT('Ctrl Pts',(14.4700198231796,-4.9,15.2962610664033));
#4272=CARTESIAN_POINT('Ctrl Pts',(14.4781841570511,-5.,15.2592530846596));
#4273=CARTESIAN_POINT('Ctrl Pts',(14.4781841570511,-4.9,15.2592530846596));
#4274=CARTESIAN_POINT('Ctrl Pts',(14.3837996060029,-5.,15.4429472982883));
#4275=CARTESIAN_POINT('Ctrl Pts',(14.4064224200786,-5.,15.4183678787351));
#4276=CARTESIAN_POINT('Ctrl Pts',(14.4546388329633,-5.,15.3659813172011));
#4277=CARTESIAN_POINT('Ctrl Pts',(14.4700198231796,-5.,15.2962610664033));
#4278=CARTESIAN_POINT('Ctrl Pts',(14.4781841570511,-5.,15.2592530846596));
#4279=CARTESIAN_POINT('Ctrl Pts',(14.3837996060029,-4.9,15.4429472982883));
#4280=CARTESIAN_POINT('Ctrl Pts',(14.4064224200786,-4.9,15.4183678787351));
#4281=CARTESIAN_POINT('Ctrl Pts',(14.4546388329633,-4.9,15.3659813172011));
#4282=CARTESIAN_POINT('Ctrl Pts',(14.4700198231796,-4.9,15.2962610664033));
#4283=CARTESIAN_POINT('Ctrl Pts',(14.4781841570511,-4.9,15.2592530846596));
#4284=CARTESIAN_POINT('Origin',(14.9930691951886,-4.9,14.9997809529305));
#4285=CARTESIAN_POINT('Origin',(15.2061946922913,-5.,14.5102679729462));
#4286=CARTESIAN_POINT('',(15.2061946922913,-5.,14.5102679729462));
#4287=CARTESIAN_POINT('',(15.0160731608048,-5.,14.5102679729462));
#4288=CARTESIAN_POINT('',(18.5995353911207,-5.,14.5102679729462));
#4289=CARTESIAN_POINT('',(15.2061946922913,-4.9,14.5102679729462));
#4290=CARTESIAN_POINT('',(15.2061946922913,-5.,14.5102679729462));
#4291=CARTESIAN_POINT('',(15.0160731608048,-4.9,14.5102679729462));
#4292=CARTESIAN_POINT('',(15.2061946922913,-4.9,14.5102679729462));
#4293=CARTESIAN_POINT('',(15.0160731608048,-5.,14.5102679729462));
#4294=CARTESIAN_POINT('Origin',(15.2061946922913,-5.,14.8593884706497));
#4295=CARTESIAN_POINT('',(15.2061946922913,-5.,14.8593884706497));
#4296=CARTESIAN_POINT('',(15.2061946922913,-5.,11.6358226192653));
#4297=CARTESIAN_POINT('',(15.2061946922913,-4.9,14.8593884706497));
#4298=CARTESIAN_POINT('',(15.2061946922913,-5.,14.8593884706497));
#4299=CARTESIAN_POINT('',(15.2061946922913,-4.9,14.8593884706497));
#4300=CARTESIAN_POINT('Ctrl Pts',(15.2214183146134,-5.,15.0075615942478));
#4301=CARTESIAN_POINT('Ctrl Pts',(15.2214183146134,-4.9,15.0075615942478));
#4302=CARTESIAN_POINT('Ctrl Pts',(15.2170166357704,-5.,14.9878410268444));
#4303=CARTESIAN_POINT('Ctrl Pts',(15.2170166357704,-4.9,14.9878410268444));
#4304=CARTESIAN_POINT('Ctrl Pts',(15.2061437800525,-5.,14.9391280489782));
#4305=CARTESIAN_POINT('Ctrl Pts',(15.2061437800525,-4.9,14.9391280489782));
#4306=CARTESIAN_POINT('Ctrl Pts',(15.2061756965877,-5.,14.8891398512778));
#4307=CARTESIAN_POINT('Ctrl Pts',(15.2061756965877,-4.9,14.8891398512778));
#4308=CARTESIAN_POINT('Ctrl Pts',(15.2061946922913,-5.,14.8593884706497));
#4309=CARTESIAN_POINT('Ctrl Pts',(15.2061946922913,-4.9,14.8593884706497));
#4310=CARTESIAN_POINT('',(15.2214183146134,-5.,15.0075615942478));
#4311=CARTESIAN_POINT('Ctrl Pts',(15.2214183146134,-5.,15.0075615942478));
#4312=CARTESIAN_POINT('Ctrl Pts',(15.2170166357704,-5.,14.9878410268444));
#4313=CARTESIAN_POINT('Ctrl Pts',(15.2061437800525,-5.,14.9391280489782));
#4314=CARTESIAN_POINT('Ctrl Pts',(15.2061756965877,-5.,14.8891398512778));
#4315=CARTESIAN_POINT('Ctrl Pts',(15.2061946922913,-5.,14.8593884706497));
#4316=CARTESIAN_POINT('',(15.2214183146134,-4.9,15.0075615942478));
#4317=CARTESIAN_POINT('',(15.2214183146134,-5.,15.0075615942478));
#4318=CARTESIAN_POINT('Ctrl Pts',(15.2214183146134,-4.9,15.0075615942478));
#4319=CARTESIAN_POINT('Ctrl Pts',(15.2170166357704,-4.9,14.9878410268444));
#4320=CARTESIAN_POINT('Ctrl Pts',(15.2061437800525,-4.9,14.9391280489782));
#4321=CARTESIAN_POINT('Ctrl Pts',(15.2061756965877,-4.9,14.8891398512778));
#4322=CARTESIAN_POINT('Ctrl Pts',(15.2061946922913,-4.9,14.8593884706497));
#4323=CARTESIAN_POINT('Ctrl Pts',(15.2718235785142,-5.,15.0758972764015));
#4324=CARTESIAN_POINT('Ctrl Pts',(15.2718235785142,-4.9,15.0758972764015));
#4325=CARTESIAN_POINT('Ctrl Pts',(15.2608602718761,-5.,15.0669258813529));
#4326=CARTESIAN_POINT('Ctrl Pts',(15.2608602718761,-4.9,15.0669258813529));
#4327=CARTESIAN_POINT('Ctrl Pts',(15.2382830637077,-5.,15.0484507022613));
#4328=CARTESIAN_POINT('Ctrl Pts',(15.2382830637077,-4.9,15.0484507022613));
#4329=CARTESIAN_POINT('Ctrl Pts',(15.2271468661884,-5.,15.0214506454753));
#4330=CARTESIAN_POINT('Ctrl Pts',(15.2271468661884,-4.9,15.0214506454753));
#4331=CARTESIAN_POINT('Ctrl Pts',(15.2214183146134,-5.,15.0075615942478));
#4332=CARTESIAN_POINT('Ctrl Pts',(15.2214183146134,-4.9,15.0075615942478));
#4333=CARTESIAN_POINT('',(15.2718235785142,-5.,15.0758972764015));
#4334=CARTESIAN_POINT('Ctrl Pts',(15.2718235785142,-5.,15.0758972764015));
#4335=CARTESIAN_POINT('Ctrl Pts',(15.2608602718761,-5.,15.0669258813529));
#4336=CARTESIAN_POINT('Ctrl Pts',(15.2382830637077,-5.,15.0484507022613));
#4337=CARTESIAN_POINT('Ctrl Pts',(15.2271468661884,-5.,15.0214506454753));
#4338=CARTESIAN_POINT('Ctrl Pts',(15.2214183146134,-5.,15.0075615942478));
#4339=CARTESIAN_POINT('',(15.2718235785142,-4.9,15.0758972764015));
#4340=CARTESIAN_POINT('',(15.2718235785142,-5.,15.0758972764015));
#4341=CARTESIAN_POINT('Ctrl Pts',(15.2718235785142,-4.9,15.0758972764015));
#4342=CARTESIAN_POINT('Ctrl Pts',(15.2608602718761,-4.9,15.0669258813529));
#4343=CARTESIAN_POINT('Ctrl Pts',(15.2382830637077,-4.9,15.0484507022613));
#4344=CARTESIAN_POINT('Ctrl Pts',(15.2271468661884,-4.9,15.0214506454753));
#4345=CARTESIAN_POINT('Ctrl Pts',(15.2214183146134,-4.9,15.0075615942478));
#4346=CARTESIAN_POINT('Ctrl Pts',(15.3509845072404,-5.,15.0995779037476));
#4347=CARTESIAN_POINT('Ctrl Pts',(15.3509845072404,-4.9,15.0995779037476));
#4348=CARTESIAN_POINT('Ctrl Pts',(15.3367496505299,-5.,15.0986300038279));
#4349=CARTESIAN_POINT('Ctrl Pts',(15.3367496505299,-4.9,15.0986300038279));
#4350=CARTESIAN_POINT('Ctrl Pts',(15.3085533318835,-5.,15.0967524093621));
#4351=CARTESIAN_POINT('Ctrl Pts',(15.3085533318835,-4.9,15.0967524093621));
#4352=CARTESIAN_POINT('Ctrl Pts',(15.2839874316985,-5.,15.0828039052841));
#4353=CARTESIAN_POINT('Ctrl Pts',(15.2839874316985,-4.9,15.0828039052841));
#4354=CARTESIAN_POINT('Ctrl Pts',(15.2718235785142,-5.,15.0758972764015));
#4355=CARTESIAN_POINT('Ctrl Pts',(15.2718235785142,-4.9,15.0758972764015));
#4356=CARTESIAN_POINT('',(15.3509845072404,-5.,15.0995779037476));
#4357=CARTESIAN_POINT('Ctrl Pts',(15.3509845072404,-5.,15.0995779037476));
#4358=CARTESIAN_POINT('Ctrl Pts',(15.3367496505299,-5.,15.0986300038279));
#4359=CARTESIAN_POINT('Ctrl Pts',(15.3085533318835,-5.,15.0967524093621));
#4360=CARTESIAN_POINT('Ctrl Pts',(15.2839874316985,-5.,15.0828039052841));
#4361=CARTESIAN_POINT('Ctrl Pts',(15.2718235785142,-5.,15.0758972764015));
#4362=CARTESIAN_POINT('',(15.3509845072404,-4.9,15.0995779037476));
#4363=CARTESIAN_POINT('',(15.3509845072404,-5.,15.0995779037476));
#4364=CARTESIAN_POINT('Ctrl Pts',(15.3509845072404,-4.9,15.0995779037476));
#4365=CARTESIAN_POINT('Ctrl Pts',(15.3367496505299,-4.9,15.0986300038279));
#4366=CARTESIAN_POINT('Ctrl Pts',(15.3085533318835,-4.9,15.0967524093621));
#4367=CARTESIAN_POINT('Ctrl Pts',(15.2839874316985,-4.9,15.0828039052841));
#4368=CARTESIAN_POINT('Ctrl Pts',(15.2718235785142,-4.9,15.0758972764015));
#4369=CARTESIAN_POINT('Ctrl Pts',(15.4088331991807,-5.,15.0846928358078));
#4370=CARTESIAN_POINT('Ctrl Pts',(15.4088331991807,-4.9,15.0846928358078));
#4371=CARTESIAN_POINT('Ctrl Pts',(15.4006266061537,-5.,15.0890250483683));
#4372=CARTESIAN_POINT('Ctrl Pts',(15.4006266061537,-4.9,15.0890250483683));
#4373=CARTESIAN_POINT('Ctrl Pts',(15.3825853209938,-5.,15.0985489375047));
#4374=CARTESIAN_POINT('Ctrl Pts',(15.3825853209938,-4.9,15.0985489375047));
#4375=CARTESIAN_POINT('Ctrl Pts',(15.3621333280028,-5.,15.0992148827095));
#4376=CARTESIAN_POINT('Ctrl Pts',(15.3621333280028,-4.9,15.0992148827095));
#4377=CARTESIAN_POINT('Ctrl Pts',(15.3509845072404,-5.,15.0995779037476));
#4378=CARTESIAN_POINT('Ctrl Pts',(15.3509845072404,-4.9,15.0995779037476));
#4379=CARTESIAN_POINT('',(15.4088331991807,-5.,15.0846928358078));
#4380=CARTESIAN_POINT('Ctrl Pts',(15.4088331991807,-5.,15.0846928358078));
#4381=CARTESIAN_POINT('Ctrl Pts',(15.4006266061537,-5.,15.0890250483683));
#4382=CARTESIAN_POINT('Ctrl Pts',(15.3825853209938,-5.,15.0985489375047));
#4383=CARTESIAN_POINT('Ctrl Pts',(15.3621333280028,-5.,15.0992148827095));
#4384=CARTESIAN_POINT('Ctrl Pts',(15.3509845072404,-5.,15.0995779037476));
#4385=CARTESIAN_POINT('',(15.4088331991807,-4.9,15.0846928358078));
#4386=CARTESIAN_POINT('',(15.4088331991807,-5.,15.0846928358078));
#4387=CARTESIAN_POINT('Ctrl Pts',(15.4088331991807,-4.9,15.0846928358078));
#4388=CARTESIAN_POINT('Ctrl Pts',(15.4006266061537,-4.9,15.0890250483683));
#4389=CARTESIAN_POINT('Ctrl Pts',(15.3825853209938,-4.9,15.0985489375047));
#4390=CARTESIAN_POINT('Ctrl Pts',(15.3621333280028,-4.9,15.0992148827095));
#4391=CARTESIAN_POINT('Ctrl Pts',(15.3509845072404,-4.9,15.0995779037476));
#4392=CARTESIAN_POINT('Ctrl Pts',(15.4402949148789,-5.,15.0393614172935));
#4393=CARTESIAN_POINT('Ctrl Pts',(15.4402949148789,-4.9,15.0393614172935));
#4394=CARTESIAN_POINT('Ctrl Pts',(15.4366688690844,-5.,15.0487000200152));
#4395=CARTESIAN_POINT('Ctrl Pts',(15.4366688690844,-4.9,15.0487000200152));
#4396=CARTESIAN_POINT('Ctrl Pts',(15.4298055866421,-5.,15.066375877334));
#4397=CARTESIAN_POINT('Ctrl Pts',(15.4298055866421,-4.9,15.066375877334));
#4398=CARTESIAN_POINT('Ctrl Pts',(15.4155548914696,-5.,15.0788222138409));
#4399=CARTESIAN_POINT('Ctrl Pts',(15.4155548914696,-4.9,15.0788222138409));
#4400=CARTESIAN_POINT('Ctrl Pts',(15.4088331991807,-5.,15.0846928358078));
#4401=CARTESIAN_POINT('Ctrl Pts',(15.4088331991807,-4.9,15.0846928358078));
#4402=CARTESIAN_POINT('',(15.4402949148789,-5.,15.0393614172935));
#4403=CARTESIAN_POINT('Ctrl Pts',(15.4402949148789,-5.,15.0393614172935));
#4404=CARTESIAN_POINT('Ctrl Pts',(15.4366688690844,-5.,15.0487000200152));
#4405=CARTESIAN_POINT('Ctrl Pts',(15.4298055866421,-5.,15.066375877334));
#4406=CARTESIAN_POINT('Ctrl Pts',(15.4155548914696,-5.,15.0788222138409));
#4407=CARTESIAN_POINT('Ctrl Pts',(15.4088331991807,-5.,15.0846928358078));
#4408=CARTESIAN_POINT('',(15.4402949148789,-4.9,15.0393614172935));
#4409=CARTESIAN_POINT('',(15.4402949148789,-5.,15.0393614172935));
#4410=CARTESIAN_POINT('Ctrl Pts',(15.4402949148789,-4.9,15.0393614172935));
#4411=CARTESIAN_POINT('Ctrl Pts',(15.4366688690844,-4.9,15.0487000200152));
#4412=CARTESIAN_POINT('Ctrl Pts',(15.4298055866421,-4.9,15.066375877334));
#4413=CARTESIAN_POINT('Ctrl Pts',(15.4155548914696,-4.9,15.0788222138409));
#4414=CARTESIAN_POINT('Ctrl Pts',(15.4088331991807,-4.9,15.0846928358078));
#4415=CARTESIAN_POINT('Ctrl Pts',(15.4504432016984,-5.,14.9040433764458));
#4416=CARTESIAN_POINT('Ctrl Pts',(15.4504432016984,-4.9,14.9040433764458));
#4417=CARTESIAN_POINT('Ctrl Pts',(15.4507293714289,-5.,14.9329024854689));
#4418=CARTESIAN_POINT('Ctrl Pts',(15.4507293714289,-4.9,14.9329024854689));
#4419=CARTESIAN_POINT('Ctrl Pts',(15.4511801415569,-5.,14.9783609071125));
#4420=CARTESIAN_POINT('Ctrl Pts',(15.4511801415569,-4.9,14.9783609071125));
#4421=CARTESIAN_POINT('Ctrl Pts',(15.4432065145806,-5.,15.0230448928424));
#4422=CARTESIAN_POINT('Ctrl Pts',(15.4432065145806,-4.9,15.0230448928424));
#4423=CARTESIAN_POINT('Ctrl Pts',(15.4402949148789,-5.,15.0393614172935));
#4424=CARTESIAN_POINT('Ctrl Pts',(15.4402949148789,-4.9,15.0393614172935));
#4425=CARTESIAN_POINT('',(15.4504432016984,-5.,14.9040433764458));
#4426=CARTESIAN_POINT('Ctrl Pts',(15.4504432016984,-5.,14.9040433764458));
#4427=CARTESIAN_POINT('Ctrl Pts',(15.4507293714289,-5.,14.9329024854689));
#4428=CARTESIAN_POINT('Ctrl Pts',(15.4511801415569,-5.,14.9783609071125));
#4429=CARTESIAN_POINT('Ctrl Pts',(15.4432065145806,-5.,15.0230448928424));
#4430=CARTESIAN_POINT('Ctrl Pts',(15.4402949148789,-5.,15.0393614172935));
#4431=CARTESIAN_POINT('',(15.4504432016984,-4.9,14.9040433764458));
#4432=CARTESIAN_POINT('',(15.4504432016984,-5.,14.9040433764458));
#4433=CARTESIAN_POINT('Ctrl Pts',(15.4504432016984,-4.9,14.9040433764458));
#4434=CARTESIAN_POINT('Ctrl Pts',(15.4507293714289,-4.9,14.9329024854689));
#4435=CARTESIAN_POINT('Ctrl Pts',(15.4511801415569,-4.9,14.9783609071125));
#4436=CARTESIAN_POINT('Ctrl Pts',(15.4432065145806,-4.9,15.0230448928424));
#4437=CARTESIAN_POINT('Ctrl Pts',(15.4402949148789,-4.9,15.0393614172935));
#4438=CARTESIAN_POINT('Origin',(15.4504432016984,-5.,14.5102679729462));
#4439=CARTESIAN_POINT('',(15.4504432016984,-5.,14.5102679729462));
#4440=CARTESIAN_POINT('',(15.4504432016984,-5.,11.4612623704135));
#4441=CARTESIAN_POINT('',(15.4504432016984,-4.9,14.5102679729462));
#4442=CARTESIAN_POINT('',(15.4504432016984,-5.,14.5102679729462));
#4443=CARTESIAN_POINT('',(15.4504432016984,-4.9,14.5102679729462));
#4444=CARTESIAN_POINT('Origin',(15.6405653292313,-5.,14.5102679729462));
#4445=CARTESIAN_POINT('',(15.6405653292313,-5.,14.5102679729462));
#4446=CARTESIAN_POINT('',(18.8167207095907,-5.,14.5102679729462));
#4447=CARTESIAN_POINT('',(15.6405653292313,-4.9,14.5102679729462));
#4448=CARTESIAN_POINT('',(15.6405653292313,-5.,14.5102679729462));
#4449=CARTESIAN_POINT('',(15.6405653292313,-4.9,14.5102679729462));
#4450=CARTESIAN_POINT('Origin',(15.6405653292313,-5.,14.8553287982941));
#4451=CARTESIAN_POINT('',(15.6405653292313,-5.,14.8553287982941));
#4452=CARTESIAN_POINT('',(15.6405653292313,-5.,11.6337927830875));
#4453=CARTESIAN_POINT('',(15.6405653292313,-4.9,14.8553287982941));
#4454=CARTESIAN_POINT('',(15.6405653292313,-5.,14.8553287982941));
#4455=CARTESIAN_POINT('',(15.6405653292313,-4.9,14.8553287982941));
#4456=CARTESIAN_POINT('Ctrl Pts',(15.6561269098893,-5.,15.0038403272629));
#4457=CARTESIAN_POINT('Ctrl Pts',(15.6561269098893,-4.9,15.0038403272629));
#4458=CARTESIAN_POINT('Ctrl Pts',(15.6516216618885,-5.,14.9836995663699));
#4459=CARTESIAN_POINT('Ctrl Pts',(15.6516216618885,-4.9,14.9836995663699));
#4460=CARTESIAN_POINT('Ctrl Pts',(15.6406992838256,-5.,14.9348709547353));
#4461=CARTESIAN_POINT('Ctrl Pts',(15.6406992838256,-4.9,14.9348709547353));
#4462=CARTESIAN_POINT('Ctrl Pts',(15.6406149041124,-5.,14.8847663324862));
#4463=CARTESIAN_POINT('Ctrl Pts',(15.6406149041124,-4.9,14.8847663324862));
#4464=CARTESIAN_POINT('Ctrl Pts',(15.6405653292313,-5.,14.8553287982941));
#4465=CARTESIAN_POINT('Ctrl Pts',(15.6405653292313,-4.9,14.8553287982941));
#4466=CARTESIAN_POINT('',(15.6561269098893,-5.,15.0038403272629));
#4467=CARTESIAN_POINT('Ctrl Pts',(15.6561269098893,-5.,15.0038403272629));
#4468=CARTESIAN_POINT('Ctrl Pts',(15.6516216618885,-5.,14.9836995663699));
#4469=CARTESIAN_POINT('Ctrl Pts',(15.6406992838256,-5.,14.9348709547353));
#4470=CARTESIAN_POINT('Ctrl Pts',(15.6406149041124,-5.,14.8847663324862));
#4471=CARTESIAN_POINT('Ctrl Pts',(15.6405653292313,-5.,14.8553287982941));
#4472=CARTESIAN_POINT('',(15.6561269098893,-4.9,15.0038403272629));
#4473=CARTESIAN_POINT('',(15.6561269098893,-5.,15.0038403272629));
#4474=CARTESIAN_POINT('Ctrl Pts',(15.6561269098893,-4.9,15.0038403272629));
#4475=CARTESIAN_POINT('Ctrl Pts',(15.6516216618885,-4.9,14.9836995663699));
#4476=CARTESIAN_POINT('Ctrl Pts',(15.6406992838256,-4.9,14.9348709547353));
#4477=CARTESIAN_POINT('Ctrl Pts',(15.6406149041124,-4.9,14.8847663324862));
#4478=CARTESIAN_POINT('Ctrl Pts',(15.6405653292313,-4.9,14.8553287982941));
#4479=CARTESIAN_POINT('Ctrl Pts',(15.7068713242188,-5.,15.0752206146717));
#4480=CARTESIAN_POINT('Ctrl Pts',(15.7068713242188,-4.9,15.0752206146717));
#4481=CARTESIAN_POINT('Ctrl Pts',(15.6958691948928,-5.,15.0658684285248));
#4482=CARTESIAN_POINT('Ctrl Pts',(15.6958691948928,-4.9,15.0658684285248));
#4483=CARTESIAN_POINT('Ctrl Pts',(15.6729607575467,-5.,15.0463954734225));
#4484=CARTESIAN_POINT('Ctrl Pts',(15.6729607575467,-4.9,15.0463954734225));
#4485=CARTESIAN_POINT('Ctrl Pts',(15.6618839238575,-5.,15.0183937778967));
#4486=CARTESIAN_POINT('Ctrl Pts',(15.6618839238575,-4.9,15.0183937778967));
#4487=CARTESIAN_POINT('Ctrl Pts',(15.6561269098893,-5.,15.0038403272629));
#4488=CARTESIAN_POINT('Ctrl Pts',(15.6561269098893,-4.9,15.0038403272629));
#4489=CARTESIAN_POINT('',(15.7068713242188,-5.,15.0752206146717));
#4490=CARTESIAN_POINT('Ctrl Pts',(15.7068713242188,-5.,15.0752206146717));
#4491=CARTESIAN_POINT('Ctrl Pts',(15.6958691948928,-5.,15.0658684285248));
#4492=CARTESIAN_POINT('Ctrl Pts',(15.6729607575467,-5.,15.0463954734225));
#4493=CARTESIAN_POINT('Ctrl Pts',(15.6618839238575,-5.,15.0183937778967));
#4494=CARTESIAN_POINT('Ctrl Pts',(15.6561269098893,-5.,15.0038403272629));
#4495=CARTESIAN_POINT('',(15.7068713242188,-4.9,15.0752206146717));
#4496=CARTESIAN_POINT('',(15.7068713242188,-5.,15.0752206146717));
#4497=CARTESIAN_POINT('Ctrl Pts',(15.7068713242188,-4.9,15.0752206146717));
#4498=CARTESIAN_POINT('Ctrl Pts',(15.6958691948928,-4.9,15.0658684285248));
#4499=CARTESIAN_POINT('Ctrl Pts',(15.6729607575467,-4.9,15.0463954734225));
#4500=CARTESIAN_POINT('Ctrl Pts',(15.6618839238575,-4.9,15.0183937778967));
#4501=CARTESIAN_POINT('Ctrl Pts',(15.6561269098893,-4.9,15.0038403272629));
#4502=CARTESIAN_POINT('Ctrl Pts',(15.7819725805894,-5.,15.0995779037476));
#4503=CARTESIAN_POINT('Ctrl Pts',(15.7819725805894,-4.9,15.0995779037476));
#4504=CARTESIAN_POINT('Ctrl Pts',(15.768758710945,-5.,15.0984895434718));
#4505=CARTESIAN_POINT('Ctrl Pts',(15.768758710945,-4.9,15.0984895434718));
#4506=CARTESIAN_POINT('Ctrl Pts',(15.7418299892118,-5.,15.0962715595049));
#4507=CARTESIAN_POINT('Ctrl Pts',(15.7418299892118,-4.9,15.0962715595049));
#4508=CARTESIAN_POINT('Ctrl Pts',(15.7186678488478,-5.,15.082324089282));
#4509=CARTESIAN_POINT('Ctrl Pts',(15.7186678488478,-4.9,15.082324089282));
#4510=CARTESIAN_POINT('Ctrl Pts',(15.7068713242188,-5.,15.0752206146717));
#4511=CARTESIAN_POINT('Ctrl Pts',(15.7068713242188,-4.9,15.0752206146717));
#4512=CARTESIAN_POINT('',(15.7819725805894,-5.,15.0995779037476));
#4513=CARTESIAN_POINT('Ctrl Pts',(15.7819725805894,-5.,15.0995779037476));
#4514=CARTESIAN_POINT('Ctrl Pts',(15.768758710945,-5.,15.0984895434718));
#4515=CARTESIAN_POINT('Ctrl Pts',(15.7418299892118,-5.,15.0962715595049));
#4516=CARTESIAN_POINT('Ctrl Pts',(15.7186678488478,-5.,15.082324089282));
#4517=CARTESIAN_POINT('Ctrl Pts',(15.7068713242188,-5.,15.0752206146717));
#4518=CARTESIAN_POINT('',(15.7819725805894,-4.9,15.0995779037476));
#4519=CARTESIAN_POINT('',(15.7819725805894,-5.,15.0995779037476));
#4520=CARTESIAN_POINT('Ctrl Pts',(15.7819725805894,-4.9,15.0995779037476));
#4521=CARTESIAN_POINT('Ctrl Pts',(15.768758710945,-4.9,15.0984895434718));
#4522=CARTESIAN_POINT('Ctrl Pts',(15.7418299892118,-4.9,15.0962715595049));
#4523=CARTESIAN_POINT('Ctrl Pts',(15.7186678488478,-4.9,15.082324089282));
#4524=CARTESIAN_POINT('Ctrl Pts',(15.7068713242188,-4.9,15.0752206146717));
#4525=CARTESIAN_POINT('Ctrl Pts',(15.8631636435166,-5.,15.0589823722839));
#4526=CARTESIAN_POINT('Ctrl Pts',(15.8631636435166,-4.9,15.0589823722839));
#4527=CARTESIAN_POINT('Ctrl Pts',(15.852864730493,-5.,15.0708182031065));
#4528=CARTESIAN_POINT('Ctrl Pts',(15.852864730493,-4.9,15.0708182031065));
#4529=CARTESIAN_POINT('Ctrl Pts',(15.8314692947237,-5.,15.0954065026253));
#4530=CARTESIAN_POINT('Ctrl Pts',(15.8314692947237,-4.9,15.0954065026253));
#4531=CARTESIAN_POINT('Ctrl Pts',(15.7988764989536,-5.,15.0981533036449));
#4532=CARTESIAN_POINT('Ctrl Pts',(15.7988764989536,-4.9,15.0981533036449));
#4533=CARTESIAN_POINT('Ctrl Pts',(15.7819725805894,-5.,15.0995779037476));
#4534=CARTESIAN_POINT('Ctrl Pts',(15.7819725805894,-4.9,15.0995779037476));
#4535=CARTESIAN_POINT('',(15.8631636435166,-5.,15.0589823722839));
#4536=CARTESIAN_POINT('Ctrl Pts',(15.8631636435166,-5.,15.0589823722839));
#4537=CARTESIAN_POINT('Ctrl Pts',(15.852864730493,-5.,15.0708182031065));
#4538=CARTESIAN_POINT('Ctrl Pts',(15.8314692947237,-5.,15.0954065026253));
#4539=CARTESIAN_POINT('Ctrl Pts',(15.7988764989536,-5.,15.0981533036449));
#4540=CARTESIAN_POINT('Ctrl Pts',(15.7819725805894,-5.,15.0995779037476));
#4541=CARTESIAN_POINT('',(15.8631636435166,-4.9,15.0589823722839));
#4542=CARTESIAN_POINT('',(15.8631636435166,-5.,15.0589823722839));
#4543=CARTESIAN_POINT('Ctrl Pts',(15.8631636435166,-4.9,15.0589823722839));
#4544=CARTESIAN_POINT('Ctrl Pts',(15.852864730493,-4.9,15.0708182031065));
#4545=CARTESIAN_POINT('Ctrl Pts',(15.8314692947237,-4.9,15.0954065026253));
#4546=CARTESIAN_POINT('Ctrl Pts',(15.7988764989536,-4.9,15.0981533036449));
#4547=CARTESIAN_POINT('Ctrl Pts',(15.7819725805894,-4.9,15.0995779037476));
#4548=CARTESIAN_POINT('Ctrl Pts',(15.8827843004838,-5.,14.9209581315517));
#4549=CARTESIAN_POINT('Ctrl Pts',(15.8827843004838,-4.9,14.9209581315517));
#4550=CARTESIAN_POINT('Ctrl Pts',(15.8832360006308,-5.,14.9506368911104));
#4551=CARTESIAN_POINT('Ctrl Pts',(15.8832360006308,-4.9,14.9506368911104));
#4552=CARTESIAN_POINT('Ctrl Pts',(15.8839552826541,-5.,14.997897000194));
#4553=CARTESIAN_POINT('Ctrl Pts',(15.8839552826541,-4.9,14.997897000194));
#4554=CARTESIAN_POINT('Ctrl Pts',(15.868801164367,-5.,15.0424194617538));
#4555=CARTESIAN_POINT('Ctrl Pts',(15.868801164367,-4.9,15.0424194617538));
#4556=CARTESIAN_POINT('Ctrl Pts',(15.8631636435166,-5.,15.0589823722839));
#4557=CARTESIAN_POINT('Ctrl Pts',(15.8631636435166,-4.9,15.0589823722839));
#4558=CARTESIAN_POINT('',(15.8827843004838,-5.,14.9209581315517));
#4559=CARTESIAN_POINT('Ctrl Pts',(15.8827843004838,-5.,14.9209581315517));
#4560=CARTESIAN_POINT('Ctrl Pts',(15.8832360006308,-5.,14.9506368911104));
#4561=CARTESIAN_POINT('Ctrl Pts',(15.8839552826541,-5.,14.997897000194));
#4562=CARTESIAN_POINT('Ctrl Pts',(15.868801164367,-5.,15.0424194617538));
#4563=CARTESIAN_POINT('Ctrl Pts',(15.8631636435166,-5.,15.0589823722839));
#4564=CARTESIAN_POINT('',(15.8827843004838,-4.9,14.9209581315517));
#4565=CARTESIAN_POINT('',(15.8827843004838,-5.,14.9209581315517));
#4566=CARTESIAN_POINT('Ctrl Pts',(15.8827843004838,-4.9,14.9209581315517));
#4567=CARTESIAN_POINT('Ctrl Pts',(15.8832360006308,-4.9,14.9506368911104));
#4568=CARTESIAN_POINT('Ctrl Pts',(15.8839552826541,-4.9,14.997897000194));
#4569=CARTESIAN_POINT('Ctrl Pts',(15.868801164367,-4.9,15.0424194617538));
#4570=CARTESIAN_POINT('Ctrl Pts',(15.8631636435166,-4.9,15.0589823722839));
#4571=CARTESIAN_POINT('Origin',(15.8827843004838,-5.,14.5102679729462));
#4572=CARTESIAN_POINT('',(15.8827843004838,-5.,14.5102679729462));
#4573=CARTESIAN_POINT('',(15.8827843004838,-5.,11.4612623704135));
#4574=CARTESIAN_POINT('',(15.8827843004838,-4.9,14.5102679729462));
#4575=CARTESIAN_POINT('',(15.8827843004838,-5.,14.5102679729462));
#4576=CARTESIAN_POINT('',(15.8827843004838,-4.9,14.5102679729462));
#4577=CARTESIAN_POINT('Origin',(16.0729064280167,-5.,14.5102679729462));
#4578=CARTESIAN_POINT('',(16.0729064280167,-5.,14.5102679729462));
#4579=CARTESIAN_POINT('',(19.0328912589834,-5.,14.5102679729462));
#4580=CARTESIAN_POINT('',(16.0729064280167,-4.9,14.5102679729462));
#4581=CARTESIAN_POINT('',(16.0729064280167,-5.,14.5102679729462));
#4582=CARTESIAN_POINT('',(16.0729064280167,-4.9,14.5102679729462));
#4583=CARTESIAN_POINT('Origin',(16.0729064280167,-5.,14.9696725606918));
#4584=CARTESIAN_POINT('',(16.0729064280167,-5.,14.9696725606918));
#4585=CARTESIAN_POINT('',(16.0729064280167,-5.,11.6909646642864));
#4586=CARTESIAN_POINT('',(16.0729064280167,-4.9,14.9696725606918));
#4587=CARTESIAN_POINT('',(16.0729064280167,-5.,14.9696725606918));
#4588=CARTESIAN_POINT('',(16.0729064280167,-4.9,14.9696725606918));
#4589=CARTESIAN_POINT('Ctrl Pts',(16.0532857710496,-5.,15.1185223460197));
#4590=CARTESIAN_POINT('Ctrl Pts',(16.0532857710496,-4.9,15.1185223460197));
#4591=CARTESIAN_POINT('Ctrl Pts',(16.0589645157986,-5.,15.0985651220664));
#4592=CARTESIAN_POINT('Ctrl Pts',(16.0589645157986,-4.9,15.0985651220664));
#4593=CARTESIAN_POINT('Ctrl Pts',(16.0727753649136,-5.,15.0500286547736));
#4594=CARTESIAN_POINT('Ctrl Pts',(16.0727753649136,-4.9,15.0500286547736));
#4595=CARTESIAN_POINT('Ctrl Pts',(16.0728578557571,-5.,14.999452696902));
#4596=CARTESIAN_POINT('Ctrl Pts',(16.0728578557571,-4.9,14.999452696902));
#4597=CARTESIAN_POINT('Ctrl Pts',(16.0729064280167,-5.,14.9696725606918));
#4598=CARTESIAN_POINT('Ctrl Pts',(16.0729064280167,-4.9,14.9696725606918));
#4599=CARTESIAN_POINT('',(16.0532857710496,-5.,15.1185223460197));
#4600=CARTESIAN_POINT('Ctrl Pts',(16.0532857710496,-5.,15.1185223460197));
#4601=CARTESIAN_POINT('Ctrl Pts',(16.0589645157986,-5.,15.0985651220664));
#4602=CARTESIAN_POINT('Ctrl Pts',(16.0727753649136,-5.,15.0500286547736));
#4603=CARTESIAN_POINT('Ctrl Pts',(16.0728578557571,-5.,14.999452696902));
#4604=CARTESIAN_POINT('Ctrl Pts',(16.0729064280167,-5.,14.9696725606918));
#4605=CARTESIAN_POINT('',(16.0532857710496,-4.9,15.1185223460197));
#4606=CARTESIAN_POINT('',(16.0532857710496,-5.,15.1185223460197));
#4607=CARTESIAN_POINT('Ctrl Pts',(16.0532857710496,-4.9,15.1185223460197));
#4608=CARTESIAN_POINT('Ctrl Pts',(16.0589645157986,-4.9,15.0985651220664));
#4609=CARTESIAN_POINT('Ctrl Pts',(16.0727753649136,-4.9,15.0500286547736));
#4610=CARTESIAN_POINT('Ctrl Pts',(16.0728578557571,-4.9,14.999452696902));
#4611=CARTESIAN_POINT('Ctrl Pts',(16.0729064280167,-4.9,14.9696725606918));
#4612=CARTESIAN_POINT('Ctrl Pts',(15.9714175993577,-5.,15.2129065990448));
#4613=CARTESIAN_POINT('Ctrl Pts',(15.9714175993577,-4.9,15.2129065990448));
#4614=CARTESIAN_POINT('Ctrl Pts',(15.9886065862093,-5.,15.2007603472559));
#4615=CARTESIAN_POINT('Ctrl Pts',(15.9886065862093,-4.9,15.2007603472559));
#4616=CARTESIAN_POINT('Ctrl Pts',(16.0236078302644,-5.,15.1760274222216));
#4617=CARTESIAN_POINT('Ctrl Pts',(16.0236078302644,-4.9,15.1760274222216));
#4618=CARTESIAN_POINT('Ctrl Pts',(16.0432763775813,-5.,15.1379169171692));
#4619=CARTESIAN_POINT('Ctrl Pts',(16.0432763775813,-4.9,15.1379169171692));
#4620=CARTESIAN_POINT('Ctrl Pts',(16.0532857710496,-5.,15.1185223460197));
#4621=CARTESIAN_POINT('Ctrl Pts',(16.0532857710496,-4.9,15.1185223460197));
#4622=CARTESIAN_POINT('',(15.9714175993577,-5.,15.2129065990448));
#4623=CARTESIAN_POINT('Ctrl Pts',(15.9714175993577,-5.,15.2129065990448));
#4624=CARTESIAN_POINT('Ctrl Pts',(15.9886065862093,-5.,15.2007603472559));
#4625=CARTESIAN_POINT('Ctrl Pts',(16.0236078302644,-5.,15.1760274222216));
#4626=CARTESIAN_POINT('Ctrl Pts',(16.0432763775813,-5.,15.1379169171692));
#4627=CARTESIAN_POINT('Ctrl Pts',(16.0532857710496,-5.,15.1185223460197));
#4628=CARTESIAN_POINT('',(15.9714175993577,-4.9,15.2129065990448));
#4629=CARTESIAN_POINT('',(15.9714175993577,-5.,15.2129065990448));
#4630=CARTESIAN_POINT('Ctrl Pts',(15.9714175993577,-4.9,15.2129065990448));
#4631=CARTESIAN_POINT('Ctrl Pts',(15.9886065862093,-4.9,15.2007603472559));
#4632=CARTESIAN_POINT('Ctrl Pts',(16.0236078302644,-4.9,15.1760274222216));
#4633=CARTESIAN_POINT('Ctrl Pts',(16.0432763775813,-4.9,15.1379169171692));
#4634=CARTESIAN_POINT('Ctrl Pts',(16.0532857710496,-4.9,15.1185223460197));
#4635=CARTESIAN_POINT('Ctrl Pts',(15.8374531799927,-5.,15.2450446784496));
#4636=CARTESIAN_POINT('Ctrl Pts',(15.8374531799927,-4.9,15.2450446784496));
#4637=CARTESIAN_POINT('Ctrl Pts',(15.8622264304224,-5.,15.2440431126484));
#4638=CARTESIAN_POINT('Ctrl Pts',(15.8622264304224,-4.9,15.2440431126484));
#4639=CARTESIAN_POINT('Ctrl Pts',(15.9090694157033,-5.,15.2421492823569));
#4640=CARTESIAN_POINT('Ctrl Pts',(15.9090694157033,-4.9,15.2421492823569));
#4641=CARTESIAN_POINT('Ctrl Pts',(15.951450198868,-5.,15.2222717534865));
#4642=CARTESIAN_POINT('Ctrl Pts',(15.951450198868,-4.9,15.2222717534865));
#4643=CARTESIAN_POINT('Ctrl Pts',(15.9714175993577,-5.,15.2129065990448));
#4644=CARTESIAN_POINT('Ctrl Pts',(15.9714175993577,-4.9,15.2129065990448));
#4645=CARTESIAN_POINT('',(15.8374531799927,-5.,15.2450446784496));
#4646=CARTESIAN_POINT('Ctrl Pts',(15.8374531799927,-5.,15.2450446784496));
#4647=CARTESIAN_POINT('Ctrl Pts',(15.8622264304224,-5.,15.2440431126484));
#4648=CARTESIAN_POINT('Ctrl Pts',(15.9090694157033,-5.,15.2421492823569));
#4649=CARTESIAN_POINT('Ctrl Pts',(15.951450198868,-5.,15.2222717534865));
#4650=CARTESIAN_POINT('Ctrl Pts',(15.9714175993577,-5.,15.2129065990448));
#4651=CARTESIAN_POINT('',(15.8374531799927,-4.9,15.2450446784496));
#4652=CARTESIAN_POINT('',(15.8374531799927,-5.,15.2450446784496));
#4653=CARTESIAN_POINT('Ctrl Pts',(15.8374531799927,-4.9,15.2450446784496));
#4654=CARTESIAN_POINT('Ctrl Pts',(15.8622264304224,-4.9,15.2440431126484));
#4655=CARTESIAN_POINT('Ctrl Pts',(15.9090694157033,-4.9,15.2421492823569));
#4656=CARTESIAN_POINT('Ctrl Pts',(15.951450198868,-4.9,15.2222717534865));
#4657=CARTESIAN_POINT('Ctrl Pts',(15.9714175993577,-4.9,15.2129065990448));
#4658=CARTESIAN_POINT('Ctrl Pts',(15.7204033667222,-5.,15.2166280150414));
#4659=CARTESIAN_POINT('Ctrl Pts',(15.7204033667222,-4.9,15.2166280150414));
#4660=CARTESIAN_POINT('Ctrl Pts',(15.7390037023515,-5.,15.2249162161125));
#4661=CARTESIAN_POINT('Ctrl Pts',(15.7390037023515,-4.9,15.2249162161125));
#4662=CARTESIAN_POINT('Ctrl Pts',(15.7762848939215,-5.,15.2415284976358));
#4663=CARTESIAN_POINT('Ctrl Pts',(15.7762848939215,-4.9,15.2415284976358));
#4664=CARTESIAN_POINT('Ctrl Pts',(15.8170344142209,-5.,15.2438709317737));
#4665=CARTESIAN_POINT('Ctrl Pts',(15.8170344142209,-4.9,15.2438709317737));
#4666=CARTESIAN_POINT('Ctrl Pts',(15.8374531799927,-5.,15.2450446784496));
#4667=CARTESIAN_POINT('Ctrl Pts',(15.8374531799927,-4.9,15.2450446784496));
#4668=CARTESIAN_POINT('',(15.7204033667222,-5.,15.2166280150414));
#4669=CARTESIAN_POINT('Ctrl Pts',(15.7204033667222,-5.,15.2166280150414));
#4670=CARTESIAN_POINT('Ctrl Pts',(15.7390037023515,-5.,15.2249162161125));
#4671=CARTESIAN_POINT('Ctrl Pts',(15.7762848939215,-5.,15.2415284976358));
#4672=CARTESIAN_POINT('Ctrl Pts',(15.8170344142209,-5.,15.2438709317737));
#4673=CARTESIAN_POINT('Ctrl Pts',(15.8374531799927,-5.,15.2450446784496));
#4674=CARTESIAN_POINT('',(15.7204033667222,-4.9,15.2166280150414));
#4675=CARTESIAN_POINT('',(15.7204033667222,-5.,15.2166280150414));
#4676=CARTESIAN_POINT('Ctrl Pts',(15.7204033667222,-4.9,15.2166280150414));
#4677=CARTESIAN_POINT('Ctrl Pts',(15.7390037023515,-4.9,15.2249162161125));
#4678=CARTESIAN_POINT('Ctrl Pts',(15.7762848939215,-4.9,15.2415284976358));
#4679=CARTESIAN_POINT('Ctrl Pts',(15.8170344142209,-4.9,15.2438709317737));
#4680=CARTESIAN_POINT('Ctrl Pts',(15.8374531799927,-4.9,15.2450446784496));
#4681=CARTESIAN_POINT('Ctrl Pts',(15.6182380253449,-5.,15.1307010650635));
#4682=CARTESIAN_POINT('Ctrl Pts',(15.6182380253449,-4.9,15.1307010650635));
#4683=CARTESIAN_POINT('Ctrl Pts',(15.6338507689768,-5.,15.1484009535352));
#4684=CARTESIAN_POINT('Ctrl Pts',(15.6338507689768,-4.9,15.1484009535352));
#4685=CARTESIAN_POINT('Ctrl Pts',(15.6636372862176,-5.,15.1821693958767));
#4686=CARTESIAN_POINT('Ctrl Pts',(15.6636372862176,-4.9,15.1821693958767));
#4687=CARTESIAN_POINT('Ctrl Pts',(15.7021007222631,-5.,15.2055177913036));
#4688=CARTESIAN_POINT('Ctrl Pts',(15.7021007222631,-4.9,15.2055177913036));
#4689=CARTESIAN_POINT('Ctrl Pts',(15.7204033667222,-5.,15.2166280150414));
#4690=CARTESIAN_POINT('Ctrl Pts',(15.7204033667222,-4.9,15.2166280150414));
#4691=CARTESIAN_POINT('',(15.6182380253449,-5.,15.1307010650635));
#4692=CARTESIAN_POINT('Ctrl Pts',(15.6182380253449,-5.,15.1307010650635));
#4693=CARTESIAN_POINT('Ctrl Pts',(15.6338507689768,-5.,15.1484009535352));
#4694=CARTESIAN_POINT('Ctrl Pts',(15.6636372862176,-5.,15.1821693958767));
#4695=CARTESIAN_POINT('Ctrl Pts',(15.7021007222631,-5.,15.2055177913036));
#4696=CARTESIAN_POINT('Ctrl Pts',(15.7204033667222,-5.,15.2166280150414));
#4697=CARTESIAN_POINT('',(15.6182380253449,-4.9,15.1307010650635));
#4698=CARTESIAN_POINT('',(15.6182380253449,-5.,15.1307010650635));
#4699=CARTESIAN_POINT('Ctrl Pts',(15.6182380253449,-4.9,15.1307010650635));
#4700=CARTESIAN_POINT('Ctrl Pts',(15.6338507689768,-4.9,15.1484009535352));
#4701=CARTESIAN_POINT('Ctrl Pts',(15.6636372862176,-4.9,15.1821693958767));
#4702=CARTESIAN_POINT('Ctrl Pts',(15.7021007222631,-4.9,15.2055177913036));
#4703=CARTESIAN_POINT('Ctrl Pts',(15.7204033667222,-4.9,15.2166280150414));
#4704=CARTESIAN_POINT('Ctrl Pts',(15.5350174242631,-5.,15.2166280150414));
#4705=CARTESIAN_POINT('Ctrl Pts',(15.5350174242631,-4.9,15.2166280150414));
#4706=CARTESIAN_POINT('Ctrl Pts',(15.5513391250428,-5.,15.2056398833499));
#4707=CARTESIAN_POINT('Ctrl Pts',(15.5513391250428,-4.9,15.2056398833499));
#4708=CARTESIAN_POINT('Ctrl Pts',(15.5851168074642,-5.,15.182899996883));
#4709=CARTESIAN_POINT('Ctrl Pts',(15.5851168074642,-4.9,15.182899996883));
#4710=CARTESIAN_POINT('Ctrl Pts',(15.6069531917917,-5.,15.1484859260961));
#4711=CARTESIAN_POINT('Ctrl Pts',(15.6069531917917,-4.9,15.1484859260961));
#4712=CARTESIAN_POINT('Ctrl Pts',(15.6182380253449,-5.,15.1307010650635));
#4713=CARTESIAN_POINT('Ctrl Pts',(15.6182380253449,-4.9,15.1307010650635));
#4714=CARTESIAN_POINT('',(15.5350174242631,-5.,15.2166280150414));
#4715=CARTESIAN_POINT('Ctrl Pts',(15.5350174242631,-5.,15.2166280150414));
#4716=CARTESIAN_POINT('Ctrl Pts',(15.5513391250428,-5.,15.2056398833499));
#4717=CARTESIAN_POINT('Ctrl Pts',(15.5851168074642,-5.,15.182899996883));
#4718=CARTESIAN_POINT('Ctrl Pts',(15.6069531917917,-5.,15.1484859260961));
#4719=CARTESIAN_POINT('Ctrl Pts',(15.6182380253449,-5.,15.1307010650635));
#4720=CARTESIAN_POINT('',(15.5350174242631,-4.9,15.2166280150414));
#4721=CARTESIAN_POINT('',(15.5350174242631,-5.,15.2166280150414));
#4722=CARTESIAN_POINT('Ctrl Pts',(15.5350174242631,-4.9,15.2166280150414));
#4723=CARTESIAN_POINT('Ctrl Pts',(15.5513391250428,-4.9,15.2056398833499));
#4724=CARTESIAN_POINT('Ctrl Pts',(15.5851168074642,-4.9,15.182899996883));
#4725=CARTESIAN_POINT('Ctrl Pts',(15.6069531917917,-4.9,15.1484859260961));
#4726=CARTESIAN_POINT('Ctrl Pts',(15.6182380253449,-4.9,15.1307010650635));
#4727=CARTESIAN_POINT('Ctrl Pts',(15.4152609640732,-5.,15.2450446784496));
#4728=CARTESIAN_POINT('Ctrl Pts',(15.4152609640732,-4.9,15.2450446784496));
#4729=CARTESIAN_POINT('Ctrl Pts',(15.4370861963038,-5.,15.244087775151));
#4730=CARTESIAN_POINT('Ctrl Pts',(15.4370861963038,-4.9,15.244087775151));
#4731=CARTESIAN_POINT('Ctrl Pts',(15.4788649693943,-5.,15.242256030803));
#4732=CARTESIAN_POINT('Ctrl Pts',(15.4788649693943,-4.9,15.242256030803));
#4733=CARTESIAN_POINT('Ctrl Pts',(15.5168674436304,-5.,15.2249116776313));
#4734=CARTESIAN_POINT('Ctrl Pts',(15.5168674436304,-4.9,15.2249116776313));
#4735=CARTESIAN_POINT('Ctrl Pts',(15.5350174242631,-5.,15.2166280150414));
#4736=CARTESIAN_POINT('Ctrl Pts',(15.5350174242631,-4.9,15.2166280150414));
#4737=CARTESIAN_POINT('',(15.4152609640732,-5.,15.2450446784496));
#4738=CARTESIAN_POINT('Ctrl Pts',(15.4152609640732,-5.,15.2450446784496));
#4739=CARTESIAN_POINT('Ctrl Pts',(15.4370861963038,-5.,15.244087775151));
#4740=CARTESIAN_POINT('Ctrl Pts',(15.4788649693943,-5.,15.242256030803));
#4741=CARTESIAN_POINT('Ctrl Pts',(15.5168674436304,-5.,15.2249116776313));
#4742=CARTESIAN_POINT('Ctrl Pts',(15.5350174242631,-5.,15.2166280150414));
#4743=CARTESIAN_POINT('',(15.4152609640732,-4.9,15.2450446784496));
#4744=CARTESIAN_POINT('',(15.4152609640732,-5.,15.2450446784496));
#4745=CARTESIAN_POINT('Ctrl Pts',(15.4152609640732,-4.9,15.2450446784496));
#4746=CARTESIAN_POINT('Ctrl Pts',(15.4370861963038,-4.9,15.244087775151));
#4747=CARTESIAN_POINT('Ctrl Pts',(15.4788649693943,-4.9,15.242256030803));
#4748=CARTESIAN_POINT('Ctrl Pts',(15.5168674436304,-4.9,15.2249116776313));
#4749=CARTESIAN_POINT('Ctrl Pts',(15.5350174242631,-4.9,15.2166280150414));
#4750=CARTESIAN_POINT('Ctrl Pts',(15.1913096243516,-5.,15.1307010650635));
#4751=CARTESIAN_POINT('Ctrl Pts',(15.1913096243516,-4.9,15.1307010650635));
#4752=CARTESIAN_POINT('Ctrl Pts',(15.2232743749051,-5.,15.1640371186287));
#4753=CARTESIAN_POINT('Ctrl Pts',(15.2232743749051,-4.9,15.1640371186287));
#4754=CARTESIAN_POINT('Ctrl Pts',(15.2848755037092,-5.,15.2282809651762));
#4755=CARTESIAN_POINT('Ctrl Pts',(15.2848755037092,-4.9,15.2282809651762));
#4756=CARTESIAN_POINT('Ctrl Pts',(15.3729082853727,-5.,15.2395993768024));
#4757=CARTESIAN_POINT('Ctrl Pts',(15.3729082853727,-4.9,15.2395993768024));
#4758=CARTESIAN_POINT('Ctrl Pts',(15.4152609640732,-5.,15.2450446784496));
#4759=CARTESIAN_POINT('Ctrl Pts',(15.4152609640732,-4.9,15.2450446784496));
#4760=CARTESIAN_POINT('',(15.1913096243516,-5.,15.1307010650635));
#4761=CARTESIAN_POINT('Ctrl Pts',(15.1913096243516,-5.,15.1307010650635));
#4762=CARTESIAN_POINT('Ctrl Pts',(15.2232743749051,-5.,15.1640371186287));
#4763=CARTESIAN_POINT('Ctrl Pts',(15.2848755037092,-5.,15.2282809651762));
#4764=CARTESIAN_POINT('Ctrl Pts',(15.3729082853727,-5.,15.2395993768024));
#4765=CARTESIAN_POINT('Ctrl Pts',(15.4152609640732,-5.,15.2450446784496));
#4766=CARTESIAN_POINT('',(15.1913096243516,-4.9,15.1307010650635));
#4767=CARTESIAN_POINT('',(15.1913096243516,-5.,15.1307010650635));
#4768=CARTESIAN_POINT('Ctrl Pts',(15.1913096243516,-4.9,15.1307010650635));
#4769=CARTESIAN_POINT('Ctrl Pts',(15.2232743749051,-4.9,15.1640371186287));
#4770=CARTESIAN_POINT('Ctrl Pts',(15.2848755037092,-4.9,15.2282809651762));
#4771=CARTESIAN_POINT('Ctrl Pts',(15.3729082853727,-4.9,15.2395993768024));
#4772=CARTESIAN_POINT('Ctrl Pts',(15.4152609640732,-4.9,15.2450446784496));
#4773=CARTESIAN_POINT('Origin',(15.1913096243516,-5.,15.2288064360619));
#4774=CARTESIAN_POINT('',(15.1913096243516,-5.,15.2288064360619));
#4775=CARTESIAN_POINT('',(15.1913096243516,-5.,11.8205316019714));
#4776=CARTESIAN_POINT('',(15.1913096243516,-4.9,15.2288064360619));
#4777=CARTESIAN_POINT('',(15.1913096243516,-5.,15.2288064360619));
#4778=CARTESIAN_POINT('',(15.1913096243516,-4.9,15.2288064360619));
#4779=CARTESIAN_POINT('Origin',(15.0160731608048,-5.,15.2288064360619));
#4780=CARTESIAN_POINT('',(15.0160731608048,-5.,15.2288064360619));
#4781=CARTESIAN_POINT('',(18.5044746253775,-5.,15.2288064360619));
#4782=CARTESIAN_POINT('',(15.0160731608048,-4.9,15.2288064360619));
#4783=CARTESIAN_POINT('',(15.0160731608048,-5.,15.2288064360619));
#4784=CARTESIAN_POINT('',(15.0160731608048,-4.9,15.2288064360619));
#4785=CARTESIAN_POINT('Origin',(15.0160731608048,-5.,14.5102679729462));
#4786=CARTESIAN_POINT('',(15.0160731608048,-5.,11.4612623704135));
#4787=CARTESIAN_POINT('',(15.0160731608048,-4.9,14.5102679729462));
#4788=CARTESIAN_POINT('Origin',(14.9930691951886,-4.9,14.9997809529305));
#4789=CARTESIAN_POINT('Origin',(16.4382650190964,-5.,14.5102679729462));
#4790=CARTESIAN_POINT('',(16.4382650190964,-5.,14.5102679729462));
#4791=CARTESIAN_POINT('',(16.2481434876099,-5.,14.5102679729462));
#4792=CARTESIAN_POINT('',(19.2155705545233,-5.,14.5102679729462));
#4793=CARTESIAN_POINT('',(16.4382650190964,-4.9,14.5102679729462));
#4794=CARTESIAN_POINT('',(16.4382650190964,-5.,14.5102679729462));
#4795=CARTESIAN_POINT('',(16.2481434876099,-4.9,14.5102679729462));
#4796=CARTESIAN_POINT('',(16.4382650190964,-4.9,14.5102679729462));
#4797=CARTESIAN_POINT('',(16.2481434876099,-5.,14.5102679729462));
#4798=CARTESIAN_POINT('Origin',(16.4382650190964,-5.,14.8593884706497));
#4799=CARTESIAN_POINT('',(16.4382650190964,-5.,14.8593884706497));
#4800=CARTESIAN_POINT('',(16.4382650190964,-5.,11.6358226192653));
#4801=CARTESIAN_POINT('',(16.4382650190964,-4.9,14.8593884706497));
#4802=CARTESIAN_POINT('',(16.4382650190964,-5.,14.8593884706497));
#4803=CARTESIAN_POINT('',(16.4382650190964,-4.9,14.8593884706497));
#4804=CARTESIAN_POINT('Ctrl Pts',(16.4534886414185,-5.,15.0075615942478));
#4805=CARTESIAN_POINT('Ctrl Pts',(16.4534886414185,-4.9,15.0075615942478));
#4806=CARTESIAN_POINT('Ctrl Pts',(16.4490869625756,-5.,14.9878410268444));
#4807=CARTESIAN_POINT('Ctrl Pts',(16.4490869625756,-4.9,14.9878410268444));
#4808=CARTESIAN_POINT('Ctrl Pts',(16.4382141068577,-5.,14.9391280489782));
#4809=CARTESIAN_POINT('Ctrl Pts',(16.4382141068577,-4.9,14.9391280489782));
#4810=CARTESIAN_POINT('Ctrl Pts',(16.4382460233928,-5.,14.8891398512778));
#4811=CARTESIAN_POINT('Ctrl Pts',(16.4382460233928,-4.9,14.8891398512778));
#4812=CARTESIAN_POINT('Ctrl Pts',(16.4382650190964,-5.,14.8593884706497));
#4813=CARTESIAN_POINT('Ctrl Pts',(16.4382650190964,-4.9,14.8593884706497));
#4814=CARTESIAN_POINT('',(16.4534886414185,-5.,15.0075615942478));
#4815=CARTESIAN_POINT('Ctrl Pts',(16.4534886414185,-5.,15.0075615942478));
#4816=CARTESIAN_POINT('Ctrl Pts',(16.4490869625756,-5.,14.9878410268444));
#4817=CARTESIAN_POINT('Ctrl Pts',(16.4382141068577,-5.,14.9391280489782));
#4818=CARTESIAN_POINT('Ctrl Pts',(16.4382460233928,-5.,14.8891398512778));
#4819=CARTESIAN_POINT('Ctrl Pts',(16.4382650190964,-5.,14.8593884706497));
#4820=CARTESIAN_POINT('',(16.4534886414185,-4.9,15.0075615942478));
#4821=CARTESIAN_POINT('',(16.4534886414185,-5.,15.0075615942478));
#4822=CARTESIAN_POINT('Ctrl Pts',(16.4534886414185,-4.9,15.0075615942478));
#4823=CARTESIAN_POINT('Ctrl Pts',(16.4490869625756,-4.9,14.9878410268444));
#4824=CARTESIAN_POINT('Ctrl Pts',(16.4382141068577,-4.9,14.9391280489782));
#4825=CARTESIAN_POINT('Ctrl Pts',(16.4382460233928,-4.9,14.8891398512778));
#4826=CARTESIAN_POINT('Ctrl Pts',(16.4382650190964,-4.9,14.8593884706497));
#4827=CARTESIAN_POINT('Ctrl Pts',(16.5038945013657,-5.,15.0758972764015));
#4828=CARTESIAN_POINT('Ctrl Pts',(16.5038945013657,-4.9,15.0758972764015));
#4829=CARTESIAN_POINT('Ctrl Pts',(16.4929309589409,-5.,15.0669259158964));
#4830=CARTESIAN_POINT('Ctrl Pts',(16.4929309589409,-4.9,15.0669259158964));
#4831=CARTESIAN_POINT('Ctrl Pts',(16.4703533847629,-5.,15.0484509057733));
#4832=CARTESIAN_POINT('Ctrl Pts',(16.4703533847629,-4.9,15.0484509057733));
#4833=CARTESIAN_POINT('Ctrl Pts',(16.4592171721317,-5.,15.0214506687586));
#4834=CARTESIAN_POINT('Ctrl Pts',(16.4592171721317,-4.9,15.0214506687586));
#4835=CARTESIAN_POINT('Ctrl Pts',(16.4534886414185,-5.,15.0075615942478));
#4836=CARTESIAN_POINT('Ctrl Pts',(16.4534886414185,-4.9,15.0075615942478));
#4837=CARTESIAN_POINT('',(16.5038945013657,-5.,15.0758972764015));
#4838=CARTESIAN_POINT('Ctrl Pts',(16.5038945013657,-5.,15.0758972764015));
#4839=CARTESIAN_POINT('Ctrl Pts',(16.4929309589409,-5.,15.0669259158964));
#4840=CARTESIAN_POINT('Ctrl Pts',(16.4703533847629,-5.,15.0484509057733));
#4841=CARTESIAN_POINT('Ctrl Pts',(16.4592171721317,-5.,15.0214506687586));
#4842=CARTESIAN_POINT('Ctrl Pts',(16.4534886414185,-5.,15.0075615942478));
#4843=CARTESIAN_POINT('',(16.5038945013657,-4.9,15.0758972764015));
#4844=CARTESIAN_POINT('',(16.5038945013657,-5.,15.0758972764015));
#4845=CARTESIAN_POINT('Ctrl Pts',(16.5038945013657,-4.9,15.0758972764015));
#4846=CARTESIAN_POINT('Ctrl Pts',(16.4929309589409,-4.9,15.0669259158964));
#4847=CARTESIAN_POINT('Ctrl Pts',(16.4703533847629,-4.9,15.0484509057733));
#4848=CARTESIAN_POINT('Ctrl Pts',(16.4592171721317,-4.9,15.0214506687586));
#4849=CARTESIAN_POINT('Ctrl Pts',(16.4534886414185,-4.9,15.0075615942478));
#4850=CARTESIAN_POINT('Ctrl Pts',(16.5830554300919,-5.,15.0995779037476));
#4851=CARTESIAN_POINT('Ctrl Pts',(16.5830554300919,-4.9,15.0995779037476));
#4852=CARTESIAN_POINT('Ctrl Pts',(16.5688203558585,-5.,15.0986300586658));
#4853=CARTESIAN_POINT('Ctrl Pts',(16.5688203558585,-4.9,15.0986300586658));
#4854=CARTESIAN_POINT('Ctrl Pts',(16.5406239832233,-5.,15.0967525979172));
#4855=CARTESIAN_POINT('Ctrl Pts',(16.5406239832233,-4.9,15.0967525979172));
#4856=CARTESIAN_POINT('Ctrl Pts',(16.5160581537626,-5.,15.0828039047751));
#4857=CARTESIAN_POINT('Ctrl Pts',(16.5160581537626,-4.9,15.0828039047751));
#4858=CARTESIAN_POINT('Ctrl Pts',(16.5038945013657,-5.,15.0758972764015));
#4859=CARTESIAN_POINT('Ctrl Pts',(16.5038945013657,-4.9,15.0758972764015));
#4860=CARTESIAN_POINT('',(16.5830554300919,-5.,15.0995779037476));
#4861=CARTESIAN_POINT('Ctrl Pts',(16.5830554300919,-5.,15.0995779037476));
#4862=CARTESIAN_POINT('Ctrl Pts',(16.5688203558585,-5.,15.0986300586658));
#4863=CARTESIAN_POINT('Ctrl Pts',(16.5406239832233,-5.,15.0967525979172));
#4864=CARTESIAN_POINT('Ctrl Pts',(16.5160581537626,-5.,15.0828039047751));
#4865=CARTESIAN_POINT('Ctrl Pts',(16.5038945013657,-5.,15.0758972764015));
#4866=CARTESIAN_POINT('',(16.5830554300919,-4.9,15.0995779037476));
#4867=CARTESIAN_POINT('',(16.5830554300919,-5.,15.0995779037476));
#4868=CARTESIAN_POINT('Ctrl Pts',(16.5830554300919,-4.9,15.0995779037476));
#4869=CARTESIAN_POINT('Ctrl Pts',(16.5688203558585,-4.9,15.0986300586658));
#4870=CARTESIAN_POINT('Ctrl Pts',(16.5406239832233,-4.9,15.0967525979172));
#4871=CARTESIAN_POINT('Ctrl Pts',(16.5160581537626,-4.9,15.0828039047751));
#4872=CARTESIAN_POINT('Ctrl Pts',(16.5038945013657,-4.9,15.0758972764015));
#4873=CARTESIAN_POINT('Ctrl Pts',(16.6409041220322,-5.,15.0846928358078));
#4874=CARTESIAN_POINT('Ctrl Pts',(16.6409041220322,-4.9,15.0846928358078));
#4875=CARTESIAN_POINT('Ctrl Pts',(16.6326975290053,-5.,15.0890250483683));
#4876=CARTESIAN_POINT('Ctrl Pts',(16.6326975290053,-4.9,15.0890250483683));
#4877=CARTESIAN_POINT('Ctrl Pts',(16.6146562438454,-5.,15.0985489375047));
#4878=CARTESIAN_POINT('Ctrl Pts',(16.6146562438454,-4.9,15.0985489375047));
#4879=CARTESIAN_POINT('Ctrl Pts',(16.5942042508543,-5.,15.0992148827095));
#4880=CARTESIAN_POINT('Ctrl Pts',(16.5942042508543,-4.9,15.0992148827095));
#4881=CARTESIAN_POINT('Ctrl Pts',(16.5830554300919,-5.,15.0995779037476));
#4882=CARTESIAN_POINT('Ctrl Pts',(16.5830554300919,-4.9,15.0995779037476));
#4883=CARTESIAN_POINT('',(16.6409041220322,-5.,15.0846928358078));
#4884=CARTESIAN_POINT('Ctrl Pts',(16.6409041220322,-5.,15.0846928358078));
#4885=CARTESIAN_POINT('Ctrl Pts',(16.6326975290053,-5.,15.0890250483683));
#4886=CARTESIAN_POINT('Ctrl Pts',(16.6146562438454,-5.,15.0985489375047));
#4887=CARTESIAN_POINT('Ctrl Pts',(16.5942042508543,-5.,15.0992148827095));
#4888=CARTESIAN_POINT('Ctrl Pts',(16.5830554300919,-5.,15.0995779037476));
#4889=CARTESIAN_POINT('',(16.6409041220322,-4.9,15.0846928358078));
#4890=CARTESIAN_POINT('',(16.6409041220322,-5.,15.0846928358078));
#4891=CARTESIAN_POINT('Ctrl Pts',(16.6409041220322,-4.9,15.0846928358078));
#4892=CARTESIAN_POINT('Ctrl Pts',(16.6326975290053,-4.9,15.0890250483683));
#4893=CARTESIAN_POINT('Ctrl Pts',(16.6146562438454,-4.9,15.0985489375047));
#4894=CARTESIAN_POINT('Ctrl Pts',(16.5942042508543,-4.9,15.0992148827095));
#4895=CARTESIAN_POINT('Ctrl Pts',(16.5830554300919,-4.9,15.0995779037476));
#4896=CARTESIAN_POINT('Ctrl Pts',(16.6723658377305,-5.,15.0393614172935));
#4897=CARTESIAN_POINT('Ctrl Pts',(16.6723658377305,-4.9,15.0393614172935));
#4898=CARTESIAN_POINT('Ctrl Pts',(16.668739791936,-5.,15.0487000200152));
#4899=CARTESIAN_POINT('Ctrl Pts',(16.668739791936,-4.9,15.0487000200152));
#4900=CARTESIAN_POINT('Ctrl Pts',(16.6618765094936,-5.,15.066375877334));
#4901=CARTESIAN_POINT('Ctrl Pts',(16.6618765094936,-4.9,15.066375877334));
#4902=CARTESIAN_POINT('Ctrl Pts',(16.6476258143212,-5.,15.0788222138409));
#4903=CARTESIAN_POINT('Ctrl Pts',(16.6476258143212,-4.9,15.0788222138409));
#4904=CARTESIAN_POINT('Ctrl Pts',(16.6409041220322,-5.,15.0846928358078));
#4905=CARTESIAN_POINT('Ctrl Pts',(16.6409041220322,-4.9,15.0846928358078));
#4906=CARTESIAN_POINT('',(16.6723658377305,-5.,15.0393614172935));
#4907=CARTESIAN_POINT('Ctrl Pts',(16.6723658377305,-5.,15.0393614172935));
#4908=CARTESIAN_POINT('Ctrl Pts',(16.668739791936,-5.,15.0487000200152));
#4909=CARTESIAN_POINT('Ctrl Pts',(16.6618765094936,-5.,15.066375877334));
#4910=CARTESIAN_POINT('Ctrl Pts',(16.6476258143212,-5.,15.0788222138409));
#4911=CARTESIAN_POINT('Ctrl Pts',(16.6409041220322,-5.,15.0846928358078));
#4912=CARTESIAN_POINT('',(16.6723658377305,-4.9,15.0393614172935));
#4913=CARTESIAN_POINT('',(16.6723658377305,-5.,15.0393614172935));
#4914=CARTESIAN_POINT('Ctrl Pts',(16.6723658377305,-4.9,15.0393614172935));
#4915=CARTESIAN_POINT('Ctrl Pts',(16.668739791936,-4.9,15.0487000200152));
#4916=CARTESIAN_POINT('Ctrl Pts',(16.6618765094936,-4.9,15.066375877334));
#4917=CARTESIAN_POINT('Ctrl Pts',(16.6476258143212,-4.9,15.0788222138409));
#4918=CARTESIAN_POINT('Ctrl Pts',(16.6409041220322,-4.9,15.0846928358078));
#4919=CARTESIAN_POINT('Ctrl Pts',(16.6825141245499,-5.,14.9040433764458));
#4920=CARTESIAN_POINT('Ctrl Pts',(16.6825141245499,-4.9,14.9040433764458));
#4921=CARTESIAN_POINT('Ctrl Pts',(16.6827999265931,-5.,14.9329024671015));
#4922=CARTESIAN_POINT('Ctrl Pts',(16.6827999265931,-4.9,14.9329024671015));
#4923=CARTESIAN_POINT('Ctrl Pts',(16.6832501172099,-5.,14.9783608258821));
#4924=CARTESIAN_POINT('Ctrl Pts',(16.6832501172099,-4.9,14.9783608258821));
#4925=CARTESIAN_POINT('Ctrl Pts',(16.6752771813063,-5.,15.0230448866251));
#4926=CARTESIAN_POINT('Ctrl Pts',(16.6752771813063,-4.9,15.0230448866251));
#4927=CARTESIAN_POINT('Ctrl Pts',(16.6723658377305,-5.,15.0393614172935));
#4928=CARTESIAN_POINT('Ctrl Pts',(16.6723658377305,-4.9,15.0393614172935));
#4929=CARTESIAN_POINT('',(16.6825141245499,-5.,14.9040433764458));
#4930=CARTESIAN_POINT('Ctrl Pts',(16.6825141245499,-5.,14.9040433764458));
#4931=CARTESIAN_POINT('Ctrl Pts',(16.6827999265931,-5.,14.9329024671015));
#4932=CARTESIAN_POINT('Ctrl Pts',(16.6832501172099,-5.,14.9783608258821));
#4933=CARTESIAN_POINT('Ctrl Pts',(16.6752771813063,-5.,15.0230448866251));
#4934=CARTESIAN_POINT('Ctrl Pts',(16.6723658377305,-5.,15.0393614172935));
#4935=CARTESIAN_POINT('',(16.6825141245499,-4.9,14.9040433764458));
#4936=CARTESIAN_POINT('',(16.6825141245499,-5.,14.9040433764458));
#4937=CARTESIAN_POINT('Ctrl Pts',(16.6825141245499,-4.9,14.9040433764458));
#4938=CARTESIAN_POINT('Ctrl Pts',(16.6827999265931,-4.9,14.9329024671015));
#4939=CARTESIAN_POINT('Ctrl Pts',(16.6832501172099,-4.9,14.9783608258821));
#4940=CARTESIAN_POINT('Ctrl Pts',(16.6752771813063,-4.9,15.0230448866251));
#4941=CARTESIAN_POINT('Ctrl Pts',(16.6723658377305,-4.9,15.0393614172935));
#4942=CARTESIAN_POINT('Origin',(16.6825141245499,-5.,14.5102679729462));
#4943=CARTESIAN_POINT('',(16.6825141245499,-5.,14.5102679729462));
#4944=CARTESIAN_POINT('',(16.6825141245499,-5.,11.4612623704135));
#4945=CARTESIAN_POINT('',(16.6825141245499,-4.9,14.5102679729462));
#4946=CARTESIAN_POINT('',(16.6825141245499,-5.,14.5102679729462));
#4947=CARTESIAN_POINT('',(16.6825141245499,-4.9,14.5102679729462));
#4948=CARTESIAN_POINT('Origin',(16.8726362520829,-5.,14.5102679729462));
#4949=CARTESIAN_POINT('',(16.8726362520829,-5.,14.5102679729462));
#4950=CARTESIAN_POINT('',(19.4327561710165,-5.,14.5102679729462));
#4951=CARTESIAN_POINT('',(16.8726362520829,-4.9,14.5102679729462));
#4952=CARTESIAN_POINT('',(16.8726362520829,-5.,14.5102679729462));
#4953=CARTESIAN_POINT('',(16.8726362520829,-4.9,14.5102679729462));
#4954=CARTESIAN_POINT('Origin',(16.8726362520829,-5.,14.8553287982941));
#4955=CARTESIAN_POINT('',(16.8726362520829,-5.,14.8553287982941));
#4956=CARTESIAN_POINT('',(16.8726362520829,-5.,11.6337927830875));
#4957=CARTESIAN_POINT('',(16.8726362520829,-4.9,14.8553287982941));
#4958=CARTESIAN_POINT('',(16.8726362520829,-5.,14.8553287982941));
#4959=CARTESIAN_POINT('',(16.8726362520829,-4.9,14.8553287982941));
#4960=CARTESIAN_POINT('Ctrl Pts',(16.8881978327408,-5.,15.0038403272629));
#4961=CARTESIAN_POINT('Ctrl Pts',(16.8881978327408,-4.9,15.0038403272629));
#4962=CARTESIAN_POINT('Ctrl Pts',(16.8836925847401,-5.,14.9836995663699));
#4963=CARTESIAN_POINT('Ctrl Pts',(16.8836925847401,-4.9,14.9836995663699));
#4964=CARTESIAN_POINT('Ctrl Pts',(16.8727702066771,-5.,14.9348709547353));
#4965=CARTESIAN_POINT('Ctrl Pts',(16.8727702066771,-4.9,14.9348709547353));
#4966=CARTESIAN_POINT('Ctrl Pts',(16.872685826964,-5.,14.8847663324862));
#4967=CARTESIAN_POINT('Ctrl Pts',(16.872685826964,-4.9,14.8847663324862));
#4968=CARTESIAN_POINT('Ctrl Pts',(16.8726362520829,-5.,14.8553287982941));
#4969=CARTESIAN_POINT('Ctrl Pts',(16.8726362520829,-4.9,14.8553287982941));
#4970=CARTESIAN_POINT('',(16.8881978327408,-5.,15.0038403272629));
#4971=CARTESIAN_POINT('Ctrl Pts',(16.8881978327408,-5.,15.0038403272629));
#4972=CARTESIAN_POINT('Ctrl Pts',(16.8836925847401,-5.,14.9836995663699));
#4973=CARTESIAN_POINT('Ctrl Pts',(16.8727702066771,-5.,14.9348709547353));
#4974=CARTESIAN_POINT('Ctrl Pts',(16.872685826964,-5.,14.8847663324862));
#4975=CARTESIAN_POINT('Ctrl Pts',(16.8726362520829,-5.,14.8553287982941));
#4976=CARTESIAN_POINT('',(16.8881978327408,-4.9,15.0038403272629));
#4977=CARTESIAN_POINT('',(16.8881978327408,-5.,15.0038403272629));
#4978=CARTESIAN_POINT('Ctrl Pts',(16.8881978327408,-4.9,15.0038403272629));
#4979=CARTESIAN_POINT('Ctrl Pts',(16.8836925847401,-4.9,14.9836995663699));
#4980=CARTESIAN_POINT('Ctrl Pts',(16.8727702066771,-4.9,14.9348709547353));
#4981=CARTESIAN_POINT('Ctrl Pts',(16.872685826964,-4.9,14.8847663324862));
#4982=CARTESIAN_POINT('Ctrl Pts',(16.8726362520829,-4.9,14.8553287982941));
#4983=CARTESIAN_POINT('Ctrl Pts',(16.9389416510239,-5.,15.0752206146717));
#4984=CARTESIAN_POINT('Ctrl Pts',(16.9389416510239,-4.9,15.0752206146717));
#4985=CARTESIAN_POINT('Ctrl Pts',(16.9279397577565,-5.,15.0658683947794));
#4986=CARTESIAN_POINT('Ctrl Pts',(16.9279397577565,-4.9,15.0658683947794));
#4987=CARTESIAN_POINT('Ctrl Pts',(16.9050316937485,-5.,15.0463952689543));
#4988=CARTESIAN_POINT('Ctrl Pts',(16.9050316937485,-4.9,15.0463952689543));
#4989=CARTESIAN_POINT('Ctrl Pts',(16.8939548693331,-5.,15.0183937536212));
#4990=CARTESIAN_POINT('Ctrl Pts',(16.8939548693331,-4.9,15.0183937536212));
#4991=CARTESIAN_POINT('Ctrl Pts',(16.8881978327408,-5.,15.0038403272629));
#4992=CARTESIAN_POINT('Ctrl Pts',(16.8881978327408,-4.9,15.0038403272629));
#4993=CARTESIAN_POINT('',(16.9389416510239,-5.,15.0752206146717));
#4994=CARTESIAN_POINT('Ctrl Pts',(16.9389416510239,-5.,15.0752206146717));
#4995=CARTESIAN_POINT('Ctrl Pts',(16.9279397577565,-5.,15.0658683947794));
#4996=CARTESIAN_POINT('Ctrl Pts',(16.9050316937485,-5.,15.0463952689543));
#4997=CARTESIAN_POINT('Ctrl Pts',(16.8939548693331,-5.,15.0183937536212));
#4998=CARTESIAN_POINT('Ctrl Pts',(16.8881978327408,-5.,15.0038403272629));
#4999=CARTESIAN_POINT('',(16.9389416510239,-4.9,15.0752206146717));
#5000=CARTESIAN_POINT('',(16.9389416510239,-5.,15.0752206146717));
#5001=CARTESIAN_POINT('Ctrl Pts',(16.9389416510239,-4.9,15.0752206146717));
#5002=CARTESIAN_POINT('Ctrl Pts',(16.9279397577565,-4.9,15.0658683947794));
#5003=CARTESIAN_POINT('Ctrl Pts',(16.9050316937485,-4.9,15.0463952689543));
#5004=CARTESIAN_POINT('Ctrl Pts',(16.8939548693331,-4.9,15.0183937536212));
#5005=CARTESIAN_POINT('Ctrl Pts',(16.8881978327408,-4.9,15.0038403272629));
#5006=CARTESIAN_POINT('Ctrl Pts',(17.0140435034409,-5.,15.0995779037476));
#5007=CARTESIAN_POINT('Ctrl Pts',(17.0140435034409,-4.9,15.0995779037476));
#5008=CARTESIAN_POINT('Ctrl Pts',(17.0008294270868,-5.,15.0984895722877));
#5009=CARTESIAN_POINT('Ctrl Pts',(17.0008294270868,-4.9,15.0984895722877));
#5010=CARTESIAN_POINT('Ctrl Pts',(16.9739004900506,-5.,15.0962716640077));
#5011=CARTESIAN_POINT('Ctrl Pts',(16.9739004900506,-4.9,15.0962716640077));
#5012=CARTESIAN_POINT('Ctrl Pts',(16.9507381767862,-5.,15.0823240898651));
#5013=CARTESIAN_POINT('Ctrl Pts',(16.9507381767862,-4.9,15.0823240898651));
#5014=CARTESIAN_POINT('Ctrl Pts',(16.9389416510239,-5.,15.0752206146717));
#5015=CARTESIAN_POINT('Ctrl Pts',(16.9389416510239,-4.9,15.0752206146717));
#5016=CARTESIAN_POINT('',(17.0140435034409,-5.,15.0995779037476));
#5017=CARTESIAN_POINT('Ctrl Pts',(17.0140435034409,-5.,15.0995779037476));
#5018=CARTESIAN_POINT('Ctrl Pts',(17.0008294270868,-5.,15.0984895722877));
#5019=CARTESIAN_POINT('Ctrl Pts',(16.9739004900506,-5.,15.0962716640077));
#5020=CARTESIAN_POINT('Ctrl Pts',(16.9507381767862,-5.,15.0823240898651));
#5021=CARTESIAN_POINT('Ctrl Pts',(16.9389416510239,-5.,15.0752206146717));
#5022=CARTESIAN_POINT('',(17.0140435034409,-4.9,15.0995779037476));
#5023=CARTESIAN_POINT('',(17.0140435034409,-5.,15.0995779037476));
#5024=CARTESIAN_POINT('Ctrl Pts',(17.0140435034409,-4.9,15.0995779037476));
#5025=CARTESIAN_POINT('Ctrl Pts',(17.0008294270868,-4.9,15.0984895722877));
#5026=CARTESIAN_POINT('Ctrl Pts',(16.9739004900506,-4.9,15.0962716640077));
#5027=CARTESIAN_POINT('Ctrl Pts',(16.9507381767862,-4.9,15.0823240898651));
#5028=CARTESIAN_POINT('Ctrl Pts',(16.9389416510239,-4.9,15.0752206146717));
#5029=CARTESIAN_POINT('Ctrl Pts',(17.0952345663682,-5.,15.0589823722839));
#5030=CARTESIAN_POINT('Ctrl Pts',(17.0952345663682,-4.9,15.0589823722839));
#5031=CARTESIAN_POINT('Ctrl Pts',(17.0849356533446,-5.,15.0708182031065));
#5032=CARTESIAN_POINT('Ctrl Pts',(17.0849356533446,-4.9,15.0708182031065));
#5033=CARTESIAN_POINT('Ctrl Pts',(17.0635402175752,-5.,15.0954065026253));
#5034=CARTESIAN_POINT('Ctrl Pts',(17.0635402175752,-4.9,15.0954065026253));
#5035=CARTESIAN_POINT('Ctrl Pts',(17.0309474218051,-5.,15.0981533036449));
#5036=CARTESIAN_POINT('Ctrl Pts',(17.0309474218051,-4.9,15.0981533036449));
#5037=CARTESIAN_POINT('Ctrl Pts',(17.0140435034409,-5.,15.0995779037476));
#5038=CARTESIAN_POINT('Ctrl Pts',(17.0140435034409,-4.9,15.0995779037476));
#5039=CARTESIAN_POINT('',(17.0952345663682,-5.,15.0589823722839));
#5040=CARTESIAN_POINT('Ctrl Pts',(17.0952345663682,-5.,15.0589823722839));
#5041=CARTESIAN_POINT('Ctrl Pts',(17.0849356533446,-5.,15.0708182031065));
#5042=CARTESIAN_POINT('Ctrl Pts',(17.0635402175752,-5.,15.0954065026253));
#5043=CARTESIAN_POINT('Ctrl Pts',(17.0309474218051,-5.,15.0981533036449));
#5044=CARTESIAN_POINT('Ctrl Pts',(17.0140435034409,-5.,15.0995779037476));
#5045=CARTESIAN_POINT('',(17.0952345663682,-4.9,15.0589823722839));
#5046=CARTESIAN_POINT('',(17.0952345663682,-5.,15.0589823722839));
#5047=CARTESIAN_POINT('Ctrl Pts',(17.0952345663682,-4.9,15.0589823722839));
#5048=CARTESIAN_POINT('Ctrl Pts',(17.0849356533446,-4.9,15.0708182031065));
#5049=CARTESIAN_POINT('Ctrl Pts',(17.0635402175752,-4.9,15.0954065026253));
#5050=CARTESIAN_POINT('Ctrl Pts',(17.0309474218051,-4.9,15.0981533036449));
#5051=CARTESIAN_POINT('Ctrl Pts',(17.0140435034409,-4.9,15.0995779037476));
#5052=CARTESIAN_POINT('Ctrl Pts',(17.1148552233353,-5.,14.9209581315517));
#5053=CARTESIAN_POINT('Ctrl Pts',(17.1148552233353,-4.9,14.9209581315517));
#5054=CARTESIAN_POINT('Ctrl Pts',(17.1153069234824,-5.,14.9506368911104));
#5055=CARTESIAN_POINT('Ctrl Pts',(17.1153069234824,-4.9,14.9506368911104));
#5056=CARTESIAN_POINT('Ctrl Pts',(17.1160262055056,-5.,14.997897000194));
#5057=CARTESIAN_POINT('Ctrl Pts',(17.1160262055056,-4.9,14.997897000194));
#5058=CARTESIAN_POINT('Ctrl Pts',(17.1008720872185,-5.,15.0424194617538));
#5059=CARTESIAN_POINT('Ctrl Pts',(17.1008720872185,-4.9,15.0424194617538));
#5060=CARTESIAN_POINT('Ctrl Pts',(17.0952345663682,-5.,15.0589823722839));
#5061=CARTESIAN_POINT('Ctrl Pts',(17.0952345663682,-4.9,15.0589823722839));
#5062=CARTESIAN_POINT('',(17.1148552233353,-5.,14.9209581315517));
#5063=CARTESIAN_POINT('Ctrl Pts',(17.1148552233353,-5.,14.9209581315517));
#5064=CARTESIAN_POINT('Ctrl Pts',(17.1153069234824,-5.,14.9506368911104));
#5065=CARTESIAN_POINT('Ctrl Pts',(17.1160262055056,-5.,14.997897000194));
#5066=CARTESIAN_POINT('Ctrl Pts',(17.1008720872185,-5.,15.0424194617538));
#5067=CARTESIAN_POINT('Ctrl Pts',(17.0952345663682,-5.,15.0589823722839));
#5068=CARTESIAN_POINT('',(17.1148552233353,-4.9,14.9209581315517));
#5069=CARTESIAN_POINT('',(17.1148552233353,-5.,14.9209581315517));
#5070=CARTESIAN_POINT('Ctrl Pts',(17.1148552233353,-4.9,14.9209581315517));
#5071=CARTESIAN_POINT('Ctrl Pts',(17.1153069234824,-4.9,14.9506368911104));
#5072=CARTESIAN_POINT('Ctrl Pts',(17.1160262055056,-4.9,14.997897000194));
#5073=CARTESIAN_POINT('Ctrl Pts',(17.1008720872185,-4.9,15.0424194617538));
#5074=CARTESIAN_POINT('Ctrl Pts',(17.0952345663682,-4.9,15.0589823722839));
#5075=CARTESIAN_POINT('Origin',(17.1148552233353,-5.,14.5102679729462));
#5076=CARTESIAN_POINT('',(17.1148552233353,-5.,14.5102679729462));
#5077=CARTESIAN_POINT('',(17.1148552233353,-5.,11.4612623704135));
#5078=CARTESIAN_POINT('',(17.1148552233353,-4.9,14.5102679729462));
#5079=CARTESIAN_POINT('',(17.1148552233353,-5.,14.5102679729462));
#5080=CARTESIAN_POINT('',(17.1148552233353,-4.9,14.5102679729462));
#5081=CARTESIAN_POINT('Origin',(17.3049773508683,-5.,14.5102679729462));
#5082=CARTESIAN_POINT('',(17.3049773508683,-5.,14.5102679729462));
#5083=CARTESIAN_POINT('',(19.6489267204092,-5.,14.5102679729462));
#5084=CARTESIAN_POINT('',(17.3049773508683,-4.9,14.5102679729462));
#5085=CARTESIAN_POINT('',(17.3049773508683,-5.,14.5102679729462));
#5086=CARTESIAN_POINT('',(17.3049773508683,-4.9,14.5102679729462));
#5087=CARTESIAN_POINT('Origin',(17.3049773508683,-5.,14.9696725606918));
#5088=CARTESIAN_POINT('',(17.3049773508683,-5.,14.9696725606918));
#5089=CARTESIAN_POINT('',(17.3049773508683,-5.,11.6909646642864));
#5090=CARTESIAN_POINT('',(17.3049773508683,-4.9,14.9696725606918));
#5091=CARTESIAN_POINT('',(17.3049773508683,-5.,14.9696725606918));
#5092=CARTESIAN_POINT('',(17.3049773508683,-4.9,14.9696725606918));
#5093=CARTESIAN_POINT('Ctrl Pts',(17.2853555018082,-5.,15.1185223460197));
#5094=CARTESIAN_POINT('Ctrl Pts',(17.2853555018082,-4.9,15.1185223460197));
#5095=CARTESIAN_POINT('Ctrl Pts',(17.2910347266239,-5.,15.0985651417396));
#5096=CARTESIAN_POINT('Ctrl Pts',(17.2910347266239,-4.9,15.0985651417396));
#5097=CARTESIAN_POINT('Ctrl Pts',(17.3048467061445,-5.,15.0500288527653));
#5098=CARTESIAN_POINT('Ctrl Pts',(17.3048467061445,-4.9,15.0500288527653));
#5099=CARTESIAN_POINT('Ctrl Pts',(17.3049289337181,-5.,14.9994527350933));
#5100=CARTESIAN_POINT('Ctrl Pts',(17.3049289337181,-4.9,14.9994527350933));
#5101=CARTESIAN_POINT('Ctrl Pts',(17.3049773508683,-5.,14.9696725606918));
#5102=CARTESIAN_POINT('Ctrl Pts',(17.3049773508683,-4.9,14.9696725606918));
#5103=CARTESIAN_POINT('',(17.2853555018082,-5.,15.1185223460197));
#5104=CARTESIAN_POINT('Ctrl Pts',(17.2853555018082,-5.,15.1185223460197));
#5105=CARTESIAN_POINT('Ctrl Pts',(17.2910347266239,-5.,15.0985651417396));
#5106=CARTESIAN_POINT('Ctrl Pts',(17.3048467061445,-5.,15.0500288527653));
#5107=CARTESIAN_POINT('Ctrl Pts',(17.3049289337181,-5.,14.9994527350933));
#5108=CARTESIAN_POINT('Ctrl Pts',(17.3049773508683,-5.,14.9696725606918));
#5109=CARTESIAN_POINT('',(17.2853555018082,-4.9,15.1185223460197));
#5110=CARTESIAN_POINT('',(17.2853555018082,-5.,15.1185223460197));
#5111=CARTESIAN_POINT('Ctrl Pts',(17.2853555018082,-4.9,15.1185223460197));
#5112=CARTESIAN_POINT('Ctrl Pts',(17.2910347266239,-4.9,15.0985651417396));
#5113=CARTESIAN_POINT('Ctrl Pts',(17.3048467061445,-4.9,15.0500288527653));
#5114=CARTESIAN_POINT('Ctrl Pts',(17.3049289337181,-4.9,14.9994527350933));
#5115=CARTESIAN_POINT('Ctrl Pts',(17.3049773508683,-4.9,14.9696725606918));
#5116=CARTESIAN_POINT('Ctrl Pts',(17.2034885222092,-5.,15.2129065990448));
#5117=CARTESIAN_POINT('Ctrl Pts',(17.2034885222092,-4.9,15.2129065990448));
#5118=CARTESIAN_POINT('Ctrl Pts',(17.2206773138162,-5.,15.2007603350843));
#5119=CARTESIAN_POINT('Ctrl Pts',(17.2206773138162,-4.9,15.2007603350843));
#5120=CARTESIAN_POINT('Ctrl Pts',(17.2556782048267,-5.,15.1760273538027));
#5121=CARTESIAN_POINT('Ctrl Pts',(17.2556782048267,-4.9,15.1760273538027));
#5122=CARTESIAN_POINT('Ctrl Pts',(17.2753463173307,-5.,15.1379169098724));
#5123=CARTESIAN_POINT('Ctrl Pts',(17.2753463173307,-4.9,15.1379169098724));
#5124=CARTESIAN_POINT('Ctrl Pts',(17.2853555018082,-5.,15.1185223460197));
#5125=CARTESIAN_POINT('Ctrl Pts',(17.2853555018082,-4.9,15.1185223460197));
#5126=CARTESIAN_POINT('',(17.2034885222092,-5.,15.2129065990448));
#5127=CARTESIAN_POINT('Ctrl Pts',(17.2034885222092,-5.,15.2129065990448));
#5128=CARTESIAN_POINT('Ctrl Pts',(17.2206773138162,-5.,15.2007603350843));
#5129=CARTESIAN_POINT('Ctrl Pts',(17.2556782048267,-5.,15.1760273538027));
#5130=CARTESIAN_POINT('Ctrl Pts',(17.2753463173307,-5.,15.1379169098724));
#5131=CARTESIAN_POINT('Ctrl Pts',(17.2853555018082,-5.,15.1185223460197));
#5132=CARTESIAN_POINT('',(17.2034885222092,-4.9,15.2129065990448));
#5133=CARTESIAN_POINT('',(17.2034885222092,-5.,15.2129065990448));
#5134=CARTESIAN_POINT('Ctrl Pts',(17.2034885222092,-4.9,15.2129065990448));
#5135=CARTESIAN_POINT('Ctrl Pts',(17.2206773138162,-4.9,15.2007603350843));
#5136=CARTESIAN_POINT('Ctrl Pts',(17.2556782048267,-4.9,15.1760273538027));
#5137=CARTESIAN_POINT('Ctrl Pts',(17.2753463173307,-4.9,15.1379169098724));
#5138=CARTESIAN_POINT('Ctrl Pts',(17.2853555018082,-4.9,15.1185223460197));
#5139=CARTESIAN_POINT('Ctrl Pts',(17.0695235067979,-5.,15.2450446784496));
#5140=CARTESIAN_POINT('Ctrl Pts',(17.0695235067979,-4.9,15.2450446784496));
#5141=CARTESIAN_POINT('Ctrl Pts',(17.0942967475804,-5.,15.2440430857824));
#5142=CARTESIAN_POINT('Ctrl Pts',(17.0942967475804,-4.9,15.2440430857824));
#5143=CARTESIAN_POINT('Ctrl Pts',(17.1411399013854,-5.,15.2421491971398));
#5144=CARTESIAN_POINT('Ctrl Pts',(17.1411399013854,-4.9,15.2421491971398));
#5145=CARTESIAN_POINT('Ctrl Pts',(17.183520920969,-5.,15.2222717546854));
#5146=CARTESIAN_POINT('Ctrl Pts',(17.183520920969,-4.9,15.2222717546854));
#5147=CARTESIAN_POINT('Ctrl Pts',(17.2034885222092,-5.,15.2129065990448));
#5148=CARTESIAN_POINT('Ctrl Pts',(17.2034885222092,-4.9,15.2129065990448));
#5149=CARTESIAN_POINT('',(17.0695235067979,-5.,15.2450446784496));
#5150=CARTESIAN_POINT('Ctrl Pts',(17.0695235067979,-5.,15.2450446784496));
#5151=CARTESIAN_POINT('Ctrl Pts',(17.0942967475804,-5.,15.2440430857824));
#5152=CARTESIAN_POINT('Ctrl Pts',(17.1411399013854,-5.,15.2421491971398));
#5153=CARTESIAN_POINT('Ctrl Pts',(17.183520920969,-5.,15.2222717546854));
#5154=CARTESIAN_POINT('Ctrl Pts',(17.2034885222092,-5.,15.2129065990448));
#5155=CARTESIAN_POINT('',(17.0695235067979,-4.9,15.2450446784496));
#5156=CARTESIAN_POINT('',(17.0695235067979,-5.,15.2450446784496));
#5157=CARTESIAN_POINT('Ctrl Pts',(17.0695235067979,-4.9,15.2450446784496));
#5158=CARTESIAN_POINT('Ctrl Pts',(17.0942967475804,-4.9,15.2440430857824));
#5159=CARTESIAN_POINT('Ctrl Pts',(17.1411399013854,-4.9,15.2421491971398));
#5160=CARTESIAN_POINT('Ctrl Pts',(17.183520920969,-4.9,15.2222717546854));
#5161=CARTESIAN_POINT('Ctrl Pts',(17.2034885222092,-4.9,15.2129065990448));
#5162=CARTESIAN_POINT('Ctrl Pts',(16.9524736935273,-5.,15.2166280150414));
#5163=CARTESIAN_POINT('Ctrl Pts',(16.9524736935273,-4.9,15.2166280150414));
#5164=CARTESIAN_POINT('Ctrl Pts',(16.9710740291566,-5.,15.2249162161125));
#5165=CARTESIAN_POINT('Ctrl Pts',(16.9710740291566,-4.9,15.2249162161125));
#5166=CARTESIAN_POINT('Ctrl Pts',(17.0083552207266,-5.,15.2415284976358));
#5167=CARTESIAN_POINT('Ctrl Pts',(17.0083552207266,-4.9,15.2415284976358));
#5168=CARTESIAN_POINT('Ctrl Pts',(17.049104741026,-5.,15.2438709317737));
#5169=CARTESIAN_POINT('Ctrl Pts',(17.049104741026,-4.9,15.2438709317737));
#5170=CARTESIAN_POINT('Ctrl Pts',(17.0695235067979,-5.,15.2450446784496));
#5171=CARTESIAN_POINT('Ctrl Pts',(17.0695235067979,-4.9,15.2450446784496));
#5172=CARTESIAN_POINT('',(16.9524736935273,-5.,15.2166280150414));
#5173=CARTESIAN_POINT('Ctrl Pts',(16.9524736935273,-5.,15.2166280150414));
#5174=CARTESIAN_POINT('Ctrl Pts',(16.9710740291566,-5.,15.2249162161125));
#5175=CARTESIAN_POINT('Ctrl Pts',(17.0083552207266,-5.,15.2415284976358));
#5176=CARTESIAN_POINT('Ctrl Pts',(17.049104741026,-5.,15.2438709317737));
#5177=CARTESIAN_POINT('Ctrl Pts',(17.0695235067979,-5.,15.2450446784496));
#5178=CARTESIAN_POINT('',(16.9524736935273,-4.9,15.2166280150414));
#5179=CARTESIAN_POINT('',(16.9524736935273,-5.,15.2166280150414));
#5180=CARTESIAN_POINT('Ctrl Pts',(16.9524736935273,-4.9,15.2166280150414));
#5181=CARTESIAN_POINT('Ctrl Pts',(16.9710740291566,-4.9,15.2249162161125));
#5182=CARTESIAN_POINT('Ctrl Pts',(17.0083552207266,-4.9,15.2415284976358));
#5183=CARTESIAN_POINT('Ctrl Pts',(17.049104741026,-4.9,15.2438709317737));
#5184=CARTESIAN_POINT('Ctrl Pts',(17.0695235067979,-4.9,15.2450446784496));
#5185=CARTESIAN_POINT('Ctrl Pts',(16.85030835215,-5.,15.1307010650635));
#5186=CARTESIAN_POINT('Ctrl Pts',(16.85030835215,-4.9,15.1307010650635));
#5187=CARTESIAN_POINT('Ctrl Pts',(16.8659210957819,-5.,15.1484009535352));
#5188=CARTESIAN_POINT('Ctrl Pts',(16.8659210957819,-4.9,15.1484009535352));
#5189=CARTESIAN_POINT('Ctrl Pts',(16.8957076130227,-5.,15.1821693958767));
#5190=CARTESIAN_POINT('Ctrl Pts',(16.8957076130227,-4.9,15.1821693958767));
#5191=CARTESIAN_POINT('Ctrl Pts',(16.9341710490682,-5.,15.2055177913036));
#5192=CARTESIAN_POINT('Ctrl Pts',(16.9341710490682,-4.9,15.2055177913036));
#5193=CARTESIAN_POINT('Ctrl Pts',(16.9524736935273,-5.,15.2166280150414));
#5194=CARTESIAN_POINT('Ctrl Pts',(16.9524736935273,-4.9,15.2166280150414));
#5195=CARTESIAN_POINT('',(16.85030835215,-5.,15.1307010650635));
#5196=CARTESIAN_POINT('Ctrl Pts',(16.85030835215,-5.,15.1307010650635));
#5197=CARTESIAN_POINT('Ctrl Pts',(16.8659210957819,-5.,15.1484009535352));
#5198=CARTESIAN_POINT('Ctrl Pts',(16.8957076130227,-5.,15.1821693958767));
#5199=CARTESIAN_POINT('Ctrl Pts',(16.9341710490682,-5.,15.2055177913036));
#5200=CARTESIAN_POINT('Ctrl Pts',(16.9524736935273,-5.,15.2166280150414));
#5201=CARTESIAN_POINT('',(16.85030835215,-4.9,15.1307010650635));
#5202=CARTESIAN_POINT('',(16.85030835215,-5.,15.1307010650635));
#5203=CARTESIAN_POINT('Ctrl Pts',(16.85030835215,-4.9,15.1307010650635));
#5204=CARTESIAN_POINT('Ctrl Pts',(16.8659210957819,-4.9,15.1484009535352));
#5205=CARTESIAN_POINT('Ctrl Pts',(16.8957076130227,-4.9,15.1821693958767));
#5206=CARTESIAN_POINT('Ctrl Pts',(16.9341710490682,-4.9,15.2055177913036));
#5207=CARTESIAN_POINT('Ctrl Pts',(16.9524736935273,-4.9,15.2166280150414));
#5208=CARTESIAN_POINT('Ctrl Pts',(16.7670883471146,-5.,15.2166280150414));
#5209=CARTESIAN_POINT('Ctrl Pts',(16.7670883471146,-4.9,15.2166280150414));
#5210=CARTESIAN_POINT('Ctrl Pts',(16.7834100796914,-5.,15.2056399074502));
#5211=CARTESIAN_POINT('Ctrl Pts',(16.7834100796914,-4.9,15.2056399074502));
#5212=CARTESIAN_POINT('Ctrl Pts',(16.8171877289876,-5.,15.1829001374595));
#5213=CARTESIAN_POINT('Ctrl Pts',(16.8171877289876,-4.9,15.1829001374595));
#5214=CARTESIAN_POINT('Ctrl Pts',(16.8390237415991,-5.,15.1484859418823));
#5215=CARTESIAN_POINT('Ctrl Pts',(16.8390237415991,-4.9,15.1484859418823));
#5216=CARTESIAN_POINT('Ctrl Pts',(16.85030835215,-5.,15.1307010650635));
#5217=CARTESIAN_POINT('Ctrl Pts',(16.85030835215,-4.9,15.1307010650635));
#5218=CARTESIAN_POINT('',(16.7670883471146,-5.,15.2166280150414));
#5219=CARTESIAN_POINT('Ctrl Pts',(16.7670883471146,-5.,15.2166280150414));
#5220=CARTESIAN_POINT('Ctrl Pts',(16.7834100796914,-5.,15.2056399074502));
#5221=CARTESIAN_POINT('Ctrl Pts',(16.8171877289876,-5.,15.1829001374595));
#5222=CARTESIAN_POINT('Ctrl Pts',(16.8390237415991,-5.,15.1484859418823));
#5223=CARTESIAN_POINT('Ctrl Pts',(16.85030835215,-5.,15.1307010650635));
#5224=CARTESIAN_POINT('',(16.7670883471146,-4.9,15.2166280150414));
#5225=CARTESIAN_POINT('',(16.7670883471146,-5.,15.2166280150414));
#5226=CARTESIAN_POINT('Ctrl Pts',(16.7670883471146,-4.9,15.2166280150414));
#5227=CARTESIAN_POINT('Ctrl Pts',(16.7834100796914,-4.9,15.2056399074502));
#5228=CARTESIAN_POINT('Ctrl Pts',(16.8171877289876,-4.9,15.1829001374595));
#5229=CARTESIAN_POINT('Ctrl Pts',(16.8390237415991,-4.9,15.1484859418823));
#5230=CARTESIAN_POINT('Ctrl Pts',(16.85030835215,-4.9,15.1307010650635));
#5231=CARTESIAN_POINT('Ctrl Pts',(16.6473318869248,-5.,15.2450446784496));
#5232=CARTESIAN_POINT('Ctrl Pts',(16.6473318869248,-4.9,15.2450446784496));
#5233=CARTESIAN_POINT('Ctrl Pts',(16.6691569063345,-5.,15.2440877250778));
#5234=CARTESIAN_POINT('Ctrl Pts',(16.6691569063345,-4.9,15.2440877250778));
#5235=CARTESIAN_POINT('Ctrl Pts',(16.7109356415928,-5.,15.2422558686737));
#5236=CARTESIAN_POINT('Ctrl Pts',(16.7109356415928,-4.9,15.2422558686737));
#5237=CARTESIAN_POINT('Ctrl Pts',(16.7489381666176,-5.,15.2249116794678));
#5238=CARTESIAN_POINT('Ctrl Pts',(16.7489381666176,-4.9,15.2249116794678));
#5239=CARTESIAN_POINT('Ctrl Pts',(16.7670883471146,-5.,15.2166280150414));
#5240=CARTESIAN_POINT('Ctrl Pts',(16.7670883471146,-4.9,15.2166280150414));
#5241=CARTESIAN_POINT('',(16.6473318869248,-5.,15.2450446784496));
#5242=CARTESIAN_POINT('Ctrl Pts',(16.6473318869248,-5.,15.2450446784496));
#5243=CARTESIAN_POINT('Ctrl Pts',(16.6691569063345,-5.,15.2440877250778));
#5244=CARTESIAN_POINT('Ctrl Pts',(16.7109356415928,-5.,15.2422558686737));
#5245=CARTESIAN_POINT('Ctrl Pts',(16.7489381666176,-5.,15.2249116794678));
#5246=CARTESIAN_POINT('Ctrl Pts',(16.7670883471146,-5.,15.2166280150414));
#5247=CARTESIAN_POINT('',(16.6473318869248,-4.9,15.2450446784496));
#5248=CARTESIAN_POINT('',(16.6473318869248,-5.,15.2450446784496));
#5249=CARTESIAN_POINT('Ctrl Pts',(16.6473318869248,-4.9,15.2450446784496));
#5250=CARTESIAN_POINT('Ctrl Pts',(16.6691569063345,-4.9,15.2440877250778));
#5251=CARTESIAN_POINT('Ctrl Pts',(16.7109356415928,-4.9,15.2422558686737));
#5252=CARTESIAN_POINT('Ctrl Pts',(16.7489381666176,-4.9,15.2249116794678));
#5253=CARTESIAN_POINT('Ctrl Pts',(16.7670883471146,-4.9,15.2166280150414));
#5254=CARTESIAN_POINT('Ctrl Pts',(16.4233805472031,-5.,15.1307010650635));
#5255=CARTESIAN_POINT('Ctrl Pts',(16.4233805472031,-4.9,15.1307010650635));
#5256=CARTESIAN_POINT('Ctrl Pts',(16.4553450923666,-5.,15.16403712171));
#5257=CARTESIAN_POINT('Ctrl Pts',(16.4553450923666,-4.9,15.16403712171));
#5258=CARTESIAN_POINT('Ctrl Pts',(16.5169460649686,-5.,15.228281224094));
#5259=CARTESIAN_POINT('Ctrl Pts',(16.5169460649686,-4.9,15.228281224094));
#5260=CARTESIAN_POINT('Ctrl Pts',(16.6049789707994,-5.,15.2395994454815));
#5261=CARTESIAN_POINT('Ctrl Pts',(16.6049789707994,-4.9,15.2395994454815));
#5262=CARTESIAN_POINT('Ctrl Pts',(16.6473318869248,-5.,15.2450446784496));
#5263=CARTESIAN_POINT('Ctrl Pts',(16.6473318869248,-4.9,15.2450446784496));
#5264=CARTESIAN_POINT('',(16.4233805472031,-5.,15.1307010650635));
#5265=CARTESIAN_POINT('Ctrl Pts',(16.4233805472031,-5.,15.1307010650635));
#5266=CARTESIAN_POINT('Ctrl Pts',(16.4553450923666,-5.,15.16403712171));
#5267=CARTESIAN_POINT('Ctrl Pts',(16.5169460649686,-5.,15.228281224094));
#5268=CARTESIAN_POINT('Ctrl Pts',(16.6049789707994,-5.,15.2395994454815));
#5269=CARTESIAN_POINT('Ctrl Pts',(16.6473318869248,-5.,15.2450446784496));
#5270=CARTESIAN_POINT('',(16.4233805472031,-4.9,15.1307010650635));
#5271=CARTESIAN_POINT('',(16.4233805472031,-5.,15.1307010650635));
#5272=CARTESIAN_POINT('Ctrl Pts',(16.4233805472031,-4.9,15.1307010650635));
#5273=CARTESIAN_POINT('Ctrl Pts',(16.4553450923666,-4.9,15.16403712171));
#5274=CARTESIAN_POINT('Ctrl Pts',(16.5169460649686,-4.9,15.228281224094));
#5275=CARTESIAN_POINT('Ctrl Pts',(16.6049789707994,-4.9,15.2395994454815));
#5276=CARTESIAN_POINT('Ctrl Pts',(16.6473318869248,-4.9,15.2450446784496));
#5277=CARTESIAN_POINT('Origin',(16.4233805472031,-5.,15.2288064360619));
#5278=CARTESIAN_POINT('',(16.4233805472031,-5.,15.2288064360619));
#5279=CARTESIAN_POINT('',(16.4233805472031,-5.,11.8205316019714));
#5280=CARTESIAN_POINT('',(16.4233805472031,-4.9,15.2288064360619));
#5281=CARTESIAN_POINT('',(16.4233805472031,-5.,15.2288064360619));
#5282=CARTESIAN_POINT('',(16.4233805472031,-4.9,15.2288064360619));
#5283=CARTESIAN_POINT('Origin',(16.2481434876099,-5.,15.2288064360619));
#5284=CARTESIAN_POINT('',(16.2481434876099,-5.,15.2288064360619));
#5285=CARTESIAN_POINT('',(19.12050978878,-5.,15.2288064360619));
#5286=CARTESIAN_POINT('',(16.2481434876099,-4.9,15.2288064360619));
#5287=CARTESIAN_POINT('',(16.2481434876099,-5.,15.2288064360619));
#5288=CARTESIAN_POINT('',(16.2481434876099,-4.9,15.2288064360619));
#5289=CARTESIAN_POINT('Origin',(16.2481434876099,-5.,14.5102679729462));
#5290=CARTESIAN_POINT('',(16.2481434876099,-5.,11.4612623704135));
#5291=CARTESIAN_POINT('',(16.2481434876099,-4.9,14.5102679729462));
#5292=CARTESIAN_POINT('Origin',(14.9930691951886,-4.9,14.9997809529305));
#5293=CARTESIAN_POINT('Ctrl Pts',(13.008630448021,-5.,14.4933533668518));
#5294=CARTESIAN_POINT('Ctrl Pts',(13.008630448021,-4.9,14.4933533668518));
#5295=CARTESIAN_POINT('Ctrl Pts',(12.9657995004821,-5.,14.4957404976292));
#5296=CARTESIAN_POINT('Ctrl Pts',(12.9657995004821,-4.9,14.4957404976292));
#5297=CARTESIAN_POINT('Ctrl Pts',(12.8843389252388,-5.,14.500280603732));
#5298=CARTESIAN_POINT('Ctrl Pts',(12.8843389252388,-4.9,14.500280603732));
#5299=CARTESIAN_POINT('Ctrl Pts',(12.8167368576491,-5.,14.5456071705989));
#5300=CARTESIAN_POINT('Ctrl Pts',(12.8167368576491,-4.9,14.5456071705989));
#5301=CARTESIAN_POINT('Ctrl Pts',(12.7846791082993,-5.,14.5671015977859));
#5302=CARTESIAN_POINT('Ctrl Pts',(12.7846791082993,-4.9,14.5671015977859));
#5303=CARTESIAN_POINT('',(13.008630448021,-5.,14.4933533668518));
#5304=CARTESIAN_POINT('',(12.7846791082993,-5.,14.5671015977859));
#5305=CARTESIAN_POINT('Ctrl Pts',(13.008630448021,-5.,14.4933533668518));
#5306=CARTESIAN_POINT('Ctrl Pts',(12.9657995004821,-5.,14.4957404976292));
#5307=CARTESIAN_POINT('Ctrl Pts',(12.8843389252388,-5.,14.500280603732));
#5308=CARTESIAN_POINT('Ctrl Pts',(12.8167368576491,-5.,14.5456071705989));
#5309=CARTESIAN_POINT('Ctrl Pts',(12.7846791082993,-5.,14.5671015977859));
#5310=CARTESIAN_POINT('',(13.008630448021,-4.9,14.4933533668518));
#5311=CARTESIAN_POINT('',(13.008630448021,-5.,14.4933533668518));
#5312=CARTESIAN_POINT('',(12.7846791082993,-4.9,14.5671015977859));
#5313=CARTESIAN_POINT('Ctrl Pts',(13.008630448021,-4.9,14.4933533668518));
#5314=CARTESIAN_POINT('Ctrl Pts',(12.9657995004821,-4.9,14.4957404976292));
#5315=CARTESIAN_POINT('Ctrl Pts',(12.8843389252388,-4.9,14.500280603732));
#5316=CARTESIAN_POINT('Ctrl Pts',(12.8167368576491,-4.9,14.5456071705989));
#5317=CARTESIAN_POINT('Ctrl Pts',(12.7846791082993,-4.9,14.5671015977859));
#5318=CARTESIAN_POINT('',(12.7846791082993,-5.,14.5671015977859));
#5319=CARTESIAN_POINT('Ctrl Pts',(13.2772366935387,-5.,14.6246117353439));
#5320=CARTESIAN_POINT('Ctrl Pts',(13.2772366935387,-4.9,14.6246117353439));
#5321=CARTESIAN_POINT('Ctrl Pts',(13.2414252241943,-5.,14.5863307003926));
#5322=CARTESIAN_POINT('Ctrl Pts',(13.2414252241943,-4.9,14.5863307003926));
#5323=CARTESIAN_POINT('Ctrl Pts',(13.1686759191494,-5.,14.5085645896998));
#5324=CARTESIAN_POINT('Ctrl Pts',(13.1686759191494,-4.9,14.5085645896998));
#5325=CARTESIAN_POINT('Ctrl Pts',(13.0625267687471,-5.,14.4984758419801));
#5326=CARTESIAN_POINT('Ctrl Pts',(13.0625267687471,-4.9,14.4984758419801));
#5327=CARTESIAN_POINT('Ctrl Pts',(13.008630448021,-5.,14.4933533668518));
#5328=CARTESIAN_POINT('Ctrl Pts',(13.008630448021,-4.9,14.4933533668518));
#5329=CARTESIAN_POINT('',(13.2772366935387,-5.,14.6246117353439));
#5330=CARTESIAN_POINT('Ctrl Pts',(13.2772366935387,-5.,14.6246117353439));
#5331=CARTESIAN_POINT('Ctrl Pts',(13.2414252241943,-5.,14.5863307003926));
#5332=CARTESIAN_POINT('Ctrl Pts',(13.1686759191494,-5.,14.5085645896998));
#5333=CARTESIAN_POINT('Ctrl Pts',(13.0625267687471,-5.,14.4984758419801));
#5334=CARTESIAN_POINT('Ctrl Pts',(13.008630448021,-5.,14.4933533668518));
#5335=CARTESIAN_POINT('',(13.2772366935387,-4.9,14.6246117353439));
#5336=CARTESIAN_POINT('',(13.2772366935387,-5.,14.6246117353439));
#5337=CARTESIAN_POINT('Ctrl Pts',(13.2772366935387,-4.9,14.6246117353439));
#5338=CARTESIAN_POINT('Ctrl Pts',(13.2414252241943,-4.9,14.5863307003926));
#5339=CARTESIAN_POINT('Ctrl Pts',(13.1686759191494,-4.9,14.5085645896998));
#5340=CARTESIAN_POINT('Ctrl Pts',(13.0625267687471,-4.9,14.4984758419801));
#5341=CARTESIAN_POINT('Ctrl Pts',(13.008630448021,-4.9,14.4933533668518));
#5342=CARTESIAN_POINT('Ctrl Pts',(13.3482785755768,-5.,14.8431502282619));
#5343=CARTESIAN_POINT('Ctrl Pts',(13.3482785755768,-4.9,14.8431502282619));
#5344=CARTESIAN_POINT('Ctrl Pts',(13.3453977171699,-5.,14.8035365511179));
#5345=CARTESIAN_POINT('Ctrl Pts',(13.3453977171699,-4.9,14.8035365511179));
#5346=CARTESIAN_POINT('Ctrl Pts',(13.3396739701625,-5.,14.7248313063702));
#5347=CARTESIAN_POINT('Ctrl Pts',(13.3396739701625,-4.9,14.7248313063702));
#5348=CARTESIAN_POINT('Ctrl Pts',(13.2979568723908,-5.,14.6578701916449));
#5349=CARTESIAN_POINT('Ctrl Pts',(13.2979568723908,-4.9,14.6578701916449));
#5350=CARTESIAN_POINT('Ctrl Pts',(13.2772366935387,-5.,14.6246117353439));
#5351=CARTESIAN_POINT('Ctrl Pts',(13.2772366935387,-4.9,14.6246117353439));
#5352=CARTESIAN_POINT('',(13.3482785755768,-5.,14.8431502282619));
#5353=CARTESIAN_POINT('Ctrl Pts',(13.3482785755768,-5.,14.8431502282619));
#5354=CARTESIAN_POINT('Ctrl Pts',(13.3453977171699,-5.,14.8035365511179));
#5355=CARTESIAN_POINT('Ctrl Pts',(13.3396739701625,-5.,14.7248313063702));
#5356=CARTESIAN_POINT('Ctrl Pts',(13.2979568723908,-5.,14.6578701916449));
#5357=CARTESIAN_POINT('Ctrl Pts',(13.2772366935387,-5.,14.6246117353439));
#5358=CARTESIAN_POINT('',(13.3482785755768,-4.9,14.8431502282619));
#5359=CARTESIAN_POINT('',(13.3482785755768,-5.,14.8431502282619));
#5360=CARTESIAN_POINT('Ctrl Pts',(13.3482785755768,-4.9,14.8431502282619));
#5361=CARTESIAN_POINT('Ctrl Pts',(13.3453977171699,-4.9,14.8035365511179));
#5362=CARTESIAN_POINT('Ctrl Pts',(13.3396739701625,-4.9,14.7248313063702));
#5363=CARTESIAN_POINT('Ctrl Pts',(13.2979568723908,-4.9,14.6578701916449));
#5364=CARTESIAN_POINT('Ctrl Pts',(13.2772366935387,-4.9,14.6246117353439));
#5365=CARTESIAN_POINT('Ctrl Pts',(13.2603217894211,-5.,15.0819864869118));
#5366=CARTESIAN_POINT('Ctrl Pts',(13.2603217894211,-4.9,15.0819864869118));
#5367=CARTESIAN_POINT('Ctrl Pts',(13.2859646489758,-5.,15.0481260547501));
#5368=CARTESIAN_POINT('Ctrl Pts',(13.2859646489758,-4.9,15.0481260547501));
#5369=CARTESIAN_POINT('Ctrl Pts',(13.3393725341109,-5.,14.9776029499592));
#5370=CARTESIAN_POINT('Ctrl Pts',(13.3393725341109,-4.9,14.9776029499592));
#5371=CARTESIAN_POINT('Ctrl Pts',(13.345232282584,-5.,14.88913950257));
#5372=CARTESIAN_POINT('Ctrl Pts',(13.345232282584,-4.9,14.88913950257));
#5373=CARTESIAN_POINT('Ctrl Pts',(13.3482785755768,-5.,14.8431502282619));
#5374=CARTESIAN_POINT('Ctrl Pts',(13.3482785755768,-4.9,14.8431502282619));
#5375=CARTESIAN_POINT('',(13.2603217894211,-5.,15.0819864869118));
#5376=CARTESIAN_POINT('Ctrl Pts',(13.2603217894211,-5.,15.0819864869118));
#5377=CARTESIAN_POINT('Ctrl Pts',(13.2859646489758,-5.,15.0481260547501));
#5378=CARTESIAN_POINT('Ctrl Pts',(13.3393725341109,-5.,14.9776029499592));
#5379=CARTESIAN_POINT('Ctrl Pts',(13.345232282584,-5.,14.88913950257));
#5380=CARTESIAN_POINT('Ctrl Pts',(13.3482785755768,-5.,14.8431502282619));
#5381=CARTESIAN_POINT('',(13.2603217894211,-4.9,15.0819864869118));
#5382=CARTESIAN_POINT('',(13.2603217894211,-5.,15.0819864869118));
#5383=CARTESIAN_POINT('Ctrl Pts',(13.2603217894211,-4.9,15.0819864869118));
#5384=CARTESIAN_POINT('Ctrl Pts',(13.2859646489758,-4.9,15.0481260547501));
#5385=CARTESIAN_POINT('Ctrl Pts',(13.3393725341109,-4.9,14.9776029499592));
#5386=CARTESIAN_POINT('Ctrl Pts',(13.345232282584,-4.9,14.88913950257));
#5387=CARTESIAN_POINT('Ctrl Pts',(13.3482785755768,-4.9,14.8431502282619));
#5388=CARTESIAN_POINT('Ctrl Pts',(13.0458428198472,-5.,15.1740026473999));
#5389=CARTESIAN_POINT('Ctrl Pts',(13.0458428198472,-4.9,15.1740026473999));
#5390=CARTESIAN_POINT('Ctrl Pts',(13.086435166219,-5.,15.1701423881304));
#5391=CARTESIAN_POINT('Ctrl Pts',(13.086435166219,-4.9,15.1701423881304));
#5392=CARTESIAN_POINT('Ctrl Pts',(13.1677592318225,-5.,15.1624086154827));
#5393=CARTESIAN_POINT('Ctrl Pts',(13.1677592318225,-4.9,15.1624086154827));
#5394=CARTESIAN_POINT('Ctrl Pts',(13.2294323718277,-5.,15.1088244738649));
#5395=CARTESIAN_POINT('Ctrl Pts',(13.2294323718277,-4.9,15.1088244738649));
#5396=CARTESIAN_POINT('Ctrl Pts',(13.2603217894211,-5.,15.0819864869118));
#5397=CARTESIAN_POINT('Ctrl Pts',(13.2603217894211,-4.9,15.0819864869118));
#5398=CARTESIAN_POINT('',(13.0458428198472,-5.,15.1740026473999));
#5399=CARTESIAN_POINT('Ctrl Pts',(13.0458428198472,-5.,15.1740026473999));
#5400=CARTESIAN_POINT('Ctrl Pts',(13.086435166219,-5.,15.1701423881304));
#5401=CARTESIAN_POINT('Ctrl Pts',(13.1677592318225,-5.,15.1624086154827));
#5402=CARTESIAN_POINT('Ctrl Pts',(13.2294323718277,-5.,15.1088244738649));
#5403=CARTESIAN_POINT('Ctrl Pts',(13.2603217894211,-5.,15.0819864869118));
#5404=CARTESIAN_POINT('',(13.0458428198472,-4.9,15.1740026473999));
#5405=CARTESIAN_POINT('',(13.0458428198472,-5.,15.1740026473999));
#5406=CARTESIAN_POINT('Ctrl Pts',(13.0458428198472,-4.9,15.1740026473999));
#5407=CARTESIAN_POINT('Ctrl Pts',(13.086435166219,-4.9,15.1701423881304));
#5408=CARTESIAN_POINT('Ctrl Pts',(13.1677592318225,-4.9,15.1624086154827));
#5409=CARTESIAN_POINT('Ctrl Pts',(13.2294323718277,-4.9,15.1088244738649));
#5410=CARTESIAN_POINT('Ctrl Pts',(13.2603217894211,-4.9,15.0819864869118));
#5411=CARTESIAN_POINT('Ctrl Pts',(12.9159377748147,-5.,15.1422029733658));
#5412=CARTESIAN_POINT('Ctrl Pts',(12.9159377748147,-4.9,15.1422029733658));
#5413=CARTESIAN_POINT('Ctrl Pts',(12.9370419427338,-5.,15.1514769856328));
#5414=CARTESIAN_POINT('Ctrl Pts',(12.9370419427338,-4.9,15.1514769856328));
#5415=CARTESIAN_POINT('Ctrl Pts',(12.9784963886269,-5.,15.1696937208866));
#5416=CARTESIAN_POINT('Ctrl Pts',(12.9784963886269,-4.9,15.1696937208866));
#5417=CARTESIAN_POINT('Ctrl Pts',(13.0236678385491,-5.,15.1725838585626));
#5418=CARTESIAN_POINT('Ctrl Pts',(13.0236678385491,-4.9,15.1725838585626));
#5419=CARTESIAN_POINT('Ctrl Pts',(13.0458428198472,-5.,15.1740026473999));
#5420=CARTESIAN_POINT('Ctrl Pts',(13.0458428198472,-4.9,15.1740026473999));
#5421=CARTESIAN_POINT('',(12.9159377748147,-5.,15.1422029733658));
#5422=CARTESIAN_POINT('Ctrl Pts',(12.9159377748147,-5.,15.1422029733658));
#5423=CARTESIAN_POINT('Ctrl Pts',(12.9370419427338,-5.,15.1514769856328));
#5424=CARTESIAN_POINT('Ctrl Pts',(12.9784963886269,-5.,15.1696937208866));
#5425=CARTESIAN_POINT('Ctrl Pts',(13.0236678385491,-5.,15.1725838585626));
#5426=CARTESIAN_POINT('Ctrl Pts',(13.0458428198472,-5.,15.1740026473999));
#5427=CARTESIAN_POINT('',(12.9159377748147,-4.9,15.1422029733658));
#5428=CARTESIAN_POINT('',(12.9159377748147,-5.,15.1422029733658));
#5429=CARTESIAN_POINT('Ctrl Pts',(12.9159377748147,-4.9,15.1422029733658));
#5430=CARTESIAN_POINT('Ctrl Pts',(12.9370419427338,-4.9,15.1514769856328));
#5431=CARTESIAN_POINT('Ctrl Pts',(12.9784963886269,-4.9,15.1696937208866));
#5432=CARTESIAN_POINT('Ctrl Pts',(13.0236678385491,-4.9,15.1725838585626));
#5433=CARTESIAN_POINT('Ctrl Pts',(13.0458428198472,-4.9,15.1740026473999));
#5434=CARTESIAN_POINT('Origin',(12.945707612671,-5.,15.3106740117073));
#5435=CARTESIAN_POINT('',(12.945707612671,-5.,15.3106740117073));
#5436=CARTESIAN_POINT('',(12.4916390686343,-5.,12.7410463415349));
#5437=CARTESIAN_POINT('',(12.945707612671,-4.9,15.3106740117073));
#5438=CARTESIAN_POINT('',(12.945707612671,-5.,15.3106740117073));
#5439=CARTESIAN_POINT('',(12.945707612671,-4.9,15.3106740117073));
#5440=CARTESIAN_POINT('Origin',(13.304300182499,-5.,15.3106740117073));
#5441=CARTESIAN_POINT('',(13.304300182499,-5.,15.3106740117073));
#5442=CARTESIAN_POINT('',(17.6485881362245,-5.,15.3106740117073));
#5443=CARTESIAN_POINT('',(13.304300182499,-4.9,15.3106740117073));
#5444=CARTESIAN_POINT('',(13.304300182499,-5.,15.3106740117073));
#5445=CARTESIAN_POINT('',(13.304300182499,-4.9,15.3106740117073));
#5446=CARTESIAN_POINT('Origin',(13.304300182499,-5.,15.4886171221733));
#5447=CARTESIAN_POINT('',(13.304300182499,-5.,15.4886171221733));
#5448=CARTESIAN_POINT('',(13.304300182499,-5.,11.9504369450271));
#5449=CARTESIAN_POINT('',(13.304300182499,-4.9,15.4886171221733));
#5450=CARTESIAN_POINT('',(13.304300182499,-5.,15.4886171221733));
#5451=CARTESIAN_POINT('',(13.304300182499,-4.9,15.4886171221733));
#5452=CARTESIAN_POINT('Origin',(12.8015940124169,-5.,15.4886171221733));
#5453=CARTESIAN_POINT('',(12.8015940124169,-5.,15.4886171221733));
#5454=CARTESIAN_POINT('',(17.3972350511835,-5.,15.4886171221733));
#5455=CARTESIAN_POINT('',(12.8015940124169,-4.9,15.4886171221733));
#5456=CARTESIAN_POINT('',(12.8015940124169,-5.,15.4886171221733));
#5457=CARTESIAN_POINT('',(12.8015940124169,-4.9,15.4886171221733));
#5458=CARTESIAN_POINT('Origin',(12.7041648561135,-5.,14.9723789095879));
#5459=CARTESIAN_POINT('',(12.7041648561135,-5.,14.9723789095879));
#5460=CARTESIAN_POINT('',(12.2661492466833,-5.,12.6515090193405));
#5461=CARTESIAN_POINT('',(12.7041648561135,-4.9,14.9723789095879));
#5462=CARTESIAN_POINT('',(12.7041648561135,-5.,14.9723789095879));
#5463=CARTESIAN_POINT('',(12.7041648561135,-4.9,14.9723789095879));
#5464=CARTESIAN_POINT('Origin',(12.8584273392335,-5.,14.9500514566898));
#5465=CARTESIAN_POINT('',(12.8584273392335,-5.,14.9500514566898));
#5466=CARTESIAN_POINT('',(17.7953588911422,-5.,14.2354959506677));
#5467=CARTESIAN_POINT('',(12.8584273392335,-4.9,14.9500514566898));
#5468=CARTESIAN_POINT('',(12.8584273392335,-5.,14.9500514566898));
#5469=CARTESIAN_POINT('',(12.8584273392335,-4.9,14.9500514566898));
#5470=CARTESIAN_POINT('Ctrl Pts',(13.0052475864068,-5.,15.022446513176));
#5471=CARTESIAN_POINT('Ctrl Pts',(13.0052475864068,-4.9,15.022446513176));
#5472=CARTESIAN_POINT('Ctrl Pts',(12.9781850743344,-5.,15.0188797476272));
#5473=CARTESIAN_POINT('Ctrl Pts',(12.9781850743344,-4.9,15.0188797476272));
#5474=CARTESIAN_POINT('Ctrl Pts',(12.9212684819373,-5.,15.0113782954202));
#5475=CARTESIAN_POINT('Ctrl Pts',(12.9212684819373,-4.9,15.0113782954202));
#5476=CARTESIAN_POINT('Ctrl Pts',(12.8800482909114,-5.,14.9711514010845));
#5477=CARTESIAN_POINT('Ctrl Pts',(12.8800482909114,-4.9,14.9711514010845));
#5478=CARTESIAN_POINT('Ctrl Pts',(12.8584273392335,-5.,14.9500514566898));
#5479=CARTESIAN_POINT('Ctrl Pts',(12.8584273392335,-4.9,14.9500514566898));
#5480=CARTESIAN_POINT('',(13.0052475864068,-5.,15.022446513176));
#5481=CARTESIAN_POINT('Ctrl Pts',(13.0052475864068,-5.,15.022446513176));
#5482=CARTESIAN_POINT('Ctrl Pts',(12.9781850743344,-5.,15.0188797476272));
#5483=CARTESIAN_POINT('Ctrl Pts',(12.9212684819373,-5.,15.0113782954202));
#5484=CARTESIAN_POINT('Ctrl Pts',(12.8800482909114,-5.,14.9711514010845));
#5485=CARTESIAN_POINT('Ctrl Pts',(12.8584273392335,-5.,14.9500514566898));
#5486=CARTESIAN_POINT('',(13.0052475864068,-4.9,15.022446513176));
#5487=CARTESIAN_POINT('',(13.0052475864068,-5.,15.022446513176));
#5488=CARTESIAN_POINT('Ctrl Pts',(13.0052475864068,-4.9,15.022446513176));
#5489=CARTESIAN_POINT('Ctrl Pts',(12.9781850743344,-4.9,15.0188797476272));
#5490=CARTESIAN_POINT('Ctrl Pts',(12.9212684819373,-4.9,15.0113782954202));
#5491=CARTESIAN_POINT('Ctrl Pts',(12.8800482909114,-4.9,14.9711514010845));
#5492=CARTESIAN_POINT('Ctrl Pts',(12.8584273392335,-4.9,14.9500514566898));
#5493=CARTESIAN_POINT('Ctrl Pts',(13.1118105584756,-5.,14.9767768383026));
#5494=CARTESIAN_POINT('Ctrl Pts',(13.1118105584756,-4.9,14.9767768383026));
#5495=CARTESIAN_POINT('Ctrl Pts',(13.0969326714838,-5.,14.9900957630297));
#5496=CARTESIAN_POINT('Ctrl Pts',(13.0969326714838,-4.9,14.9900957630297));
#5497=CARTESIAN_POINT('Ctrl Pts',(13.0665899392027,-5.,15.0172590670318));
#5498=CARTESIAN_POINT('Ctrl Pts',(13.0665899392027,-4.9,15.0172590670318));
#5499=CARTESIAN_POINT('Ctrl Pts',(13.0259570420468,-5.,15.0206952079046));
#5500=CARTESIAN_POINT('Ctrl Pts',(13.0259570420468,-4.9,15.0206952079046));
#5501=CARTESIAN_POINT('Ctrl Pts',(13.0052475864068,-5.,15.022446513176));
#5502=CARTESIAN_POINT('Ctrl Pts',(13.0052475864068,-4.9,15.022446513176));
#5503=CARTESIAN_POINT('',(13.1118105584756,-5.,14.9767768383026));
#5504=CARTESIAN_POINT('Ctrl Pts',(13.1118105584756,-5.,14.9767768383026));
#5505=CARTESIAN_POINT('Ctrl Pts',(13.0969326714838,-5.,14.9900957630297));
#5506=CARTESIAN_POINT('Ctrl Pts',(13.0665899392027,-5.,15.0172590670318));
#5507=CARTESIAN_POINT('Ctrl Pts',(13.0259570420468,-5.,15.0206952079046));
#5508=CARTESIAN_POINT('Ctrl Pts',(13.0052475864068,-5.,15.022446513176));
#5509=CARTESIAN_POINT('',(13.1118105584756,-4.9,14.9767768383026));
#5510=CARTESIAN_POINT('',(13.1118105584756,-5.,14.9767768383026));
#5511=CARTESIAN_POINT('Ctrl Pts',(13.1118105584756,-4.9,14.9767768383026));
#5512=CARTESIAN_POINT('Ctrl Pts',(13.0969326714838,-4.9,14.9900957630297));
#5513=CARTESIAN_POINT('Ctrl Pts',(13.0665899392027,-4.9,15.0172590670318));
#5514=CARTESIAN_POINT('Ctrl Pts',(13.0259570420468,-4.9,15.0206952079046));
#5515=CARTESIAN_POINT('Ctrl Pts',(13.0052475864068,-4.9,15.022446513176));
#5516=CARTESIAN_POINT('Ctrl Pts',(13.1527440482751,-5.,14.8397672176361));
#5517=CARTESIAN_POINT('Ctrl Pts',(13.1527440482751,-4.9,14.8397672176361));
#5518=CARTESIAN_POINT('Ctrl Pts',(13.1519126563477,-5.,14.8672353808567));
#5519=CARTESIAN_POINT('Ctrl Pts',(13.1519126563477,-4.9,14.8672353808567));
#5520=CARTESIAN_POINT('Ctrl Pts',(13.1504124461835,-5.,14.9168004732038));
#5521=CARTESIAN_POINT('Ctrl Pts',(13.1504124461835,-4.9,14.9168004732038));
#5522=CARTESIAN_POINT('Ctrl Pts',(13.1237134208187,-5.,14.9582831723189));
#5523=CARTESIAN_POINT('Ctrl Pts',(13.1237134208187,-4.9,14.9582831723189));
#5524=CARTESIAN_POINT('Ctrl Pts',(13.1118105584756,-5.,14.9767768383026));
#5525=CARTESIAN_POINT('Ctrl Pts',(13.1118105584756,-4.9,14.9767768383026));
#5526=CARTESIAN_POINT('',(13.1527440482751,-5.,14.8397672176361));
#5527=CARTESIAN_POINT('Ctrl Pts',(13.1527440482751,-5.,14.8397672176361));
#5528=CARTESIAN_POINT('Ctrl Pts',(13.1519126563477,-5.,14.8672353808567));
#5529=CARTESIAN_POINT('Ctrl Pts',(13.1504124461835,-5.,14.9168004732038));
#5530=CARTESIAN_POINT('Ctrl Pts',(13.1237134208187,-5.,14.9582831723189));
#5531=CARTESIAN_POINT('Ctrl Pts',(13.1118105584756,-5.,14.9767768383026));
#5532=CARTESIAN_POINT('',(13.1527440482751,-4.9,14.8397672176361));
#5533=CARTESIAN_POINT('',(13.1527440482751,-5.,14.8397672176361));
#5534=CARTESIAN_POINT('Ctrl Pts',(13.1527440482751,-4.9,14.8397672176361));
#5535=CARTESIAN_POINT('Ctrl Pts',(13.1519126563477,-4.9,14.8672353808567));
#5536=CARTESIAN_POINT('Ctrl Pts',(13.1504124461835,-4.9,14.9168004732038));
#5537=CARTESIAN_POINT('Ctrl Pts',(13.1237134208187,-4.9,14.9582831723189));
#5538=CARTESIAN_POINT('Ctrl Pts',(13.1118105584756,-4.9,14.9767768383026));
#5539=CARTESIAN_POINT('Ctrl Pts',(13.1114723021165,-5.,14.6939620375633));
#5540=CARTESIAN_POINT('Ctrl Pts',(13.1114723021165,-4.9,14.6939620375633));
#5541=CARTESIAN_POINT('Ctrl Pts',(13.1234689529963,-5.,14.7136628069641));
#5542=CARTESIAN_POINT('Ctrl Pts',(13.1234689529963,-4.9,14.7136628069641));
#5543=CARTESIAN_POINT('Ctrl Pts',(13.1505820333032,-5.,14.7581876121135));
#5544=CARTESIAN_POINT('Ctrl Pts',(13.1505820333032,-4.9,14.7581876121135));
#5545=CARTESIAN_POINT('Ctrl Pts',(13.1519701357445,-5.,14.8105650706697));
#5546=CARTESIAN_POINT('Ctrl Pts',(13.1519701357445,-4.9,14.8105650706697));
#5547=CARTESIAN_POINT('Ctrl Pts',(13.1527440482751,-5.,14.8397672176361));
#5548=CARTESIAN_POINT('Ctrl Pts',(13.1527440482751,-4.9,14.8397672176361));
#5549=CARTESIAN_POINT('',(13.1114723021165,-5.,14.6939620375633));
#5550=CARTESIAN_POINT('Ctrl Pts',(13.1114723021165,-5.,14.6939620375633));
#5551=CARTESIAN_POINT('Ctrl Pts',(13.1234689529963,-5.,14.7136628069641));
#5552=CARTESIAN_POINT('Ctrl Pts',(13.1505820333032,-5.,14.7581876121135));
#5553=CARTESIAN_POINT('Ctrl Pts',(13.1519701357445,-5.,14.8105650706697));
#5554=CARTESIAN_POINT('Ctrl Pts',(13.1527440482751,-5.,14.8397672176361));
#5555=CARTESIAN_POINT('',(13.1114723021165,-4.9,14.6939620375633));
#5556=CARTESIAN_POINT('',(13.1114723021165,-5.,14.6939620375633));
#5557=CARTESIAN_POINT('Ctrl Pts',(13.1114723021165,-4.9,14.6939620375633));
#5558=CARTESIAN_POINT('Ctrl Pts',(13.1234689529963,-4.9,14.7136628069641));
#5559=CARTESIAN_POINT('Ctrl Pts',(13.1505820333032,-4.9,14.7581876121135));
#5560=CARTESIAN_POINT('Ctrl Pts',(13.1519701357445,-4.9,14.8105650706697));
#5561=CARTESIAN_POINT('Ctrl Pts',(13.1527440482751,-4.9,14.8397672176361));
#5562=CARTESIAN_POINT('Ctrl Pts',(13.0106602841988,-5.,14.6455860137939));
#5563=CARTESIAN_POINT('Ctrl Pts',(13.0106602841988,-4.9,14.6455860137939));
#5564=CARTESIAN_POINT('Ctrl Pts',(13.0298706699546,-5.,14.6477501095641));
#5565=CARTESIAN_POINT('Ctrl Pts',(13.0298706699546,-4.9,14.6477501095641));
#5566=CARTESIAN_POINT('Ctrl Pts',(13.0690328759902,-5.,14.6521618254719));
#5567=CARTESIAN_POINT('Ctrl Pts',(13.0690328759902,-4.9,14.6521618254719));
#5568=CARTESIAN_POINT('Ctrl Pts',(13.0971483953277,-5.,14.6798538745555));
#5569=CARTESIAN_POINT('Ctrl Pts',(13.0971483953277,-4.9,14.6798538745555));
#5570=CARTESIAN_POINT('Ctrl Pts',(13.1114723021165,-5.,14.6939620375633));
#5571=CARTESIAN_POINT('Ctrl Pts',(13.1114723021165,-4.9,14.6939620375633));
#5572=CARTESIAN_POINT('',(13.0106602841988,-5.,14.6455860137939));
#5573=CARTESIAN_POINT('Ctrl Pts',(13.0106602841988,-5.,14.6455860137939));
#5574=CARTESIAN_POINT('Ctrl Pts',(13.0298706699546,-5.,14.6477501095641));
#5575=CARTESIAN_POINT('Ctrl Pts',(13.0690328759902,-5.,14.6521618254719));
#5576=CARTESIAN_POINT('Ctrl Pts',(13.0971483953277,-5.,14.6798538745555));
#5577=CARTESIAN_POINT('Ctrl Pts',(13.1114723021165,-5.,14.6939620375633));
#5578=CARTESIAN_POINT('',(13.0106602841988,-4.9,14.6455860137939));
#5579=CARTESIAN_POINT('',(13.0106602841988,-5.,14.6455860137939));
#5580=CARTESIAN_POINT('Ctrl Pts',(13.0106602841988,-4.9,14.6455860137939));
#5581=CARTESIAN_POINT('Ctrl Pts',(13.0298706699546,-4.9,14.6477501095641));
#5582=CARTESIAN_POINT('Ctrl Pts',(13.0690328759902,-4.9,14.6521618254719));
#5583=CARTESIAN_POINT('Ctrl Pts',(13.0971483953277,-4.9,14.6798538745555));
#5584=CARTESIAN_POINT('Ctrl Pts',(13.1114723021165,-4.9,14.6939620375633));
#5585=CARTESIAN_POINT('Ctrl Pts',(12.9186441237107,-5.,14.6831366419792));
#5586=CARTESIAN_POINT('Ctrl Pts',(12.9186441237107,-4.9,14.6831366419792));
#5587=CARTESIAN_POINT('Ctrl Pts',(12.9323320863921,-5.,14.6721850436604));
#5588=CARTESIAN_POINT('Ctrl Pts',(12.9323320863921,-4.9,14.6721850436604));
#5589=CARTESIAN_POINT('Ctrl Pts',(12.9593274933662,-5.,14.6505862958764));
#5590=CARTESIAN_POINT('Ctrl Pts',(12.9593274933662,-4.9,14.6505862958764));
#5591=CARTESIAN_POINT('Ctrl Pts',(12.9937109063528,-5.,14.6472370378076));
#5592=CARTESIAN_POINT('Ctrl Pts',(12.9937109063528,-4.9,14.6472370378076));
#5593=CARTESIAN_POINT('Ctrl Pts',(13.0106602841988,-5.,14.6455860137939));
#5594=CARTESIAN_POINT('Ctrl Pts',(13.0106602841988,-4.9,14.6455860137939));
#5595=CARTESIAN_POINT('',(12.9186441237107,-5.,14.6831366419792));
#5596=CARTESIAN_POINT('Ctrl Pts',(12.9186441237107,-5.,14.6831366419792));
#5597=CARTESIAN_POINT('Ctrl Pts',(12.9323320863921,-5.,14.6721850436604));
#5598=CARTESIAN_POINT('Ctrl Pts',(12.9593274933662,-5.,14.6505862958764));
#5599=CARTESIAN_POINT('Ctrl Pts',(12.9937109063528,-5.,14.6472370378076));
#5600=CARTESIAN_POINT('Ctrl Pts',(13.0106602841988,-5.,14.6455860137939));
#5601=CARTESIAN_POINT('',(12.9186441237107,-4.9,14.6831366419792));
#5602=CARTESIAN_POINT('',(12.9186441237107,-5.,14.6831366419792));
#5603=CARTESIAN_POINT('Ctrl Pts',(12.9186441237107,-4.9,14.6831366419792));
#5604=CARTESIAN_POINT('Ctrl Pts',(12.9323320863921,-4.9,14.6721850436604));
#5605=CARTESIAN_POINT('Ctrl Pts',(12.9593274933662,-4.9,14.6505862958764));
#5606=CARTESIAN_POINT('Ctrl Pts',(12.9937109063528,-4.9,14.6472370378076));
#5607=CARTESIAN_POINT('Ctrl Pts',(13.0106602841988,-4.9,14.6455860137939));
#5608=CARTESIAN_POINT('Ctrl Pts',(12.8706060582772,-5.,14.7849634289742));
#5609=CARTESIAN_POINT('Ctrl Pts',(12.8706060582772,-4.9,14.7849634289742));
#5610=CARTESIAN_POINT('Ctrl Pts',(12.8743105956615,-5.,14.7649693614978));
#5611=CARTESIAN_POINT('Ctrl Pts',(12.8743105956615,-4.9,14.7649693614978));
#5612=CARTESIAN_POINT('Ctrl Pts',(12.8813963332269,-5.,14.7267263367141));
#5613=CARTESIAN_POINT('Ctrl Pts',(12.8813963332269,-4.9,14.7267263367141));
#5614=CARTESIAN_POINT('Ctrl Pts',(12.9066117376416,-5.,14.6972176929321));
#5615=CARTESIAN_POINT('Ctrl Pts',(12.9066117376416,-4.9,14.6972176929321));
#5616=CARTESIAN_POINT('Ctrl Pts',(12.9186441237107,-5.,14.6831366419792));
#5617=CARTESIAN_POINT('Ctrl Pts',(12.9186441237107,-4.9,14.6831366419792));
#5618=CARTESIAN_POINT('',(12.8706060582772,-5.,14.7849634289742));
#5619=CARTESIAN_POINT('Ctrl Pts',(12.8706060582772,-5.,14.7849634289742));
#5620=CARTESIAN_POINT('Ctrl Pts',(12.8743105956615,-5.,14.7649693614978));
#5621=CARTESIAN_POINT('Ctrl Pts',(12.8813963332269,-5.,14.7267263367141));
#5622=CARTESIAN_POINT('Ctrl Pts',(12.9066117376416,-5.,14.6972176929321));
#5623=CARTESIAN_POINT('Ctrl Pts',(12.9186441237107,-5.,14.6831366419792));
#5624=CARTESIAN_POINT('',(12.8706060582772,-4.9,14.7849634289742));
#5625=CARTESIAN_POINT('',(12.8706060582772,-5.,14.7849634289742));
#5626=CARTESIAN_POINT('Ctrl Pts',(12.8706060582772,-4.9,14.7849634289742));
#5627=CARTESIAN_POINT('Ctrl Pts',(12.8743105956615,-4.9,14.7649693614978));
#5628=CARTESIAN_POINT('Ctrl Pts',(12.8813963332269,-4.9,14.7267263367141));
#5629=CARTESIAN_POINT('Ctrl Pts',(12.9066117376416,-4.9,14.6972176929321));
#5630=CARTESIAN_POINT('Ctrl Pts',(12.9186441237107,-4.9,14.6831366419792));
#5631=CARTESIAN_POINT('Origin',(12.6811610395089,-5.,14.7653424739838));
#5632=CARTESIAN_POINT('',(12.6811610395089,-5.,14.7653424739838));
#5633=CARTESIAN_POINT('',(16.9621005923274,-5.,15.2087224204639));
#5634=CARTESIAN_POINT('',(12.6811610395089,-4.9,14.7653424739838));
#5635=CARTESIAN_POINT('',(12.6811610395089,-5.,14.7653424739838));
#5636=CARTESIAN_POINT('',(12.6811610395089,-4.9,14.7653424739838));
#5637=CARTESIAN_POINT('Ctrl Pts',(12.7846791082993,-5.,14.5671015977859));
#5638=CARTESIAN_POINT('Ctrl Pts',(12.7846791082993,-4.9,14.5671015977859));
#5639=CARTESIAN_POINT('Ctrl Pts',(12.7586461125686,-5.,14.594340957623));
#5640=CARTESIAN_POINT('Ctrl Pts',(12.7586461125686,-4.9,14.594340957623));
#5641=CARTESIAN_POINT('Ctrl Pts',(12.7051106570055,-5.,14.6503572360877));
#5642=CARTESIAN_POINT('Ctrl Pts',(12.7051106570055,-4.9,14.6503572360877));
#5643=CARTESIAN_POINT('Ctrl Pts',(12.6892890051653,-5.,14.7263190505514));
#5644=CARTESIAN_POINT('Ctrl Pts',(12.6892890051653,-4.9,14.7263190505514));
#5645=CARTESIAN_POINT('Ctrl Pts',(12.6811610395089,-5.,14.7653424739838));
#5646=CARTESIAN_POINT('Ctrl Pts',(12.6811610395089,-4.9,14.7653424739838));
#5647=CARTESIAN_POINT('Ctrl Pts',(12.7846791082993,-5.,14.5671015977859));
#5648=CARTESIAN_POINT('Ctrl Pts',(12.7586461125686,-5.,14.594340957623));
#5649=CARTESIAN_POINT('Ctrl Pts',(12.7051106570055,-5.,14.6503572360877));
#5650=CARTESIAN_POINT('Ctrl Pts',(12.6892890051653,-5.,14.7263190505514));
#5651=CARTESIAN_POINT('Ctrl Pts',(12.6811610395089,-5.,14.7653424739838));
#5652=CARTESIAN_POINT('Ctrl Pts',(12.7846791082993,-4.9,14.5671015977859));
#5653=CARTESIAN_POINT('Ctrl Pts',(12.7586461125686,-4.9,14.594340957623));
#5654=CARTESIAN_POINT('Ctrl Pts',(12.7051106570055,-4.9,14.6503572360877));
#5655=CARTESIAN_POINT('Ctrl Pts',(12.6892890051653,-4.9,14.7263190505514));
#5656=CARTESIAN_POINT('Ctrl Pts',(12.6811610395089,-4.9,14.7653424739838));
#5657=CARTESIAN_POINT('Origin',(14.9930691951886,-4.9,14.9997809529305));
#5658=CARTESIAN_POINT('Origin',(21.9928760899501,-5.,8.41225676788088));
#5659=CARTESIAN_POINT('Origin',(14.8428760899501,1.6,4.66225676788088));
#5660=CARTESIAN_POINT('',(14.8428760899501,0.,-0.587743232119119));
#5661=CARTESIAN_POINT('',(16.4397480322172,1.5,0.912256767880881));
#5662=CARTESIAN_POINT('Ctrl Pts',(16.4397480322172,1.5,0.912256767880881));
#5663=CARTESIAN_POINT('Ctrl Pts',(16.4332020710487,1.39546938274775,0.912256767880881));
#5664=CARTESIAN_POINT('Ctrl Pts',(16.4161636732625,1.29050877902055,0.901169858012571));
#5665=CARTESIAN_POINT('Ctrl Pts',(16.3622017659261,1.0874551787246,0.858147113377249));
#5666=CARTESIAN_POINT('Ctrl Pts',(16.325274884188,0.989364818205963,0.826203067410664));
#5667=CARTESIAN_POINT('Ctrl Pts',(16.1911271787235,0.714706548347669,0.705811388119991));
#5668=CARTESIAN_POINT('Ctrl Pts',(16.0693467571188,0.55810643873552,0.591683550176043));
#5669=CARTESIAN_POINT('Ctrl Pts',(15.7912799278996,0.294260225406708,0.327837336847231));
#5670=CARTESIAN_POINT('Ctrl Pts',(15.6086955860339,0.180328668313645,0.152447789783272));
#5671=CARTESIAN_POINT('Ctrl Pts',(15.226413797881,0.0332055244855561,-0.216355059676451));
#5672=CARTESIAN_POINT('Ctrl Pts',(15.0267053093549,-2.75497311580325E-16,
-0.409751355793871));
#5673=CARTESIAN_POINT('Ctrl Pts',(14.8428760899501,-2.77555756156289E-16,
-0.587743232119119));
#5674=CARTESIAN_POINT('',(14.8428760899501,0.,17.4122567678809));
#5675=CARTESIAN_POINT('',(14.8428760899501,0.,4.66225676788088));
#5676=CARTESIAN_POINT('',(16.4397480322172,1.5,15.9122567678809));
#5677=CARTESIAN_POINT('Ctrl Pts',(14.8428760899501,0.,17.4122567678809));
#5678=CARTESIAN_POINT('Ctrl Pts',(15.0415720442577,0.,17.2198702373828));
#5679=CARTESIAN_POINT('Ctrl Pts',(15.2569719767314,0.0387181627300283,17.0112718608167));
#5680=CARTESIAN_POINT('Ctrl Pts',(15.6656039193401,0.20996567407832,16.6173071574398));
#5681=CARTESIAN_POINT('Ctrl Pts',(15.858893104107,0.342256113799307,16.4318963251411));
#5682=CARTESIAN_POINT('Ctrl Pts',(16.1248021354789,0.629523598593773,16.1809317078478));
#5683=CARTESIAN_POINT('Ctrl Pts',(16.2286890083389,0.778807769801065,16.0842945503045));
#5684=CARTESIAN_POINT('Ctrl Pts',(16.3804930621153,1.11982461303007,15.949701224924));
#5685=CARTESIAN_POINT('Ctrl Pts',(16.4279721242306,1.31195382941395,15.9122567678809));
#5686=CARTESIAN_POINT('Ctrl Pts',(16.4397480322172,1.5,15.9122567678809));
#5687=CARTESIAN_POINT('',(16.4428760899501,1.6,15.9122567678809));
#5688=CARTESIAN_POINT('Origin',(14.8428760899501,1.6,15.9122567678809));
#5689=CARTESIAN_POINT('',(16.4428760899501,1.6,0.912256767880881));
#5690=CARTESIAN_POINT('',(16.4428760899501,1.6,4.66225676788088));
#5691=CARTESIAN_POINT('Origin',(14.8428760899501,1.6,0.912256767880881));
#5692=CARTESIAN_POINT('Origin',(16.4428760899501,0.,0.912256767880881));
#5693=CARTESIAN_POINT('',(16.4428760899501,10.5,15.9122567678809));
#5694=CARTESIAN_POINT('',(16.4428760899501,0.,15.9122567678809));
#5695=CARTESIAN_POINT('',(16.4428760899501,10.5,0.912256767880881));
#5696=CARTESIAN_POINT('Origin',(16.4428760899501,10.5,8.41225676788088));
#5697=CARTESIAN_POINT('',(16.4428760899501,0.,0.912256767880881));
#5698=CARTESIAN_POINT('',(16.4428760899501,11.,10.0122567678809));
#5699=CARTESIAN_POINT('Origin',(16.4428760899501,11.,8.41225676788088));
#5700=CARTESIAN_POINT('Origin',(5.79287608995009,1.59687194226713,-3.58774323211912));
#5701=CARTESIAN_POINT('',(7.38994084342798,1.5,15.9122567678809));
#5702=CARTESIAN_POINT('',(7.39287608995009,1.59687194226713,15.9122567678809));
#5703=CARTESIAN_POINT('Origin',(5.79287608995009,1.59687194226713,15.9122567678809));
#5704=CARTESIAN_POINT('',(7.39287608995009,1.59687194226713,0.912256767880881));
#5705=CARTESIAN_POINT('',(7.39287608995009,1.59687194226713,-3.58774323211912));
#5706=CARTESIAN_POINT('',(7.38994084342798,1.5,0.912256767880881));
#5707=CARTESIAN_POINT('Origin',(5.79287608995009,1.59687194226713,0.912256767880881));
#5708=CARTESIAN_POINT('',(5.8928760899501,0.,-0.587743232119119));
#5709=CARTESIAN_POINT('Ctrl Pts',(7.38994084342798,1.5,0.912256767880881));
#5710=CARTESIAN_POINT('Ctrl Pts',(7.38351659349445,1.39408756657226,0.912256767880881));
#5711=CARTESIAN_POINT('Ctrl Pts',(7.36633485149183,1.28784337866051,0.900878401561987));
#5712=CARTESIAN_POINT('Ctrl Pts',(7.31166747070317,1.08249958002018,0.856812942464108));
#5713=CARTESIAN_POINT('Ctrl Pts',(7.27417780285046,0.983403018699459,0.824116638595885));
#5714=CARTESIAN_POINT('Ctrl Pts',(7.13792423576814,0.706231470300177,0.700982533898536));
#5715=CARTESIAN_POINT('Ctrl Pts',(7.01416182442598,0.548644953123122,0.584357737077054));
#5716=CARTESIAN_POINT('Ctrl Pts',(6.71704928257452,0.270128017671332,0.300632997932485));
#5717=CARTESIAN_POINT('Ctrl Pts',(6.51802218386877,0.157496547077443,0.108108996254712));
#5718=CARTESIAN_POINT('Ctrl Pts',(6.24425912792121,0.0588006864291245,-0.16104001335338));
#5719=CARTESIAN_POINT('Ctrl Pts',(6.15600631046452,0.0365401633486238,-0.248631793782109));
#5720=CARTESIAN_POINT('Ctrl Pts',(6.03784512956945,0.0152441584643134,-0.370399206599125));
#5721=CARTESIAN_POINT('Ctrl Pts',(6.00129329956502,0.0101504304898861,-0.40912299426197));
#5722=CARTESIAN_POINT('Ctrl Pts',(5.95135171389564,0.00465163761687002,
-0.468064771626864));
#5723=CARTESIAN_POINT('Ctrl Pts',(5.93578809510772,0.00320562198349514,
-0.48739644842816));
#5724=CARTESIAN_POINT('Ctrl Pts',(5.91481708238099,0.00150995919740424,
-0.519604422994069));
#5725=CARTESIAN_POINT('Ctrl Pts',(5.90827948595499,0.00102997969902195,
-0.530748693947398));
#5726=CARTESIAN_POINT('Ctrl Pts',(5.89743642198724,0.000282862767393107,
-0.555994707207115));
#5727=CARTESIAN_POINT('Ctrl Pts',(5.8928760899501,0.,-0.569985753822886));
#5728=CARTESIAN_POINT('Ctrl Pts',(5.8928760899501,0.,-0.587743232119119));
#5729=CARTESIAN_POINT('',(5.89287608995009,0.,17.4122567678809));
#5730=CARTESIAN_POINT('',(5.8928760899501,0.,-3.58774323211912));
#5731=CARTESIAN_POINT('Ctrl Pts',(5.89287608995009,0.,17.4122567678809));
#5732=CARTESIAN_POINT('Ctrl Pts',(5.89287608995009,1.64289677198006E-18,
17.3944992895846));
#5733=CARTESIAN_POINT('Ctrl Pts',(5.89743642198724,0.000282862767392964,
17.3805082429689));
#5734=CARTESIAN_POINT('Ctrl Pts',(5.90827948595499,0.00102997969902181,
17.3552622297092));
#5735=CARTESIAN_POINT('Ctrl Pts',(5.91481708238099,0.00150995919740426,
17.3441179587558));
#5736=CARTESIAN_POINT('Ctrl Pts',(5.93578809510772,0.00320562198349517,
17.3119099841899));
#5737=CARTESIAN_POINT('Ctrl Pts',(5.95135171389564,0.0046516376168701,17.2925783073886));
#5738=CARTESIAN_POINT('Ctrl Pts',(6.00129329956502,0.0101504304898862,17.2336365300237));
#5739=CARTESIAN_POINT('Ctrl Pts',(6.03784512956945,0.0152441584643135,17.1949127423609));
#5740=CARTESIAN_POINT('Ctrl Pts',(6.15600631046453,0.036540163348624,17.0731453295439));
#5741=CARTESIAN_POINT('Ctrl Pts',(6.24425912792121,0.0588006864291241,16.9855535491151));
#5742=CARTESIAN_POINT('Ctrl Pts',(6.51802218386877,0.157496547077442,16.716404539507));
#5743=CARTESIAN_POINT('Ctrl Pts',(6.71704928257452,0.270128017671333,16.5238805378293));
#5744=CARTESIAN_POINT('Ctrl Pts',(7.01416182442598,0.548644953123124,16.2401557986847));
#5745=CARTESIAN_POINT('Ctrl Pts',(7.13792423576814,0.706231470300178,16.1235310018632));
#5746=CARTESIAN_POINT('Ctrl Pts',(7.27417780285047,0.983403018699459,16.0003968971659));
#5747=CARTESIAN_POINT('Ctrl Pts',(7.31166747070317,1.08249958002018,15.9677005932977));
#5748=CARTESIAN_POINT('Ctrl Pts',(7.36633485149183,1.28784337866051,15.9236351341998));
#5749=CARTESIAN_POINT('Ctrl Pts',(7.38351659349445,1.39408756657226,15.9122567678809));
#5750=CARTESIAN_POINT('Ctrl Pts',(7.38994084342798,1.5,15.9122567678809));
#5751=CARTESIAN_POINT('Origin',(21.9928760899501,0.,8.41225676788088));
#5752=CARTESIAN_POINT('',(12.4428760899501,0.,17.4122567678809));
#5753=CARTESIAN_POINT('',(14.6928760899501,0.,17.4122567678809));
#5754=CARTESIAN_POINT('',(5.89287608995009,0.,20.4122567678809));
#5755=CARTESIAN_POINT('',(5.8928760899501,0.,-3.58774323211912));
#5756=CARTESIAN_POINT('',(38.0928760899501,0.,20.4122567678809));
#5757=CARTESIAN_POINT('',(5.89287608995009,0.,20.4122567678809));
#5758=CARTESIAN_POINT('',(38.0928760899501,0.,-3.58774323211912));
#5759=CARTESIAN_POINT('',(38.0928760899501,0.,20.4122567678809));
#5760=CARTESIAN_POINT('',(5.8928760899501,0.,-3.58774323211912));
#5761=CARTESIAN_POINT('',(38.0928760899501,0.,-3.58774323211912));
#5762=CARTESIAN_POINT('',(5.8928760899501,0.,-3.58774323211912));
#5763=CARTESIAN_POINT('',(12.4428760899501,0.,-0.58774323211912));
#5764=CARTESIAN_POINT('',(16.4178760899501,0.,-0.587743232119119));
#5765=CARTESIAN_POINT('',(12.4428760899501,0.,12.1622567678809));
#5766=CARTESIAN_POINT('',(19.2428760899501,0.,-0.587743232119119));
#5767=CARTESIAN_POINT('',(20.6178760899501,0.,-0.587743232119119));
#5768=CARTESIAN_POINT('',(19.2428760899501,0.,17.4122567678809));
#5769=CARTESIAN_POINT('',(19.2428760899501,0.,0.912256767880881));
#5770=CARTESIAN_POINT('',(19.2178760899501,0.,17.4122567678809));
#5771=CARTESIAN_POINT('',(20.3928760899501,0.,8.41225676788088));
#5772=CARTESIAN_POINT('Origin',(21.9928760899501,0.,8.41225676788088));
#5773=CARTESIAN_POINT('',(27.3428760899501,0.,15.9122567678809));
#5774=CARTESIAN_POINT('',(32.4428760899501,0.,15.9122567678809));
#5775=CARTESIAN_POINT('',(24.6678760899501,0.,15.9122567678809));
#5776=CARTESIAN_POINT('',(27.3428760899501,0.,17.4122567678809));
#5777=CARTESIAN_POINT('',(27.3428760899501,0.,0.912256767880881));
#5778=CARTESIAN_POINT('',(24.8428760899501,0.,17.4122567678809));
#5779=CARTESIAN_POINT('',(23.4178760899501,0.,17.4122567678809));
#5780=CARTESIAN_POINT('',(24.8428760899501,0.,-0.587743232119119));
#5781=CARTESIAN_POINT('',(24.8428760899501,0.,15.9122567678809));
#5782=CARTESIAN_POINT('',(27.3428760899501,0.,-0.587743232119119));
#5783=CARTESIAN_POINT('',(24.6678760899501,0.,-0.587743232119119));
#5784=CARTESIAN_POINT('',(27.3428760899501,0.,0.912256767880881));
#5785=CARTESIAN_POINT('',(27.3428760899501,0.,0.912256767880881));
#5786=CARTESIAN_POINT('',(32.4428760899501,0.,0.912256767880879));
#5787=CARTESIAN_POINT('',(26.4178760899501,0.,0.912256767880881));
#5788=CARTESIAN_POINT('',(32.4428760899501,0.,11.4122567678809));
#5789=CARTESIAN_POINT('Origin',(32.4428760899501,1.6,11.4122567678809));
#5790=CARTESIAN_POINT('',(30.846004147683,1.5,14.4122567678809));
#5791=CARTESIAN_POINT('Ctrl Pts',(30.846004147683,1.5,14.4122567678809));
#5792=CARTESIAN_POINT('Ctrl Pts',(30.8577800556696,1.31195382941395,14.4122567678809));
#5793=CARTESIAN_POINT('Ctrl Pts',(30.9052591177849,1.11982461303007,14.449701224924));
#5794=CARTESIAN_POINT('Ctrl Pts',(31.0570631715613,0.778807769801064,14.5842945503045));
#5795=CARTESIAN_POINT('Ctrl Pts',(31.1609500444213,0.629523598593773,14.6809317078478));
#5796=CARTESIAN_POINT('Ctrl Pts',(31.4268590757931,0.342256113799307,14.9318963251411));
#5797=CARTESIAN_POINT('Ctrl Pts',(31.6201482605601,0.20996567407832,15.1173071574398));
#5798=CARTESIAN_POINT('Ctrl Pts',(32.0287802031688,0.0387181627300288,15.5112718608167));
#5799=CARTESIAN_POINT('Ctrl Pts',(32.2441801356425,0.,15.7198702373828));
#5800=CARTESIAN_POINT('Ctrl Pts',(32.4428760899501,0.,15.9122567678809));
#5801=CARTESIAN_POINT('',(30.846004147683,1.5,2.41225676788088));
#5802=CARTESIAN_POINT('Ctrl Pts',(32.4428760899501,-2.77555756156289E-16,
0.912256767880879));
#5803=CARTESIAN_POINT('Ctrl Pts',(32.2590468705453,-2.81319769095194E-16,
1.09024864420613));
#5804=CARTESIAN_POINT('Ctrl Pts',(32.0593383820191,0.0332055244855565,1.28364494032355));
#5805=CARTESIAN_POINT('Ctrl Pts',(31.6770565938663,0.180328668313644,1.65244778978327));
#5806=CARTESIAN_POINT('Ctrl Pts',(31.4944722520006,0.294260225406708,1.82783733684723));
#5807=CARTESIAN_POINT('Ctrl Pts',(31.2164054227814,0.55810643873552,2.09168355017604));
#5808=CARTESIAN_POINT('Ctrl Pts',(31.0946250011766,0.71470654834767,2.20581138811999));
#5809=CARTESIAN_POINT('Ctrl Pts',(30.9604772957122,0.989364818205965,2.32620306741066));
#5810=CARTESIAN_POINT('Ctrl Pts',(30.9235504139741,1.0874551787246,2.35814711337725));
#5811=CARTESIAN_POINT('Ctrl Pts',(30.8695885066377,1.29050877902055,2.40116985801257));
#5812=CARTESIAN_POINT('Ctrl Pts',(30.8525501088515,1.39546938274775,2.41225676788088));
#5813=CARTESIAN_POINT('Ctrl Pts',(30.846004147683,1.5,2.41225676788088));
#5814=CARTESIAN_POINT('',(30.8428760899501,1.6,2.41225676788088));
#5815=CARTESIAN_POINT('Origin',(32.4428760899501,1.6,2.41225676788088));
#5816=CARTESIAN_POINT('',(30.8428760899501,1.6,14.4122567678809));
#5817=CARTESIAN_POINT('',(30.8428760899501,1.6,11.4122567678809));
#5818=CARTESIAN_POINT('Origin',(32.4428760899501,1.6,14.4122567678809));
#5819=CARTESIAN_POINT('Origin',(30.8428760899501,0.,14.4122567678809));
#5820=CARTESIAN_POINT('',(30.8428760899501,11.,2.41225676788088));
#5821=CARTESIAN_POINT('',(30.8428760899501,0.,2.41225676788088));
#5822=CARTESIAN_POINT('',(30.8428760899501,11.,14.4122567678809));
#5823=CARTESIAN_POINT('Origin',(30.8428760899501,11.,8.41225676788088));
#5824=CARTESIAN_POINT('',(30.8428760899501,0.,14.4122567678809));
#5825=CARTESIAN_POINT('',(30.8428760899501,11.,5.17909526041898));
#5826=CARTESIAN_POINT('',(30.8428760899501,8.2,6.79567601414994));
#5827=CARTESIAN_POINT('',(30.8428760899501,4.87596189432334,8.71481030925894));
#5828=CARTESIAN_POINT('',(30.8428760899501,8.20000000000001,10.0288375216118));
#5829=CARTESIAN_POINT('',(30.8428760899501,8.20000000000001,10.6039663910154));
#5830=CARTESIAN_POINT('',(30.8428760899501,11.,11.6454182753428));
#5831=CARTESIAN_POINT('',(30.8428760899501,6.07403810567665,8.80141284963737));
#5832=CARTESIAN_POINT('',(30.8428760899501,13.8,10.0288375216118));
#5833=CARTESIAN_POINT('',(30.8428760899501,6.27596189432337,14.3728429473173));
#5834=CARTESIAN_POINT('',(30.8428760899501,13.8,6.79567601414992));
#5835=CARTESIAN_POINT('',(30.8428760899501,13.8,12.2205471447463));
#5836=CARTESIAN_POINT('',(30.8428760899501,10.2740381056766,4.75996096530998));
#5837=CARTESIAN_POINT('Origin',(12.4428760899501,1.6,12.1622567678809));
#5838=CARTESIAN_POINT('',(10.846004147683,1.5,15.9122567678809));
#5839=CARTESIAN_POINT('Ctrl Pts',(10.846004147683,1.5,15.9122567678809));
#5840=CARTESIAN_POINT('Ctrl Pts',(10.8577800556696,1.31195382941395,15.9122567678809));
#5841=CARTESIAN_POINT('Ctrl Pts',(10.9052591177849,1.11982461303007,15.949701224924));
#5842=CARTESIAN_POINT('Ctrl Pts',(11.0570631715613,0.778807769801066,16.0842945503045));
#5843=CARTESIAN_POINT('Ctrl Pts',(11.1609500444213,0.629523598593773,16.1809317078478));
#5844=CARTESIAN_POINT('Ctrl Pts',(11.4268590757931,0.342256113799307,16.4318963251411));
#5845=CARTESIAN_POINT('Ctrl Pts',(11.6201482605601,0.209965674078319,16.6173071574398));
#5846=CARTESIAN_POINT('Ctrl Pts',(12.0287802031688,0.038718162730028,17.0112718608167));
#5847=CARTESIAN_POINT('Ctrl Pts',(12.2441801356425,0.,17.2198702373828));
#5848=CARTESIAN_POINT('Ctrl Pts',(12.4428760899501,0.,17.4122567678809));
#5849=CARTESIAN_POINT('',(10.846004147683,1.5,0.912256767880881));
#5850=CARTESIAN_POINT('Ctrl Pts',(12.4428760899501,0.,-0.587743232119119));
#5851=CARTESIAN_POINT('Ctrl Pts',(12.2590468705453,0.,-0.409751355793871));
#5852=CARTESIAN_POINT('Ctrl Pts',(12.0593383820192,0.0332055244855561,-0.216355059676452));
#5853=CARTESIAN_POINT('Ctrl Pts',(11.6770565938663,0.180328668313645,0.152447789783271));
#5854=CARTESIAN_POINT('Ctrl Pts',(11.4944722520006,0.294260225406708,0.327837336847231));
#5855=CARTESIAN_POINT('Ctrl Pts',(11.2164054227813,0.55810643873552,0.591683550176043));
#5856=CARTESIAN_POINT('Ctrl Pts',(11.0946250011766,0.71470654834767,0.70581138811999));
#5857=CARTESIAN_POINT('Ctrl Pts',(10.9604772957122,0.989364818205965,0.826203067410664));
#5858=CARTESIAN_POINT('Ctrl Pts',(10.9235504139741,1.0874551787246,0.858147113377249));
#5859=CARTESIAN_POINT('Ctrl Pts',(10.8695885066377,1.29050877902056,0.901169858012571));
#5860=CARTESIAN_POINT('Ctrl Pts',(10.8525501088515,1.39546938274775,0.912256767880881));
#5861=CARTESIAN_POINT('Ctrl Pts',(10.846004147683,1.5,0.912256767880881));
#5862=CARTESIAN_POINT('',(10.8428760899501,1.6,0.912256767880881));
#5863=CARTESIAN_POINT('Origin',(12.4428760899501,1.6,0.912256767880881));
#5864=CARTESIAN_POINT('',(10.8428760899501,1.6,15.9122567678809));
#5865=CARTESIAN_POINT('',(10.8428760899501,1.6,12.1622567678809));
#5866=CARTESIAN_POINT('Origin',(12.4428760899501,1.6,15.9122567678809));
#5867=CARTESIAN_POINT('Origin',(10.8428760899501,0.,15.9122567678809));
#5868=CARTESIAN_POINT('',(10.8428760899501,10.5,0.912256767880881));
#5869=CARTESIAN_POINT('',(10.8428760899501,0.,0.912256767880881));
#5870=CARTESIAN_POINT('',(10.8428760899501,10.5,15.9122567678809));
#5871=CARTESIAN_POINT('Origin',(10.8428760899501,10.5,8.41225676788088));
#5872=CARTESIAN_POINT('',(10.8428760899501,0.,15.9122567678809));
#5873=CARTESIAN_POINT('',(10.8428760899501,11.,10.0122567678809));
#5874=CARTESIAN_POINT('Origin',(10.8428760899501,11.,8.41225676788088));
#5875=CARTESIAN_POINT('Origin',(24.6678760899501,1.5,15.9122567678809));
#5876=CARTESIAN_POINT('',(27.3428760899501,1.5,14.4122567678809));
#5877=CARTESIAN_POINT('Origin',(27.3428760899501,1.5,15.9122567678809));
#5878=CARTESIAN_POINT('',(24.6678760899501,1.5,14.4122567678809));
#5879=CARTESIAN_POINT('Origin',(23.4178760899501,1.5,17.4122567678809));
#5880=CARTESIAN_POINT('',(27.3428760899501,1.5,15.9122567678809));
#5881=CARTESIAN_POINT('Origin',(27.3428760899501,1.5,17.4122567678809));
#5882=CARTESIAN_POINT('',(24.8428760899501,1.5,15.9122567678809));
#5883=CARTESIAN_POINT('',(23.4178760899501,1.5,15.9122567678809));
#5884=CARTESIAN_POINT('Origin',(24.8428760899501,1.5,17.4122567678809));
#5885=CARTESIAN_POINT('Origin',(24.8428760899501,0.,15.9122567678809));
#5886=CARTESIAN_POINT('',(27.3428760899501,10.5,15.9122567678809));
#5887=CARTESIAN_POINT('',(27.3428760899501,0.,15.9122567678809));
#5888=CARTESIAN_POINT('',(24.8428760899501,10.5,15.9122567678809));
#5889=CARTESIAN_POINT('',(25.4678760899501,10.5,15.9122567678809));
#5890=CARTESIAN_POINT('',(24.8428760899501,0.,15.9122567678809));
#5891=CARTESIAN_POINT('Origin',(19.2178760899501,1.5,17.4122567678809));
#5892=CARTESIAN_POINT('',(19.2428760899501,1.5,15.9122567678809));
#5893=CARTESIAN_POINT('Origin',(19.2428760899501,1.5,17.4122567678809));
#5894=CARTESIAN_POINT('',(19.2178760899501,1.5,15.9122567678809));
#5895=CARTESIAN_POINT('Origin',(16.4428760899501,0.,15.9122567678809));
#5896=CARTESIAN_POINT('',(19.2428760899501,10.5,15.9122567678809));
#5897=CARTESIAN_POINT('',(19.2428760899501,0.,15.9122567678809));
#5898=CARTESIAN_POINT('',(17.1428760899501,10.5,15.9122567678809));
#5899=CARTESIAN_POINT('Origin',(14.6928760899501,1.5,17.4122567678809));
#5900=CARTESIAN_POINT('',(14.6928760899501,1.5,15.9122567678809));
#5901=CARTESIAN_POINT('Origin',(7.39287608995009,0.,15.9122567678809));
#5902=CARTESIAN_POINT('',(7.39287608995009,10.5,15.9122567678809));
#5903=CARTESIAN_POINT('',(8.2553760899501,10.5,15.9122567678809));
#5904=CARTESIAN_POINT('',(7.39287608995009,0.,15.9122567678809));
#5905=CARTESIAN_POINT('Origin',(26.4178760899501,1.5,0.912256767880881));
#5906=CARTESIAN_POINT('',(27.3428760899501,1.5,2.41225676788088));
#5907=CARTESIAN_POINT('Origin',(27.3428760899501,1.5,0.912256767880881));
#5908=CARTESIAN_POINT('',(26.4178760899501,1.5,2.41225676788088));
#5909=CARTESIAN_POINT('Origin',(27.3428760899501,0.,15.9122567678809));
#5910=CARTESIAN_POINT('',(27.3428760899501,11.,14.4122567678809));
#5911=CARTESIAN_POINT('',(27.3428760899501,0.,14.4122567678809));
#5912=CARTESIAN_POINT('',(27.3428760899501,11.,2.41225676788088));
#5913=CARTESIAN_POINT('Origin',(27.3428760899501,11.,8.41225676788088));
#5914=CARTESIAN_POINT('',(27.3428760899501,0.,2.41225676788088));
#5915=CARTESIAN_POINT('',(27.3428760899501,1.5,0.912256767880881));
#5916=CARTESIAN_POINT('Origin',(27.3428760899501,1.5,-0.587743232119119));
#5917=CARTESIAN_POINT('',(27.3428760899501,10.5,0.912256767880881));
#5918=CARTESIAN_POINT('',(27.3428760899501,0.,0.912256767880881));
#5919=CARTESIAN_POINT('Origin',(27.3428760899501,10.5,8.41225676788088));
#5920=CARTESIAN_POINT('Origin',(24.6678760899501,1.5,-0.587743232119119));
#5921=CARTESIAN_POINT('',(24.8428760899501,1.5,0.912256767880881));
#5922=CARTESIAN_POINT('Origin',(24.8428760899501,1.5,-0.587743232119119));
#5923=CARTESIAN_POINT('',(24.6678760899501,1.5,0.912256767880881));
#5924=CARTESIAN_POINT('Origin',(27.3428760899501,0.,0.912256767880881));
#5925=CARTESIAN_POINT('',(24.8428760899501,10.5,0.912256767880881));
#5926=CARTESIAN_POINT('',(24.8428760899501,0.,0.912256767880881));
#5927=CARTESIAN_POINT('',(26.7178760899501,10.5,0.912256767880881));
#5928=CARTESIAN_POINT('Origin',(20.6178760899501,1.5,-0.587743232119119));
#5929=CARTESIAN_POINT('',(19.2428760899501,1.5,0.912256767880881));
#5930=CARTESIAN_POINT('',(20.6178760899501,1.5,0.912256767880881));
#5931=CARTESIAN_POINT('Origin',(19.2428760899501,1.5,-0.587743232119119));
#5932=CARTESIAN_POINT('Origin',(19.2428760899501,0.,0.912256767880881));
#5933=CARTESIAN_POINT('',(19.2428760899501,10.5,0.912256767880881));
#5934=CARTESIAN_POINT('',(18.5428760899501,10.5,0.912256767880881));
#5935=CARTESIAN_POINT('',(19.2428760899501,0.,0.912256767880881));
#5936=CARTESIAN_POINT('Origin',(16.4178760899501,1.5,-0.587743232119119));
#5937=CARTESIAN_POINT('',(16.4178760899501,1.5,0.912256767880881));
#5938=CARTESIAN_POINT('Origin',(10.8428760899501,0.,0.912256767880881));
#5939=CARTESIAN_POINT('',(7.39287608995009,10.5,0.912256767880881));
#5940=CARTESIAN_POINT('',(7.39287608995009,0.,0.912256767880881));
#5941=CARTESIAN_POINT('',(9.98037608995009,10.5,0.912256767880881));
#5942=CARTESIAN_POINT('Origin',(21.9928760899501,0.,8.41225676788088));
#5943=CARTESIAN_POINT('',(20.3928760899501,-5.,8.41225676788088));
#5944=CARTESIAN_POINT('',(20.3928760899501,0.,8.41225676788088));
#5945=CARTESIAN_POINT('Origin',(21.9928760899501,-5.,8.41225676788088));
#5946=CARTESIAN_POINT('Origin',(38.0928760899501,0.,20.4122567678809));
#5947=CARTESIAN_POINT('',(5.89287608995009,-5.,20.4122567678809));
#5948=CARTESIAN_POINT('',(5.89287608995009,0.,20.4122567678809));
#5949=CARTESIAN_POINT('',(38.0928760899501,-5.,20.4122567678809));
#5950=CARTESIAN_POINT('',(5.89287608995009,-5.,20.4122567678809));
#5951=CARTESIAN_POINT('',(38.0928760899501,0.,20.4122567678809));
#5952=CARTESIAN_POINT('Origin',(38.0928760899501,0.,-3.58774323211912));
#5953=CARTESIAN_POINT('',(38.0928760899501,-5.,-3.58774323211912));
#5954=CARTESIAN_POINT('',(38.0928760899501,-5.,20.4122567678809));
#5955=CARTESIAN_POINT('',(38.0928760899501,0.,-3.58774323211912));
#5956=CARTESIAN_POINT('Origin',(5.8928760899501,0.,-3.58774323211912));
#5957=CARTESIAN_POINT('',(5.8928760899501,-5.,-3.58774323211912));
#5958=CARTESIAN_POINT('',(38.0928760899501,-5.,-3.58774323211912));
#5959=CARTESIAN_POINT('',(5.8928760899501,0.,-3.58774323211912));
#5960=CARTESIAN_POINT('Origin',(5.89287608995009,0.,20.4122567678809));
#5961=CARTESIAN_POINT('',(5.8928760899501,-5.,-3.58774323211912));
#5962=CARTESIAN_POINT('Origin',(21.9928760899501,-5.,8.41225676788088));
#5963=CARTESIAN_POINT('Origin',(30.8428760899501,11.,5.17909526041898));
#5964=CARTESIAN_POINT('',(27.3428760899501,11.,5.17909526041898));
#5965=CARTESIAN_POINT('',(30.8428760899501,11.,5.17909526041898));
#5966=CARTESIAN_POINT('',(27.3428760899501,8.2,6.79567601414994));
#5967=CARTESIAN_POINT('',(27.3428760899501,8.2,6.79567601414994));
#5968=CARTESIAN_POINT('',(30.8428760899501,8.2,6.79567601414994));
#5969=CARTESIAN_POINT('Origin',(30.8428760899501,13.8,6.79567601414992));
#5970=CARTESIAN_POINT('',(27.3428760899501,13.8,6.79567601414992));
#5971=CARTESIAN_POINT('',(30.8428760899501,13.8,6.79567601414992));
#5972=CARTESIAN_POINT('',(27.3428760899501,11.,5.17909526041898));
#5973=CARTESIAN_POINT('Origin',(30.8428760899501,13.8,10.0288375216118));
#5974=CARTESIAN_POINT('',(27.3428760899501,13.8,10.0288375216118));
#5975=CARTESIAN_POINT('',(30.8428760899501,13.8,10.0288375216118));
#5976=CARTESIAN_POINT('',(27.3428760899501,13.8,6.79567601414992));
#5977=CARTESIAN_POINT('Origin',(30.8428760899501,11.,11.6454182753428));
#5978=CARTESIAN_POINT('',(27.3428760899501,11.,11.6454182753428));
#5979=CARTESIAN_POINT('',(30.8428760899501,11.,11.6454182753428));
#5980=CARTESIAN_POINT('',(27.3428760899501,13.8,10.0288375216118));
#5981=CARTESIAN_POINT('Origin',(30.8428760899501,8.20000000000001,10.0288375216118));
#5982=CARTESIAN_POINT('',(27.3428760899501,8.20000000000001,10.0288375216118));
#5983=CARTESIAN_POINT('',(30.8428760899501,8.20000000000001,10.0288375216118));
#5984=CARTESIAN_POINT('',(27.3428760899501,11.,11.6454182753428));
#5985=CARTESIAN_POINT('Origin',(30.8428760899501,8.2,6.79567601414994));
#5986=CARTESIAN_POINT('',(27.3428760899501,8.20000000000001,10.0288375216118));
#5987=CARTESIAN_POINT('Origin',(27.3428760899501,11.,8.41225676788088));
#5988=CARTESIAN_POINT('',(27.3428760899501,11.,10.0122567678809));
#5989=CARTESIAN_POINT('Origin',(27.3428760899501,11.,8.41225676788088));
#5990=CARTESIAN_POINT('Origin',(30.8428760899501,11.,8.41225676788088));
#5991=CARTESIAN_POINT('',(24.8428760899501,11.,10.0122567678809));
#5992=CARTESIAN_POINT('',(30.8428760899501,11.,10.0122567678809));
#5993=CARTESIAN_POINT('Origin',(24.8428760899501,11.,8.41225676788088));
#5994=CARTESIAN_POINT('Origin',(25.4678760899501,10.5,8.41225676788088));
#5995=CARTESIAN_POINT('Origin',(24.8428760899501,10.5,8.41225676788088));
#5996=CARTESIAN_POINT('Origin',(27.3428760899501,0.,14.4122567678809));
#5997=CARTESIAN_POINT('',(28.2178760899501,11.,14.4122567678809));
#5998=CARTESIAN_POINT('Origin',(29.9678760899501,11.,8.41225676788088));
#5999=CARTESIAN_POINT('',(29.9678760899501,11.,2.41225676788088));
#6000=CARTESIAN_POINT('Origin',(30.8428760899501,0.,2.41225676788088));
#6001=CARTESIAN_POINT('Origin',(24.8428760899501,0.,0.912256767880881));
#6002=CARTESIAN_POINT('Origin',(30.8428760899501,11.,8.41225676788088));
#6003=CARTESIAN_POINT('',(7.3928760899501,11.,10.0122567678809));
#6004=CARTESIAN_POINT('',(30.8428760899501,11.,10.0122567678809));
#6005=CARTESIAN_POINT('Origin',(7.3928760899501,11.,8.41225676788088));
#6006=CARTESIAN_POINT('Origin',(8.2553760899501,10.5,8.41225676788088));
#6007=CARTESIAN_POINT('Origin',(7.39287608995009,10.5,8.41225676788088));
#6008=CARTESIAN_POINT('Origin',(7.39287608995009,0.,0.912256767880881));
#6009=CARTESIAN_POINT('Origin',(30.8428760899501,11.,8.41225676788088));
#6010=CARTESIAN_POINT('',(19.2428760899501,11.,10.0122567678809));
#6011=CARTESIAN_POINT('Origin',(19.2428760899501,11.,8.41225676788088));
#6012=CARTESIAN_POINT('',(30.8428760899501,11.,10.0122567678809));
#6013=CARTESIAN_POINT('Origin',(18.5428760899501,10.5,8.41225676788088));
#6014=CARTESIAN_POINT('Origin',(19.2428760899501,10.5,8.41225676788088));
#6015=CARTESIAN_POINT('Origin',(19.2428760899501,0.,15.9122567678809));
#6016=UNCERTAINTY_MEASURE_WITH_UNIT(LENGTH_MEASURE(0.01),#6020,
'DISTANCE_ACCURACY_VALUE',
'Maximum model space distance between geometric entities at asserted c
onnectivities');
#6017=UNCERTAINTY_MEASURE_WITH_UNIT(LENGTH_MEASURE(0.01),#6020,
'DISTANCE_ACCURACY_VALUE',
'Maximum model space distance between geometric entities at asserted c
onnectivities');
#6018=(
GEOMETRIC_REPRESENTATION_CONTEXT(3)
GLOBAL_UNCERTAINTY_ASSIGNED_CONTEXT((#6016))
GLOBAL_UNIT_ASSIGNED_CONTEXT((#6020,#6022,#6023))
REPRESENTATION_CONTEXT('','3D')
);
#6019=(
GEOMETRIC_REPRESENTATION_CONTEXT(3)
GLOBAL_UNCERTAINTY_ASSIGNED_CONTEXT((#6017))
GLOBAL_UNIT_ASSIGNED_CONTEXT((#6020,#6022,#6023))
REPRESENTATION_CONTEXT('','3D')
);
#6020=(
LENGTH_UNIT()
NAMED_UNIT(*)
SI_UNIT(.MILLI.,.METRE.)
);
#6021=(
LENGTH_UNIT()
NAMED_UNIT(*)
SI_UNIT($,.METRE.)
);
#6022=(
NAMED_UNIT(*)
PLANE_ANGLE_UNIT()
SI_UNIT($,.RADIAN.)
);
#6023=(
NAMED_UNIT(*)
SI_UNIT($,.STERADIAN.)
SOLID_ANGLE_UNIT()
);
#6024=SHAPE_DEFINITION_REPRESENTATION(#6025,#6026);
#6025=PRODUCT_DEFINITION_SHAPE('',$,#6028);
#6026=SHAPE_REPRESENTATION('',(#3096),#6018);
#6027=PRODUCT_DEFINITION_CONTEXT('part definition',#6032,'design');
#6028=PRODUCT_DEFINITION('2026-08-07-15-07-42-723',
'Rotation_Plate',#6029,#6027);
#6029=PRODUCT_DEFINITION_FORMATION('',$,#6034);
#6030=PRODUCT_RELATED_PRODUCT_CATEGORY('Rotation_Plate',
'Rotation_Plate',(#6034));
#6031=APPLICATION_PROTOCOL_DEFINITION('international standard',
'automotive_design',2009,#6032);
#6032=APPLICATION_CONTEXT(
'Core Data for Automotive Mechanical Design Process');
#6033=PRODUCT_CONTEXT('part definition',#6032,'mechanical');
#6034=PRODUCT('2026-08-07-15-07-42-723','Rotation_Plate',$,(#6033));
#6035=PRESENTATION_STYLE_ASSIGNMENT((#6036));
#6036=SURFACE_STYLE_USAGE(.BOTH.,#6037);
#6037=SURFACE_SIDE_STYLE('',(#6038));
#6038=SURFACE_STYLE_FILL_AREA(#6039);
#6039=FILL_AREA_STYLE('A\X\E7o - Acetinado',(#6040));
#6040=FILL_AREA_STYLE_COLOUR('A\X\E7o - Acetinado',#6041);
#6041=COLOUR_RGB('A\X\E7o - Acetinado',0.627450980392157,0.627450980392157,
0.627450980392157);
ENDSEC;
END-ISO-10303-21;
