ISO-10303-21;
HEADER;
/* Generated by software containing ST-Developer
 * from STEP Tools, Inc. (www.steptools.com) 
 */

FILE_DESCRIPTION(
/* description */ (''),
/* implementation_level */ '2;1');

FILE_NAME(
/* name */ 'Rotation_Claw.step',
/* time_stamp */ '2026-08-25T10:24:39+02:00',
/* author */ (''),
/* organization */ (''),
/* preprocessor_version */ 'ST-DEVELOPER v20.1',
/* originating_system */ 'Autodesk Translation Framework v15.8.0.0',
/* authorisation */ '');

FILE_SCHEMA (('AUTOMOTIVE_DESIGN { 1 0 10303 214 3 1 1 }'));
ENDSEC;

DATA;
#10=MECHANICAL_DESIGN_GEOMETRIC_PRESENTATION_REPRESENTATION('',(#13),#11762);
#11=SHAPE_REPRESENTATION_RELATIONSHIP('SRR','None',#11769,#12);
#12=ADVANCED_BREP_SHAPE_REPRESENTATION('',(#14),#11761);
#13=STYLED_ITEM('',(#11779),#14);
#14=MANIFOLD_SOLID_BREP('Corpo1',#4317);
#15=(
BOUNDED_CURVE()
B_SPLINE_CURVE(2,(#10822,#10823,#10824),.UNSPECIFIED.,.F.,.F.)
B_SPLINE_CURVE_WITH_KNOTS((3,3),(-0.372485660101098,-0.205053683403694),
 .UNSPECIFIED.)
CURVE()
GEOMETRIC_REPRESENTATION_ITEM()
RATIONAL_B_SPLINE_CURVE((1.0078606316908,1.01071690989704,1.00941716263409))
REPRESENTATION_ITEM('')
);
#16=(
BOUNDED_CURVE()
B_SPLINE_CURVE(2,(#10826,#10827,#10828),.UNSPECIFIED.,.F.,.F.)
B_SPLINE_CURVE_WITH_KNOTS((3,3),(-0.309778380138861,-0.142346403441459),
 .UNSPECIFIED.)
CURVE()
GEOMETRIC_REPRESENTATION_ITEM()
RATIONAL_B_SPLINE_CURVE((1.00941716263407,1.01071690989701,1.00786063169078))
REPRESENTATION_ITEM('')
);
#17=TOROIDAL_SURFACE('',#4480,7.,3.);
#18=TOROIDAL_SURFACE('',#4487,7.,3.);
#19=TOROIDAL_SURFACE('',#4634,5.,3.);
#20=CONICAL_SURFACE('',#4476,11.2426406871193,0.785398163397449);
#21=CONICAL_SURFACE('',#4600,11.2,0.785398163397446);
#22=B_SPLINE_SURFACE_WITH_KNOTS('',3,1,((#9953,#9954),(#9955,#9956),(#9957,
#9958),(#9959,#9960)),.UNSPECIFIED.,.F.,.F.,.F.,(4,4),(2,2),(0.,0.851726902144114),
(0.,3.29752182579099),.UNSPECIFIED.);
#23=B_SPLINE_SURFACE_WITH_KNOTS('',3,1,((#9968,#9969),(#9970,#9971),(#9972,
#9973),(#9974,#9975)),.UNSPECIFIED.,.F.,.F.,.F.,(4,4),(2,2),(0.,0.851726902135074),
(0.,3.29752182578906),.UNSPECIFIED.);
#24=B_SPLINE_SURFACE_WITH_KNOTS('',3,1,((#10085,#10086),(#10087,#10088),
(#10089,#10090),(#10091,#10092),(#10093,#10094),(#10095,#10096),(#10097,
#10098)),.UNSPECIFIED.,.F.,.F.,.F.,(4,3,4),(2,2),(0.,0.81433870569545,5.94367245990662),
(0.,2.72673565839073),.UNSPECIFIED.);
#25=B_SPLINE_SURFACE_WITH_KNOTS('',3,1,((#10102,#10103),(#10104,#10105),
(#10106,#10107),(#10108,#10109),(#10110,#10111),(#10112,#10113),(#10114,
#10115)),.UNSPECIFIED.,.F.,.F.,.F.,(4,3,4),(2,2),(0.,0.814338705684504,
2.09667214430145),(0.,2.72673565842838),.UNSPECIFIED.);
#26=B_SPLINE_SURFACE_WITH_KNOTS('',3,3,((#10898,#10899,#10900,#10901),(#10902,
#10903,#10904,#10905),(#10906,#10907,#10908,#10909),(#10910,#10911,#10912,
#10913)),.UNSPECIFIED.,.F.,.F.,.F.,(4,4),(4,4),(0.122863447758603,1.11903954518936),
(-25.1367765380199,-20.9739764981862),.UNSPECIFIED.);
#27=B_SPLINE_SURFACE_WITH_KNOTS('',3,1,((#10985,#10986),(#10987,#10988),
(#10989,#10990),(#10991,#10992),(#10993,#10994),(#10995,#10996),(#10997,
#10998),(#10999,#11000),(#11001,#11002),(#11003,#11004)),.UNSPECIFIED.,
 .F.,.F.,.F.,(4,2,2,2,4),(2,2),(-0.514724614742539,-0.412543569862721,-0.295954177846616,
-0.157735625353661,0.),(0.,3.84603545446449),.UNSPECIFIED.);
#28=B_SPLINE_SURFACE_WITH_KNOTS('',3,1,((#11077,#11078),(#11079,#11080),
(#11081,#11082),(#11083,#11084),(#11085,#11086),(#11087,#11088),(#11089,
#11090),(#11091,#11092),(#11093,#11094),(#11095,#11096),(#11097,#11098),
(#11099,#11100)),.UNSPECIFIED.,.F.,.F.,.F.,(4,2,2,2,2,4),(2,2),(-0.512720597440539,
-0.429626281466453,-0.342017206696705,-0.215645576962552,-0.103864562249144,
0.),(0.,3.84603545446599),.UNSPECIFIED.);
#29=B_SPLINE_SURFACE_WITH_KNOTS('',3,3,((#11148,#11149,#11150,#11151,#11152),
(#11153,#11154,#11155,#11156,#11157),(#11158,#11159,#11160,#11161,#11162),
(#11163,#11164,#11165,#11166,#11167),(#11168,#11169,#11170,#11171,#11172),
(#11173,#11174,#11175,#11176,#11177)),.UNSPECIFIED.,.F.,.F.,.F.,(4,1,1,
4),(4,1,4),(0.,0.571428571428571,0.714285714285714,1.),(0.,0.571428571428571,
1.),.UNSPECIFIED.);
#30=B_SPLINE_SURFACE_WITH_KNOTS('',3,3,((#11214,#11215,#11216,#11217,#11218),
(#11219,#11220,#11221,#11222,#11223),(#11224,#11225,#11226,#11227,#11228),
(#11229,#11230,#11231,#11232,#11233),(#11234,#11235,#11236,#11237,#11238),
(#11239,#11240,#11241,#11242,#11243)),.UNSPECIFIED.,.F.,.F.,.F.,(4,1,1,
4),(4,1,4),(0.,0.571428571428571,0.714285714285714,1.),(0.,0.571428571428571,
1.),.UNSPECIFIED.);
#31=B_SPLINE_SURFACE_WITH_KNOTS('',3,3,((#11291,#11292,#11293,#11294,#11295,
#11296,#11297,#11298,#11299),(#11300,#11301,#11302,#11303,#11304,#11305,
#11306,#11307,#11308),(#11309,#11310,#11311,#11312,#11313,#11314,#11315,
#11316,#11317),(#11318,#11319,#11320,#11321,#11322,#11323,#11324,#11325,
#11326),(#11327,#11328,#11329,#11330,#11331,#11332,#11333,#11334,#11335)),
 .UNSPECIFIED.,.F.,.F.,.F.,(4,1,4),(4,2,1,1,1,4),(0.,0.571428571428571,
1.),(-0.0607592515651641,-0.0520171077633224,-0.032337270050865,-0.0192173782425601,
-0.0126574323384077,-0.00609748643425526),.UNSPECIFIED.);
#32=B_SPLINE_SURFACE_WITH_KNOTS('',3,3,((#11351,#11352,#11353,#11354,#11355,
#11356,#11357,#11358),(#11359,#11360,#11361,#11362,#11363,#11364,#11365,
#11366),(#11367,#11368,#11369,#11370,#11371,#11372,#11373,#11374),(#11375,
#11376,#11377,#11378,#11379,#11380,#11381,#11382),(#11383,#11384,#11385,
#11386,#11387,#11388,#11389,#11390)),.UNSPECIFIED.,.F.,.F.,.F.,(4,1,4),
(4,1,1,2,4),(0.,0.571428571428571,1.),(-0.0546616655873731,-0.0481017325894253,
-0.0349818665935297,-0.00874213460173852,0.),.UNSPECIFIED.);
#33=B_SPLINE_SURFACE_WITH_KNOTS('',3,1,((#11446,#11447),(#11448,#11449),
(#11450,#11451),(#11452,#11453),(#11454,#11455),(#11456,#11457),(#11458,
#11459),(#11460,#11461),(#11462,#11463),(#11464,#11465)),.UNSPECIFIED.,
 .F.,.F.,.F.,(4,3,3,4),(2,2),(0.0297676607486497,0.337037749791546,1.,1.70448768101919),
(0.,2.46676861315701),.UNSPECIFIED.);
#34=B_SPLINE_SURFACE_WITH_KNOTS('',3,3,((#11495,#11496,#11497,#11498),(#11499,
#11500,#11501,#11502),(#11503,#11504,#11505,#11506),(#11507,#11508,#11509,
#11510),(#11511,#11512,#11513,#11514)),.UNSPECIFIED.,.F.,.F.,.F.,(4,1,4),
(4,4),(0.,0.571428571428571,1.),(1.71632272959089E-9,0.935467305792045),
 .UNSPECIFIED.);
#35=B_SPLINE_SURFACE_WITH_KNOTS('',3,3,((#11606,#11607,#11608,#11609,#11610,
#11611),(#11612,#11613,#11614,#11615,#11616,#11617),(#11618,#11619,#11620,
#11621,#11622,#11623),(#11624,#11625,#11626,#11627,#11628,#11629),(#11630,
#11631,#11632,#11633,#11634,#11635)),.UNSPECIFIED.,.F.,.F.,.F.,(4,1,4),
(4,2,4),(-4.73005271166208E-5,0.571428571428571,1.),(0.830667281389645,
2.11258272242809,3.13043431015874),.UNSPECIFIED.);
#36=B_SPLINE_SURFACE_WITH_KNOTS('',3,3,((#11681,#11682,#11683,#11684,#11685),
(#11686,#11687,#11688,#11689,#11690),(#11691,#11692,#11693,#11694,#11695),
(#11696,#11697,#11698,#11699,#11700)),.UNSPECIFIED.,.F.,.F.,.F.,(4,4),(4,
1,4),(-4.20494590154595E-5,0.892639535491319),(-1.06281606847614,-0.950627650799658,
-0.801057228132847),.UNSPECIFIED.);
#37=B_SPLINE_SURFACE_WITH_KNOTS('',3,3,((#11711,#11712,#11713,#11714),(#11715,
#11716,#11717,#11718),(#11719,#11720,#11721,#11722),(#11723,#11724,#11725,
#11726)),.UNSPECIFIED.,.F.,.F.,.F.,(4,4),(4,4),(-9.10606940986422E-7,0.893447060797861),
(1.22650665379463,1.57079634394419),.UNSPECIFIED.);
#38=(
BOUNDED_SURFACE()
B_SPLINE_SURFACE(3,2,((#5974,#5975,#5976),(#5977,#5978,#5979),(#5980,#5981,
#5982),(#5983,#5984,#5985),(#5986,#5987,#5988),(#5989,#5990,#5991),(#5992,
#5993,#5994),(#5995,#5996,#5997),(#5998,#5999,#6000),(#6001,#6002,#6003),
(#6004,#6005,#6006),(#6007,#6008,#6009),(#6010,#6011,#6012),(#6013,#6014,
#6015),(#6016,#6017,#6018),(#6019,#6020,#6021)),.UNSPECIFIED.,.F.,.F.,.F.)
B_SPLINE_SURFACE_WITH_KNOTS((4,1,1,1,1,1,1,1,1,1,1,1,1,4),(3,3),(0.0710090483706375,
0.0711689462381383,0.0713288441056392,0.0716486398406409,0.0722882313106444,
0.0729278227806479,0.0735674142506514,0.0748465971906583,0.0761257801306653,
0.0786841460106792,0.0812425118906931,0.083800877770707,0.086359243650721,
0.0914759754107488),(0.,1.),.UNSPECIFIED.)
GEOMETRIC_REPRESENTATION_ITEM()
RATIONAL_B_SPLINE_SURFACE(((1.,0.707106781186548,1.),(1.,0.707106781186548,
1.),(1.,0.707106781186548,1.),(1.,0.707106781186547,1.),(1.,0.707106781186541,
1.),(1.,0.707106781186555,1.),(1.,0.707106781186546,1.),(1.,0.707106781186549,
1.),(1.,0.70710678118655,1.),(1.,0.707106781186547,1.),(1.,0.707106781186549,
1.),(1.,0.707106781186548,1.),(1.,0.707106781186548,1.),(1.,0.707106781186548,
1.),(1.,0.707106781186548,1.),(1.,0.707106781186548,1.)))
REPRESENTATION_ITEM('')
SURFACE()
);
#39=(
BOUNDED_SURFACE()
B_SPLINE_SURFACE(3,2,((#6154,#6155,#6156),(#6157,#6158,#6159),(#6160,#6161,
#6162),(#6163,#6164,#6165),(#6166,#6167,#6168),(#6169,#6170,#6171)),
 .UNSPECIFIED.,.F.,.F.,.F.)
B_SPLINE_SURFACE_WITH_KNOTS((4,1,1,4),(3,3),(0.0395711487730446,0.0495679876316283,
0.0545664070609202,0.059564826490212),(0.,1.),.UNSPECIFIED.)
GEOMETRIC_REPRESENTATION_ITEM()
RATIONAL_B_SPLINE_SURFACE(((1.,0.707106781186549,1.),(1.,0.707106781186549,
1.),(1.,0.707106781186544,1.),(1.,0.707106781186548,1.),(1.,0.70710678118655,
1.),(1.,0.70710678118655,1.)))
REPRESENTATION_ITEM('')
SURFACE()
);
#40=(
BOUNDED_SURFACE()
B_SPLINE_SURFACE(3,2,((#6222,#6223,#6224),(#6225,#6226,#6227),(#6228,#6229,
#6230),(#6231,#6232,#6233),(#6234,#6235,#6236),(#6237,#6238,#6239)),
 .UNSPECIFIED.,.F.,.F.,.F.)
B_SPLINE_SURFACE_WITH_KNOTS((4,1,1,4),(3,3),(0.106947022084697,0.112061220429358,
0.114618319601689,0.117175418774019),(0.,1.),.UNSPECIFIED.)
GEOMETRIC_REPRESENTATION_ITEM()
RATIONAL_B_SPLINE_SURFACE(((1.,0.707106781186548,1.),(1.,0.707106781186548,
1.),(1.,0.707106781186546,1.),(1.,0.707106781186547,1.),(1.,0.707106781186547,
1.),(1.,0.707106781186547,1.)))
REPRESENTATION_ITEM('')
SURFACE()
);
#41=(
BOUNDED_SURFACE()
B_SPLINE_SURFACE(3,2,((#6292,#6293,#6294),(#6295,#6296,#6297),(#6298,#6299,
#6300),(#6301,#6302,#6303),(#6304,#6305,#6306),(#6307,#6308,#6309),(#6310,
#6311,#6312),(#6313,#6314,#6315),(#6316,#6317,#6318),(#6319,#6320,#6321),
(#6322,#6323,#6324),(#6325,#6326,#6327),(#6328,#6329,#6330),(#6331,#6332,
#6333),(#6334,#6335,#6336),(#6337,#6338,#6339),(#6340,#6341,#6342),(#6343,
#6344,#6345),(#6346,#6347,#6348),(#6349,#6350,#6351),(#6352,#6353,#6354),
(#6355,#6356,#6357),(#6358,#6359,#6360),(#6361,#6362,#6363),(#6364,#6365,
#6366)),.UNSPECIFIED.,.F.,.F.,.F.)
B_SPLINE_SURFACE_WITH_KNOTS((4,1,1,1,1,1,1,1,1,1,1,1,1,1,1,1,1,1,1,1,1,
1,4),(3,3),(0.123572446112576,0.124956254779433,0.126340063446291,0.127723872113149,
0.129107680780006,0.129799585113435,0.130491489446864,0.131183393780293,
0.131875298113722,0.13256720244715,0.132913154613865,0.133259106780579,
0.133605058947294,0.133951011114008,0.134123987197365,0.134296963280723,
0.134383451322401,0.13446993936408,0.134513183384919,0.134556427405758,
0.134578049416178,0.134599671426598,0.134642915447437),(0.,1.),
 .UNSPECIFIED.)
GEOMETRIC_REPRESENTATION_ITEM()
RATIONAL_B_SPLINE_SURFACE(((1.,0.707106781186548,1.),(1.,0.707106781186548,
1.),(1.,0.707106781186546,1.),(1.,0.707106781186546,1.),(1.,0.707106781186548,
1.),(1.,0.707106781186547,1.),(1.,0.707106781186548,1.),(1.,0.707106781186546,
1.),(1.,0.707106781186553,1.),(1.,0.70710678118654,1.),(1.,0.707106781186552,
1.),(1.,0.707106781186541,1.),(1.,0.70710678118655,1.),(1.,0.707106781186545,
1.),(1.,0.707106781186553,1.),(1.,0.707106781186538,1.),(1.,0.707106781186553,
1.),(1.,0.707106781186554,1.),(1.,0.707106781186547,1.),(1.,0.707106781186548,
1.),(1.,0.707106781186548,1.),(1.,0.707106781186547,1.),(1.,0.707106781186548,
1.),(1.,0.707106781186548,1.),(1.,0.707106781186548,1.)))
REPRESENTATION_ITEM('')
SURFACE()
);
#42=(
BOUNDED_SURFACE()
B_SPLINE_SURFACE(3,2,((#6570,#6571,#6572),(#6573,#6574,#6575),(#6576,#6577,
#6578),(#6579,#6580,#6581),(#6582,#6583,#6584),(#6585,#6586,#6587),(#6588,
#6589,#6590),(#6591,#6592,#6593),(#6594,#6595,#6596),(#6597,#6598,#6599),
(#6600,#6601,#6602),(#6603,#6604,#6605),(#6606,#6607,#6608),(#6609,#6610,
#6611),(#6612,#6613,#6614),(#6615,#6616,#6617),(#6618,#6619,#6620),(#6621,
#6622,#6623),(#6624,#6625,#6626),(#6627,#6628,#6629),(#6630,#6631,#6632),
(#6633,#6634,#6635),(#6636,#6637,#6638),(#6639,#6640,#6641),(#6642,#6643,
#6644)),.UNSPECIFIED.,.F.,.F.,.F.)
B_SPLINE_SURFACE_WITH_KNOTS((4,1,1,1,1,1,1,1,1,1,1,1,1,1,1,1,1,1,1,1,1,
1,4),(3,3),(0.123572446117611,0.124956254784466,0.126340063451321,0.127723872118176,
0.129107680785031,0.129799585118458,0.130491489451886,0.131183393785313,
0.131875298118741,0.132567202452168,0.132913154618882,0.133259106785596,
0.133605058952309,0.133951011119023,0.13412398720238,0.134296963285737,
0.134383451327415,0.134469939369094,0.134513183389933,0.134556427410772,
0.134578049421192,0.134599671431611,0.134642915452451),(0.,1.),
 .UNSPECIFIED.)
GEOMETRIC_REPRESENTATION_ITEM()
RATIONAL_B_SPLINE_SURFACE(((1.,0.707106781186549,1.),(1.,0.707106781186549,
1.),(1.,0.707106781186546,1.),(1.,0.70710678118655,1.),(1.,0.707106781186546,
1.),(1.,0.70710678118655,1.),(1.,0.707106781186544,1.),(1.,0.707106781186547,
1.),(1.,0.707106781186552,1.),(1.,0.707106781186544,1.),(1.,0.707106781186554,
1.),(1.,0.707106781186543,1.),(1.,0.707106781186548,1.),(1.,0.707106781186548,
1.),(1.,0.707106781186546,1.),(1.,0.707106781186551,1.),(1.,0.707106781186537,
1.),(1.,0.707106781186551,1.),(1.,0.707106781186543,1.),(1.,0.707106781186556,
1.),(1.,0.707106781186547,1.),(1.,0.707106781186548,1.),(1.,0.707106781186548,
1.),(1.,0.707106781186548,1.),(1.,0.707106781186548,1.)))
REPRESENTATION_ITEM('')
SURFACE()
);
#43=(
BOUNDED_SURFACE()
B_SPLINE_SURFACE(3,2,((#6832,#6833,#6834),(#6835,#6836,#6837),(#6838,#6839,
#6840),(#6841,#6842,#6843),(#6844,#6845,#6846),(#6847,#6848,#6849)),
 .UNSPECIFIED.,.F.,.F.,.F.)
B_SPLINE_SURFACE_WITH_KNOTS((4,1,1,4),(3,3),(0.106947022084481,0.11206122042914,
0.114618319601469,0.117175418773798),(0.,1.),.UNSPECIFIED.)
GEOMETRIC_REPRESENTATION_ITEM()
RATIONAL_B_SPLINE_SURFACE(((1.,0.707106781186548,1.),(1.,0.707106781186548,
1.),(1.,0.707106781186548,1.),(1.,0.707106781186546,1.),(1.,0.707106781186548,
1.),(1.,0.707106781186548,1.)))
REPRESENTATION_ITEM('')
SURFACE()
);
#44=(
BOUNDED_SURFACE()
B_SPLINE_SURFACE(3,2,((#6903,#6904,#6905),(#6906,#6907,#6908),(#6909,#6910,
#6911),(#6912,#6913,#6914),(#6915,#6916,#6917),(#6918,#6919,#6920)),
 .UNSPECIFIED.,.F.,.F.,.F.)
B_SPLINE_SURFACE_WITH_KNOTS((4,1,1,4),(3,3),(0.0395711487730677,0.0495679876316542,
0.0545664070609475,0.0595648264902408),(0.,1.),.UNSPECIFIED.)
GEOMETRIC_REPRESENTATION_ITEM()
RATIONAL_B_SPLINE_SURFACE(((1.,0.707106781186546,1.),(1.,0.707106781186546,
1.),(1.,0.707106781186545,1.),(1.,0.707106781186552,1.),(1.,0.707106781186545,
1.),(1.,0.707106781186545,1.)))
REPRESENTATION_ITEM('')
SURFACE()
);
#45=(
BOUNDED_SURFACE()
B_SPLINE_SURFACE(3,2,((#6972,#6973,#6974),(#6975,#6976,#6977),(#6978,#6979,
#6980),(#6981,#6982,#6983),(#6984,#6985,#6986),(#6987,#6988,#6989),(#6990,
#6991,#6992),(#6993,#6994,#6995),(#6996,#6997,#6998),(#6999,#7000,#7001),
(#7002,#7003,#7004),(#7005,#7006,#7007),(#7008,#7009,#7010),(#7011,#7012,
#7013),(#7014,#7015,#7016),(#7017,#7018,#7019)),.UNSPECIFIED.,.F.,.F.,.F.)
B_SPLINE_SURFACE_WITH_KNOTS((4,1,1,1,1,1,1,1,1,1,1,1,1,4),(3,3),(0.0710090483704578,
0.0711689462379589,0.0713288441054601,0.0716486398404624,0.072288231310467,
0.0729278227804716,0.0735674142504762,0.0748465971904853,0.0761257801304945,
0.0786841460105129,0.0812425118905312,0.0838008777705496,0.0863592436505679,
0.0914759754106046),(0.,1.),.UNSPECIFIED.)
GEOMETRIC_REPRESENTATION_ITEM()
RATIONAL_B_SPLINE_SURFACE(((1.,0.707106781186549,1.),(1.,0.707106781186549,
1.),(1.,0.707106781186555,1.),(1.,0.707106781186537,1.),(1.,0.707106781186556,
1.),(1.,0.707106781186546,1.),(1.,0.707106781186549,1.),(1.,0.707106781186548,
1.),(1.,0.707106781186548,1.),(1.,0.707106781186548,1.),(1.,0.707106781186548,
1.),(1.,0.707106781186549,1.),(1.,0.707106781186548,1.),(1.,0.707106781186548,
1.),(1.,0.707106781186549,1.),(1.,0.707106781186549,1.)))
REPRESENTATION_ITEM('')
SURFACE()
);
#46=(
BOUNDED_SURFACE()
B_SPLINE_SURFACE(3,2,((#7149,#7150,#7151,#7152,#7153,#7154,#7155),(#7156,
#7157,#7158,#7159,#7160,#7161,#7162),(#7163,#7164,#7165,#7166,#7167,#7168,
#7169),(#7170,#7171,#7172,#7173,#7174,#7175,#7176),(#7177,#7178,#7179,#7180,
#7181,#7182,#7183),(#7184,#7185,#7186,#7187,#7188,#7189,#7190),(#7191,#7192,
#7193,#7194,#7195,#7196,#7197),(#7198,#7199,#7200,#7201,#7202,#7203,#7204),
(#7205,#7206,#7207,#7208,#7209,#7210,#7211),(#7212,#7213,#7214,#7215,#7216,
#7217,#7218),(#7219,#7220,#7221,#7222,#7223,#7224,#7225),(#7226,#7227,#7228,
#7229,#7230,#7231,#7232),(#7233,#7234,#7235,#7236,#7237,#7238,#7239),(#7240,
#7241,#7242,#7243,#7244,#7245,#7246),(#7247,#7248,#7249,#7250,#7251,#7252,
#7253),(#7254,#7255,#7256,#7257,#7258,#7259,#7260)),.UNSPECIFIED.,.F.,.F.,
 .F.)
B_SPLINE_SURFACE_WITH_KNOTS((4,3,1,1,1,1,1,1,3,4),(3,2,2,3),(-0.0120241594956803,
-6.05583291846123E-13,0.00199763823399842,0.00399527646860242,0.00499409558590442,
0.00599291470320642,0.00699173382050842,0.00749114337915942,0.00799055293781042,
0.00807045846719458),(-1.16856339130808,0.,1.,1.2),.UNSPECIFIED.)
GEOMETRIC_REPRESENTATION_ITEM()
RATIONAL_B_SPLINE_SURFACE(((1.,1.,1.,0.707106781186548,1.,1.,1.),(1.,1.,
1.,0.707106781186548,1.,1.,1.),(1.,1.,1.,0.707106781186548,1.,1.,1.),(1.,
1.,1.,0.707106781186548,1.,1.,1.),(1.,1.,1.,0.707106781186548,1.,1.,1.),
(1.,1.,1.,0.707106781186547,1.,1.,1.),(1.,1.,1.,0.707106781186549,1.,1.,
1.),(1.,1.,1.,0.707106781186549,1.,1.,1.),(1.,1.,1.,0.707106781186544,1.,
1.,1.),(1.,1.,1.,0.707106781186552,1.,1.,1.),(1.,1.,1.,0.707106781186545,
1.,1.,1.),(1.,1.,1.,0.707106781186548,1.,1.,1.),(1.,1.,1.,0.707106781186548,
1.,1.,1.),(1.,1.,1.,0.707106781186548,1.,1.,1.),(1.,1.,1.,0.707106781186548,
1.,1.,1.),(1.,1.,1.,0.707106781186548,1.,1.,1.)))
REPRESENTATION_ITEM('')
SURFACE()
);
#47=(
BOUNDED_SURFACE()
B_SPLINE_SURFACE(3,2,((#7322,#7323,#7324),(#7325,#7326,#7327),(#7328,#7329,
#7330),(#7331,#7332,#7333)),.UNSPECIFIED.,.F.,.F.,.F.)
B_SPLINE_SURFACE_WITH_KNOTS((4,4),(3,3),(0.,0.00216953219166244),(0.,1.),
 .UNSPECIFIED.)
GEOMETRIC_REPRESENTATION_ITEM()
RATIONAL_B_SPLINE_SURFACE(((1.,0.746810175581098,1.),(1.,0.748725759948897,
1.),(1.,0.750623714432738,1.),(1.,0.752496724137535,1.)))
REPRESENTATION_ITEM('')
SURFACE()
);
#48=(
BOUNDED_SURFACE()
B_SPLINE_SURFACE(3,2,((#7398,#7399,#7400),(#7401,#7402,#7403),(#7404,#7405,
#7406),(#7407,#7408,#7409),(#7410,#7411,#7412),(#7413,#7414,#7415),(#7416,
#7417,#7418)),.UNSPECIFIED.,.F.,.F.,.F.)
B_SPLINE_SURFACE_WITH_KNOTS((4,3,4),(3,3),(-0.0126663080856351,-1.81672862517579E-12,
0.0070303931577239),(0.,1.),.UNSPECIFIED.)
GEOMETRIC_REPRESENTATION_ITEM()
RATIONAL_B_SPLINE_SURFACE(((1.,0.707106781186548,1.),(1.,0.707106781186548,
1.),(1.,0.707106781186548,1.),(1.,0.707106781186548,1.),(1.,0.707106781186548,
1.),(1.,0.707106781186549,1.),(1.,0.707106781186549,1.)))
REPRESENTATION_ITEM('')
SURFACE()
);
#49=(
BOUNDED_SURFACE()
B_SPLINE_SURFACE(3,2,((#7440,#7441,#7442),(#7443,#7444,#7445),(#7446,#7447,
#7448),(#7449,#7450,#7451),(#7452,#7453,#7454),(#7455,#7456,#7457),(#7458,
#7459,#7460),(#7461,#7462,#7463),(#7464,#7465,#7466),(#7467,#7468,#7469),
(#7470,#7471,#7472),(#7473,#7474,#7475),(#7476,#7477,#7478),(#7479,#7480,
#7481),(#7482,#7483,#7484),(#7485,#7486,#7487),(#7488,#7489,#7490),(#7491,
#7492,#7493),(#7494,#7495,#7496),(#7497,#7498,#7499),(#7500,#7501,#7502),
(#7503,#7504,#7505),(#7506,#7507,#7508),(#7509,#7510,#7511),(#7512,#7513,
#7514),(#7515,#7516,#7517),(#7518,#7519,#7520),(#7521,#7522,#7523),(#7524,
#7525,#7526),(#7527,#7528,#7529),(#7530,#7531,#7532),(#7533,#7534,#7535),
(#7536,#7537,#7538),(#7539,#7540,#7541),(#7542,#7543,#7544),(#7545,#7546,
#7547),(#7548,#7549,#7550),(#7551,#7552,#7553),(#7554,#7555,#7556),(#7557,
#7558,#7559),(#7560,#7561,#7562),(#7563,#7564,#7565),(#7566,#7567,#7568),
(#7569,#7570,#7571),(#7572,#7573,#7574),(#7575,#7576,#7577),(#7578,#7579,
#7580),(#7581,#7582,#7583),(#7584,#7585,#7586),(#7587,#7588,#7589),(#7590,
#7591,#7592),(#7593,#7594,#7595),(#7596,#7597,#7598),(#7599,#7600,#7601),
(#7602,#7603,#7604),(#7605,#7606,#7607),(#7608,#7609,#7610),(#7611,#7612,
#7613),(#7614,#7615,#7616),(#7617,#7618,#7619),(#7620,#7621,#7622),(#7623,
#7624,#7625),(#7626,#7627,#7628),(#7629,#7630,#7631),(#7632,#7633,#7634),
(#7635,#7636,#7637),(#7638,#7639,#7640),(#7641,#7642,#7643),(#7644,#7645,
#7646),(#7647,#7648,#7649),(#7650,#7651,#7652),(#7653,#7654,#7655),(#7656,
#7657,#7658),(#7659,#7660,#7661),(#7662,#7663,#7664),(#7665,#7666,#7667)),
 .UNSPECIFIED.,.F.,.F.,.F.)
B_SPLINE_SURFACE_WITH_KNOTS((4,1,1,1,1,1,1,1,1,1,1,1,1,1,1,1,1,1,1,1,1,
1,1,1,1,1,1,1,1,1,1,1,1,1,1,1,1,1,1,1,1,1,1,1,1,1,1,1,1,1,1,1,1,1,1,1,1,
1,1,1,1,1,1,1,1,1,1,1,1,1,1,1,1,4),(3,3),(-2.57565788926914E-5,0.00390181185240207,
0.00780362370480414,0.0117054355572062,0.0156072474096083,0.0195090592620103,
0.0234108711144124,0.0273126829668145,0.0312144948192166,0.0351163066716186,
0.0390181185240207,0.0409690244502217,0.0429199303764228,0.0448708363026238,
0.0468217422288248,0.0487726481550259,0.0507235540812269,0.0516990070443274,
0.0526744600074279,0.0536499129705285,0.054625365933629,0.0556008188967295,
0.05657627185983,0.0570639983413803,0.0575517248229305,0.0580394513044808,
0.0585271777860311,0.0590149042675813,0.0595026307491316,0.0597464939899067,
0.0599903572306818,0.060234220471457,0.0604780837122321,0.0607219469530072,
0.0609658101937823,0.0610877418141699,0.0612096734345575,0.061331605054945,
0.0614535366753326,0.0615754682957202,0.0616364341059139,0.0616973999161077,
0.0617583657263015,0.0618193315364953,0.0618802973466891,0.061910780251786,
0.0619412631568829,0.0619565046094313,0.0619717460619798,0.0619869875145282,
0.0620022289670766,0.0620174704196251,0.0620327118721735,0.0620403325984478,
0.062047953324722,0.0620517636878591,0.0620536688694277,0.0620555740509962,
0.0620565266417805,0.0620574792325648,0.0620593844141333,0.0620631947772704,
0.0620708155035447,0.0620784362298189,0.0620936776823673,0.0621089191349158,
0.0621241605874642,0.0621546434925611,0.062185126397658,0.0622156093027549,
0.0622460922078518,0.0623070580180456,0.0623680238282393,0.0624289896384331),
(-4.44081728615415E-5,1.),.UNSPECIFIED.)
GEOMETRIC_REPRESENTATION_ITEM()
RATIONAL_B_SPLINE_SURFACE(((1.00002247997936,0.746893669391922,1.),(1.00002290838198,
0.742070203463268,1.),(1.00002354556152,0.73489607880209,1.),(1.00002416009194,
0.727976964789359,1.),(1.00002457476185,0.723308118118323,1.),(1.00002486265887,
0.720066631168283,1.),(1.00002506219996,0.717819960378664,1.),(1.00002519502055,
0.71632450822738,1.),(1.00002527303799,0.715446095154941,1.),(1.00002530183398,
0.715121875568052,1.),(1.00002528188664,0.715346466573045,1.),(1.00002522079889,
0.716034265022991,1.),(1.00002513913515,0.716953732512188,1.),(1.00002505881627,
0.717858057951149,1.),(1.00002495585845,0.719017279419198,1.),(1.00002482512669,
0.720489213105216,1.),(1.00002465905026,0.722359098962535,1.),(1.00002448188504,
0.724353835561036,1.),(1.00002430796565,0.726312026782532,1.),(1.00002415798877,
0.728000644775244,1.),(1.00002398412303,0.729958231921026,1.),(1.00002378037076,
0.732252317143501,1.),(1.00002353818976,0.734979078784737,1.),(1.00002329408599,
0.737727489300865,1.),(1.00002306327509,0.740326232705954,1.),(1.00002286904673,
0.742513086566128,1.),(1.00002264975616,0.744982120383222,1.),(1.00002239932939,
0.747801722649331,1.),(1.00002210944301,0.751065608066618,1.),(1.00002182494509,
0.754268823853353,1.),(1.00002156192887,0.757230173269675,1.),(1.00002134332248,
0.759691503799013,1.),(1.00002109871869,0.76244554397241,1.),(1.00002082162488,
0.765565395535587,1.),(1.00002050255904,0.769157818020133,1.),(1.0000201897197,
0.77268013523303,1.),(1.00001989865736,0.775957260998461,1.),(1.00001965460439,
0.778705099489681,1.),(1.00001938157492,0.78177918982055,1.),(1.00001907017948,
0.785285249842391,1.),(1.00001876717117,0.788696877609144,1.),(1.00001848535485,
0.791869900702817,1.),(1.00001824841184,0.794537686756338,1.),(1.00001797714734,
0.797591904966242,1.),(1.00001765686488,0.801198025704355,1.),(1.00001732494118,
0.804935217250676,1.),(1.0000170000226,0.808593536959037,1.),(1.00001676294874,
0.811262796233113,1.),(1.00001655900242,0.813559066371702,1.),(1.00001640883254,
0.815249857416189,1.),(1.00001628244562,0.816672871645538,1.),(1.00001619173695,
0.817694177663743,1.),(1.00001613242191,0.818362016814117,1.),(1.00001610198995,
0.818704656047415,1.),(1.00001608547707,0.818890577574792,1.),(1.00001607785769,
0.818976365661116,1.),(1.00001607374237,0.819022700925101,1.),(1.00001607164133,
0.819046356786466,1.),(1.00001607058815,0.819058214783277,1.),(1.00001606950176,
0.819070446586536,1.),(1.00001606960906,0.819069238604548,1.),(1.00001606954252,
0.819069987772487,1.),(1.00001606958996,0.819069453631133,1.),(1.00001606956354,
0.819069751025943,1.),(1.00001606957392,0.81906963416909,1.),(1.00001606956883,
0.819069691446587,1.),(1.00001606957047,0.81906967313931,1.),(1.00001606956993,
0.819069679134121,1.),(1.00001606957019,0.819069676194478,1.),(1.00001606957011,
0.819069677139286,1.),(1.00001606957013,0.819069676887629,1.),(1.00001606957012,
0.819069676970044,1.),(1.00001606957013,0.819069676929572,1.),(1.00001606957013,
0.819069676942818,1.),(1.00001606957013,0.819069676939875,1.),(1.00001606957013,
0.819069676939875,1.)))
REPRESENTATION_ITEM('')
SURFACE()
);
#50=(
BOUNDED_SURFACE()
B_SPLINE_SURFACE(3,2,((#8083,#8084,#8085),(#8086,#8087,#8088),(#8089,#8090,
#8091),(#8092,#8093,#8094),(#8095,#8096,#8097),(#8098,#8099,#8100),(#8101,
#8102,#8103),(#8104,#8105,#8106),(#8107,#8108,#8109),(#8110,#8111,#8112),
(#8113,#8114,#8115),(#8116,#8117,#8118),(#8119,#8120,#8121),(#8122,#8123,
#8124),(#8125,#8126,#8127),(#8128,#8129,#8130),(#8131,#8132,#8133),(#8134,
#8135,#8136),(#8137,#8138,#8139),(#8140,#8141,#8142),(#8143,#8144,#8145),
(#8146,#8147,#8148),(#8149,#8150,#8151),(#8152,#8153,#8154),(#8155,#8156,
#8157),(#8158,#8159,#8160),(#8161,#8162,#8163),(#8164,#8165,#8166),(#8167,
#8168,#8169),(#8170,#8171,#8172),(#8173,#8174,#8175),(#8176,#8177,#8178),
(#8179,#8180,#8181),(#8182,#8183,#8184),(#8185,#8186,#8187),(#8188,#8189,
#8190),(#8191,#8192,#8193),(#8194,#8195,#8196),(#8197,#8198,#8199),(#8200,
#8201,#8202),(#8203,#8204,#8205),(#8206,#8207,#8208),(#8209,#8210,#8211),
(#8212,#8213,#8214),(#8215,#8216,#8217),(#8218,#8219,#8220),(#8221,#8222,
#8223),(#8224,#8225,#8226),(#8227,#8228,#8229),(#8230,#8231,#8232),(#8233,
#8234,#8235),(#8236,#8237,#8238),(#8239,#8240,#8241),(#8242,#8243,#8244),
(#8245,#8246,#8247),(#8248,#8249,#8250),(#8251,#8252,#8253),(#8254,#8255,
#8256),(#8257,#8258,#8259),(#8260,#8261,#8262),(#8263,#8264,#8265),(#8266,
#8267,#8268),(#8269,#8270,#8271),(#8272,#8273,#8274),(#8275,#8276,#8277),
(#8278,#8279,#8280),(#8281,#8282,#8283),(#8284,#8285,#8286),(#8287,#8288,
#8289),(#8290,#8291,#8292),(#8293,#8294,#8295),(#8296,#8297,#8298),(#8299,
#8300,#8301),(#8302,#8303,#8304),(#8305,#8306,#8307),(#8308,#8309,#8310)),
 .UNSPECIFIED.,.F.,.F.,.F.)
B_SPLINE_SURFACE_WITH_KNOTS((4,1,1,1,1,1,1,1,1,1,1,1,1,1,1,1,1,1,1,1,1,
1,1,1,1,1,1,1,1,1,1,1,1,1,1,1,1,1,1,1,1,1,1,1,1,1,1,1,1,1,1,1,1,1,1,1,1,
1,1,1,1,1,1,1,1,1,1,1,1,1,1,1,1,4),(3,3),(0.,0.0039018118523969,0.0078036237047938,
0.0117054355571907,0.0156072474095876,0.0195090592619845,0.0234108711143814,
0.0273126829667783,0.0312144948191752,0.0351163066715721,0.039018118523969,
0.0409690244501675,0.0429199303763659,0.0448708363025644,0.0468217422287628,
0.0487726481549613,0.0507235540811597,0.0516990070442589,0.0526744600073582,
0.0536499129704574,0.0546253659335566,0.0556008188966558,0.0565762718597551,
0.0570639983413047,0.0575517248228543,0.0580394513044039,0.0585271777859535,
0.0590149042675031,0.0595026307490527,0.0597464939898275,0.0599903572306024,
0.0602342204713772,0.060478083712152,0.0607219469529268,0.0609658101937016,
0.061087741814089,0.0612096734344764,0.0613316050548638,0.0614535366752512,
0.0615754682956386,0.0616364341058323,0.061697399916026,0.0617583657262197,
0.0618193315364134,0.0618802973466071,0.061910780251704,0.0619412631568008,
0.0619565046093492,0.0619717460618977,0.0619869875144461,0.0620022289669945,
0.0620174704195429,0.0620327118720914,0.0620403325983656,0.0620479533246398,
0.0620517636877769,0.0620536688693454,0.062055574050914,0.0620565266416983,
0.0620574792324825,0.0620593844140511,0.0620631947771882,0.0620708155034624,
0.0620784362297366,0.0620936776822851,0.0621089191348335,0.0621241605873819,
0.0621546434924788,0.0621851263975756,0.0622156093026725,0.0622460922077693,
0.062307058017963,0.0623680238281567,0.0624289896383504),(0.,1.),
 .UNSPECIFIED.)
GEOMETRIC_REPRESENTATION_ITEM()
RATIONAL_B_SPLINE_SURFACE(((1.,0.746810175579699,1.),(1.,0.742034484977757,
1.),(1.,0.734892660379449,1.),(1.,0.727989044297678,1.),(1.,0.723320404952976,
1.),(1.,0.720079061945131,1.),(1.,0.717832490921796,1.),(1.,0.716337105177968,
1.),(1.,0.715458731112617,1.),(1.,0.715134525923168,1.),(1.,0.715359106954989,
1.),(1.,0.716046874862459,1.),(1.,0.716966301521623,1.),(1.,0.717870586802942,
1.),(1.,0.719029756794376,1.),(1.,0.720501625117414,1.),(1.,0.722371427940205,
1.),(1.,0.724366075960014,1.),(1.,0.726324180225667,1.),(1.,0.728012723233252,
1.),(1.,0.729970223450004,1.),(1.,0.732264206800843,1.),(1.,0.73499084735691,
1.),(1.,0.737739135826533,1.),(1.,0.740337763831251,1.),(1.,0.742524520581514,
1.),(1.,0.744993444758157,1.),(1.,0.747812921816382,1.),(1.,0.751076662296855,
1.),(1.,0.754279735840869,1.),(1.,0.757240953754843,1.),(1.,0.759702174985779,
1.),(1.,0.762456092862636,1.),(1.,0.765575805884965,1.),(1.,0.769168068843554,
1.),(1.,0.772690229643598,1.),(1.,0.775967209884176,1.),(1.,0.77871492635423,
1.),(1.,0.781788880176324,1.),(1.,0.785294784507207,1.),(1.,0.788706260776363,
1.),(1.,0.791879142967938,1.),(1.,0.794546810555014,1.),(1.,0.797600893138474,
1.),(1.,0.801206853742007,1.),(1.,0.804943879333655,1.),(1.,0.80860203658983,
1.),(1.,0.81127117733225,1.),(1.,0.813567345502557,1.),(1.,0.815258061465949,
1.),(1.,0.816681012505559,1.),(1.,0.817702273172071,1.),(1.,0.818370082666616,
1.),(1.,0.818712706684755,1.),(1.,0.81889861995613,1.),(1.,0.818984404232964,
1.),(1.,0.819030737439387,1.),(1.,0.819054392250288,1.),(1.,0.819066249720537,
1.),(1.,0.819078480980627,1.),(1.,0.819077273052281,1.),(1.,0.819078022186952,
1.),(1.,0.819077488069317,1.),(1.,0.819077785450921,1.),(1.,0.819077668599258,
1.),(1.,0.81907772587421,1.),(1.,0.819077707567745,1.),(1.,0.819077713562293,
1.),(1.,0.819077710622778,1.),(1.,0.819077711567544,1.),(1.,0.819077711315901,
1.),(1.,0.81907771139831,1.),(1.,0.819077711357844,1.),(1.,0.819077711371083,
1.),(1.,0.819077711368144,1.),(1.,0.819077711368144,1.)))
REPRESENTATION_ITEM('')
SURFACE()
);
#51=(
BOUNDED_SURFACE()
B_SPLINE_SURFACE(3,2,((#9000,#9001,#9002),(#9003,#9004,#9005),(#9006,#9007,
#9008),(#9009,#9010,#9011)),.UNSPECIFIED.,.F.,.F.,.F.)
B_SPLINE_SURFACE_WITH_KNOTS((4,4),(3,3),(0.,0.00216953219169964),(0.,1.),
 .UNSPECIFIED.)
GEOMETRIC_REPRESENTATION_ITEM()
RATIONAL_B_SPLINE_SURFACE(((1.,0.746810175579699,1.),(1.,0.748725759948578,
1.),(1.,0.750623714432228,1.),(1.,0.7524967241375,1.)))
REPRESENTATION_ITEM('')
SURFACE()
);
#52=(
BOUNDED_SURFACE()
B_SPLINE_SURFACE(3,2,((#10043,#10044,#10045),(#10046,#10047,#10048),(#10049,
#10050,#10051),(#10052,#10053,#10054),(#10055,#10056,#10057),(#10058,#10059,
#10060),(#10061,#10062,#10063)),.UNSPECIFIED.,.F.,.F.,.F.)
B_SPLINE_SURFACE_WITH_KNOTS((4,3,4),(3,3),(-0.0126663080852955,-1.81672168628189E-12,
0.00703039315802147),(0.,1.),.UNSPECIFIED.)
GEOMETRIC_REPRESENTATION_ITEM()
RATIONAL_B_SPLINE_SURFACE(((1.,0.707106781186548,1.),(1.,0.707106781186548,
1.),(1.,0.707106781186548,1.),(1.,0.707106781186548,1.),(1.,0.707106781186548,
1.),(1.,0.707106781186548,1.),(1.,0.707106781186548,1.)))
REPRESENTATION_ITEM('')
SURFACE()
);
#53=(
BOUNDED_SURFACE()
B_SPLINE_SURFACE(3,2,((#10127,#10128,#10129,#10130,#10131,#10132,#10133),
(#10134,#10135,#10136,#10137,#10138,#10139,#10140),(#10141,#10142,#10143,
#10144,#10145,#10146,#10147),(#10148,#10149,#10150,#10151,#10152,#10153,
#10154),(#10155,#10156,#10157,#10158,#10159,#10160,#10161),(#10162,#10163,
#10164,#10165,#10166,#10167,#10168),(#10169,#10170,#10171,#10172,#10173,
#10174,#10175),(#10176,#10177,#10178,#10179,#10180,#10181,#10182),(#10183,
#10184,#10185,#10186,#10187,#10188,#10189),(#10190,#10191,#10192,#10193,
#10194,#10195,#10196),(#10197,#10198,#10199,#10200,#10201,#10202,#10203),
(#10204,#10205,#10206,#10207,#10208,#10209,#10210),(#10211,#10212,#10213,
#10214,#10215,#10216,#10217),(#10218,#10219,#10220,#10221,#10222,#10223,
#10224),(#10225,#10226,#10227,#10228,#10229,#10230,#10231),(#10232,#10233,
#10234,#10235,#10236,#10237,#10238)),.UNSPECIFIED.,.F.,.F.,.F.)
B_SPLINE_SURFACE_WITH_KNOTS((4,3,1,1,1,1,1,1,3,4),(3,2,2,3),(-0.0120241594959074,
-6.05575051909613E-13,0.00199763823394571,0.003995276468497,0.00499409558577265,
0.0059929147030483,0.00699173382032394,0.00749114337896176,0.00799055293759958,
0.00807045846698164),(-0.199999999999999,0.,1.,2.16856339134686),
 .UNSPECIFIED.)
GEOMETRIC_REPRESENTATION_ITEM()
RATIONAL_B_SPLINE_SURFACE(((1.,1.,1.,0.707106781186548,1.,1.,1.),(1.,1.,
1.,0.707106781186548,1.,1.,1.),(1.,1.,1.,0.707106781186548,1.,1.,1.),(1.,
1.,1.,0.707106781186548,1.,1.,1.),(1.,1.,1.,0.707106781186548,1.,1.,1.),
(1.,1.,1.,0.707106781186547,1.,1.,1.),(1.,1.,1.,0.707106781186549,1.,1.,
1.),(1.,1.,1.,0.707106781186548,1.,1.,1.),(1.,1.,1.,0.707106781186547,1.,
1.,1.),(1.,1.,1.,0.707106781186548,1.,1.,1.),(1.,1.,1.,0.707106781186548,
1.,1.,1.),(1.,1.,1.,0.707106781186548,1.,1.,1.),(1.,1.,1.,0.707106781186548,
1.,1.,1.),(1.,1.,1.,0.707106781186548,1.,1.,1.),(1.,1.,1.,0.707106781186548,
1.,1.,1.),(1.,1.,1.,0.707106781186548,1.,1.,1.)))
REPRESENTATION_ITEM('')
SURFACE()
);
#54=FACE_BOUND('',#653,.T.);
#55=FACE_BOUND('',#664,.T.);
#56=FACE_BOUND('',#709,.T.);
#57=FACE_BOUND('',#710,.T.);
#58=FACE_BOUND('',#711,.T.);
#59=FACE_BOUND('',#712,.T.);
#60=FACE_BOUND('',#713,.T.);
#61=FACE_BOUND('',#715,.T.);
#62=FACE_BOUND('',#716,.T.);
#63=FACE_BOUND('',#717,.T.);
#64=FACE_BOUND('',#718,.T.);
#65=FACE_BOUND('',#719,.T.);
#66=FACE_BOUND('',#722,.T.);
#67=FACE_BOUND('',#723,.T.);
#68=FACE_BOUND('',#726,.T.);
#69=FACE_BOUND('',#727,.T.);
#70=FACE_BOUND('',#730,.T.);
#71=FACE_BOUND('',#734,.T.);
#72=FACE_BOUND('',#735,.T.);
#73=FACE_BOUND('',#736,.T.);
#74=FACE_BOUND('',#737,.T.);
#75=FACE_BOUND('',#738,.T.);
#76=FACE_BOUND('',#739,.T.);
#77=FACE_BOUND('',#741,.T.);
#78=FACE_BOUND('',#742,.T.);
#79=FACE_BOUND('',#753,.T.);
#80=FACE_BOUND('',#755,.T.);
#81=FACE_BOUND('',#758,.T.);
#82=FACE_BOUND('',#759,.T.);
#83=FACE_BOUND('',#764,.T.);
#84=FACE_BOUND('',#767,.T.);
#85=FACE_BOUND('',#773,.T.);
#86=FACE_BOUND('',#792,.T.);
#87=FACE_BOUND('',#793,.T.);
#88=FACE_BOUND('',#794,.T.);
#89=FACE_BOUND('',#795,.T.);
#90=FACE_BOUND('',#796,.T.);
#91=FACE_BOUND('',#803,.T.);
#92=FACE_BOUND('',#814,.T.);
#93=FACE_BOUND('',#831,.T.);
#94=FACE_BOUND('',#839,.T.);
#95=FACE_BOUND('',#840,.T.);
#96=FACE_BOUND('',#841,.T.);
#97=FACE_BOUND('',#842,.T.);
#98=FACE_BOUND('',#843,.T.);
#99=FACE_BOUND('',#848,.T.);
#100=FACE_BOUND('',#850,.T.);
#101=FACE_BOUND('',#852,.T.);
#102=FACE_BOUND('',#854,.T.);
#103=FACE_BOUND('',#883,.T.);
#104=FACE_BOUND('',#884,.T.);
#105=FACE_BOUND('',#919,.T.);
#106=B_SPLINE_CURVE_WITH_KNOTS('',3,(#5802,#5803,#5804,#5805,#5806,#5807),
 .UNSPECIFIED.,.F.,.F.,(4,2,4),(1.33017895193541,2.11258272242809,3.13043431015874),
 .UNSPECIFIED.);
#107=B_SPLINE_CURVE_WITH_KNOTS('',3,(#5809,#5810,#5811,#5812,#5813,#5814,
#5815,#5816,#5817,#5818,#5819,#5820,#5821,#5822,#5823,#5824),
 .UNSPECIFIED.,.F.,.F.,(4,3,3,3,3,4),(-0.0615708508776202,-0.0457707391514773,
-0.0318451930770457,-0.0184267446299996,-0.00180076926932649,0.),
 .UNSPECIFIED.);
#108=B_SPLINE_CURVE_WITH_KNOTS('',3,(#5826,#5827,#5828,#5829),
 .UNSPECIFIED.,.F.,.F.,(4,4),(0.830667281389645,1.26898758816816),
 .UNSPECIFIED.);
#109=B_SPLINE_CURVE_WITH_KNOTS('',3,(#6024,#6025,#6026,#6027,#6028,#6029,
#6030,#6031,#6032,#6033,#6034,#6035),.UNSPECIFIED.,.F.,.F.,(4,2,2,2,2,4),
(0.,0.0199997614181779,0.0413837531626912,0.0809958663510847,0.121257077792832,
0.161992072074075),.UNSPECIFIED.);
#110=B_SPLINE_CURVE_WITH_KNOTS('',3,(#6037,#6038,#6039,#6040,#6041,#6042,
#6043,#6044,#6045,#6046,#6047,#6048,#6049,#6050,#6051,#6052,#6053,#6054,
#6055,#6056,#6057,#6058,#6059,#6060,#6061,#6062,#6063,#6064,#6065,#6066,
#6067,#6068,#6069,#6070,#6071,#6072,#6073,#6074,#6075,#6076,#6077,#6078,
#6079,#6080,#6081,#6082,#6083,#6084,#6085,#6086,#6087,#6088,#6089,#6090,
#6091,#6092,#6093,#6094,#6095,#6096,#6097,#6098,#6099,#6100,#6101,#6102,
#6103,#6104,#6105,#6106,#6107,#6108,#6109,#6110,#6111,#6112,#6113,#6114,
#6115),.UNSPECIFIED.,.F.,.F.,(4,3,3,3,3,3,3,3,3,3,3,3,3,3,3,3,3,3,3,3,3,
3,3,3,3,3,4),(0.,0.00351519992617972,0.00492129963929203,0.00747888928533271,
0.00875581192862281,0.00942919658247449,0.00990337442014929,0.0100327345719129,
0.0116845033254535,0.012579431587112,0.0138448793506282,0.0144776032323863,
0.0149368271584356,0.0151103271141444,0.0163677536427225,0.0169929018705604,
0.0173054759844794,0.0174138418403137,0.01747677063491,0.0176180500983984,
0.0182366724498196,0.0188522962029863,0.0194069267519789,0.0194696520267697,
0.0197804845741213,0.0199367172929248,0.0199737787818306),.UNSPECIFIED.);
#111=B_SPLINE_CURVE_WITH_KNOTS('',3,(#6118,#6119,#6120,#6121,#6122,#6123,
#6124,#6125,#6126,#6127,#6128,#6129,#6130,#6131,#6132,#6133,#6134,#6135,
#6136,#6137,#6138,#6139,#6140,#6141,#6142,#6143,#6144,#6145,#6146,#6147,
#6148,#6149,#6150,#6151,#6152,#6153),.UNSPECIFIED.,.F.,.F.,(4,2,2,2,2,2,
2,2,2,2,2,2,2,2,2,2,2,4),(0.,0.000159394921815526,0.000795663589476624,
0.00143279295458539,0.00207071540930549,0.00249072927996066,0.00334867479335523,
0.00462891111063181,0.00498145855992133,0.00674214362395975,0.00719507466186267,
0.00922698198223378,0.00976680631910391,0.00996291711984266,0.0123386801824444,
0.0149090611610308,0.014944375679764,0.0199258342396853),.UNSPECIFIED.);
#112=B_SPLINE_CURVE_WITH_KNOTS('',3,(#6176,#6177,#6178,#6179,#6180,#6181,
#6182,#6183,#6184,#6185,#6186,#6187,#6188,#6189,#6190,#6191,#6192,#6193,
#6194,#6195,#6196,#6197,#6198,#6199,#6200,#6201,#6202,#6203,#6204,#6205,
#6206),.UNSPECIFIED.,.F.,.F.,(4,3,3,3,3,3,3,3,3,3,4),(0.384767844015512,
0.403054910085285,0.422148486615811,0.438941604389252,0.461089457267017,
0.485699428790725,0.493499736454401,0.530787905997687,0.558403995294666,
0.581388800140875,0.600040671902496),.UNSPECIFIED.);
#113=B_SPLINE_CURVE_WITH_KNOTS('',3,(#6209,#6210,#6211,#6212,#6213,#6214,
#6215,#6216,#6217,#6218,#6219,#6220,#6221),.UNSPECIFIED.,.F.,.F.,(4,2,1,
2,2,2,4),(0.,0.00592620847424524,0.00981472407757366,0.00985416586478838,
0.0148225212349465,0.0190667512688305,0.0197083316991814),.UNSPECIFIED.);
#114=B_SPLINE_CURVE_WITH_KNOTS('',3,(#6244,#6245,#6246,#6247,#6248,#6249,
#6250,#6251,#6252,#6253,#6254,#6255,#6256,#6257,#6258,#6259,#6260,#6261,
#6262,#6263,#6264,#6265,#6266,#6267,#6268,#6269,#6270,#6271,#6272,#6273,
#6274),.UNSPECIFIED.,.F.,.F.,(4,3,3,3,3,3,3,3,3,3,4),(0.257491379929019,
0.269725751730431,0.281926957770578,0.289882058078704,0.30346540165344,
0.317095975198439,0.323395701971111,0.33881142226219,0.354343530755403,
0.370158999146484,0.384767843066461),.UNSPECIFIED.);
#115=B_SPLINE_CURVE_WITH_KNOTS('',3,(#6279,#6280,#6281,#6282,#6283,#6284,
#6285,#6286,#6287,#6288,#6289,#6290,#6291),.UNSPECIFIED.,.F.,.F.,(4,2,1,
2,2,2,4),(0.,0.0042077900388866,0.00499977519295717,0.00504420530394785,
0.00757571690144819,0.00978356027233384,0.0100884104874666),
 .UNSPECIFIED.);
#116=B_SPLINE_CURVE_WITH_KNOTS('',3,(#6369,#6370,#6371,#6372,#6373,#6374,
#6375,#6376,#6377,#6378,#6379,#6380,#6381,#6382),.UNSPECIFIED.,.F.,.F.,
(4,2,2,2,2,2,4),(-0.156964157921401,-0.137511658428031,-0.116836819333839,
-0.0782502866293303,-0.039651027213225,0.,0.000599990691173697),
 .UNSPECIFIED.);
#117=B_SPLINE_CURVE_WITH_KNOTS('',3,(#6384,#6385,#6386,#6387,#6388,#6389,
#6390,#6391,#6392,#6393,#6394,#6395,#6396,#6397,#6398,#6399,#6400,#6401,
#6402,#6403,#6404,#6405,#6406,#6407,#6408,#6409,#6410,#6411,#6412,#6413,
#6414,#6415,#6416,#6417,#6418,#6419,#6420,#6421,#6422,#6423,#6424,#6425,
#6426,#6427,#6428,#6429,#6430,#6431,#6432,#6433,#6434,#6435,#6436,#6437,
#6438,#6439,#6440,#6441,#6442,#6443,#6444,#6445,#6446,#6447,#6448,#6449,
#6450,#6451,#6452,#6453,#6454,#6455,#6456,#6457,#6458,#6459,#6460,#6461,
#6462,#6463,#6464,#6465,#6466,#6467,#6468,#6469,#6470,#6471,#6472,#6473,
#6474,#6475,#6476,#6477,#6478,#6479,#6480,#6481,#6482,#6483,#6484,#6485,
#6486,#6487,#6488,#6489,#6490,#6491,#6492,#6493,#6494,#6495,#6496,#6497,
#6498,#6499,#6500,#6501),.UNSPECIFIED.,.F.,.F.,(4,3,3,3,3,3,3,3,3,3,3,3,
3,3,3,3,3,3,3,3,3,3,3,3,3,3,3,3,3,3,3,3,3,3,3,3,3,3,3,4),(-0.257491366686776,
-0.245761654095102,-0.237465644936893,-0.226857129311935,-0.21545883540805,
-0.214322574605782,-0.20369260444616,-0.192138089254996,-0.188508699303543,
-0.178509571036854,-0.167622975678802,-0.159371134332323,-0.149591878835475,
-0.143311267599664,-0.13403362560505,-0.126116554862669,-0.117432939567154,
-0.108188211179008,-0.107689950564572,-0.0995683705361807,-0.0907815353208575,
-0.0879639977502445,-0.0802331134925787,-0.0718659760512687,-0.066933252023063,
-0.058765095577873,-0.0559542877651335,-0.0480249535409942,-0.0446969598382931,
-0.0383610584936356,-0.033196723302998,-0.0246985530085418,-0.0214992437230825,
-0.0155934042489001,-0.00965950875483621,-0.00668452894498256,-0.00370556061549299,
-0.00221490623777927,-0.000723646744854385,-6.03516219713047E-10),
 .UNSPECIFIED.);
#118=B_SPLINE_CURVE_WITH_KNOTS('',3,(#6504,#6505,#6506,#6507,#6508,#6509,
#6510,#6511,#6512,#6513,#6514,#6515,#6516,#6517,#6518,#6519,#6520,#6521,
#6522,#6523,#6524,#6525,#6526,#6527,#6528,#6529,#6530,#6531,#6532,#6533,
#6534,#6535,#6536,#6537,#6538,#6539,#6540,#6541,#6542,#6543,#6544,#6545,
#6546,#6547,#6548,#6549,#6550,#6551,#6552,#6553,#6554,#6555,#6556,#6557,
#6558,#6559,#6560,#6561,#6562,#6563,#6564,#6565,#6566,#6567,#6568,#6569),
 .UNSPECIFIED.,.F.,.F.,(4,2,2,2,2,2,2,2,2,2,2,2,2,2,2,2,2,2,2,2,2,2,2,2,
2,2,2,2,2,2,2,2,4),(0.,2.69176172080562E-5,7.04899399347788E-5,0.000157765767898925,
0.000245340662548324,0.000341245354908511,0.000421768776946141,0.000598657721345051,
0.000682490709817021,0.000952140049001167,0.00102373606472553,0.00125169051175364,
0.00130548841238418,0.00136498141963404,0.00165870002767544,0.00201229901422651,
0.00204747212945106,0.00271910972344133,0.00272996283926808,0.00341245354908511,
0.00342591254654416,0.00409494425890213,0.00413271726491973,0.00483952929187592,
0.00545992567853617,0.00554634027559571,0.00646908452142687,0.00682490709817021,
0.00696007791974323,0.00818988851780425,0.008369970463601,0.00977545470165912,
0.0109198513570723),.UNSPECIFIED.);
#119=B_SPLINE_CURVE_WITH_KNOTS('',3,(#6648,#6649,#6650,#6651,#6652,#6653,
#6654,#6655,#6656,#6657,#6658,#6659,#6660,#6661,#6662,#6663,#6664,#6665,
#6666,#6667,#6668,#6669,#6670,#6671,#6672,#6673,#6674,#6675,#6676,#6677,
#6678,#6679,#6680,#6681,#6682,#6683,#6684,#6685,#6686,#6687,#6688,#6689,
#6690,#6691,#6692,#6693,#6694,#6695,#6696,#6697,#6698,#6699,#6700,#6701,
#6702,#6703,#6704,#6705,#6706,#6707,#6708,#6709,#6710,#6711,#6712,#6713,
#6714,#6715,#6716,#6717,#6718,#6719,#6720,#6721,#6722,#6723,#6724,#6725,
#6726,#6727,#6728,#6729,#6730,#6731,#6732,#6733,#6734,#6735,#6736,#6737,
#6738,#6739,#6740,#6741,#6742,#6743,#6744,#6745,#6746,#6747,#6748,#6749,
#6750,#6751,#6752,#6753,#6754,#6755,#6756,#6757,#6758,#6759,#6760,#6761,
#6762,#6763,#6764,#6765),.UNSPECIFIED.,.F.,.F.,(4,3,3,3,3,3,3,3,3,3,3,3,
3,3,3,3,3,3,3,3,3,3,3,3,3,3,3,3,3,3,3,3,3,3,3,3,3,3,3,4),(6.03518907735717E-10,
0.000723646744854468,0.00221490623780476,0.0037055606155461,0.0066845289450794,
0.00965950875497038,0.0155934042490592,0.0214992437232776,0.0299974140181521,
0.0331967233032012,0.0395326246473619,0.044696959838365,0.0526262940614193,
0.0559542877650831,0.0641224442090807,0.0669332520228163,0.075414061654292,
0.0832079189308007,0.0879639977495636,0.0968266735012305,0.104980645461177,
0.107689950563437,0.116903252712259,0.12558686800743,0.126116554861081,
0.13539419685547,0.143311267597712,0.153090523094307,0.159371134330046,
0.170452700376205,0.180564090941857,0.188508699300848,0.200167672085582,
0.210840805457147,0.214322574602856,0.22589410976837,0.236502625397309,
0.237465644933883,0.24919535751344,0.257491366683815),.UNSPECIFIED.);
#120=B_SPLINE_CURVE_WITH_KNOTS('',3,(#6766,#6767,#6768,#6769,#6770,#6771,
#6772,#6773,#6774,#6775,#6776,#6777,#6778,#6779,#6780,#6781,#6782,#6783,
#6784,#6785,#6786,#6787,#6788,#6789,#6790,#6791,#6792,#6793,#6794,#6795,
#6796,#6797,#6798,#6799,#6800,#6801,#6802,#6803,#6804,#6805,#6806,#6807,
#6808,#6809,#6810,#6811,#6812,#6813,#6814,#6815,#6816,#6817,#6818,#6819,
#6820,#6821,#6822,#6823,#6824,#6825,#6826,#6827,#6828,#6829,#6830,#6831),
 .UNSPECIFIED.,.F.,.F.,(4,2,2,2,2,2,2,2,2,2,2,2,2,2,2,2,2,2,2,2,2,2,2,2,
2,2,2,2,2,2,2,2,4),(0.,0.00113263035899258,0.0025236638870552,0.00270189429165207,
0.00391906039623,0.00405284143747811,0.00496609834121804,0.00531826247168392,
0.00540378858330415,0.00601780626573115,0.00671735109228847,0.00675473572913018,
0.00741688868540957,0.0074302093020432,0.00810568287495622,0.00811642440274435,
0.00878115644786924,0.00881596792510918,0.00916593132737747,0.00945663002078226,
0.00951551134120515,0.00974112203833246,0.00979436680723877,0.00986522669712752,
0.0101321035936953,0.0102150746399478,0.0103901448724994,0.0104698403801518,
0.0105647590131469,0.0106514334925727,0.0107378119802149,0.0107809363071675,
0.0108075771666083),.UNSPECIFIED.);
#121=B_SPLINE_CURVE_WITH_KNOTS('',3,(#6854,#6855,#6856,#6857,#6858,#6859,
#6860,#6861,#6862,#6863,#6864,#6865,#6866,#6867),.UNSPECIFIED.,.F.,.F.,
(4,2,2,2,2,2,4),(1.2040193457677E-10,0.00220734325953203,0.00251212439975519,
0.00504306242694468,0.00508748247130429,0.00929431912323945,0.0100861248538892),
 .UNSPECIFIED.);
#122=B_SPLINE_CURVE_WITH_KNOTS('',3,(#6872,#6873,#6874,#6875,#6876,#6877,
#6878,#6879,#6880,#6881,#6882,#6883,#6884,#6885,#6886,#6887,#6888,#6889,
#6890,#6891,#6892,#6893,#6894,#6895,#6896,#6897,#6898,#6899,#6900,#6901,
#6902),.UNSPECIFIED.,.F.,.F.,(4,3,3,3,3,3,3,3,3,3,4),(-0.384767843070882,
-0.36895457786055,-0.353329374134032,-0.337917196297466,-0.323395701975433,
-0.309757921567267,-0.296171507624888,-0.289882058082598,-0.277682972997612,
-0.265455189099109,-0.257491379730365),.UNSPECIFIED.);
#123=B_SPLINE_CURVE_WITH_KNOTS('',3,(#6925,#6926,#6927,#6928,#6929,#6930,
#6931,#6932,#6933,#6934,#6935,#6936,#6937,#6938),.UNSPECIFIED.,.F.,.F.,
(4,2,2,2,2,2,4),(3.03946558105231E-11,0.00424413193346385,0.0048856975638915,
0.00985393809542411,0.0098933789709823,0.0163739956082256,0.0197078761908482),
 .UNSPECIFIED.);
#124=B_SPLINE_CURVE_WITH_KNOTS('',3,(#6941,#6942,#6943,#6944,#6945,#6946,
#6947,#6948,#6949,#6950,#6951,#6952,#6953,#6954,#6955,#6956,#6957,#6958,
#6959,#6960,#6961,#6962,#6963,#6964,#6965,#6966,#6967,#6968,#6969,#6970,
#6971),.UNSPECIFIED.,.F.,.F.,(4,3,3,3,3,3,3,3,3,3,4),(-0.6000406719093,
-0.577707503350843,-0.551854789102955,-0.519156157111092,-0.493499736459946,
-0.468531912534176,-0.446296763104225,-0.438941604393894,-0.419656640173803,
-0.401249251336466,-0.384767843957252),.UNSPECIFIED.);
#125=B_SPLINE_CURVE_WITH_KNOTS('',3,(#7022,#7023,#7024,#7025,#7026,#7027,
#7028,#7029,#7030,#7031,#7032,#7033),.UNSPECIFIED.,.F.,.F.,(4,2,2,2,2,4),
(3.43519347410573E-7,0.0423064687980405,0.0826142498041167,0.12216450524066,
0.142905514718926,0.162333753645892),.UNSPECIFIED.);
#126=B_SPLINE_CURVE_WITH_KNOTS('',3,(#7035,#7036,#7037,#7038,#7039,#7040,
#7041,#7042,#7043,#7044,#7045,#7046,#7047,#7048,#7049,#7050,#7051,#7052,
#7053,#7054,#7055,#7056,#7057,#7058,#7059,#7060,#7061,#7062,#7063,#7064,
#7065,#7066,#7067,#7068,#7069,#7070),.UNSPECIFIED.,.F.,.F.,(4,2,2,2,2,2,
2,2,2,2,2,2,2,2,2,2,2,4),(0.,0.0049898360849885,0.00502520999361314,0.00759991368829732,
0.00997967216997701,0.0101761127783751,0.0122114372414085,0.0127521694232034,
0.0145158155042446,0.0149695082549655,0.0153226485979061,0.0166050379415934,
0.0174644262974598,0.0178851465228409,0.01852414179816,0.0191623426500962,
0.0197996813571141,0.019959344339954),.UNSPECIFIED.);
#127=B_SPLINE_CURVE_WITH_KNOTS('',3,(#7073,#7074,#7075,#7076,#7077,#7078,
#7079,#7080,#7081,#7082,#7083,#7084,#7085,#7086,#7087,#7088,#7089,#7090,
#7091,#7092,#7093,#7094,#7095,#7096,#7097,#7098,#7099,#7100,#7101,#7102,
#7103,#7104,#7105,#7106,#7107,#7108,#7109,#7110,#7111,#7112,#7113,#7114,
#7115,#7116,#7117,#7118,#7119,#7120,#7121,#7122,#7123,#7124,#7125,#7126,
#7127,#7128,#7129,#7130,#7131,#7132,#7133,#7134,#7135,#7136,#7137,#7138,
#7139,#7140,#7141,#7142,#7143,#7144,#7145,#7146,#7147,#7148),
 .UNSPECIFIED.,.F.,.F.,(4,3,3,3,3,3,3,3,3,3,3,3,3,3,3,3,3,3,3,3,3,3,3,3,
3,4),(-5.59385681030195E-8,3.7085208293608E-5,0.000152283359696899,0.000192016835359129,
0.000417596072452432,0.000497054582715294,0.000573883852922719,0.000619184404160868,
0.000654961569836762,0.00111168874437469,0.00136817082420248,0.00173015763566151,
0.00235087944473898,0.00276142472780244,0.00359865392324242,0.00479067390883136,
0.004853733971679,0.00599038874072445,0.00737980517737479,0.00896373099720979,
0.0099212150243867,0.0124684385341114,0.0148362941752797,0.0150193391907243,
0.0184503841687303,0.019928585194596),.UNSPECIFIED.);
#128=B_SPLINE_CURVE_WITH_KNOTS('',3,(#7263,#7264,#7265,#7266,#7267,#7268,
#7269,#7270,#7271,#7272,#7273,#7274),.UNSPECIFIED.,.F.,.F.,(4,2,2,2,2,4),
(9.9982406558651E-7,0.013403130118016,0.0228103509359106,0.0325750620194687,
0.0387600895871798,0.0473277631953663),.UNSPECIFIED.);
#129=B_SPLINE_CURVE_WITH_KNOTS('',3,(#7276,#7277,#7278,#7279,#7280,#7281,
#7282),.UNSPECIFIED.,.F.,.F.,(4,3,4),(0.,0.81433870569545,0.997967167325014),
 .UNSPECIFIED.);
#130=B_SPLINE_CURVE_WITH_KNOTS('',3,(#7284,#7285,#7286,#7287,#7288,#7289,
#7290,#7291,#7292,#7293,#7294,#7295),.UNSPECIFIED.,.F.,.F.,(4,2,2,2,2,4),
(-0.0418194823800113,-0.0315187478134046,-0.0217393332656949,-0.0121462598349989,
-0.00710539326878339,-7.37921995759125E-6),.UNSPECIFIED.);
#131=B_SPLINE_CURVE_WITH_KNOTS('',3,(#7296,#7297,#7298,#7299,#7300,#7301,
#7302,#7303,#7304,#7305,#7306,#7307,#7308,#7309,#7310,#7311,#7312,#7313,
#7314,#7315,#7316,#7317,#7318,#7319,#7320,#7321),.UNSPECIFIED.,.F.,.F.,
(4,2,2,2,2,2,2,2,2,2,2,2,4),(-0.00106102470302017,0.,0.00198571898539133,
0.00199764054284733,0.00397143797078266,0.00399527235382427,0.00499412836004348,
0.00595715695617398,0.00599291079691844,0.00695001644886965,0.00699173813148152,
0.00749114522754457,0.00794287594156531),.UNSPECIFIED.);
#132=B_SPLINE_CURVE_WITH_KNOTS('',3,(#7338,#7339,#7340,#7341),
 .UNSPECIFIED.,.F.,.F.,(4,4),(7.81447453735562E-5,0.00223595530954545),
 .UNSPECIFIED.);
#133=B_SPLINE_CURVE_WITH_KNOTS('',3,(#7343,#7344,#7345,#7346,#7347,#7348,
#7349,#7350,#7351,#7352,#7353,#7354,#7355,#7356,#7357,#7358,#7359,#7360,
#7361,#7362,#7363,#7364,#7365,#7366,#7367,#7368,#7369,#7370,#7371,#7372,
#7373,#7374,#7375,#7376,#7377,#7378,#7379,#7380,#7381,#7382,#7383,#7384,
#7385,#7386,#7387,#7388,#7389,#7390,#7391,#7392,#7393,#7394,#7395,#7396),
 .UNSPECIFIED.,.F.,.F.,(4,2,2,2,2,2,2,2,2,2,2,2,2,2,2,2,2,2,2,2,2,2,2,2,
2,2,4),(3.46944695195361E-18,0.000213187010576558,0.000428471316428974,
0.000541495503155891,0.000729242321711702,0.000812243254733835,0.000964525666517737,
0.00108299100631178,0.00128849122231029,0.00149476400041096,0.00162448650946767,
0.00182265423813328,0.00202076271563749,0.00216598201262355,0.00238576621699028,
0.00260623886188323,0.00270747751577944,0.0029004604404743,0.00309405419914539,
0.00324897301893533,0.00344100891441469,0.00363378857942135,0.00379046852209122,
0.00395636902980157,0.00412275712762598,0.00429056701763477,0.0043319640252471),
 .UNSPECIFIED.);
#134=B_SPLINE_CURVE_WITH_KNOTS('',3,(#7421,#7422,#7423,#7424,#7425,#7426,
#7427,#7428,#7429,#7430),.UNSPECIFIED.,.F.,.F.,(4,2,2,2,4),(0.,0.157735625353661,
0.295954177846616,0.412543569862721,0.514724614742539),.UNSPECIFIED.);
#135=B_SPLINE_CURVE_WITH_KNOTS('',3,(#7431,#7432,#7433,#7434,#7435,#7436),
 .UNSPECIFIED.,.F.,.F.,(4,2,4),(-0.00641938696833412,1.81672862517579E-12,
0.00181379865954235),.UNSPECIFIED.);
#136=B_SPLINE_CURVE_WITH_KNOTS('',3,(#7670,#7671,#7672,#7673,#7674,#7675,
#7676,#7677,#7678,#7679,#7680,#7681,#7682,#7683),.UNSPECIFIED.,.F.,.F.,
(4,2,2,2,2,2,4),(-0.209965883827966,-0.184544729327929,-0.158162083396825,
-0.103709119860328,-0.0573847637255664,3.63162944161388E-10,0.000836111116497218),
 .UNSPECIFIED.);
#137=B_SPLINE_CURVE_WITH_KNOTS('',3,(#7684,#7685,#7686,#7687,#7688,#7689,
#7690,#7691,#7692,#7693,#7694,#7695,#7696,#7697,#7698,#7699,#7700,#7701,
#7702,#7703,#7704,#7705,#7706,#7707,#7708,#7709,#7710,#7711,#7712,#7713,
#7714,#7715,#7716,#7717,#7718,#7719,#7720,#7721,#7722,#7723,#7724,#7725,
#7726,#7727,#7728,#7729,#7730,#7731,#7732,#7733,#7734,#7735,#7736,#7737,
#7738,#7739,#7740,#7741,#7742,#7743,#7744,#7745,#7746,#7747,#7748,#7749,
#7750,#7751,#7752,#7753,#7754,#7755,#7756,#7757,#7758,#7759,#7760,#7761,
#7762,#7763,#7764,#7765,#7766,#7767,#7768,#7769,#7770,#7771,#7772,#7773,
#7774,#7775,#7776,#7777,#7778,#7779,#7780,#7781,#7782,#7783,#7784,#7785,
#7786,#7787,#7788,#7789,#7790,#7791,#7792,#7793,#7794,#7795,#7796,#7797,
#7798,#7799,#7800,#7801,#7802,#7803,#7804,#7805,#7806,#7807,#7808,#7809,
#7810,#7811,#7812,#7813,#7814,#7815,#7816,#7817,#7818,#7819,#7820,#7821,
#7822,#7823,#7824,#7825,#7826,#7827,#7828,#7829,#7830,#7831,#7832,#7833,
#7834,#7835,#7836,#7837,#7838,#7839,#7840,#7841,#7842,#7843,#7844,#7845,
#7846,#7847,#7848,#7849,#7850,#7851,#7852,#7853,#7854,#7855,#7856,#7857,
#7858,#7859,#7860,#7861,#7862,#7863,#7864,#7865,#7866,#7867,#7868,#7869,
#7870,#7871,#7872,#7873,#7874,#7875,#7876,#7877,#7878,#7879,#7880,#7881,
#7882,#7883,#7884,#7885,#7886,#7887,#7888,#7889,#7890,#7891,#7892,#7893,
#7894,#7895,#7896,#7897,#7898,#7899,#7900),.UNSPECIFIED.,.F.,.F.,(4,3,3,
3,3,3,3,3,3,3,3,3,3,3,3,3,3,3,3,3,3,3,3,3,3,3,3,3,3,3,3,3,3,3,3,3,3,3,3,
3,3,3,3,3,3,3,3,3,3,3,3,3,3,3,3,3,3,3,3,3,3,3,3,3,3,3,3,3,3,3,3,3,4),(0.,
0.00387148498369063,0.00390181253073586,0.00774296996738126,0.00780362372193775,
0.0116144549510719,0.011705435562096,0.0154859399347625,0.0156072474011082,
0.0193574249184531,0.0195090592184765,0.0232289099021438,0.0234108711802237,
0.0271003948858344,0.0273126825636361,0.030971879869525,0.031214496357992,
0.0348433648532157,0.0351163060239924,0.0387148498369063,0.0390181186581606,
0.0409690239101593,0.0425863348205969,0.0429199302313403,0.0445220773124422,
0.0448708365904848,0.0464578198042876,0.0468217412618479,0.0483935622961329,
0.0487726685010937,0.0503293047879782,0.0507235277836158,0.051698991855277,
0.0522650472798235,0.0526744684964679,0.0536499245130278,0.0542007897716688,
0.0546253528293207,0.0551686610175915,0.0556008609375975,0.0561365322635141,
0.0565761418705106,0.057063959298905,0.0571044035094368,0.0575518117126318,
0.0580394590657064,0.0580722747553594,0.0585271382761457,0.0590149032263107,
0.0590401460012821,0.0595026304217597,0.0595240816242434,0.059746501170666,
0.0599903590057071,0.0600080172472048,0.0602341892427445,0.0604780780034292,
0.0604919528701661,0.0607220639516113,0.0609658253280717,0.0609758884931274,
0.0610876714587202,0.0612178563046081,0.0613316295008068,0.0614598241160887,
0.0615754929253631,0.0616364619817782,0.0617017919275694,0.0617583204823859,
0.0618227758333098,0.0618802979426502,0.0619106767110516,0.0619437597390501),
 .UNSPECIFIED.);
#138=B_SPLINE_CURVE_WITH_KNOTS('',3,(#7901,#7902,#7903,#7904,#7905,#7906,
#7907,#7908,#7909,#7910,#7911,#7912,#7913,#7914,#7915,#7916,#7917,#7918,
#7919,#7920,#7921,#7922,#7923,#7924,#7925,#7926,#7927,#7928,#7929,#7930,
#7931,#7932,#7933,#7934,#7935,#7936,#7937,#7938,#7939,#7940,#7941,#7942,
#7943,#7944,#7945,#7946,#7947,#7948,#7949,#7950,#7951,#7952,#7953,#7954,
#7955,#7956,#7957,#7958,#7959,#7960,#7961,#7962,#7963,#7964,#7965,#7966,
#7967,#7968,#7969,#7970,#7971,#7972,#7973,#7974,#7975,#7976,#7977,#7978,
#7979,#7980,#7981,#7982,#7983,#7984,#7985,#7986,#7987,#7988,#7989,#7990,
#7991,#7992,#7993,#7994,#7995,#7996,#7997,#7998,#7999,#8000,#8001,#8002,
#8003,#8004,#8005,#8006,#8007,#8008,#8009,#8010,#8011,#8012,#8013,#8014,
#8015,#8016,#8017,#8018,#8019,#8020,#8021,#8022,#8023,#8024,#8025,#8026,
#8027,#8028,#8029,#8030,#8031,#8032,#8033,#8034,#8035,#8036,#8037,#8038,
#8039,#8040,#8041,#8042,#8043,#8044,#8045,#8046,#8047,#8048,#8049,#8050,
#8051,#8052,#8053,#8054,#8055,#8056,#8057,#8058,#8059,#8060,#8061,#8062,
#8063,#8064,#8065,#8066,#8067,#8068,#8069,#8070,#8071,#8072,#8073,#8074,
#8075,#8076,#8077,#8078,#8079,#8080,#8081,#8082),.UNSPECIFIED.,.F.,.F.,
(4,2,2,2,2,2,2,2,2,2,2,2,2,2,2,2,2,2,2,2,2,2,2,2,2,2,2,2,2,2,2,2,2,2,2,
2,2,2,2,2,2,2,2,2,2,2,2,2,2,2,2,2,2,2,2,2,2,2,2,2,2,2,2,2,2,2,2,2,2,2,2,
2,2,2,2,2,2,2,2,2,2,2,2,2,2,2,2,2,2,2,4),(-5.99999999941952E-8,0.00023937103086181,
0.000478096187302922,0.000523984169716303,0.000723694425070099,0.000924828438398385,
0.0010480283394326,0.00140039161251662,0.0015720725091489,0.00177269527142562,
0.00197743156548085,0.0020961166788652,0.00235813876372334,0.00262244951226332,
0.00289407905383956,0.00314420501829779,0.00343597360258713,0.00366824918801409,
0.00399805387455212,0.00419229335773038,0.00450714010656068,0.00482817032554157,
0.00515805108891454,0.00524038169716298,0.0056256197915655,0.00602239648454285,
0.00628847003659557,0.00674229060861257,0.00721124780889661,0.00768919445000129,
0.00818064475919215,0.00838464671546076,0.00904683541969682,0.00943273505489336,
0.0100040442576923,0.010480823394326,0.0111374338379003,0.0118071737723363,
0.0124956317949262,0.0125770000731911,0.0133377991551316,0.0141233622141122,
0.0146731767520563,0.0155478901754497,0.0164496920526368,0.0167693534309215,
0.0177614494080854,0.018790150643812,0.019875928716232,0.0209617067886519,
0.0221525763097281,0.0233745269270622,0.0246477996909371,0.0251540601463823,
0.0265705383537337,0.0280669211892932,0.0293464135041127,0.0310183769185507,
0.0328321835252347,0.033538766861843,0.0356706649318019,0.0377311202195734,
0.0401948023641086,0.0419234735773038,0.0438065181202139,0.045483388247459,
0.0470854028491328,0.0486967915709487,0.0501678292550814,0.0503081802927646,
0.0516319247900706,0.0529186033621032,0.0541585635288522,0.0545005336504949,
0.0556120794107685,0.0566973621045439,0.0577433348869265,0.0586928870082253,
0.059616623201413,0.0605052618167633,0.0613755719676128,0.0622182375567668,
0.0628852403659557,0.0636174944811394,0.0643260469702617,0.0649814170448209,
0.0656974439307745,0.0660295053842535,0.0665535495539698,0.067039930010356,
0.0670775937236861),.UNSPECIFIED.);
#139=B_SPLINE_CURVE_WITH_KNOTS('',3,(#8314,#8315,#8316,#8317,#8318,#8319,
#8320,#8321,#8322,#8323,#8324,#8325,#8326,#8327,#8328,#8329,#8330,#8331,
#8332,#8333,#8334,#8335,#8336,#8337,#8338,#8339,#8340,#8341,#8342,#8343,
#8344,#8345,#8346,#8347,#8348,#8349,#8350,#8351,#8352,#8353,#8354,#8355,
#8356,#8357,#8358,#8359,#8360,#8361,#8362,#8363,#8364,#8365,#8366,#8367,
#8368,#8369,#8370,#8371,#8372,#8373,#8374,#8375,#8376,#8377,#8378,#8379,
#8380,#8381,#8382,#8383,#8384,#8385,#8386,#8387,#8388,#8389,#8390,#8391,
#8392,#8393,#8394,#8395,#8396,#8397,#8398,#8399,#8400,#8401,#8402,#8403,
#8404,#8405,#8406,#8407,#8408,#8409,#8410,#8411,#8412,#8413,#8414,#8415,
#8416,#8417,#8418,#8419,#8420,#8421,#8422,#8423,#8424,#8425,#8426,#8427,
#8428,#8429,#8430,#8431,#8432,#8433,#8434,#8435,#8436,#8437,#8438,#8439,
#8440,#8441,#8442,#8443,#8444,#8445,#8446,#8447,#8448,#8449,#8450,#8451,
#8452,#8453,#8454,#8455,#8456,#8457,#8458,#8459,#8460,#8461,#8462,#8463,
#8464,#8465,#8466,#8467,#8468,#8469,#8470,#8471,#8472,#8473,#8474,#8475,
#8476,#8477,#8478,#8479,#8480,#8481,#8482,#8483,#8484,#8485,#8486,#8487,
#8488,#8489,#8490,#8491,#8492,#8493,#8494,#8495,#8496,#8497,#8498,#8499,
#8500,#8501,#8502,#8503,#8504,#8505,#8506,#8507,#8508,#8509,#8510,#8511,
#8512,#8513,#8514,#8515,#8516,#8517,#8518,#8519,#8520,#8521,#8522,#8523,
#8524,#8525,#8526,#8527,#8528,#8529,#8530,#8531,#8532,#8533,#8534,#8535,
#8536,#8537,#8538,#8539,#8540,#8541,#8542,#8543,#8544,#8545,#8546,#8547,
#8548,#8549,#8550,#8551,#8552,#8553,#8554,#8555,#8556,#8557),
 .UNSPECIFIED.,.F.,.F.,(4,3,3,3,3,3,3,3,3,3,3,3,3,3,3,3,3,3,3,3,3,3,3,3,
3,3,3,3,3,3,3,3,3,3,3,3,3,3,3,3,3,3,3,3,3,3,3,3,3,3,3,3,3,3,3,3,3,3,3,3,
3,3,3,3,3,3,3,3,3,3,3,3,3,3,3,3,3,3,3,3,3,4),(0.,2.87786952495596E-6,3.43176150438527E-5,
6.58300645452163E-5,0.00012556493973081,0.00012907958911855,0.000192359033935236,
0.00025112987946162,0.000255549780686078,0.000318765152079506,0.000382009332916877,
0.000502259758923241,0.000508516389173147,0.000634972103524881,0.000753389638384861,
0.000761482557924756,0.000888034900769469,0.00100451951784648,0.00101442792744118,
0.00126728418258859,0.00150677927676972,0.00152037510607817,0.00177336536570047,
0.00200903903569296,0.00202629431142573,0.00227925184647764,0.0025112987946162,
0.00253222295823356,0.00301355855353944,0.00303815023195696,0.00354411710315781,
0.00401807807138593,0.00404999473185111,0.0045558377588839,0.00502259758923241,
0.00506189372564364,0.00556791654291952,0.00602711710707889,0.00657959170771134,
0.00703163662492537,0.00759150199556431,0.00803615614277185,0.00860332972632764,
0.00961518591076344,0.0100451951784648,0.0106270635545219,0.011638928628736,
0.0120542342141578,0.0136625864739884,0.0140632732498507,0.0156863144088523,
0.0160723122855437,0.0177100197664031,0.0180813513212367,0.0197337263682819,
0.0200903903569296,0.0217574338212141,0.0237811391277198,0.0241084684283156,
0.027828551017597,0.0281265464997015,0.0318759846526899,0.0321446245710874,
0.0359232339809075,0.0361627026424733,0.0399694070169648,0.0401807807138593,
0.0440133589939084,0.0441988587852452,0.0480575893066215,0.0482169368566311,
0.0521051643072718,0.052235014928017,0.0553371499365177,0.0561576822699441,
0.056253092999403,0.0587332695897442,0.0602175792350785,0.0602711710707889,
0.0621464778286007,0.0638997144365673,0.0642892491421748),.UNSPECIFIED.);
#140=B_SPLINE_CURVE_WITH_KNOTS('',3,(#8558,#8559,#8560,#8561,#8562,#8563,
#8564,#8565,#8566,#8567,#8568,#8569,#8570,#8571,#8572,#8573,#8574,#8575,
#8576,#8577,#8578,#8579,#8580,#8581,#8582,#8583,#8584,#8585,#8586,#8587,
#8588,#8589,#8590,#8591,#8592,#8593,#8594,#8595,#8596,#8597,#8598,#8599,
#8600,#8601,#8602,#8603,#8604,#8605,#8606,#8607,#8608,#8609,#8610,#8611,
#8612,#8613,#8614,#8615,#8616,#8617,#8618,#8619,#8620,#8621,#8622,#8623,
#8624,#8625,#8626,#8627,#8628,#8629,#8630,#8631,#8632,#8633,#8634,#8635,
#8636,#8637,#8638,#8639,#8640,#8641,#8642,#8643,#8644,#8645,#8646,#8647,
#8648,#8649,#8650,#8651,#8652,#8653,#8654,#8655,#8656,#8657,#8658,#8659,
#8660,#8661,#8662,#8663,#8664,#8665,#8666,#8667,#8668,#8669,#8670,#8671,
#8672,#8673,#8674,#8675,#8676,#8677,#8678,#8679,#8680,#8681,#8682,#8683,
#8684,#8685,#8686,#8687,#8688,#8689,#8690,#8691,#8692,#8693,#8694,#8695,
#8696,#8697,#8698,#8699,#8700,#8701,#8702,#8703,#8704,#8705,#8706,#8707,
#8708,#8709,#8710,#8711,#8712,#8713,#8714,#8715,#8716,#8717,#8718,#8719,
#8720,#8721,#8722,#8723,#8724,#8725,#8726,#8727,#8728,#8729,#8730,#8731,
#8732,#8733,#8734,#8735,#8736,#8737,#8738,#8739,#8740,#8741,#8742,#8743,
#8744,#8745,#8746,#8747,#8748,#8749,#8750,#8751,#8752,#8753,#8754,#8755,
#8756,#8757,#8758,#8759,#8760,#8761,#8762,#8763,#8764,#8765,#8766,#8767,
#8768,#8769,#8770,#8771,#8772,#8773,#8774,#8775,#8776,#8777,#8778,#8779,
#8780,#8781,#8782,#8783,#8784,#8785,#8786,#8787,#8788,#8789,#8790,#8791,
#8792,#8793,#8794,#8795,#8796,#8797,#8798,#8799,#8800,#8801,#8802,#8803,
#8804,#8805,#8806,#8807,#8808,#8809,#8810,#8811,#8812,#8813,#8814,#8815,
#8816,#8817,#8818,#8819,#8820,#8821,#8822,#8823,#8824,#8825,#8826,#8827,
#8828,#8829,#8830,#8831,#8832,#8833,#8834,#8835,#8836,#8837,#8838,#8839,
#8840,#8841,#8842,#8843,#8844,#8845,#8846,#8847,#8848,#8849,#8850,#8851,
#8852,#8853,#8854,#8855,#8856,#8857,#8858,#8859,#8860,#8861,#8862,#8863,
#8864,#8865,#8866,#8867,#8868,#8869,#8870,#8871,#8872,#8873,#8874,#8875,
#8876,#8877,#8878,#8879,#8880,#8881,#8882,#8883,#8884,#8885,#8886,#8887,
#8888,#8889,#8890,#8891,#8892,#8893,#8894,#8895,#8896,#8897,#8898,#8899,
#8900,#8901,#8902,#8903,#8904,#8905,#8906,#8907,#8908,#8909,#8910,#8911,
#8912,#8913,#8914,#8915,#8916,#8917,#8918,#8919,#8920,#8921,#8922,#8923,
#8924,#8925,#8926,#8927,#8928,#8929,#8930,#8931,#8932,#8933,#8934,#8935,
#8936,#8937,#8938,#8939,#8940,#8941,#8942,#8943,#8944,#8945,#8946,#8947,
#8948,#8949,#8950,#8951,#8952,#8953,#8954,#8955,#8956,#8957,#8958,#8959,
#8960,#8961,#8962,#8963,#8964,#8965,#8966,#8967,#8968,#8969,#8970,#8971,
#8972,#8973,#8974,#8975,#8976,#8977,#8978,#8979,#8980,#8981,#8982,#8983,
#8984,#8985,#8986,#8987,#8988,#8989,#8990,#8991,#8992,#8993,#8994,#8995,
#8996,#8997,#8998,#8999),.UNSPECIFIED.,.F.,.F.,(4,3,3,3,3,3,3,3,3,3,3,3,
3,3,3,3,3,3,3,3,3,3,3,3,3,3,3,3,3,3,3,3,3,3,3,3,3,3,3,3,3,3,3,3,3,3,3,3,
3,3,3,3,3,3,3,3,3,3,3,3,3,3,3,3,3,3,3,3,3,3,3,3,3,3,3,3,3,3,3,3,3,3,3,3,
3,3,3,3,3,3,3,3,3,3,3,3,3,3,3,3,3,3,3,3,3,3,3,3,3,3,3,3,3,3,3,3,3,3,3,3,
3,3,3,3,3,3,3,3,3,3,3,3,3,3,3,3,3,3,3,3,3,3,3,3,3,3,3,4),(-5.99999999947531E-8,
0.000202406458592482,0.000255979351350069,0.000512018702700133,0.00102409740540026,
0.00178811470730233,0.00204825481080051,0.00301315788540376,0.00307241221620077,
0.00361661944107693,0.00409656962160102,0.00534449340584328,0.00614488443240153,
0.00734173701706492,0.00819319924320204,0.00992520926079434,0.0111270437219263,
0.0122898288648031,0.0145125798177303,0.0149495079953885,0.0163864584864041,
0.0187971068076937,0.0204830881080051,0.0226632910412089,0.0245797177296061,
0.0265444903263954,0.0286763473512071,0.0304390431069972,0.0327729769728082,
0.0343467370810542,0.0368696065944092,0.0382690145506807,0.0402365864021067,
0.0409662362160102,0.0422092893737672,0.0441882091736181,0.0450628658376112,
0.0461748610588534,0.0471111806484117,0.0481711652873738,0.0491594954592122,
0.0501808470373069,0.0511922948237839,0.0512078102700127,0.0522093260803307,
0.05323334803913,0.0532561250808133,0.0541651577876817,0.0542661177157024,
0.0550900871173854,0.0553044398916138,0.055310492150105,0.05599750785136,
0.056328597297014,0.0563702908442446,0.0569078405903084,0.0573527547024143,
0.0574522251603773,0.0579315940916999,0.0580049357991085,0.0584461012580893,
0.058568497400884,0.0589664754875003,0.0591462523994625,0.0594010695132148,
0.0597425370211184,0.0600499565551493,0.0603252718476086,0.0603654266716562,
0.060425226918615,0.0606686069653786,0.0606907895262213,0.0609118608212397,
0.0610288531954815,0.0612280593438288,0.0613836987357196,0.0614493843240153,
0.0616136844675703,0.0617618810766915,0.0619069779732397,0.0619614630267154,
0.0619636308870819,0.0621263728943619,0.0621767025823056,0.0623048559819816,
0.0624044763402563,0.0624735417294155,0.0625965986348686,0.0626532108258977,
0.0627582025085138,0.0628669934974757,0.0629333722166806,0.0630294208778027,
0.0630903815532671,0.063180785031258,0.0632636205985003,0.063343687913835,
0.0634272941052055,0.063460096961972,0.0634976991348158,0.0635745090355291,
0.0636583563281456,0.0636939803583313,0.0637616899791194,0.0638358810974371,
0.0639195214634651,0.0639951552229181,0.0640097778375159,0.0640794163683087,
0.0641614924528142,0.0641922847630894,0.0642796444132253,0.0643807039586825,
0.0644436236879062,0.0645174497562595,0.0645218565402161,0.0645966840314173,
0.0646597900843195,0.0647325889728996,0.0647665320004728,0.0648537305443406,
0.0649274416195551,0.0649409290882083,0.0650116408659464,0.0650339352429162,
0.0651005551951889,0.0651043993159701,0.065180939374419,0.0652497987144728,
0.0652899745942662,0.0653645014750163,0.0653770117496456,0.0654179942699413,
0.0654340096576046,0.0654747385797692,0.0654867760365967,0.0655126380023077,
0.0655256373537122,0.0655356726587,0.0655388869634839,0.0655408433021582,
0.0655427852862531,0.0655434286238872,0.0655445544538665,0.0655447212847518,
0.0655452062907648,0.0655458691331385,0.0655460139456163),.UNSPECIFIED.);
#141=B_SPLINE_CURVE_WITH_KNOTS('',3,(#9014,#9015,#9016,#9017,#9018,#9019,
#9020,#9021,#9022,#9023,#9024,#9025,#9026,#9027,#9028,#9029,#9030,#9031,
#9032,#9033,#9034,#9035,#9036,#9037,#9038,#9039,#9040,#9041,#9042,#9043,
#9044,#9045,#9046,#9047,#9048,#9049,#9050,#9051,#9052,#9053,#9054,#9055,
#9056,#9057,#9058,#9059,#9060,#9061,#9062,#9063,#9064,#9065,#9066,#9067),
 .UNSPECIFIED.,.F.,.F.,(4,2,2,2,2,2,2,2,2,2,2,2,2,2,2,2,2,2,2,2,2,2,2,2,
2,2,4),(1.73472347597681E-18,0.000213187010577357,0.000428471316429917,
0.000541495503156209,0.00072924232172097,0.000812243254734312,0.00096452566652099,
0.00108299100631242,0.00128849122231047,0.00149476400041063,0.00162448650946862,
0.00182265423813396,0.00202076271563784,0.00216598201262483,0.00238576621698899,
0.00260623886187917,0.00270747751578104,0.00290046044047177,0.00309405419913876,
0.00324897301893724,0.00344100891440118,0.00363378857939197,0.00379046852209345,
0.00395636902979274,0.00412275712760619,0.00429056701760409,0.00433196402524966),
 .UNSPECIFIED.);
#142=B_SPLINE_CURVE_WITH_KNOTS('',3,(#9068,#9069,#9070,#9071),
 .UNSPECIFIED.,.F.,.F.,(4,4),(0.,0.00215781056420956),.UNSPECIFIED.);
#143=B_SPLINE_CURVE_WITH_KNOTS('',3,(#9078,#9079,#9080,#9081,#9082,#9083),
 .UNSPECIFIED.,.F.,.F.,(4,2,4),(9.99999998052644E-7,0.0387076961615795,
0.0774144686517634),.UNSPECIFIED.);
#144=B_SPLINE_CURVE_WITH_KNOTS('',3,(#9086,#9087,#9088,#9089,#9090,#9091),
 .UNSPECIFIED.,.F.,.F.,(4,2,4),(9.99999991423739E-7,0.0387076961621841,
0.0774144686545605),.UNSPECIFIED.);
#145=B_SPLINE_CURVE_WITH_KNOTS('',3,(#9096,#9097,#9098,#9099,#9100,#9101),
 .UNSPECIFIED.,.F.,.F.,(4,2,4),(9.99999998985739E-7,0.0387500583129408,
0.0774992024072414),.UNSPECIFIED.);
#146=B_SPLINE_CURVE_WITH_KNOTS('',3,(#9102,#9103,#9104,#9105,#9106,#9107),
 .UNSPECIFIED.,.F.,.F.,(4,2,4),(9.99999999111705E-7,0.0387500583122774,
0.0774992024045357),.UNSPECIFIED.);
#147=B_SPLINE_CURVE_WITH_KNOTS('',3,(#9109,#9110,#9111,#9112,#9113,#9114,
#9115,#9116,#9117,#9118,#9119,#9120,#9121,#9122,#9123,#9124,#9125,#9126,
#9127,#9128,#9129,#9130,#9131,#9132,#9133,#9134,#9135,#9136,#9137,#9138,
#9139,#9140,#9141,#9142,#9143,#9144,#9145,#9146,#9147,#9148,#9149,#9150,
#9151,#9152,#9153,#9154,#9155,#9156,#9157,#9158,#9159,#9160,#9161,#9162,
#9163,#9164,#9165,#9166,#9167,#9168,#9169,#9170,#9171,#9172,#9173,#9174,
#9175,#9176,#9177,#9178,#9179,#9180,#9181,#9182,#9183,#9184,#9185,#9186,
#9187,#9188,#9189,#9190,#9191,#9192,#9193,#9194,#9195,#9196),
 .UNSPECIFIED.,.F.,.F.,(4,3,3,3,3,3,3,3,3,3,3,3,3,3,3,3,3,3,3,3,3,3,3,3,
3,3,3,3,3,4),(1.00000018423736E-6,0.0161546652216359,0.0307056577361184,
0.0518365792858992,0.0598973354882732,0.077610331285173,0.081142944209544,
0.087720188456299,0.104135028700275,0.114559510223408,0.130005485817772,
0.143286606885311,0.145133116414436,0.163644992569064,0.177974240877433,
0.192476300147926,0.211637443227442,0.232958025075817,0.23691022539403,
0.242195913244709,0.26028894630756,0.269201798413513,0.289593228533707,
0.297020832345629,0.314533188085707,0.317416873972799,0.326108911197437,
0.341341732927559,0.35353843512407,0.35597295896515),.UNSPECIFIED.);
#148=B_SPLINE_CURVE_WITH_KNOTS('',3,(#9197,#9198,#9199,#9200,#9201,#9202,
#9203,#9204,#9205,#9206,#9207,#9208,#9209,#9210,#9211,#9212,#9213,#9214,
#9215,#9216,#9217,#9218,#9219,#9220,#9221,#9222,#9223,#9224,#9225,#9226,
#9227,#9228,#9229,#9230,#9231,#9232,#9233,#9234,#9235,#9236,#9237,#9238,
#9239,#9240,#9241,#9242,#9243,#9244,#9245,#9246,#9247,#9248,#9249,#9250,
#9251,#9252,#9253,#9254,#9255,#9256,#9257,#9258,#9259,#9260,#9261,#9262,
#9263,#9264,#9265,#9266,#9267,#9268,#9269,#9270,#9271,#9272,#9273,#9274,
#9275,#9276,#9277,#9278,#9279,#9280,#9281,#9282,#9283,#9284),
 .UNSPECIFIED.,.F.,.F.,(4,3,3,3,3,3,3,3,3,3,3,3,3,3,3,3,3,3,3,3,3,3,3,3,
3,3,3,3,3,4),(1.00000018148067E-6,0.0161546652215493,0.0307056577360083,
0.0518365792858993,0.0598973354883408,0.0776103312879268,0.0811429442095669,
0.0877201884564929,0.104135028699658,0.114559510223663,0.130005485818323,
0.143286606886167,0.14513311641479,0.163644992569492,0.177974240877922,
0.192476300148486,0.211637443228078,0.232958025078136,0.236910225394815,
0.242195913245431,0.260288946309101,0.269201798414353,0.2895932285346,0.297020832346669,
0.314533188086369,0.317416873973913,0.326108911198705,0.341341732929503,
0.353538435124892,0.355972958966413),.UNSPECIFIED.);
#149=B_SPLINE_CURVE_WITH_KNOTS('',3,(#9301,#9302,#9303,#9304,#9305,#9306,
#9307,#9308,#9309,#9310,#9311,#9312,#9313,#9314,#9315,#9316,#9317,#9318,
#9319,#9320,#9321,#9322,#9323,#9324,#9325,#9326,#9327,#9328,#9329,#9330,
#9331,#9332,#9333,#9334,#9335,#9336,#9337,#9338,#9339,#9340,#9341,#9342,
#9343,#9344,#9345,#9346,#9347,#9348,#9349,#9350,#9351,#9352,#9353,#9354,
#9355,#9356,#9357,#9358,#9359,#9360,#9361,#9362,#9363,#9364,#9365,#9366,
#9367,#9368,#9369,#9370,#9371,#9372,#9373),.UNSPECIFIED.,.F.,.F.,(4,3,3,
3,3,3,3,3,3,3,3,3,3,3,3,3,3,3,3,3,3,3,3,3,4),(1.00000021608165E-6,0.0191801442711082,
0.0361662811782423,0.0628810584362812,0.0655127481959665,0.0931735580427694,
0.113702381870113,0.119373836781405,0.137803359301751,0.14923447937647,
0.164980764605435,0.176719929932889,0.188492642062154,0.204373868590628,
0.230314954692652,0.234559205567183,0.257264616077885,0.260818505115966,
0.285443743107055,0.28851150379915,0.308154961668927,0.314253375345338,
0.317866946258508,0.334603198195768,0.353473128087097),.UNSPECIFIED.);
#150=B_SPLINE_CURVE_WITH_KNOTS('',3,(#9374,#9375,#9376,#9377,#9378,#9379,
#9380,#9381,#9382,#9383,#9384,#9385,#9386,#9387,#9388,#9389,#9390,#9391,
#9392,#9393,#9394,#9395,#9396,#9397,#9398,#9399,#9400,#9401,#9402,#9403,
#9404,#9405,#9406,#9407,#9408,#9409,#9410,#9411,#9412,#9413,#9414,#9415,
#9416,#9417,#9418,#9419,#9420,#9421,#9422,#9423,#9424,#9425,#9426,#9427,
#9428,#9429,#9430,#9431,#9432,#9433,#9434,#9435,#9436,#9437,#9438,#9439,
#9440,#9441,#9442,#9443,#9444,#9445,#9446),.UNSPECIFIED.,.F.,.F.,(4,3,3,
3,3,3,3,3,3,3,3,3,3,3,3,3,3,3,3,3,3,3,3,3,4),(1.00000021290782E-6,0.0191801442711097,
0.0361662811782397,0.0628810584362863,0.0655127481959626,0.0931735580427738,
0.113702381882437,0.119373836781427,0.137803359298127,0.149234479376477,
0.164980764605443,0.176719929932876,0.188492642062035,0.204373868590376,
0.230314954703221,0.234559205566738,0.257264616077288,0.260818505115345,
0.285443743126729,0.288511503798309,0.308154961657781,0.314253375344378,
0.31786694625746,0.334603198194594,0.353473128085731),.UNSPECIFIED.);
#151=B_SPLINE_CURVE_WITH_KNOTS('',3,(#9452,#9453,#9454,#9455),
 .UNSPECIFIED.,.F.,.F.,(4,4),(0.,0.000766840222449798),.UNSPECIFIED.);
#152=B_SPLINE_CURVE_WITH_KNOTS('',3,(#9458,#9459,#9460,#9461),
 .UNSPECIFIED.,.F.,.F.,(4,4),(6.93889390390723E-18,0.000766840222449741),
 .UNSPECIFIED.);
#153=B_SPLINE_CURVE_WITH_KNOTS('',3,(#9466,#9467,#9468,#9469),
 .UNSPECIFIED.,.F.,.F.,(4,4),(0.,0.000766866373899931),.UNSPECIFIED.);
#154=B_SPLINE_CURVE_WITH_KNOTS('',3,(#9470,#9471,#9472,#9473),
 .UNSPECIFIED.,.F.,.F.,(4,4),(0.,0.000766866373899855),.UNSPECIFIED.);
#155=B_SPLINE_CURVE_WITH_KNOTS('',3,(#9475,#9476,#9477,#9478,#9479,#9480,
#9481,#9482,#9483,#9484,#9485,#9486,#9487,#9488,#9489,#9490,#9491,#9492,
#9493,#9494,#9495,#9496,#9497,#9498,#9499,#9500,#9501,#9502,#9503,#9504,
#9505,#9506,#9507,#9508,#9509,#9510,#9511,#9512,#9513,#9514,#9515,#9516,
#9517,#9518,#9519,#9520,#9521,#9522,#9523,#9524,#9525,#9526,#9527,#9528,
#9529),.UNSPECIFIED.,.F.,.F.,(4,3,3,3,3,3,3,3,3,3,3,3,3,3,3,3,3,3,4),(1.00000022770212E-6,
0.0205876914230561,0.0387127308062032,0.0679697666660229,0.0954932328296548,
0.121445361895754,0.140673937769656,0.150573943592433,0.16548348920713,
0.176482352449014,0.187481021520958,0.202388168751323,0.227870448932176,
0.231484247467599,0.2574381108068,0.284957924785592,0.314204376380924,0.332373000039876,
0.353010552596943),.UNSPECIFIED.);
#156=B_SPLINE_CURVE_WITH_KNOTS('',3,(#9530,#9531,#9532,#9533,#9534,#9535,
#9536,#9537,#9538,#9539,#9540,#9541,#9542,#9543,#9544,#9545,#9546,#9547,
#9548,#9549,#9550,#9551,#9552,#9553,#9554,#9555,#9556,#9557,#9558,#9559,
#9560,#9561,#9562,#9563,#9564,#9565,#9566,#9567,#9568,#9569,#9570,#9571,
#9572,#9573,#9574,#9575,#9576,#9577,#9578,#9579,#9580,#9581,#9582,#9583,
#9584),.UNSPECIFIED.,.F.,.F.,(4,3,3,3,3,3,3,3,3,3,3,3,3,3,3,3,3,3,4),(1.00000022948101E-6,
0.0205876914230728,0.0387127308061681,0.0679697666658299,0.0954932328293031,
0.121445361895268,0.140673937753772,0.150573943591824,0.165483489206423,
0.176482352448241,0.187481021520177,0.202388168750559,0.227870448931448,
0.231484247466876,0.257438110806114,0.284957924784894,0.314204376380228,
0.332373000039234,0.353010552596276),.UNSPECIFIED.);
#157=B_SPLINE_CURVE_WITH_KNOTS('',3,(#9590,#9591,#9592,#9593),
 .UNSPECIFIED.,.F.,.F.,(4,4),(0.,0.000766828651194359),.UNSPECIFIED.);
#158=B_SPLINE_CURVE_WITH_KNOTS('',3,(#9596,#9597,#9598,#9599),
 .UNSPECIFIED.,.F.,.F.,(4,4),(0.,0.000766828651194343),.UNSPECIFIED.);
#159=B_SPLINE_CURVE_WITH_KNOTS('',3,(#9604,#9605,#9606,#9607),
 .UNSPECIFIED.,.F.,.F.,(4,4),(3.46944695195361E-18,0.000766806464250727),
 .UNSPECIFIED.);
#160=B_SPLINE_CURVE_WITH_KNOTS('',3,(#9608,#9609,#9610,#9611),
 .UNSPECIFIED.,.F.,.F.,(4,4),(3.46944695195361E-18,0.000766806464250715),
 .UNSPECIFIED.);
#161=B_SPLINE_CURVE_WITH_KNOTS('',3,(#9613,#9614,#9615,#9616,#9617,#9618,
#9619,#9620,#9621,#9622,#9623,#9624,#9625,#9626,#9627,#9628,#9629,#9630,
#9631,#9632,#9633,#9634,#9635,#9636,#9637,#9638,#9639,#9640,#9641,#9642,
#9643,#9644,#9645,#9646,#9647,#9648,#9649,#9650,#9651,#9652,#9653,#9654,
#9655,#9656,#9657,#9658,#9659,#9660,#9661,#9662,#9663,#9664,#9665,#9666,
#9667),.UNSPECIFIED.,.F.,.F.,(4,3,3,3,3,3,3,3,3,3,3,3,3,3,3,3,3,3,4),(1.00000022152816E-6,
0.0201068874843597,0.037844729584598,0.0671553805080355,0.0947358906223869,
0.120757349409794,0.139741685091414,0.150186376438628,0.165318780764181,
0.176476924208805,0.187613456453243,0.202655251948205,0.228166472579171,
0.231816873394658,0.257802753763143,0.285352106129474,0.314633562338202,
0.332605679366498,0.352998370831781),.UNSPECIFIED.);
#162=B_SPLINE_CURVE_WITH_KNOTS('',3,(#9668,#9669,#9670,#9671,#9672,#9673,
#9674,#9675,#9676,#9677,#9678,#9679,#9680,#9681,#9682,#9683,#9684,#9685,
#9686,#9687,#9688,#9689,#9690,#9691,#9692,#9693,#9694,#9695,#9696,#9697,
#9698,#9699,#9700,#9701,#9702,#9703,#9704,#9705,#9706,#9707,#9708,#9709,
#9710,#9711,#9712,#9713,#9714,#9715,#9716,#9717,#9718,#9719,#9720,#9721,
#9722),.UNSPECIFIED.,.F.,.F.,(4,3,3,3,3,3,3,3,3,3,3,3,3,3,3,3,3,3,4),(1.00000022158432E-6,
0.0201068874843324,0.0378447295845283,0.0671553805078609,0.0947358906221119,
0.120757349409452,0.139741685092016,0.150186376438234,0.165318780763747,
0.17647692420834,0.187613456452767,0.202655251947698,0.228166472470054,
0.231816873394109,0.257802753762547,0.285352106128875,0.314633562337606,
0.332605679365902,0.352998370831194),.UNSPECIFIED.);
#163=B_SPLINE_CURVE_WITH_KNOTS('',3,(#9739,#9740,#9741,#9742,#9743,#9744,
#9745,#9746,#9747,#9748,#9749,#9750,#9751,#9752,#9753,#9754,#9755,#9756,
#9757,#9758,#9759,#9760,#9761,#9762,#9763,#9764,#9765,#9766,#9767,#9768,
#9769,#9770,#9771,#9772,#9773,#9774,#9775,#9776,#9777,#9778,#9779,#9780,
#9781,#9782,#9783,#9784,#9785,#9786,#9787,#9788,#9789,#9790,#9791,#9792,
#9793,#9794,#9795,#9796,#9797,#9798,#9799,#9800,#9801,#9802,#9803,#9804,
#9805,#9806,#9807,#9808,#9809,#9810,#9811,#9812,#9813,#9814,#9815,#9816,
#9817,#9818,#9819,#9820),.UNSPECIFIED.,.F.,.F.,(4,3,3,3,3,3,3,3,3,3,3,3,
3,3,3,3,3,3,3,3,3,3,3,3,3,3,3,4),(1.00000019754402E-6,0.017910267895489,
0.0338829948419125,0.0551794138842256,0.057721633437522,0.0633454640034587,
0.0832634777342644,0.0878630318739531,0.0911553605208983,0.111041629853869,
0.117567995535504,0.135891864850187,0.147716356408943,0.16433985741366,
0.176714913428426,0.189028098976337,0.205404835051065,0.231262808532824,
0.235432430360164,0.258650327275086,0.261778383587195,0.287106492079365,
0.289553731797879,0.308743503491837,0.314249815687199,0.319010617877374,
0.335234189518588,0.353457908315974),.UNSPECIFIED.);
#164=B_SPLINE_CURVE_WITH_KNOTS('',3,(#9821,#9822,#9823,#9824,#9825,#9826,
#9827,#9828,#9829,#9830,#9831,#9832,#9833,#9834,#9835,#9836,#9837,#9838,
#9839,#9840,#9841,#9842,#9843,#9844,#9845,#9846,#9847,#9848,#9849,#9850,
#9851,#9852,#9853,#9854,#9855,#9856,#9857,#9858,#9859,#9860,#9861,#9862,
#9863,#9864,#9865,#9866,#9867,#9868,#9869,#9870,#9871,#9872,#9873,#9874,
#9875,#9876,#9877,#9878,#9879,#9880,#9881,#9882,#9883,#9884,#9885,#9886,
#9887,#9888,#9889,#9890,#9891,#9892,#9893,#9894,#9895,#9896,#9897,#9898,
#9899,#9900,#9901,#9902),.UNSPECIFIED.,.F.,.F.,(4,3,3,3,3,3,3,3,3,3,3,3,
3,3,3,3,3,3,3,3,3,3,3,3,3,3,3,4),(1.00000019923235E-6,0.0179102678955164,
0.033882994841993,0.0551794139050227,0.0577216334376861,0.0633454640035943,
0.0832634777112192,0.0878630318744664,0.0911553605211294,0.111041629860915,
0.117567995535912,0.135891864856057,0.147716356409481,0.164339857414244,
0.176714913429049,0.18902809897697,0.205404835051705,0.231262808527877,
0.23543243036084,0.258650327260272,0.261778383587929,0.287106492080292,
0.289553731798623,0.308743503488664,0.314249815687984,0.319010617878109,
0.33523418951932,0.353457908316655),.UNSPECIFIED.);
#165=B_SPLINE_CURVE_WITH_KNOTS('',3,(#9984,#9985,#9986,#9987,#9988,#9989,
#9990,#9991,#9992,#9993,#9994,#9995),.UNSPECIFIED.,.F.,.F.,(4,2,2,2,2,4),
(-0.172377910820419,-0.143115241746894,-0.122333483754656,-0.0827845436498101,
-0.0424673832623096,-1.00000013966706E-6),.UNSPECIFIED.);
#166=B_SPLINE_CURVE_WITH_KNOTS('',3,(#10016,#10017,#10018,#10019,#10020,
#10021,#10022,#10023,#10024,#10025,#10026,#10027,#10028,#10029,#10030,#10031,
#10032,#10033,#10034,#10035,#10036,#10037,#10038,#10039,#10040,#10041),
 .UNSPECIFIED.,.F.,.F.,(4,2,2,2,2,2,2,2,2,2,2,2,4),(0.,0.000451943770926395,
0.000951586410262759,0.000993327770732152,0.00195088483757006,0.0019866555414643,
0.0029501383460134,0.0039494654584997,0.00397331108292861,0.0059480394441841,
0.00595996662439291,0.00794662216585721,0.00900814729691466),
 .UNSPECIFIED.);
#167=B_SPLINE_CURVE_WITH_KNOTS('',3,(#10066,#10067,#10068,#10069,#10070,
#10071,#10072,#10073,#10074,#10075,#10076,#10077),.UNSPECIFIED.,.F.,.F.,
(4,2,2,2,2,4),(-0.512720597440539,-0.429626281466453,-0.342017206696705,
-0.215645576962552,-0.103864562249144,0.),.UNSPECIFIED.);
#168=B_SPLINE_CURVE_WITH_KNOTS('',3,(#10079,#10080,#10081,#10082,#10083,
#10084),.UNSPECIFIED.,.F.,.F.,(4,2,4),(-0.00641938696862308,1.81672168628189E-12,
0.00181379865947329),.UNSPECIFIED.);
#169=B_SPLINE_CURVE_WITH_KNOTS('',3,(#10119,#10120,#10121,#10122,#10123,
#10124,#10125),.UNSPECIFIED.,.F.,.F.,(4,3,4),(-0.997967167325325,-0.814338705684504,
0.),.UNSPECIFIED.);
#170=B_SPLINE_CURVE_WITH_KNOTS('',3,(#10239,#10240,#10241,#10242,#10243,
#10244,#10245,#10246,#10247,#10248,#10249,#10250),.UNSPECIFIED.,.F.,.F.,
(4,2,2,2,2,4),(-0.0485071082772362,-0.033591385081513,-0.0230368003958244,
-0.0133052108981232,-0.00774867472721948,-9.99722800827663E-7),
 .UNSPECIFIED.);
#171=B_SPLINE_CURVE_WITH_KNOTS('',3,(#10261,#10262,#10263,#10264,#10265,
#10266,#10267,#10268,#10269,#10270,#10271,#10272,#10273,#10274,#10275,#10276,
#10277,#10278,#10279,#10280,#10281,#10282,#10283,#10284,#10285,#10286,#10287),
 .UNSPECIFIED.,.F.,.F.,(4,2,2,2,2,2,3,2,2,2,2,2,4),(-0.462363030871903,
-0.388210871235802,-0.312032391039513,-0.231957489236034,-0.151882587432554,
-0.0759412937162769,0.,0.0759412937162769,0.151882587432554,0.231957489236034,
0.312032391039513,0.388210871235803,0.462363030871903),.UNSPECIFIED.);
#172=B_SPLINE_CURVE_WITH_KNOTS('',3,(#10334,#10335,#10336,#10337),
 .UNSPECIFIED.,.F.,.F.,(4,4),(1.45938494721354,2.31467743795347),
 .UNSPECIFIED.);
#173=B_SPLINE_CURVE_WITH_KNOTS('',3,(#10460,#10461,#10462,#10463,#10464,
#10465),.UNSPECIFIED.,.F.,.F.,(4,2,4),(9.99999607120827E-7,0.271705293397874,
0.543409614676543),.UNSPECIFIED.);
#174=B_SPLINE_CURVE_WITH_KNOTS('',3,(#10565,#10566,#10567,#10568,#10569,
#10570,#10571),.UNSPECIFIED.,.F.,.F.,(4,3,4),(0.559127015338471,1.,1.06225243492398),
 .UNSPECIFIED.);
#175=B_SPLINE_CURVE_WITH_KNOTS('',3,(#10695,#10696,#10697,#10698,#10699,
#10700,#10701,#10702,#10703,#10704,#10705,#10706,#10707),.UNSPECIFIED.,
 .F.,.F.,(4,2,2,3,2,4),(1.08393983117245,1.11387324178533,1.19172897802745,
1.26958471426957,1.34744045051169,1.42162641495942),.UNSPECIFIED.);
#176=B_SPLINE_CURVE_WITH_KNOTS('',3,(#10722,#10723,#10724,#10725,#10726,
#10727,#10728),.UNSPECIFIED.,.F.,.F.,(4,3,4),(-0.0581528222687578,0.,0.0581528222687571),
 .UNSPECIFIED.);
#177=B_SPLINE_CURVE_WITH_KNOTS('',3,(#10856,#10857,#10858,#10859,#10860,
#10861,#10862,#10863,#10864,#10865),.UNSPECIFIED.,.F.,.F.,(4,3,3,4),(0.,
0.0500967850917111,0.0997296374710311,0.142312695646143),.UNSPECIFIED.);
#178=B_SPLINE_CURVE_WITH_KNOTS('',3,(#10869,#10870,#10871,#10872,#10873,
#10874,#10875,#10876,#10877,#10878,#10879,#10880,#10881),.UNSPECIFIED.,
 .F.,.F.,(4,3,3,3,4),(0.528895038160086,0.582678761389545,0.636462484619004,
0.649789780117302,0.651039549125678),.UNSPECIFIED.);
#179=B_SPLINE_CURVE_WITH_KNOTS('',3,(#10915,#10916,#10917,#10918,#10919,
#10920),.UNSPECIFIED.,.F.,.F.,(4,2,4),(-0.319493023243159,-0.15974651162157,
0.),.UNSPECIFIED.);
#180=B_SPLINE_CURVE_WITH_KNOTS('',3,(#10926,#10927,#10928,#10929,#10930,
#10931,#10932,#10933,#10934,#10935,#10936,#10937,#10938,#10939),
 .UNSPECIFIED.,.F.,.F.,(4,2,2,2,2,2,4),(1.9192420304127E-7,0.305072319033938,
0.42254237573719,0.488315234336527,0.571010914943548,0.609759659984848,
0.640916101912589),.UNSPECIFIED.);
#181=B_SPLINE_CURVE_WITH_KNOTS('',3,(#10942,#10943,#10944,#10945,#10946,
#10947),.UNSPECIFIED.,.F.,.F.,(4,2,4),(1.82771422654339,1.85554634701387,
1.89977774965142),.UNSPECIFIED.);
#182=B_SPLINE_CURVE_WITH_KNOTS('',3,(#10957,#10958,#10959,#10960,#10961,
#10962,#10963,#10964,#10965,#10966,#10967,#10968,#10969,#10970),
 .UNSPECIFIED.,.F.,.F.,(4,2,2,2,2,2,4),(-0.672465677937195,-0.543891672558967,
-0.413364410549869,-0.255368554680906,-0.130279852104988,0.,0.000884914438756924),
 .UNSPECIFIED.);
#183=B_SPLINE_CURVE_WITH_KNOTS('',3,(#11007,#11008,#11009,#11010,#11011,
#11012,#11013,#11014,#11015,#11016,#11017,#11018,#11019,#11020,#11021,#11022,
#11023,#11024,#11025,#11026,#11027,#11028,#11029,#11030,#11031,#11032,#11033,
#11034,#11035,#11036,#11037,#11038,#11039,#11040,#11041,#11042,#11043,#11044,
#11045,#11046,#11047,#11048,#11049,#11050,#11051,#11052,#11053,#11054,#11055,
#11056,#11057,#11058,#11059,#11060,#11061,#11062,#11063,#11064),
 .UNSPECIFIED.,.F.,.F.,(4,3,3,3,3,3,3,3,3,3,3,3,3,3,3,3,3,3,3,4),(-0.0546616655873731,
-0.0532050898093921,-0.0516811316142704,-0.0500544203332891,-0.0487852091530933,
-0.0479290846991831,-0.0453938669950229,-0.0426472989433729,-0.039900730891723,
-0.0372119477522266,-0.0352628849283852,-0.032277142662013,-0.02785588856351,
-0.0233089831802925,-0.0186458444570182,-0.0138384371196957,-0.00904755498418328,
-0.0060936543224724,-0.000837108370106025,0.),.UNSPECIFIED.);
#184=B_SPLINE_CURVE_WITH_KNOTS('',3,(#11066,#11067,#11068,#11069,#11070),
 .UNSPECIFIED.,.F.,.F.,(4,1,4),(0.,0.571428571428571,1.),.UNSPECIFIED.);
#185=B_SPLINE_CURVE_WITH_KNOTS('',3,(#11102,#11103,#11104,#11105,#11106,
#11107,#11108,#11109,#11110,#11111,#11112,#11113,#11114,#11115,#11116,#11117,
#11118,#11119,#11120,#11121,#11122,#11123,#11124,#11125,#11126,#11127,#11128,
#11129,#11130,#11131,#11132,#11133,#11134,#11135,#11136,#11137,#11138),
 .UNSPECIFIED.,.F.,.F.,(4,3,3,3,3,3,3,3,3,3,3,3,4),(0.,0.15215434148909,
0.202801295367302,0.347894632716763,0.482184337413044,0.549329189761184,
0.571137739459362,0.588351799497351,0.616474042109324,0.72946779740853,
0.841785599302789,0.952570650518043,1.),.UNSPECIFIED.);
#186=B_SPLINE_CURVE_WITH_KNOTS('',3,(#11139,#11140,#11141,#11142,#11143,
#11144,#11145,#11146,#11147),.UNSPECIFIED.,.F.,.F.,(4,2,1,1,1,4),(-0.0607592515651641,
-0.0520171077633224,-0.032337270050865,-0.0192173782425601,-0.0126574323384077,
-0.00609748643425526),.UNSPECIFIED.);
#187=B_SPLINE_CURVE_WITH_KNOTS('',3,(#11180,#11181,#11182,#11183,#11184,
#11185,#11186,#11187,#11188,#11189,#11190,#11191,#11192,#11193,#11194,#11195,
#11196,#11197,#11198,#11199,#11200,#11201,#11202,#11203,#11204,#11205,#11206,
#11207,#11208,#11209,#11210,#11211,#11212,#11213),.UNSPECIFIED.,.F.,.F.,
(4,2,2,2,2,2,2,2,2,2,2,2,2,2,2,2,4),(0.,0.101119432847658,0.202235830273516,
0.303349394340798,0.404460327053112,0.505568830358652,0.606675106154418,
0.707779356290507,0.808881782574189,0.909999802625229,1.01111213856326,
1.11221959833595,1.2133229894752,1.31443831055657,1.4155438098193,1.51665423947046,
1.57153386352124),.UNSPECIFIED.);
#188=B_SPLINE_CURVE_WITH_KNOTS('',3,(#11245,#11246,#11247,#11248,#11249,
#11250,#11251,#11252,#11253,#11254,#11255,#11256,#11257,#11258,#11259,#11260,
#11261,#11262,#11263,#11264,#11265,#11266,#11267,#11268,#11269,#11270,#11271,
#11272,#11273,#11274,#11275,#11276,#11277,#11278),.UNSPECIFIED.,.F.,.F.,
(4,2,2,2,2,2,2,2,2,2,2,2,2,2,2,2,4),(0.,0.101119432847632,0.202235830273474,
0.303349394340734,0.404460327053029,0.505568830358538,0.606675106154311,
0.70777935629039,0.808881782574023,0.909999802625048,1.01111213856304,1.11221959833571,
1.21332298947495,1.3144383105563,1.41554380981901,1.51665423947014,1.57153386352096),
 .UNSPECIFIED.);
#189=B_SPLINE_CURVE_WITH_KNOTS('',3,(#11337,#11338,#11339,#11340,#11341,
#11342,#11343,#11344,#11345),.UNSPECIFIED.,.F.,.F.,(4,1,1,1,2,4),(0.00609748643425526,
0.0126574323384077,0.0192173782425601,0.032337270050865,0.0520171077633224,
0.0607592403030578),.UNSPECIFIED.);
#190=B_SPLINE_CURVE_WITH_KNOTS('',3,(#11391,#11392,#11393,#11394,#11395,
#11396,#11397,#11398),.UNSPECIFIED.,.F.,.F.,(4,2,1,1,4),(0.,0.00874213460173852,
0.0349818665935297,0.0481017325894253,0.0546616655873731),.UNSPECIFIED.);
#191=B_SPLINE_CURVE_WITH_KNOTS('',3,(#11406,#11407,#11408,#11409,#11410,
#11411,#11412,#11413),.UNSPECIFIED.,.F.,.F.,(4,2,2,4),(-0.460975471734349,
-0.441378830485983,-0.278858525711822,-0.179005686473005),.UNSPECIFIED.);
#192=B_SPLINE_CURVE_WITH_KNOTS('',3,(#11415,#11416,#11417,#11418,#11419,
#11420,#11421,#11422),.UNSPECIFIED.,.F.,.F.,(4,2,2,4),(-0.111890920836316,
-0.0813401188244372,-0.0524571714765737,0.),.UNSPECIFIED.);
#193=B_SPLINE_CURVE_WITH_KNOTS('',3,(#11429,#11430,#11431,#11432,#11433,
#11434,#11435,#11436,#11437,#11438),.UNSPECIFIED.,.F.,.F.,(4,3,3,4),(1.42007822974526,
1.43077701464599,1.46026652527187,1.47246012659633),.UNSPECIFIED.);
#194=B_SPLINE_CURVE_WITH_KNOTS('',3,(#11440,#11441,#11442,#11443),
 .UNSPECIFIED.,.F.,.F.,(4,4),(0.203593245101516,0.935433593173205),
 .UNSPECIFIED.);
#195=B_SPLINE_CURVE_WITH_KNOTS('',3,(#11468,#11469,#11470,#11471),
 .UNSPECIFIED.,.F.,.F.,(4,4),(-0.90012987921905,-1.71632272959089E-9),
 .UNSPECIFIED.);
#196=B_SPLINE_CURVE_WITH_KNOTS('',3,(#11472,#11473,#11474,#11475,#11476,
#11477),.UNSPECIFIED.,.F.,.F.,(4,2,4),(-2.95160503435383,-2.11258272242809,
-0.874650452841802),.UNSPECIFIED.);
#197=B_SPLINE_CURVE_WITH_KNOTS('',3,(#11486,#11487,#11488,#11489,#11490,
#11491),.UNSPECIFIED.,.F.,.F.,(4,2,4),(0.,0.0243913481943371,0.0487944820381284),
 .UNSPECIFIED.);
#198=B_SPLINE_CURVE_WITH_KNOTS('',3,(#11515,#11516,#11517,#11518,#11519,
#11520,#11521,#11522,#11523,#11524,#11525,#11526,#11527,#11528,#11529,#11530,
#11531,#11532,#11533,#11534,#11535,#11536,#11537,#11538,#11539,#11540,#11541,
#11542,#11543,#11544,#11545,#11546,#11547,#11548,#11549,#11550,#11551,#11552,
#11553,#11554,#11555,#11556,#11557,#11558,#11559,#11560,#11561,#11562,#11563,
#11564,#11565,#11566,#11567,#11568,#11569,#11570,#11571,#11572,#11573,#11574,
#11575),.UNSPECIFIED.,.F.,.F.,(4,3,3,3,3,3,3,3,3,3,3,3,3,3,3,3,3,3,3,3,
4),(-0.00084590616652331,0.,0.0303036931405279,0.0609568014980452,0.0915608882797719,
0.1027369857282,0.133383849009821,0.163648882443799,0.188045742139887,0.20287107591845,
0.205335408654547,0.235614470690444,0.266261661249081,0.296882772053368,
0.32241822048126,0.353099818563552,0.382082798046461,0.383619938486932,
0.411558171789596,0.413344603537173,0.438927695267883),.UNSPECIFIED.);
#199=B_SPLINE_CURVE_WITH_KNOTS('',3,(#11576,#11577,#11578,#11579,#11580,
#11581,#11582,#11583,#11584,#11585,#11586,#11587,#11588,#11589,#11590,#11591,
#11592,#11593,#11594,#11595,#11596,#11597,#11598,#11599,#11600,#11601,#11602,
#11603,#11604,#11605),.UNSPECIFIED.,.F.,.F.,(4,2,2,2,2,2,2,2,2,2,2,2,2,
2,4),(0.,1.97075894728938E-6,4.33717594075061E-6,5.52381937995091E-5,0.000100853860764089,
0.000201660014852078,0.000400441162422657,0.00296105432159846,0.00589394410270269,
0.0117511852549764,0.0237514993932549,0.0472661521425803,0.173829011535263,
0.262353632505617,0.347418013133769),.UNSPECIFIED.);
#200=B_SPLINE_CURVE_WITH_KNOTS('',3,(#11657,#11658,#11659,#11660,#11661,
#11662,#11663,#11664,#11665,#11666,#11667,#11668),.UNSPECIFIED.,.F.,.F.,
(4,2,2,2,2,4),(0.482750656444924,0.556936620892665,0.634792357134784,0.712648093376903,
0.790503829619022,0.820437240231897),.UNSPECIFIED.);
#201=B_SPLINE_CURVE_WITH_KNOTS('',3,(#11702,#11703,#11704,#11705,#11706,
#11707),.UNSPECIFIED.,.F.,.F.,(4,2,4),(-0.262630612146922,-0.13291458967936,
-1.31360033961414E-10),.UNSPECIFIED.);
#202=CIRCLE('',#4342,2.);
#203=CIRCLE('',#4343,2.);
#204=CIRCLE('',#4345,2.);
#205=CIRCLE('',#4347,2.);
#206=CIRCLE('',#4352,0.800012872344382);
#207=CIRCLE('',#4357,0.799996296253512);
#208=CIRCLE('',#4364,7.);
#209=CIRCLE('',#4365,7.);
#210=CIRCLE('',#4368,13.2426379438573);
#211=CIRCLE('',#4387,3.);
#212=CIRCLE('',#4388,39.932717589947);
#213=CIRCLE('',#4391,3.);
#214=CIRCLE('',#4392,39.9327175814249);
#215=CIRCLE('',#4397,333.563153763159);
#216=CIRCLE('',#4398,333.563153785397);
#217=CIRCLE('',#4400,314.809116786723);
#218=CIRCLE('',#4401,314.809116806231);
#219=CIRCLE('',#4410,287.291665305829);
#220=CIRCLE('',#4411,287.291665305311);
#221=CIRCLE('',#4413,307.70482109239);
#222=CIRCLE('',#4414,307.704821091746);
#223=CIRCLE('',#4417,0.749999999999999);
#224=CIRCLE('',#4418,0.749999999999999);
#225=CIRCLE('',#4421,0.750000000000011);
#226=CIRCLE('',#4424,0.749999999999992);
#227=CIRCLE('',#4426,0.750000000000006);
#228=CIRCLE('',#4430,0.749999999999994);
#229=CIRCLE('',#4433,0.750000000000009);
#230=CIRCLE('',#4435,0.750000000000009);
#231=CIRCLE('',#4437,0.750000000000005);
#232=CIRCLE('',#4439,0.749999999999999);
#233=CIRCLE('',#4441,0.749999999999999);
#234=CIRCLE('',#4457,2.);
#235=CIRCLE('',#4463,0.999999999999999);
#236=CIRCLE('',#4465,1.);
#237=CIRCLE('',#4468,0.999999999999997);
#238=CIRCLE('',#4469,0.999999999999999);
#239=CIRCLE('',#4474,2.);
#240=CIRCLE('',#4475,0.999999999999997);
#241=CIRCLE('',#4477,11.2426406871193);
#242=CIRCLE('',#4479,1.);
#243=CIRCLE('',#4481,3.);
#244=CIRCLE('',#4482,3.00000000000125);
#245=CIRCLE('',#4483,3.00000000000125);
#246=CIRCLE('',#4484,7.);
#247=CIRCLE('',#4486,3.00000000000125);
#248=CIRCLE('',#4488,3.);
#249=CIRCLE('',#4489,3.00000000000125);
#250=CIRCLE('',#4490,3.);
#251=CIRCLE('',#4491,7.);
#252=CIRCLE('',#4494,5.);
#253=CIRCLE('',#4496,3.);
#254=CIRCLE('',#4501,5.);
#255=CIRCLE('',#4507,1.);
#256=CIRCLE('',#4516,3.);
#257=CIRCLE('',#4517,3.);
#258=CIRCLE('',#4518,3.);
#259=CIRCLE('',#4519,3.);
#260=CIRCLE('',#4520,2.7);
#261=CIRCLE('',#4523,1.);
#262=CIRCLE('',#4534,12.);
#263=CIRCLE('',#4536,12.);
#264=CIRCLE('',#4542,2.);
#265=CIRCLE('',#4544,3.);
#266=CIRCLE('',#4548,3.);
#267=CIRCLE('',#4552,3.);
#268=CIRCLE('',#4556,3.);
#269=CIRCLE('',#4562,2.7);
#270=CIRCLE('',#4564,2.);
#271=CIRCLE('',#4574,10.);
#272=CIRCLE('',#4575,10.);
#273=CIRCLE('',#4576,10.2);
#274=CIRCLE('',#4577,1.6);
#275=CIRCLE('',#4578,1.6);
#276=CIRCLE('',#4579,1.6);
#277=CIRCLE('',#4580,1.6);
#278=CIRCLE('',#4584,10.);
#279=CIRCLE('',#4585,11.2);
#280=CIRCLE('',#4586,10.);
#281=CIRCLE('',#4590,1.6);
#282=CIRCLE('',#4592,1.6);
#283=CIRCLE('',#4594,1.6);
#284=CIRCLE('',#4596,1.6);
#285=CIRCLE('',#4621,70.);
#286=CIRCLE('',#4626,3.);
#287=CIRCLE('',#4628,8.);
#288=CIRCLE('',#4632,3.);
#289=CIRCLE('',#4633,3.);
#290=CIRCLE('',#4635,3.00000000000001);
#291=CIRCLE('',#4636,5.);
#292=CIRCLE('',#4640,2.99999999999999);
#293=CIRCLE('',#4642,3.);
#294=PLANE('',#4341);
#295=PLANE('',#4344);
#296=PLANE('',#4348);
#297=PLANE('',#4349);
#298=PLANE('',#4353);
#299=PLANE('',#4354);
#300=PLANE('',#4358);
#301=PLANE('',#4359);
#302=PLANE('',#4361);
#303=PLANE('',#4369);
#304=PLANE('',#4370);
#305=PLANE('',#4371);
#306=PLANE('',#4374);
#307=PLANE('',#4393);
#308=PLANE('',#4394);
#309=PLANE('',#4396);
#310=PLANE('',#4399);
#311=PLANE('',#4403);
#312=PLANE('',#4404);
#313=PLANE('',#4406);
#314=PLANE('',#4407);
#315=PLANE('',#4409);
#316=PLANE('',#4412);
#317=PLANE('',#4434);
#318=PLANE('',#4438);
#319=PLANE('',#4442);
#320=PLANE('',#4443);
#321=PLANE('',#4444);
#322=PLANE('',#4445);
#323=PLANE('',#4446);
#324=PLANE('',#4447);
#325=PLANE('',#4448);
#326=PLANE('',#4449);
#327=PLANE('',#4450);
#328=PLANE('',#4452);
#329=PLANE('',#4454);
#330=PLANE('',#4458);
#331=PLANE('',#4460);
#332=PLANE('',#4461);
#333=PLANE('',#4462);
#334=PLANE('',#4464);
#335=PLANE('',#4466);
#336=PLANE('',#4467);
#337=PLANE('',#4470);
#338=PLANE('',#4471);
#339=PLANE('',#4472);
#340=PLANE('',#4473);
#341=PLANE('',#4478);
#342=PLANE('',#4493);
#343=PLANE('',#4495);
#344=PLANE('',#4498);
#345=PLANE('',#4499);
#346=PLANE('',#4502);
#347=PLANE('',#4503);
#348=PLANE('',#4504);
#349=PLANE('',#4505);
#350=PLANE('',#4508);
#351=PLANE('',#4509);
#352=PLANE('',#4511);
#353=PLANE('',#4512);
#354=PLANE('',#4513);
#355=PLANE('',#4514);
#356=PLANE('',#4515);
#357=PLANE('',#4521);
#358=PLANE('',#4524);
#359=PLANE('',#4525);
#360=PLANE('',#4526);
#361=PLANE('',#4527);
#362=PLANE('',#4530);
#363=PLANE('',#4531);
#364=PLANE('',#4537);
#365=PLANE('',#4538);
#366=PLANE('',#4539);
#367=PLANE('',#4540);
#368=PLANE('',#4541);
#369=PLANE('',#4545);
#370=PLANE('',#4546);
#371=PLANE('',#4549);
#372=PLANE('',#4550);
#373=PLANE('',#4553);
#374=PLANE('',#4554);
#375=PLANE('',#4557);
#376=PLANE('',#4558);
#377=PLANE('',#4559);
#378=PLANE('',#4560);
#379=PLANE('',#4563);
#380=PLANE('',#4567);
#381=PLANE('',#4569);
#382=PLANE('',#4571);
#383=PLANE('',#4572);
#384=PLANE('',#4573);
#385=PLANE('',#4581);
#386=PLANE('',#4583);
#387=PLANE('',#4587);
#388=PLANE('',#4589);
#389=PLANE('',#4591);
#390=PLANE('',#4593);
#391=PLANE('',#4595);
#392=PLANE('',#4599);
#393=PLANE('',#4601);
#394=PLANE('',#4602);
#395=PLANE('',#4603);
#396=PLANE('',#4605);
#397=PLANE('',#4606);
#398=PLANE('',#4608);
#399=PLANE('',#4609);
#400=PLANE('',#4611);
#401=PLANE('',#4612);
#402=PLANE('',#4616);
#403=PLANE('',#4623);
#404=PLANE('',#4630);
#405=PLANE('',#4631);
#406=PLANE('',#4646);
#407=PLANE('',#4648);
#408=PLANE('',#4650);
#409=PLANE('',#4655);
#410=PLANE('',#4659);
#411=PLANE('',#4669);
#412=PLANE('',#4671);
#413=PLANE('',#4672);
#414=PLANE('',#4675);
#415=PLANE('',#4677);
#416=PLANE('',#4678);
#417=PLANE('',#4679);
#418=PLANE('',#4680);
#419=PLANE('',#4682);
#420=FACE_OUTER_BOUND('',#647,.T.);
#421=FACE_OUTER_BOUND('',#648,.T.);
#422=FACE_OUTER_BOUND('',#649,.T.);
#423=FACE_OUTER_BOUND('',#650,.T.);
#424=FACE_OUTER_BOUND('',#651,.T.);
#425=FACE_OUTER_BOUND('',#652,.T.);
#426=FACE_OUTER_BOUND('',#654,.T.);
#427=FACE_OUTER_BOUND('',#655,.T.);
#428=FACE_OUTER_BOUND('',#656,.T.);
#429=FACE_OUTER_BOUND('',#657,.T.);
#430=FACE_OUTER_BOUND('',#658,.T.);
#431=FACE_OUTER_BOUND('',#659,.T.);
#432=FACE_OUTER_BOUND('',#660,.T.);
#433=FACE_OUTER_BOUND('',#661,.T.);
#434=FACE_OUTER_BOUND('',#662,.T.);
#435=FACE_OUTER_BOUND('',#663,.T.);
#436=FACE_OUTER_BOUND('',#665,.T.);
#437=FACE_OUTER_BOUND('',#666,.T.);
#438=FACE_OUTER_BOUND('',#667,.T.);
#439=FACE_OUTER_BOUND('',#668,.T.);
#440=FACE_OUTER_BOUND('',#669,.T.);
#441=FACE_OUTER_BOUND('',#670,.T.);
#442=FACE_OUTER_BOUND('',#671,.T.);
#443=FACE_OUTER_BOUND('',#672,.T.);
#444=FACE_OUTER_BOUND('',#673,.T.);
#445=FACE_OUTER_BOUND('',#674,.T.);
#446=FACE_OUTER_BOUND('',#675,.T.);
#447=FACE_OUTER_BOUND('',#676,.T.);
#448=FACE_OUTER_BOUND('',#677,.T.);
#449=FACE_OUTER_BOUND('',#678,.T.);
#450=FACE_OUTER_BOUND('',#679,.T.);
#451=FACE_OUTER_BOUND('',#680,.T.);
#452=FACE_OUTER_BOUND('',#681,.T.);
#453=FACE_OUTER_BOUND('',#682,.T.);
#454=FACE_OUTER_BOUND('',#683,.T.);
#455=FACE_OUTER_BOUND('',#684,.T.);
#456=FACE_OUTER_BOUND('',#685,.T.);
#457=FACE_OUTER_BOUND('',#686,.T.);
#458=FACE_OUTER_BOUND('',#687,.T.);
#459=FACE_OUTER_BOUND('',#688,.T.);
#460=FACE_OUTER_BOUND('',#689,.T.);
#461=FACE_OUTER_BOUND('',#690,.T.);
#462=FACE_OUTER_BOUND('',#691,.T.);
#463=FACE_OUTER_BOUND('',#692,.T.);
#464=FACE_OUTER_BOUND('',#693,.T.);
#465=FACE_OUTER_BOUND('',#694,.T.);
#466=FACE_OUTER_BOUND('',#695,.T.);
#467=FACE_OUTER_BOUND('',#696,.T.);
#468=FACE_OUTER_BOUND('',#697,.T.);
#469=FACE_OUTER_BOUND('',#698,.T.);
#470=FACE_OUTER_BOUND('',#699,.T.);
#471=FACE_OUTER_BOUND('',#700,.T.);
#472=FACE_OUTER_BOUND('',#701,.T.);
#473=FACE_OUTER_BOUND('',#702,.T.);
#474=FACE_OUTER_BOUND('',#703,.T.);
#475=FACE_OUTER_BOUND('',#704,.T.);
#476=FACE_OUTER_BOUND('',#705,.T.);
#477=FACE_OUTER_BOUND('',#706,.T.);
#478=FACE_OUTER_BOUND('',#707,.T.);
#479=FACE_OUTER_BOUND('',#708,.T.);
#480=FACE_OUTER_BOUND('',#714,.T.);
#481=FACE_OUTER_BOUND('',#720,.T.);
#482=FACE_OUTER_BOUND('',#721,.T.);
#483=FACE_OUTER_BOUND('',#724,.T.);
#484=FACE_OUTER_BOUND('',#725,.T.);
#485=FACE_OUTER_BOUND('',#728,.T.);
#486=FACE_OUTER_BOUND('',#729,.T.);
#487=FACE_OUTER_BOUND('',#731,.T.);
#488=FACE_OUTER_BOUND('',#732,.T.);
#489=FACE_OUTER_BOUND('',#733,.T.);
#490=FACE_OUTER_BOUND('',#740,.T.);
#491=FACE_OUTER_BOUND('',#743,.T.);
#492=FACE_OUTER_BOUND('',#744,.T.);
#493=FACE_OUTER_BOUND('',#745,.T.);
#494=FACE_OUTER_BOUND('',#746,.T.);
#495=FACE_OUTER_BOUND('',#747,.T.);
#496=FACE_OUTER_BOUND('',#748,.T.);
#497=FACE_OUTER_BOUND('',#749,.T.);
#498=FACE_OUTER_BOUND('',#750,.T.);
#499=FACE_OUTER_BOUND('',#751,.T.);
#500=FACE_OUTER_BOUND('',#752,.T.);
#501=FACE_OUTER_BOUND('',#754,.T.);
#502=FACE_OUTER_BOUND('',#756,.T.);
#503=FACE_OUTER_BOUND('',#757,.T.);
#504=FACE_OUTER_BOUND('',#760,.T.);
#505=FACE_OUTER_BOUND('',#761,.T.);
#506=FACE_OUTER_BOUND('',#762,.T.);
#507=FACE_OUTER_BOUND('',#763,.T.);
#508=FACE_OUTER_BOUND('',#765,.T.);
#509=FACE_OUTER_BOUND('',#766,.T.);
#510=FACE_OUTER_BOUND('',#768,.T.);
#511=FACE_OUTER_BOUND('',#769,.T.);
#512=FACE_OUTER_BOUND('',#770,.T.);
#513=FACE_OUTER_BOUND('',#771,.T.);
#514=FACE_OUTER_BOUND('',#772,.T.);
#515=FACE_OUTER_BOUND('',#774,.T.);
#516=FACE_OUTER_BOUND('',#775,.T.);
#517=FACE_OUTER_BOUND('',#776,.T.);
#518=FACE_OUTER_BOUND('',#777,.T.);
#519=FACE_OUTER_BOUND('',#778,.T.);
#520=FACE_OUTER_BOUND('',#779,.T.);
#521=FACE_OUTER_BOUND('',#780,.T.);
#522=FACE_OUTER_BOUND('',#781,.T.);
#523=FACE_OUTER_BOUND('',#782,.T.);
#524=FACE_OUTER_BOUND('',#783,.T.);
#525=FACE_OUTER_BOUND('',#784,.T.);
#526=FACE_OUTER_BOUND('',#785,.T.);
#527=FACE_OUTER_BOUND('',#786,.T.);
#528=FACE_OUTER_BOUND('',#787,.T.);
#529=FACE_OUTER_BOUND('',#788,.T.);
#530=FACE_OUTER_BOUND('',#789,.T.);
#531=FACE_OUTER_BOUND('',#790,.T.);
#532=FACE_OUTER_BOUND('',#791,.T.);
#533=FACE_OUTER_BOUND('',#797,.T.);
#534=FACE_OUTER_BOUND('',#798,.T.);
#535=FACE_OUTER_BOUND('',#799,.T.);
#536=FACE_OUTER_BOUND('',#800,.T.);
#537=FACE_OUTER_BOUND('',#801,.T.);
#538=FACE_OUTER_BOUND('',#802,.T.);
#539=FACE_OUTER_BOUND('',#804,.T.);
#540=FACE_OUTER_BOUND('',#805,.T.);
#541=FACE_OUTER_BOUND('',#806,.T.);
#542=FACE_OUTER_BOUND('',#807,.T.);
#543=FACE_OUTER_BOUND('',#808,.T.);
#544=FACE_OUTER_BOUND('',#809,.T.);
#545=FACE_OUTER_BOUND('',#810,.T.);
#546=FACE_OUTER_BOUND('',#811,.T.);
#547=FACE_OUTER_BOUND('',#812,.T.);
#548=FACE_OUTER_BOUND('',#813,.T.);
#549=FACE_OUTER_BOUND('',#815,.T.);
#550=FACE_OUTER_BOUND('',#816,.T.);
#551=FACE_OUTER_BOUND('',#817,.T.);
#552=FACE_OUTER_BOUND('',#818,.T.);
#553=FACE_OUTER_BOUND('',#819,.T.);
#554=FACE_OUTER_BOUND('',#820,.T.);
#555=FACE_OUTER_BOUND('',#821,.T.);
#556=FACE_OUTER_BOUND('',#822,.T.);
#557=FACE_OUTER_BOUND('',#823,.T.);
#558=FACE_OUTER_BOUND('',#824,.T.);
#559=FACE_OUTER_BOUND('',#825,.T.);
#560=FACE_OUTER_BOUND('',#826,.T.);
#561=FACE_OUTER_BOUND('',#827,.T.);
#562=FACE_OUTER_BOUND('',#828,.T.);
#563=FACE_OUTER_BOUND('',#829,.T.);
#564=FACE_OUTER_BOUND('',#830,.T.);
#565=FACE_OUTER_BOUND('',#832,.T.);
#566=FACE_OUTER_BOUND('',#833,.T.);
#567=FACE_OUTER_BOUND('',#834,.T.);
#568=FACE_OUTER_BOUND('',#835,.T.);
#569=FACE_OUTER_BOUND('',#836,.T.);
#570=FACE_OUTER_BOUND('',#837,.T.);
#571=FACE_OUTER_BOUND('',#838,.T.);
#572=FACE_OUTER_BOUND('',#844,.T.);
#573=FACE_OUTER_BOUND('',#845,.T.);
#574=FACE_OUTER_BOUND('',#846,.T.);
#575=FACE_OUTER_BOUND('',#847,.T.);
#576=FACE_OUTER_BOUND('',#849,.T.);
#577=FACE_OUTER_BOUND('',#851,.T.);
#578=FACE_OUTER_BOUND('',#853,.T.);
#579=FACE_OUTER_BOUND('',#855,.T.);
#580=FACE_OUTER_BOUND('',#856,.T.);
#581=FACE_OUTER_BOUND('',#857,.T.);
#582=FACE_OUTER_BOUND('',#858,.T.);
#583=FACE_OUTER_BOUND('',#859,.T.);
#584=FACE_OUTER_BOUND('',#860,.T.);
#585=FACE_OUTER_BOUND('',#861,.T.);
#586=FACE_OUTER_BOUND('',#862,.T.);
#587=FACE_OUTER_BOUND('',#863,.T.);
#588=FACE_OUTER_BOUND('',#864,.T.);
#589=FACE_OUTER_BOUND('',#865,.T.);
#590=FACE_OUTER_BOUND('',#866,.T.);
#591=FACE_OUTER_BOUND('',#867,.T.);
#592=FACE_OUTER_BOUND('',#868,.T.);
#593=FACE_OUTER_BOUND('',#869,.T.);
#594=FACE_OUTER_BOUND('',#870,.T.);
#595=FACE_OUTER_BOUND('',#871,.T.);
#596=FACE_OUTER_BOUND('',#872,.T.);
#597=FACE_OUTER_BOUND('',#873,.T.);
#598=FACE_OUTER_BOUND('',#874,.T.);
#599=FACE_OUTER_BOUND('',#875,.T.);
#600=FACE_OUTER_BOUND('',#876,.T.);
#601=FACE_OUTER_BOUND('',#877,.T.);
#602=FACE_OUTER_BOUND('',#878,.T.);
#603=FACE_OUTER_BOUND('',#879,.T.);
#604=FACE_OUTER_BOUND('',#880,.T.);
#605=FACE_OUTER_BOUND('',#881,.T.);
#606=FACE_OUTER_BOUND('',#882,.T.);
#607=FACE_OUTER_BOUND('',#885,.T.);
#608=FACE_OUTER_BOUND('',#886,.T.);
#609=FACE_OUTER_BOUND('',#887,.T.);
#610=FACE_OUTER_BOUND('',#888,.T.);
#611=FACE_OUTER_BOUND('',#889,.T.);
#612=FACE_OUTER_BOUND('',#890,.T.);
#613=FACE_OUTER_BOUND('',#891,.T.);
#614=FACE_OUTER_BOUND('',#892,.T.);
#615=FACE_OUTER_BOUND('',#893,.T.);
#616=FACE_OUTER_BOUND('',#894,.T.);
#617=FACE_OUTER_BOUND('',#895,.T.);
#618=FACE_OUTER_BOUND('',#896,.T.);
#619=FACE_OUTER_BOUND('',#897,.T.);
#620=FACE_OUTER_BOUND('',#898,.T.);
#621=FACE_OUTER_BOUND('',#899,.T.);
#622=FACE_OUTER_BOUND('',#900,.T.);
#623=FACE_OUTER_BOUND('',#901,.T.);
#624=FACE_OUTER_BOUND('',#902,.T.);
#625=FACE_OUTER_BOUND('',#903,.T.);
#626=FACE_OUTER_BOUND('',#904,.T.);
#627=FACE_OUTER_BOUND('',#905,.T.);
#628=FACE_OUTER_BOUND('',#906,.T.);
#629=FACE_OUTER_BOUND('',#907,.T.);
#630=FACE_OUTER_BOUND('',#908,.T.);
#631=FACE_OUTER_BOUND('',#909,.T.);
#632=FACE_OUTER_BOUND('',#910,.T.);
#633=FACE_OUTER_BOUND('',#911,.T.);
#634=FACE_OUTER_BOUND('',#912,.T.);
#635=FACE_OUTER_BOUND('',#913,.T.);
#636=FACE_OUTER_BOUND('',#914,.T.);
#637=FACE_OUTER_BOUND('',#915,.T.);
#638=FACE_OUTER_BOUND('',#916,.T.);
#639=FACE_OUTER_BOUND('',#917,.T.);
#640=FACE_OUTER_BOUND('',#918,.T.);
#641=FACE_OUTER_BOUND('',#920,.T.);
#642=FACE_OUTER_BOUND('',#921,.T.);
#643=FACE_OUTER_BOUND('',#922,.T.);
#644=FACE_OUTER_BOUND('',#923,.T.);
#645=FACE_OUTER_BOUND('',#924,.T.);
#646=FACE_OUTER_BOUND('',#925,.T.);
#647=EDGE_LOOP('',(#2772,#2773,#2774,#2775,#2776));
#648=EDGE_LOOP('',(#2777,#2778,#2779,#2780));
#649=EDGE_LOOP('',(#2781,#2782,#2783,#2784));
#650=EDGE_LOOP('',(#2785,#2786,#2787,#2788,#2789));
#651=EDGE_LOOP('',(#2790,#2791,#2792,#2793,#2794,#2795,#2796,#2797,#2798,
#2799,#2800,#2801,#2802,#2803,#2804,#2805));
#652=EDGE_LOOP('',(#2806,#2807,#2808,#2809));
#653=EDGE_LOOP('',(#2810));
#654=EDGE_LOOP('',(#2811,#2812,#2813,#2814));
#655=EDGE_LOOP('',(#2815,#2816,#2817,#2818));
#656=EDGE_LOOP('',(#2819,#2820,#2821,#2822,#2823));
#657=EDGE_LOOP('',(#2824,#2825,#2826,#2827));
#658=EDGE_LOOP('',(#2828,#2829,#2830,#2831));
#659=EDGE_LOOP('',(#2832,#2833,#2834,#2835));
#660=EDGE_LOOP('',(#2836,#2837,#2838,#2839));
#661=EDGE_LOOP('',(#2840,#2841,#2842,#2843,#2844));
#662=EDGE_LOOP('',(#2845,#2846,#2847));
#663=EDGE_LOOP('',(#2848,#2849,#2850,#2851,#2852,#2853,#2854,#2855,#2856,
#2857,#2858,#2859,#2860,#2861,#2862,#2863,#2864,#2865,#2866,#2867,#2868,
#2869,#2870,#2871));
#664=EDGE_LOOP('',(#2872));
#665=EDGE_LOOP('',(#2873,#2874,#2875,#2876));
#666=EDGE_LOOP('',(#2877,#2878,#2879,#2880));
#667=EDGE_LOOP('',(#2881,#2882,#2883,#2884,#2885));
#668=EDGE_LOOP('',(#2886,#2887,#2888,#2889,#2890,#2891,#2892,#2893,#2894));
#669=EDGE_LOOP('',(#2895,#2896,#2897,#2898));
#670=EDGE_LOOP('',(#2899,#2900,#2901,#2902));
#671=EDGE_LOOP('',(#2903,#2904,#2905,#2906,#2907));
#672=EDGE_LOOP('',(#2908,#2909,#2910,#2911));
#673=EDGE_LOOP('',(#2912,#2913,#2914,#2915));
#674=EDGE_LOOP('',(#2916,#2917,#2918,#2919,#2920));
#675=EDGE_LOOP('',(#2921,#2922,#2923,#2924));
#676=EDGE_LOOP('',(#2925,#2926,#2927,#2928));
#677=EDGE_LOOP('',(#2929,#2930,#2931,#2932));
#678=EDGE_LOOP('',(#2933,#2934,#2935,#2936));
#679=EDGE_LOOP('',(#2937,#2938,#2939,#2940,#2941));
#680=EDGE_LOOP('',(#2942,#2943,#2944,#2945));
#681=EDGE_LOOP('',(#2946,#2947,#2948,#2949));
#682=EDGE_LOOP('',(#2950,#2951,#2952,#2953));
#683=EDGE_LOOP('',(#2954,#2955,#2956,#2957));
#684=EDGE_LOOP('',(#2958,#2959,#2960,#2961));
#685=EDGE_LOOP('',(#2962,#2963,#2964,#2965));
#686=EDGE_LOOP('',(#2966,#2967,#2968,#2969));
#687=EDGE_LOOP('',(#2970,#2971,#2972,#2973));
#688=EDGE_LOOP('',(#2974,#2975,#2976,#2977));
#689=EDGE_LOOP('',(#2978,#2979,#2980,#2981));
#690=EDGE_LOOP('',(#2982,#2983,#2984,#2985));
#691=EDGE_LOOP('',(#2986,#2987,#2988,#2989));
#692=EDGE_LOOP('',(#2990,#2991,#2992,#2993));
#693=EDGE_LOOP('',(#2994,#2995,#2996,#2997));
#694=EDGE_LOOP('',(#2998,#2999,#3000,#3001));
#695=EDGE_LOOP('',(#3002,#3003,#3004,#3005));
#696=EDGE_LOOP('',(#3006,#3007,#3008,#3009));
#697=EDGE_LOOP('',(#3010,#3011,#3012,#3013));
#698=EDGE_LOOP('',(#3014,#3015,#3016,#3017));
#699=EDGE_LOOP('',(#3018,#3019,#3020,#3021));
#700=EDGE_LOOP('',(#3022,#3023,#3024,#3025));
#701=EDGE_LOOP('',(#3026,#3027,#3028,#3029));
#702=EDGE_LOOP('',(#3030,#3031,#3032,#3033));
#703=EDGE_LOOP('',(#3034,#3035,#3036,#3037));
#704=EDGE_LOOP('',(#3038));
#705=EDGE_LOOP('',(#3039,#3040,#3041,#3042));
#706=EDGE_LOOP('',(#3043));
#707=EDGE_LOOP('',(#3044,#3045,#3046,#3047));
#708=EDGE_LOOP('',(#3048,#3049,#3050,#3051,#3052,#3053,#3054,#3055,#3056,
#3057,#3058,#3059));
#709=EDGE_LOOP('',(#3060,#3061,#3062));
#710=EDGE_LOOP('',(#3063,#3064,#3065));
#711=EDGE_LOOP('',(#3066,#3067,#3068));
#712=EDGE_LOOP('',(#3069,#3070,#3071));
#713=EDGE_LOOP('',(#3072,#3073,#3074));
#714=EDGE_LOOP('',(#3075,#3076,#3077,#3078,#3079,#3080,#3081,#3082,#3083,
#3084,#3085,#3086));
#715=EDGE_LOOP('',(#3087,#3088,#3089));
#716=EDGE_LOOP('',(#3090,#3091,#3092));
#717=EDGE_LOOP('',(#3093,#3094,#3095));
#718=EDGE_LOOP('',(#3096,#3097,#3098));
#719=EDGE_LOOP('',(#3099,#3100,#3101));
#720=EDGE_LOOP('',(#3102,#3103,#3104,#3105,#3106,#3107,#3108,#3109));
#721=EDGE_LOOP('',(#3110,#3111,#3112,#3113));
#722=EDGE_LOOP('',(#3114));
#723=EDGE_LOOP('',(#3115));
#724=EDGE_LOOP('',(#3116,#3117,#3118,#3119,#3120,#3121,#3122,#3123));
#725=EDGE_LOOP('',(#3124,#3125,#3126,#3127));
#726=EDGE_LOOP('',(#3128));
#727=EDGE_LOOP('',(#3129));
#728=EDGE_LOOP('',(#3130,#3131,#3132,#3133,#3134,#3135,#3136,#3137));
#729=EDGE_LOOP('',(#3138,#3139,#3140,#3141));
#730=EDGE_LOOP('',(#3142));
#731=EDGE_LOOP('',(#3143,#3144,#3145,#3146,#3147,#3148,#3149,#3150));
#732=EDGE_LOOP('',(#3151,#3152,#3153));
#733=EDGE_LOOP('',(#3154,#3155,#3156,#3157,#3158,#3159,#3160));
#734=EDGE_LOOP('',(#3161));
#735=EDGE_LOOP('',(#3162));
#736=EDGE_LOOP('',(#3163));
#737=EDGE_LOOP('',(#3164));
#738=EDGE_LOOP('',(#3165));
#739=EDGE_LOOP('',(#3166));
#740=EDGE_LOOP('',(#3167,#3168,#3169,#3170));
#741=EDGE_LOOP('',(#3171));
#742=EDGE_LOOP('',(#3172));
#743=EDGE_LOOP('',(#3173,#3174,#3175,#3176,#3177));
#744=EDGE_LOOP('',(#3178,#3179,#3180,#3181,#3182,#3183));
#745=EDGE_LOOP('',(#3184,#3185,#3186,#3187,#3188,#3189));
#746=EDGE_LOOP('',(#3190,#3191,#3192,#3193));
#747=EDGE_LOOP('',(#3194,#3195,#3196,#3197,#3198));
#748=EDGE_LOOP('',(#3199,#3200,#3201,#3202));
#749=EDGE_LOOP('',(#3203,#3204,#3205,#3206,#3207));
#750=EDGE_LOOP('',(#3208,#3209,#3210,#3211,#3212,#3213,#3214,#3215,#3216,
#3217,#3218));
#751=EDGE_LOOP('',(#3219,#3220,#3221,#3222));
#752=EDGE_LOOP('',(#3223,#3224,#3225));
#753=EDGE_LOOP('',(#3226,#3227,#3228));
#754=EDGE_LOOP('',(#3229,#3230,#3231,#3232,#3233,#3234,#3235,#3236));
#755=EDGE_LOOP('',(#3237,#3238,#3239));
#756=EDGE_LOOP('',(#3240,#3241,#3242,#3243));
#757=EDGE_LOOP('',(#3244,#3245,#3246,#3247,#3248,#3249,#3250,#3251,#3252,
#3253,#3254));
#758=EDGE_LOOP('',(#3255,#3256,#3257));
#759=EDGE_LOOP('',(#3258,#3259,#3260));
#760=EDGE_LOOP('',(#3261,#3262,#3263,#3264));
#761=EDGE_LOOP('',(#3265,#3266,#3267,#3268,#3269,#3270));
#762=EDGE_LOOP('',(#3271,#3272,#3273,#3274));
#763=EDGE_LOOP('',(#3275,#3276,#3277));
#764=EDGE_LOOP('',(#3278,#3279,#3280));
#765=EDGE_LOOP('',(#3281,#3282,#3283,#3284));
#766=EDGE_LOOP('',(#3285,#3286,#3287,#3288,#3289));
#767=EDGE_LOOP('',(#3290,#3291,#3292));
#768=EDGE_LOOP('',(#3293,#3294,#3295,#3296,#3297));
#769=EDGE_LOOP('',(#3298,#3299,#3300,#3301));
#770=EDGE_LOOP('',(#3302,#3303,#3304,#3305,#3306,#3307));
#771=EDGE_LOOP('',(#3308,#3309,#3310,#3311));
#772=EDGE_LOOP('',(#3312,#3313,#3314,#3315,#3316,#3317,#3318,#3319));
#773=EDGE_LOOP('',(#3320));
#774=EDGE_LOOP('',(#3321,#3322,#3323,#3324,#3325));
#775=EDGE_LOOP('',(#3326,#3327,#3328,#3329));
#776=EDGE_LOOP('',(#3330,#3331,#3332,#3333));
#777=EDGE_LOOP('',(#3334,#3335,#3336,#3337));
#778=EDGE_LOOP('',(#3338,#3339,#3340,#3341));
#779=EDGE_LOOP('',(#3342,#3343,#3344,#3345));
#780=EDGE_LOOP('',(#3346,#3347,#3348,#3349));
#781=EDGE_LOOP('',(#3350,#3351,#3352,#3353));
#782=EDGE_LOOP('',(#3354,#3355,#3356,#3357));
#783=EDGE_LOOP('',(#3358,#3359,#3360,#3361));
#784=EDGE_LOOP('',(#3362,#3363,#3364,#3365));
#785=EDGE_LOOP('',(#3366,#3367,#3368,#3369));
#786=EDGE_LOOP('',(#3370,#3371,#3372,#3373));
#787=EDGE_LOOP('',(#3374,#3375,#3376,#3377));
#788=EDGE_LOOP('',(#3378,#3379,#3380,#3381));
#789=EDGE_LOOP('',(#3382,#3383,#3384,#3385));
#790=EDGE_LOOP('',(#3386,#3387,#3388,#3389));
#791=EDGE_LOOP('',(#3390));
#792=EDGE_LOOP('',(#3391,#3392,#3393));
#793=EDGE_LOOP('',(#3394,#3395,#3396));
#794=EDGE_LOOP('',(#3397,#3398,#3399));
#795=EDGE_LOOP('',(#3400,#3401,#3402));
#796=EDGE_LOOP('',(#3403,#3404,#3405));
#797=EDGE_LOOP('',(#3406,#3407,#3408,#3409));
#798=EDGE_LOOP('',(#3410,#3411,#3412,#3413));
#799=EDGE_LOOP('',(#3414,#3415,#3416,#3417));
#800=EDGE_LOOP('',(#3418,#3419,#3420,#3421));
#801=EDGE_LOOP('',(#3422,#3423,#3424,#3425));
#802=EDGE_LOOP('',(#3426,#3427,#3428,#3429,#3430,#3431));
#803=EDGE_LOOP('',(#3432));
#804=EDGE_LOOP('',(#3433,#3434,#3435,#3436));
#805=EDGE_LOOP('',(#3437,#3438,#3439,#3440,#3441,#3442,#3443));
#806=EDGE_LOOP('',(#3444,#3445,#3446,#3447));
#807=EDGE_LOOP('',(#3448,#3449,#3450,#3451));
#808=EDGE_LOOP('',(#3452,#3453,#3454,#3455,#3456,#3457));
#809=EDGE_LOOP('',(#3458,#3459,#3460,#3461));
#810=EDGE_LOOP('',(#3462,#3463,#3464));
#811=EDGE_LOOP('',(#3465,#3466,#3467,#3468));
#812=EDGE_LOOP('',(#3469,#3470,#3471));
#813=EDGE_LOOP('',(#3472,#3473,#3474));
#814=EDGE_LOOP('',(#3475,#3476,#3477));
#815=EDGE_LOOP('',(#3478,#3479,#3480,#3481));
#816=EDGE_LOOP('',(#3482,#3483,#3484,#3485));
#817=EDGE_LOOP('',(#3486,#3487,#3488,#3489));
#818=EDGE_LOOP('',(#3490,#3491,#3492,#3493));
#819=EDGE_LOOP('',(#3494,#3495,#3496,#3497));
#820=EDGE_LOOP('',(#3498,#3499,#3500,#3501));
#821=EDGE_LOOP('',(#3502,#3503,#3504,#3505));
#822=EDGE_LOOP('',(#3506,#3507,#3508,#3509));
#823=EDGE_LOOP('',(#3510,#3511,#3512,#3513));
#824=EDGE_LOOP('',(#3514,#3515,#3516,#3517));
#825=EDGE_LOOP('',(#3518,#3519,#3520,#3521));
#826=EDGE_LOOP('',(#3522,#3523,#3524,#3525));
#827=EDGE_LOOP('',(#3526,#3527,#3528,#3529));
#828=EDGE_LOOP('',(#3530,#3531,#3532,#3533));
#829=EDGE_LOOP('',(#3534,#3535,#3536,#3537));
#830=EDGE_LOOP('',(#3538,#3539,#3540));
#831=EDGE_LOOP('',(#3541,#3542,#3543));
#832=EDGE_LOOP('',(#3544,#3545,#3546,#3547,#3548));
#833=EDGE_LOOP('',(#3549,#3550,#3551,#3552,#3553));
#834=EDGE_LOOP('',(#3554,#3555,#3556,#3557));
#835=EDGE_LOOP('',(#3558,#3559,#3560,#3561,#3562,#3563));
#836=EDGE_LOOP('',(#3564,#3565,#3566,#3567,#3568,#3569,#3570));
#837=EDGE_LOOP('',(#3571,#3572,#3573,#3574));
#838=EDGE_LOOP('',(#3575,#3576,#3577,#3578,#3579,#3580,#3581,#3582,#3583,
#3584));
#839=EDGE_LOOP('',(#3585,#3586,#3587));
#840=EDGE_LOOP('',(#3588,#3589,#3590));
#841=EDGE_LOOP('',(#3591,#3592,#3593));
#842=EDGE_LOOP('',(#3594,#3595,#3596));
#843=EDGE_LOOP('',(#3597,#3598,#3599));
#844=EDGE_LOOP('',(#3600,#3601,#3602,#3603));
#845=EDGE_LOOP('',(#3604,#3605,#3606,#3607,#3608,#3609,#3610,#3611));
#846=EDGE_LOOP('',(#3612,#3613,#3614,#3615));
#847=EDGE_LOOP('',(#3616,#3617,#3618));
#848=EDGE_LOOP('',(#3619,#3620,#3621));
#849=EDGE_LOOP('',(#3622,#3623,#3624));
#850=EDGE_LOOP('',(#3625,#3626,#3627));
#851=EDGE_LOOP('',(#3628,#3629,#3630));
#852=EDGE_LOOP('',(#3631,#3632,#3633));
#853=EDGE_LOOP('',(#3634,#3635,#3636));
#854=EDGE_LOOP('',(#3637,#3638,#3639));
#855=EDGE_LOOP('',(#3640,#3641,#3642,#3643));
#856=EDGE_LOOP('',(#3644,#3645,#3646,#3647));
#857=EDGE_LOOP('',(#3648,#3649,#3650,#3651));
#858=EDGE_LOOP('',(#3652,#3653,#3654,#3655));
#859=EDGE_LOOP('',(#3656,#3657,#3658,#3659));
#860=EDGE_LOOP('',(#3660,#3661,#3662,#3663));
#861=EDGE_LOOP('',(#3664,#3665,#3666,#3667));
#862=EDGE_LOOP('',(#3668,#3669,#3670,#3671));
#863=EDGE_LOOP('',(#3672,#3673,#3674,#3675));
#864=EDGE_LOOP('',(#3676,#3677,#3678,#3679));
#865=EDGE_LOOP('',(#3680,#3681,#3682,#3683));
#866=EDGE_LOOP('',(#3684,#3685,#3686,#3687));
#867=EDGE_LOOP('',(#3688,#3689,#3690,#3691));
#868=EDGE_LOOP('',(#3692,#3693,#3694,#3695));
#869=EDGE_LOOP('',(#3696,#3697,#3698,#3699));
#870=EDGE_LOOP('',(#3700,#3701,#3702,#3703));
#871=EDGE_LOOP('',(#3704,#3705,#3706,#3707));
#872=EDGE_LOOP('',(#3708,#3709,#3710,#3711,#3712,#3713));
#873=EDGE_LOOP('',(#3714,#3715,#3716,#3717,#3718,#3719));
#874=EDGE_LOOP('',(#3720,#3721,#3722,#3723,#3724,#3725,#3726,#3727,#3728));
#875=EDGE_LOOP('',(#3729,#3730,#3731,#3732,#3733));
#876=EDGE_LOOP('',(#3734,#3735,#3736,#3737,#3738,#3739));
#877=EDGE_LOOP('',(#3740,#3741,#3742,#3743,#3744));
#878=EDGE_LOOP('',(#3745,#3746,#3747,#3748,#3749,#3750));
#879=EDGE_LOOP('',(#3751,#3752,#3753,#3754,#3755,#3756));
#880=EDGE_LOOP('',(#3757,#3758,#3759,#3760,#3761));
#881=EDGE_LOOP('',(#3762,#3763,#3764,#3765,#3766));
#882=EDGE_LOOP('',(#3767,#3768,#3769,#3770,#3771,#3772));
#883=EDGE_LOOP('',(#3773));
#884=EDGE_LOOP('',(#3774));
#885=EDGE_LOOP('',(#3775,#3776,#3777,#3778,#3779));
#886=EDGE_LOOP('',(#3780,#3781,#3782));
#887=EDGE_LOOP('',(#3783,#3784,#3785));
#888=EDGE_LOOP('',(#3786,#3787,#3788,#3789));
#889=EDGE_LOOP('',(#3790,#3791,#3792,#3793));
#890=EDGE_LOOP('',(#3794,#3795,#3796,#3797));
#891=EDGE_LOOP('',(#3798,#3799,#3800,#3801));
#892=EDGE_LOOP('',(#3802,#3803,#3804,#3805));
#893=EDGE_LOOP('',(#3806,#3807,#3808,#3809));
#894=EDGE_LOOP('',(#3810,#3811,#3812,#3813,#3814,#3815));
#895=EDGE_LOOP('',(#3816,#3817,#3818,#3819,#3820));
#896=EDGE_LOOP('',(#3821,#3822,#3823,#3824,#3825));
#897=EDGE_LOOP('',(#3826,#3827,#3828,#3829,#3830,#3831,#3832,#3833,#3834,
#3835,#3836));
#898=EDGE_LOOP('',(#3837,#3838,#3839,#3840,#3841,#3842,#3843,#3844,#3845));
#899=EDGE_LOOP('',(#3846,#3847,#3848,#3849,#3850,#3851,#3852,#3853,#3854,
#3855,#3856,#3857,#3858,#3859));
#900=EDGE_LOOP('',(#3860,#3861,#3862,#3863,#3864));
#901=EDGE_LOOP('',(#3865,#3866,#3867,#3868,#3869,#3870,#3871));
#902=EDGE_LOOP('',(#3872,#3873,#3874,#3875,#3876,#3877,#3878));
#903=EDGE_LOOP('',(#3879,#3880,#3881,#3882,#3883));
#904=EDGE_LOOP('',(#3884,#3885,#3886,#3887,#3888,#3889,#3890,#3891,#3892,
#3893,#3894));
#905=EDGE_LOOP('',(#3895,#3896,#3897,#3898,#3899));
#906=EDGE_LOOP('',(#3900,#3901,#3902,#3903,#3904));
#907=EDGE_LOOP('',(#3905,#3906,#3907,#3908,#3909));
#908=EDGE_LOOP('',(#3910,#3911,#3912,#3913,#3914));
#909=EDGE_LOOP('',(#3915,#3916,#3917,#3918,#3919,#3920,#3921));
#910=EDGE_LOOP('',(#3922,#3923,#3924,#3925,#3926));
#911=EDGE_LOOP('',(#3927,#3928,#3929,#3930));
#912=EDGE_LOOP('',(#3931,#3932,#3933,#3934,#3935));
#913=EDGE_LOOP('',(#3936,#3937,#3938,#3939,#3940));
#914=EDGE_LOOP('',(#3941,#3942,#3943,#3944,#3945,#3946,#3947));
#915=EDGE_LOOP('',(#3948,#3949,#3950,#3951,#3952,#3953));
#916=EDGE_LOOP('',(#3954,#3955,#3956,#3957));
#917=EDGE_LOOP('',(#3958,#3959,#3960,#3961));
#918=EDGE_LOOP('',(#3962,#3963,#3964,#3965,#3966,#3967,#3968,#3969,#3970,
#3971,#3972,#3973,#3974,#3975,#3976,#3977,#3978,#3979,#3980,#3981,#3982,
#3983,#3984,#3985,#3986,#3987,#3988,#3989,#3990,#3991,#3992));
#919=EDGE_LOOP('',(#3993,#3994,#3995,#3996,#3997,#3998));
#920=EDGE_LOOP('',(#3999,#4000,#4001,#4002));
#921=EDGE_LOOP('',(#4003,#4004,#4005,#4006,#4007));
#922=EDGE_LOOP('',(#4008,#4009,#4010,#4011));
#923=EDGE_LOOP('',(#4012,#4013,#4014,#4015,#4016));
#924=EDGE_LOOP('',(#4017,#4018,#4019,#4020));
#925=EDGE_LOOP('',(#4021,#4022,#4023,#4024,#4025));
#926=LINE('',#5769,#1298);
#927=LINE('',#5772,#1299);
#928=LINE('',#5775,#1300);
#929=LINE('',#5777,#1301);
#930=LINE('',#5781,#1302);
#931=LINE('',#5783,#1303);
#932=LINE('',#5788,#1304);
#933=LINE('',#5789,#1305);
#934=LINE('',#5792,#1306);
#935=LINE('',#5794,#1307);
#936=LINE('',#5798,#1308);
#937=LINE('',#5800,#1309);
#938=LINE('',#5831,#1310);
#939=LINE('',#5833,#1311);
#940=LINE('',#5836,#1312);
#941=LINE('',#5842,#1313);
#942=LINE('',#5847,#1314);
#943=LINE('',#5849,#1315);
#944=LINE('',#5851,#1316);
#945=LINE('',#5852,#1317);
#946=LINE('',#5856,#1318);
#947=LINE('',#5857,#1319);
#948=LINE('',#5859,#1320);
#949=LINE('',#5860,#1321);
#950=LINE('',#5866,#1322);
#951=LINE('',#5870,#1323);
#952=LINE('',#5872,#1324);
#953=LINE('',#5874,#1325);
#954=LINE('',#5875,#1326);
#955=LINE('',#5878,#1327);
#956=LINE('',#5880,#1328);
#957=LINE('',#5881,#1329);
#958=LINE('',#5887,#1330);
#959=LINE('',#5890,#1331);
#960=LINE('',#5892,#1332);
#961=LINE('',#5894,#1333);
#962=LINE('',#5895,#1334);
#963=LINE('',#5899,#1335);
#964=LINE('',#5904,#1336);
#965=LINE('',#5906,#1337);
#966=LINE('',#5908,#1338);
#967=LINE('',#5910,#1339);
#968=LINE('',#5912,#1340);
#969=LINE('',#5916,#1341);
#970=LINE('',#5918,#1342);
#971=LINE('',#5920,#1343);
#972=LINE('',#5922,#1344);
#973=LINE('',#5924,#1345);
#974=LINE('',#5926,#1346);
#975=LINE('',#5930,#1347);
#976=LINE('',#5934,#1348);
#977=LINE('',#5936,#1349);
#978=LINE('',#5940,#1350);
#979=LINE('',#5942,#1351);
#980=LINE('',#5944,#1352);
#981=LINE('',#5949,#1353);
#982=LINE('',#5950,#1354);
#983=LINE('',#5952,#1355);
#984=LINE('',#5957,#1356);
#985=LINE('',#5960,#1357);
#986=LINE('',#5962,#1358);
#987=LINE('',#5964,#1359);
#988=LINE('',#5966,#1360);
#989=LINE('',#5968,#1361);
#990=LINE('',#5970,#1362);
#991=LINE('',#5972,#1363);
#992=LINE('',#5973,#1364);
#993=LINE('',#6276,#1365);
#994=LINE('',#6871,#1366);
#995=LINE('',#9076,#1367);
#996=LINE('',#9085,#1368);
#997=LINE('',#9095,#1369);
#998=LINE('',#9288,#1370);
#999=LINE('',#9292,#1371);
#1000=LINE('',#9297,#1372);
#1001=LINE('',#9450,#1373);
#1002=LINE('',#9457,#1374);
#1003=LINE('',#9465,#1375);
#1004=LINE('',#9588,#1376);
#1005=LINE('',#9595,#1377);
#1006=LINE('',#9603,#1378);
#1007=LINE('',#9726,#1379);
#1008=LINE('',#9730,#1380);
#1009=LINE('',#9735,#1381);
#1010=LINE('',#9907,#1382);
#1011=LINE('',#9913,#1383);
#1012=LINE('',#9919,#1384);
#1013=LINE('',#9925,#1385);
#1014=LINE('',#9931,#1386);
#1015=LINE('',#9937,#1387);
#1016=LINE('',#9944,#1388);
#1017=LINE('',#9951,#1389);
#1018=LINE('',#9962,#1390);
#1019=LINE('',#9963,#1391);
#1020=LINE('',#9964,#1392);
#1021=LINE('',#9965,#1393);
#1022=LINE('',#9966,#1394);
#1023=LINE('',#9967,#1395);
#1024=LINE('',#9976,#1396);
#1025=LINE('',#9977,#1397);
#1026=LINE('',#9978,#1398);
#1027=LINE('',#9979,#1399);
#1028=LINE('',#9980,#1400);
#1029=LINE('',#9982,#1401);
#1030=LINE('',#9996,#1402);
#1031=LINE('',#9998,#1403);
#1032=LINE('',#10000,#1404);
#1033=LINE('',#10002,#1405);
#1034=LINE('',#10004,#1406);
#1035=LINE('',#10006,#1407);
#1036=LINE('',#10008,#1408);
#1037=LINE('',#10012,#1409);
#1038=LINE('',#10042,#1410);
#1039=LINE('',#10100,#1411);
#1040=LINE('',#10101,#1412);
#1041=LINE('',#10118,#1413);
#1042=LINE('',#10126,#1414);
#1043=LINE('',#10255,#1415);
#1044=LINE('',#10257,#1416);
#1045=LINE('',#10258,#1417);
#1046=LINE('',#10290,#1418);
#1047=LINE('',#10293,#1419);
#1048=LINE('',#10297,#1420);
#1049=LINE('',#10299,#1421);
#1050=LINE('',#10301,#1422);
#1051=LINE('',#10303,#1423);
#1052=LINE('',#10305,#1424);
#1053=LINE('',#10307,#1425);
#1054=LINE('',#10309,#1426);
#1055=LINE('',#10311,#1427);
#1056=LINE('',#10312,#1428);
#1057=LINE('',#10313,#1429);
#1058=LINE('',#10317,#1430);
#1059=LINE('',#10319,#1431);
#1060=LINE('',#10321,#1432);
#1061=LINE('',#10322,#1433);
#1062=LINE('',#10328,#1434);
#1063=LINE('',#10329,#1435);
#1064=LINE('',#10332,#1436);
#1065=LINE('',#10339,#1437);
#1066=LINE('',#10341,#1438);
#1067=LINE('',#10343,#1439);
#1068=LINE('',#10345,#1440);
#1069=LINE('',#10346,#1441);
#1070=LINE('',#10349,#1442);
#1071=LINE('',#10352,#1443);
#1072=LINE('',#10355,#1444);
#1073=LINE('',#10356,#1445);
#1074=LINE('',#10359,#1446);
#1075=LINE('',#10361,#1447);
#1076=LINE('',#10363,#1448);
#1077=LINE('',#10365,#1449);
#1078=LINE('',#10367,#1450);
#1079=LINE('',#10368,#1451);
#1080=LINE('',#10369,#1452);
#1081=LINE('',#10372,#1453);
#1082=LINE('',#10375,#1454);
#1083=LINE('',#10378,#1455);
#1084=LINE('',#10381,#1456);
#1085=LINE('',#10384,#1457);
#1086=LINE('',#10385,#1458);
#1087=LINE('',#10389,#1459);
#1088=LINE('',#10390,#1460);
#1089=LINE('',#10392,#1461);
#1090=LINE('',#10393,#1462);
#1091=LINE('',#10395,#1463);
#1092=LINE('',#10399,#1464);
#1093=LINE('',#10404,#1465);
#1094=LINE('',#10405,#1466);
#1095=LINE('',#10409,#1467);
#1096=LINE('',#10412,#1468);
#1097=LINE('',#10414,#1469);
#1098=LINE('',#10416,#1470);
#1099=LINE('',#10417,#1471);
#1100=LINE('',#10420,#1472);
#1101=LINE('',#10423,#1473);
#1102=LINE('',#10435,#1474);
#1103=LINE('',#10445,#1475);
#1104=LINE('',#10449,#1476);
#1105=LINE('',#10450,#1477);
#1106=LINE('',#10451,#1478);
#1107=LINE('',#10452,#1479);
#1108=LINE('',#10458,#1480);
#1109=LINE('',#10469,#1481);
#1110=LINE('',#10470,#1482);
#1111=LINE('',#10472,#1483);
#1112=LINE('',#10473,#1484);
#1113=LINE('',#10475,#1485);
#1114=LINE('',#10480,#1486);
#1115=LINE('',#10483,#1487);
#1116=LINE('',#10485,#1488);
#1117=LINE('',#10486,#1489);
#1118=LINE('',#10488,#1490);
#1119=LINE('',#10493,#1491);
#1120=LINE('',#10494,#1492);
#1121=LINE('',#10495,#1493);
#1122=LINE('',#10499,#1494);
#1123=LINE('',#10501,#1495);
#1124=LINE('',#10503,#1496);
#1125=LINE('',#10504,#1497);
#1126=LINE('',#10506,#1498);
#1127=LINE('',#10509,#1499);
#1128=LINE('',#10511,#1500);
#1129=LINE('',#10518,#1501);
#1130=LINE('',#10519,#1502);
#1131=LINE('',#10524,#1503);
#1132=LINE('',#10525,#1504);
#1133=LINE('',#10530,#1505);
#1134=LINE('',#10531,#1506);
#1135=LINE('',#10536,#1507);
#1136=LINE('',#10537,#1508);
#1137=LINE('',#10540,#1509);
#1138=LINE('',#10542,#1510);
#1139=LINE('',#10547,#1511);
#1140=LINE('',#10548,#1512);
#1141=LINE('',#10549,#1513);
#1142=LINE('',#10553,#1514);
#1143=LINE('',#10555,#1515);
#1144=LINE('',#10558,#1516);
#1145=LINE('',#10559,#1517);
#1146=LINE('',#10562,#1518);
#1147=LINE('',#10563,#1519);
#1148=LINE('',#10573,#1520);
#1149=LINE('',#10575,#1521);
#1150=LINE('',#10578,#1522);
#1151=LINE('',#10580,#1523);
#1152=LINE('',#10581,#1524);
#1153=LINE('',#10585,#1525);
#1154=LINE('',#10587,#1526);
#1155=LINE('',#10589,#1527);
#1156=LINE('',#10590,#1528);
#1157=LINE('',#10599,#1529);
#1158=LINE('',#10603,#1530);
#1159=LINE('',#10605,#1531);
#1160=LINE('',#10606,#1532);
#1161=LINE('',#10609,#1533);
#1162=LINE('',#10610,#1534);
#1163=LINE('',#10612,#1535);
#1164=LINE('',#10614,#1536);
#1165=LINE('',#10615,#1537);
#1166=LINE('',#10617,#1538);
#1167=LINE('',#10623,#1539);
#1168=LINE('',#10624,#1540);
#1169=LINE('',#10627,#1541);
#1170=LINE('',#10630,#1542);
#1171=LINE('',#10633,#1543);
#1172=LINE('',#10634,#1544);
#1173=LINE('',#10636,#1545);
#1174=LINE('',#10639,#1546);
#1175=LINE('',#10642,#1547);
#1176=LINE('',#10645,#1548);
#1177=LINE('',#10646,#1549);
#1178=LINE('',#10648,#1550);
#1179=LINE('',#10651,#1551);
#1180=LINE('',#10654,#1552);
#1181=LINE('',#10657,#1553);
#1182=LINE('',#10658,#1554);
#1183=LINE('',#10660,#1555);
#1184=LINE('',#10663,#1556);
#1185=LINE('',#10666,#1557);
#1186=LINE('',#10669,#1558);
#1187=LINE('',#10670,#1559);
#1188=LINE('',#10672,#1560);
#1189=LINE('',#10675,#1561);
#1190=LINE('',#10677,#1562);
#1191=LINE('',#10678,#1563);
#1192=LINE('',#10681,#1564);
#1193=LINE('',#10682,#1565);
#1194=LINE('',#10690,#1566);
#1195=LINE('',#10691,#1567);
#1196=LINE('',#10710,#1568);
#1197=LINE('',#10711,#1569);
#1198=LINE('',#10716,#1570);
#1199=LINE('',#10717,#1571);
#1200=LINE('',#10719,#1572);
#1201=LINE('',#10721,#1573);
#1202=LINE('',#10729,#1574);
#1203=LINE('',#10731,#1575);
#1204=LINE('',#10737,#1576);
#1205=LINE('',#10739,#1577);
#1206=LINE('',#10743,#1578);
#1207=LINE('',#10746,#1579);
#1208=LINE('',#10749,#1580);
#1209=LINE('',#10751,#1581);
#1210=LINE('',#10755,#1582);
#1211=LINE('',#10757,#1583);
#1212=LINE('',#10761,#1584);
#1213=LINE('',#10763,#1585);
#1214=LINE('',#10767,#1586);
#1215=LINE('',#10769,#1587);
#1216=LINE('',#10774,#1588);
#1217=LINE('',#10779,#1589);
#1218=LINE('',#10783,#1590);
#1219=LINE('',#10786,#1591);
#1220=LINE('',#10792,#1592);
#1221=LINE('',#10794,#1593);
#1222=LINE('',#10799,#1594);
#1223=LINE('',#10801,#1595);
#1224=LINE('',#10806,#1596);
#1225=LINE('',#10808,#1597);
#1226=LINE('',#10813,#1598);
#1227=LINE('',#10815,#1599);
#1228=LINE('',#10818,#1600);
#1229=LINE('',#10820,#1601);
#1230=LINE('',#10831,#1602);
#1231=LINE('',#10832,#1603);
#1232=LINE('',#10834,#1604);
#1233=LINE('',#10837,#1605);
#1234=LINE('',#10838,#1606);
#1235=LINE('',#10840,#1607);
#1236=LINE('',#10843,#1608);
#1237=LINE('',#10844,#1609);
#1238=LINE('',#10846,#1610);
#1239=LINE('',#10849,#1611);
#1240=LINE('',#10850,#1612);
#1241=LINE('',#10852,#1613);
#1242=LINE('',#10868,#1614);
#1243=LINE('',#10885,#1615);
#1244=LINE('',#10887,#1616);
#1245=LINE('',#10889,#1617);
#1246=LINE('',#10891,#1618);
#1247=LINE('',#10894,#1619);
#1248=LINE('',#10924,#1620);
#1249=LINE('',#10941,#1621);
#1250=LINE('',#10950,#1622);
#1251=LINE('',#10951,#1623);
#1252=LINE('',#10956,#1624);
#1253=LINE('',#10976,#1625);
#1254=LINE('',#10980,#1626);
#1255=LINE('',#10982,#1627);
#1256=LINE('',#10983,#1628);
#1257=LINE('',#10984,#1629);
#1258=LINE('',#11071,#1630);
#1259=LINE('',#11072,#1631);
#1260=LINE('',#11075,#1632);
#1261=LINE('',#11076,#1633);
#1262=LINE('',#11286,#1634);
#1263=LINE('',#11288,#1635);
#1264=LINE('',#11290,#1636);
#1265=LINE('',#11349,#1637);
#1266=LINE('',#11402,#1638);
#1267=LINE('',#11414,#1639);
#1268=LINE('',#11444,#1640);
#1269=LINE('',#11445,#1641);
#1270=LINE('',#11478,#1642);
#1271=LINE('',#11481,#1643);
#1272=LINE('',#11483,#1644);
#1273=LINE('',#11485,#1645);
#1274=LINE('',#11494,#1646);
#1275=LINE('',#11643,#1647);
#1276=LINE('',#11646,#1648);
#1277=LINE('',#11648,#1649);
#1278=LINE('',#11650,#1650);
#1279=LINE('',#11655,#1651);
#1280=LINE('',#11678,#1652);
#1281=LINE('',#11679,#1653);
#1282=LINE('',#11680,#1654);
#1283=LINE('',#11709,#1655);
#1284=LINE('',#11710,#1656);
#1285=LINE('',#11730,#1657);
#1286=LINE('',#11731,#1658);
#1287=LINE('',#11736,#1659);
#1288=LINE('',#11738,#1660);
#1289=LINE('',#11740,#1661);
#1290=LINE('',#11742,#1662);
#1291=LINE('',#11746,#1663);
#1292=LINE('',#11748,#1664);
#1293=LINE('',#11749,#1665);
#1294=LINE('',#11751,#1666);
#1295=LINE('',#11752,#1667);
#1296=LINE('',#11754,#1668);
#1297=LINE('',#11756,#1669);
#1298=VECTOR('',#4691,10.);
#1299=VECTOR('',#4694,10.);
#1300=VECTOR('',#4697,10.);
#1301=VECTOR('',#4698,10.);
#1302=VECTOR('',#4703,10.);
#1303=VECTOR('',#4704,10.);
#1304=VECTOR('',#4711,10.);
#1305=VECTOR('',#4712,10.);
#1306=VECTOR('',#4715,2.04233275709021);
#1307=VECTOR('',#4716,2.04233275709022);
#1308=VECTOR('',#4719,4.55611398169093);
#1309=VECTOR('',#4720,10.);
#1310=VECTOR('',#4721,16.0371867698901);
#1311=VECTOR('',#4722,14.53108422281);
#1312=VECTOR('',#4725,2.04233275709021);
#1313=VECTOR('',#4732,2.);
#1314=VECTOR('',#4737,10.);
#1315=VECTOR('',#4738,10.);
#1316=VECTOR('',#4739,10.);
#1317=VECTOR('',#4740,10.);
#1318=VECTOR('',#4743,10.);
#1319=VECTOR('',#4744,10.);
#1320=VECTOR('',#4745,10.);
#1321=VECTOR('',#4746,10.);
#1322=VECTOR('',#4753,10.);
#1323=VECTOR('',#4756,10.);
#1324=VECTOR('',#4757,10.);
#1325=VECTOR('',#4758,10.);
#1326=VECTOR('',#4759,10.);
#1327=VECTOR('',#4762,10.);
#1328=VECTOR('',#4763,10.);
#1329=VECTOR('',#4764,10.);
#1330=VECTOR('',#4771,10.);
#1331=VECTOR('',#4774,10.);
#1332=VECTOR('',#4775,10.);
#1333=VECTOR('',#4776,10.);
#1334=VECTOR('',#4777,10.);
#1335=VECTOR('',#4782,10.);
#1336=VECTOR('',#4787,10.);
#1337=VECTOR('',#4788,10.);
#1338=VECTOR('',#4789,10.);
#1339=VECTOR('',#4790,10.);
#1340=VECTOR('',#4791,10.);
#1341=VECTOR('',#4794,10.);
#1342=VECTOR('',#4795,10.);
#1343=VECTOR('',#4796,10.);
#1344=VECTOR('',#4797,10.);
#1345=VECTOR('',#4798,10.);
#1346=VECTOR('',#4799,10.);
#1347=VECTOR('',#4802,10.);
#1348=VECTOR('',#4805,10.);
#1349=VECTOR('',#4806,10.);
#1350=VECTOR('',#4809,10.);
#1351=VECTOR('',#4810,10.);
#1352=VECTOR('',#4811,10.);
#1353=VECTOR('',#4818,9.29999999999998);
#1354=VECTOR('',#4819,9.29999999999999);
#1355=VECTOR('',#4822,8.89999999999998);
#1356=VECTOR('',#4829,9.69999999999999);
#1357=VECTOR('',#4832,10.);
#1358=VECTOR('',#4833,10.);
#1359=VECTOR('',#4834,4.19797319815197);
#1360=VECTOR('',#4835,1.36069270279262);
#1361=VECTOR('',#4836,1.36069270279261);
#1362=VECTOR('',#4837,14.1729434392711);
#1363=VECTOR('',#4838,8.09019264455695);
#1364=VECTOR('',#4839,10.);
#1365=VECTOR('',#4848,10.);
#1366=VECTOR('',#4859,10.);
#1367=VECTOR('',#4880,21.1740403446804);
#1368=VECTOR('',#4881,20.9480480817389);
#1369=VECTOR('',#4884,21.4113981587226);
#1370=VECTOR('',#4889,18.3136478387481);
#1371=VECTOR('',#4892,18.1993765339302);
#1372=VECTOR('',#4897,18.4315711618346);
#1373=VECTOR('',#4906,16.6828493856086);
#1374=VECTOR('',#4907,16.6059145524218);
#1375=VECTOR('',#4910,16.760819913143);
#1376=VECTOR('',#4915,15.3863376381308);
#1377=VECTOR('',#4916,15.3098655343259);
#1378=VECTOR('',#4919,15.4619145920064);
#1379=VECTOR('',#4924,13.7887655941971);
#1380=VECTOR('',#4927,13.6717426373748);
#1381=VECTOR('',#4932,13.9018087117029);
#1382=VECTOR('',#4943,0.749999999999999);
#1383=VECTOR('',#4950,0.750000000000011);
#1384=VECTOR('',#4957,0.749999999999992);
#1385=VECTOR('',#4964,0.750000000000006);
#1386=VECTOR('',#4971,0.749999999999994);
#1387=VECTOR('',#4978,0.750000000000009);
#1388=VECTOR('',#4987,0.750000000000005);
#1389=VECTOR('',#4996,0.749999999999999);
#1390=VECTOR('',#4999,1.7);
#1391=VECTOR('',#5000,1.7);
#1392=VECTOR('',#5001,1.7);
#1393=VECTOR('',#5002,2.);
#1394=VECTOR('',#5003,1.89859984769483);
#1395=VECTOR('',#5004,15.6628798444816);
#1396=VECTOR('',#5005,2.);
#1397=VECTOR('',#5006,1.7);
#1398=VECTOR('',#5007,1.7);
#1399=VECTOR('',#5008,1.7);
#1400=VECTOR('',#5009,15.6628798444683);
#1401=VECTOR('',#5012,21.6454301851574);
#1402=VECTOR('',#5013,21.6403682787067);
#1403=VECTOR('',#5016,15.260853398886);
#1404=VECTOR('',#5019,15.260853398886);
#1405=VECTOR('',#5022,12.3612090501953);
#1406=VECTOR('',#5025,12.3612090501953);
#1407=VECTOR('',#5028,9.75768233703932);
#1408=VECTOR('',#5031,9.75768233703936);
#1409=VECTOR('',#5036,18.8244361251757);
#1410=VECTOR('',#5041,29.9693602197259);
#1411=VECTOR('',#5044,10.);
#1412=VECTOR('',#5045,10.);
#1413=VECTOR('',#5046,10.);
#1414=VECTOR('',#5047,10.);
#1415=VECTOR('',#5052,5.8);
#1416=VECTOR('',#5053,2.04233275709022);
#1417=VECTOR('',#5054,5.78516237447845);
#1418=VECTOR('',#5059,5.78516237447845);
#1419=VECTOR('',#5064,2.04233275709022);
#1420=VECTOR('',#5067,9.99999999999999);
#1421=VECTOR('',#5068,10.);
#1422=VECTOR('',#5069,1.31307773821433);
#1423=VECTOR('',#5070,33.);
#1424=VECTOR('',#5071,10.);
#1425=VECTOR('',#5072,1.89999999999999);
#1426=VECTOR('',#5073,10.);
#1427=VECTOR('',#5074,10.);
#1428=VECTOR('',#5075,10.);
#1429=VECTOR('',#5076,10.);
#1430=VECTOR('',#5079,2.07791333465291);
#1431=VECTOR('',#5080,4.75212526338875);
#1432=VECTOR('',#5081,2.04233275709021);
#1433=VECTOR('',#5082,4.36924050834532);
#1434=VECTOR('',#5087,1.0211663785451);
#1435=VECTOR('',#5088,1.0211663785451);
#1436=VECTOR('',#5091,10.);
#1437=VECTOR('',#5092,10.);
#1438=VECTOR('',#5093,18.5878127762556);
#1439=VECTOR('',#5094,5.35);
#1440=VECTOR('',#5095,8.74682617539928);
#1441=VECTOR('',#5096,1.36628662683813);
#1442=VECTOR('',#5097,1.02116637854511);
#1443=VECTOR('',#5100,1.02116637854511);
#1444=VECTOR('',#5103,0.262908707875611);
#1445=VECTOR('',#5104,32.);
#1446=VECTOR('',#5107,24.75);
#1447=VECTOR('',#5108,10.);
#1448=VECTOR('',#5109,11.9081307418814);
#1449=VECTOR('',#5110,18.4);
#1450=VECTOR('',#5111,5.14690065890744);
#1451=VECTOR('',#5112,10.);
#1452=VECTOR('',#5113,8.74682617539928);
#1453=VECTOR('',#5114,1.0211663785451);
#1454=VECTOR('',#5117,1.0211663785451);
#1455=VECTOR('',#5118,1.02116637854511);
#1456=VECTOR('',#5121,1.0211663785451);
#1457=VECTOR('',#5124,1.89999999999997);
#1458=VECTOR('',#5125,10.);
#1459=VECTOR('',#5128,10.);
#1460=VECTOR('',#5129,10.);
#1461=VECTOR('',#5130,5.14690065890747);
#1462=VECTOR('',#5131,18.4);
#1463=VECTOR('',#5134,10.);
#1464=VECTOR('',#5139,2.04233275709021);
#1465=VECTOR('',#5142,1.0211663785451);
#1466=VECTOR('',#5143,1.0211663785451);
#1467=VECTOR('',#5148,11.2426406871193);
#1468=VECTOR('',#5151,5.4);
#1469=VECTOR('',#5152,26.0567306175525);
#1470=VECTOR('',#5153,10.);
#1471=VECTOR('',#5154,10.);
#1472=VECTOR('',#5155,1.02116637854511);
#1473=VECTOR('',#5158,1.02116637854511);
#1474=VECTOR('',#5173,10.);
#1475=VECTOR('',#5186,10.);
#1476=VECTOR('',#5189,14.);
#1477=VECTOR('',#5190,1.2);
#1478=VECTOR('',#5191,32.);
#1479=VECTOR('',#5192,1.2);
#1480=VECTOR('',#5197,10.);
#1481=VECTOR('',#5200,10.);
#1482=VECTOR('',#5201,10.);
#1483=VECTOR('',#5204,2.2);
#1484=VECTOR('',#5205,2.2);
#1485=VECTOR('',#5208,2.2);
#1486=VECTOR('',#5215,5.);
#1487=VECTOR('',#5218,1.19999999999999);
#1488=VECTOR('',#5219,10.);
#1489=VECTOR('',#5220,1.19999568417166);
#1490=VECTOR('',#5223,18.5878141065946);
#1491=VECTOR('',#5228,1.02116637854511);
#1492=VECTOR('',#5229,2.2);
#1493=VECTOR('',#5230,2.2);
#1494=VECTOR('',#5235,2.2);
#1495=VECTOR('',#5238,1.02116637854511);
#1496=VECTOR('',#5241,2.2);
#1497=VECTOR('',#5242,2.2);
#1498=VECTOR('',#5245,2.2);
#1499=VECTOR('',#5250,1.9);
#1500=VECTOR('',#5253,1.9);
#1501=VECTOR('',#5260,3.06349913563533);
#1502=VECTOR('',#5261,3.06349913563532);
#1503=VECTOR('',#5264,3.06349913563532);
#1504=VECTOR('',#5265,3.06349913563533);
#1505=VECTOR('',#5268,3.0634991356354);
#1506=VECTOR('',#5269,3.0634991356354);
#1507=VECTOR('',#5272,3.06349913563533);
#1508=VECTOR('',#5273,3.06349913563532);
#1509=VECTOR('',#5274,2.75714922207179);
#1510=VECTOR('',#5275,2.75714922207179);
#1511=VECTOR('',#5280,1.02116637854511);
#1512=VECTOR('',#5281,2.2);
#1513=VECTOR('',#5282,2.2);
#1514=VECTOR('',#5287,2.2);
#1515=VECTOR('',#5290,1.02116637854511);
#1516=VECTOR('',#5293,26.0567306175525);
#1517=VECTOR('',#5294,1.19999999999994);
#1518=VECTOR('',#5297,10.);
#1519=VECTOR('',#5298,10.);
#1520=VECTOR('',#5303,10.);
#1521=VECTOR('',#5306,10.);
#1522=VECTOR('',#5309,10.);
#1523=VECTOR('',#5310,10.);
#1524=VECTOR('',#5311,10.);
#1525=VECTOR('',#5314,5.);
#1526=VECTOR('',#5315,9.59342353289951);
#1527=VECTOR('',#5316,5.);
#1528=VECTOR('',#5317,9.59342353289951);
#1529=VECTOR('',#5326,5.);
#1530=VECTOR('',#5331,9.59342353289951);
#1531=VECTOR('',#5332,5.);
#1532=VECTOR('',#5333,9.5934235328995);
#1533=VECTOR('',#5336,5.55306257414603);
#1534=VECTOR('',#5337,7.47238274932309);
#1535=VECTOR('',#5340,9.00568374606884);
#1536=VECTOR('',#5341,7.47238274932309);
#1537=VECTOR('',#5342,9.00568374606884);
#1538=VECTOR('',#5345,5.55306257414603);
#1539=VECTOR('',#5350,2.04233275709022);
#1540=VECTOR('',#5351,2.04233275709022);
#1541=VECTOR('',#5354,6.);
#1542=VECTOR('',#5357,6.);
#1543=VECTOR('',#5360,3.06349913563533);
#1544=VECTOR('',#5361,6.);
#1545=VECTOR('',#5364,3.06349913563532);
#1546=VECTOR('',#5367,6.);
#1547=VECTOR('',#5370,6.);
#1548=VECTOR('',#5373,3.06349913563532);
#1549=VECTOR('',#5374,6.);
#1550=VECTOR('',#5377,3.06349913563532);
#1551=VECTOR('',#5380,6.);
#1552=VECTOR('',#5383,6.);
#1553=VECTOR('',#5386,3.06349913563532);
#1554=VECTOR('',#5387,6.);
#1555=VECTOR('',#5390,3.0634991356354);
#1556=VECTOR('',#5393,6.);
#1557=VECTOR('',#5396,6.);
#1558=VECTOR('',#5399,3.06349913563532);
#1559=VECTOR('',#5400,6.);
#1560=VECTOR('',#5403,3.06349913563532);
#1561=VECTOR('',#5406,9.);
#1562=VECTOR('',#5407,9.);
#1563=VECTOR('',#5408,2.75714922207179);
#1564=VECTOR('',#5411,9.);
#1565=VECTOR('',#5412,2.75714922207179);
#1566=VECTOR('',#5421,2.04233275709021);
#1567=VECTOR('',#5422,2.04233275709021);
#1568=VECTOR('',#5427,4.75212526338874);
#1569=VECTOR('',#5428,3.9863557533019);
#1570=VECTOR('',#5433,4.36924050834532);
#1571=VECTOR('',#5434,2.07791333465292);
#1572=VECTOR('',#5437,2.07791333465291);
#1573=VECTOR('',#5440,5.8);
#1574=VECTOR('',#5441,5.79999999999999);
#1575=VECTOR('',#5444,5.8);
#1576=VECTOR('',#5451,2.17197713792126);
#1577=VECTOR('',#5452,2.17197713792126);
#1578=VECTOR('',#5455,0.289811900711723);
#1579=VECTOR('',#5458,0.289811900711691);
#1580=VECTOR('',#5459,1.63386620567217);
#1581=VECTOR('',#5460,1.63386620567217);
#1582=VECTOR('',#5463,1.63386620567217);
#1583=VECTOR('',#5464,1.63386620567217);
#1584=VECTOR('',#5467,1.63386620567218);
#1585=VECTOR('',#5468,1.63386620567218);
#1586=VECTOR('',#5471,1.63386620567218);
#1587=VECTOR('',#5472,1.63386620567218);
#1588=VECTOR('',#5479,2.08397085339971);
#1589=VECTOR('',#5484,1.66147074804614);
#1590=VECTOR('',#5487,1.66147074804614);
#1591=VECTOR('',#5490,2.08397085339971);
#1592=VECTOR('',#5497,1.63386620567218);
#1593=VECTOR('',#5498,1.63386620567218);
#1594=VECTOR('',#5503,1.63386620567217);
#1595=VECTOR('',#5504,1.63386620567217);
#1596=VECTOR('',#5509,1.63386620567218);
#1597=VECTOR('',#5510,1.63386620567218);
#1598=VECTOR('',#5515,1.63386620567217);
#1599=VECTOR('',#5516,1.63386620567217);
#1600=VECTOR('',#5521,1.);
#1601=VECTOR('',#5524,1.);
#1602=VECTOR('',#5533,3.);
#1603=VECTOR('',#5534,3.);
#1604=VECTOR('',#5537,3.);
#1605=VECTOR('',#5542,3.);
#1606=VECTOR('',#5543,3.);
#1607=VECTOR('',#5546,3.);
#1608=VECTOR('',#5551,3.);
#1609=VECTOR('',#5552,3.);
#1610=VECTOR('',#5555,3.);
#1611=VECTOR('',#5560,3.);
#1612=VECTOR('',#5561,3.);
#1613=VECTOR('',#5564,3.);
#1614=VECTOR('',#5571,10.);
#1615=VECTOR('',#5574,10.);
#1616=VECTOR('',#5575,10.);
#1617=VECTOR('',#5576,21.8017920161416);
#1618=VECTOR('',#5577,10.);
#1619=VECTOR('',#5580,10.);
#1620=VECTOR('',#5591,10.);
#1621=VECTOR('',#5592,10.);
#1622=VECTOR('',#5595,10.);
#1623=VECTOR('',#5596,10.);
#1624=VECTOR('',#5603,10.);
#1625=VECTOR('',#5610,21.8017920161415);
#1626=VECTOR('',#5613,10.);
#1627=VECTOR('',#5614,10.);
#1628=VECTOR('',#5615,10.);
#1629=VECTOR('',#5616,9.99999999999999);
#1630=VECTOR('',#5617,10.);
#1631=VECTOR('',#5618,10.);
#1632=VECTOR('',#5621,10.);
#1633=VECTOR('',#5622,10.);
#1634=VECTOR('',#5635,10.);
#1635=VECTOR('',#5638,10.);
#1636=VECTOR('',#5641,10.);
#1637=VECTOR('',#5646,10.);
#1638=VECTOR('',#5653,10.);
#1639=VECTOR('',#5656,10.);
#1640=VECTOR('',#5665,10.);
#1641=VECTOR('',#5666,10.);
#1642=VECTOR('',#5667,10.);
#1643=VECTOR('',#5670,10.);
#1644=VECTOR('',#5671,10.);
#1645=VECTOR('',#5672,10.);
#1646=VECTOR('',#5675,10.);
#1647=VECTOR('',#5686,10.);
#1648=VECTOR('',#5689,2.07791333465291);
#1649=VECTOR('',#5690,10.);
#1650=VECTOR('',#5691,9.99999999999999);
#1651=VECTOR('',#5698,3.9863557533019);
#1652=VECTOR('',#5717,10.);
#1653=VECTOR('',#5718,10.);
#1654=VECTOR('',#5719,10.);
#1655=VECTOR('',#5720,10.);
#1656=VECTOR('',#5721,10.);
#1657=VECTOR('',#5728,8.89999999999999);
#1658=VECTOR('',#5729,10.);
#1659=VECTOR('',#5736,10.);
#1660=VECTOR('',#5737,10.);
#1661=VECTOR('',#5738,10.);
#1662=VECTOR('',#5739,10.);
#1663=VECTOR('',#5744,8.89999999999999);
#1664=VECTOR('',#5745,10.);
#1665=VECTOR('',#5746,9.29999999999998);
#1666=VECTOR('',#5749,10.);
#1667=VECTOR('',#5750,10.);
#1668=VECTOR('',#5753,10.);
#1669=VECTOR('',#5756,9.29999999999999);
#1670=ELLIPSE('',#4332,2.09945046572097,1.5);
#1671=ELLIPSE('',#4333,2.12132034355964,1.5);
#1672=ELLIPSE('',#4334,2.12132034355964,1.5);
#1673=ELLIPSE('',#4336,2.12132034355964,1.5);
#1674=ELLIPSE('',#4338,2.12132034355964,1.5);
#1675=ELLIPSE('',#4340,2.14388822901512,1.5);
#1676=ELLIPSE('',#4351,0.800007313821795,0.8);
#1677=ELLIPSE('',#4356,0.800007313821792,0.799999999999997);
#1678=ELLIPSE('',#4360,3.00002742683173,3.);
#1679=ELLIPSE('',#4362,0.800007313821792,0.799999999999997);
#1680=ELLIPSE('',#4363,3.19253331742773,3.);
#1681=ELLIPSE('',#4366,0.800007313821795,0.8);
#1682=ELLIPSE('',#4367,0.800007313821792,0.799999999999997);
#1683=ELLIPSE('',#4372,3.00002742683173,3.);
#1684=ELLIPSE('',#4373,3.00002742683173,3.);
#1685=ELLIPSE('',#4375,1.00331998202758,0.999978720342033);
#1686=ELLIPSE('',#4376,1.0033224875995,0.999979046011657);
#1687=ELLIPSE('',#4377,1.00412294621568,1.00003699043249);
#1688=ELLIPSE('',#4378,1.00411838844254,1.00003596539398);
#1689=ELLIPSE('',#4379,1.0187254491439,1.00064330586545);
#1690=ELLIPSE('',#4380,1.01871902666012,1.00064870044895);
#1691=ELLIPSE('',#4381,1.01871900458819,1.00064868332557);
#1692=ELLIPSE('',#4382,1.00411842659708,1.00003600398562);
#1693=ELLIPSE('',#4383,1.01872544002238,1.00064330143862);
#1694=ELLIPSE('',#4384,1.00332246646292,0.999979024296541);
#1695=ELLIPSE('',#4385,1.00412290739956,1.00003695113554);
#1696=ELLIPSE('',#4386,1.00332000340915,0.999978742309403);
#1697=ELLIPSE('',#4389,8.00474027093574,2.76496191155551);
#1698=ELLIPSE('',#4390,35.1050647303686,31.3895615673572);
#1699=ELLIPSE('',#4420,0.798133329356944,0.750000000000011);
#1700=ELLIPSE('',#4423,0.798133329356923,0.749999999999991);
#1701=ELLIPSE('',#4427,0.798133329356938,0.750000000000006);
#1702=ELLIPSE('',#4429,0.798133329356926,0.749999999999994);
#1703=ELLIPSE('',#4432,0.798133329356941,0.750000000000009);
#1704=ELLIPSE('',#4451,8.0047403489244,2.76496192506906);
#1705=ELLIPSE('',#4453,35.1050646536812,31.3895614603917);
#1706=ELLIPSE('',#4455,11.1970691505118,8.);
#1707=ELLIPSE('',#4459,11.1970691505118,8.);
#1708=ELLIPSE('',#4533,15.6648874719873,12.);
#1709=ELLIPSE('',#4535,15.6648874719873,12.);
#1710=ELLIPSE('',#4566,2.07055236082017,2.);
#1711=ELLIPSE('',#4568,4.28777645803024,3.);
#1712=ELLIPSE('',#4582,13.0540728933228,10.);
#1713=ELLIPSE('',#4588,13.0540728933228,10.);
#1714=ELLIPSE('',#4615,4.24264068711928,3.);
#1715=ELLIPSE('',#4617,5.28958123036607,3.);
#1716=ELLIPSE('',#4619,6.94918394153579,5.94075136541605);
#1717=ELLIPSE('',#4620,30.9096264412501,8.);
#1718=ELLIPSE('',#4624,5.28958123036606,3.);
#1719=ELLIPSE('',#4629,30.9096264412501,8.);
#1720=ELLIPSE('',#4638,3.14173788399708,3.);
#1721=ELLIPSE('',#4644,3.14173788399708,3.);
#1722=ELLIPSE('',#4647,5.28958123036615,3.);
#1723=ELLIPSE('',#4649,5.47617745214234,3.);
#1724=ELLIPSE('',#4651,3.29217859637149,3.);
#1725=ELLIPSE('',#4653,3.14173788399708,3.);
#1726=ELLIPSE('',#4656,5.47617745214225,3.);
#1727=ELLIPSE('',#4657,2.07055236082016,2.);
#1728=ELLIPSE('',#4658,12.335001530367,3.);
#1729=ELLIPSE('',#4660,4.28777645803026,3.);
#1730=ELLIPSE('',#4663,3.02296140555166,3.);
#1731=ELLIPSE('',#4665,3.67653115256561,3.);
#1732=ELLIPSE('',#4667,3.14173788399708,3.);
#1733=ELLIPSE('',#4670,16.6026540182387,7.01622475054102);
#1734=ELLIPSE('',#4676,0.800007313821792,0.799999999999997);
#1735=VERTEX_POINT('',#5763);
#1736=VERTEX_POINT('',#5764);
#1737=VERTEX_POINT('',#5766);
#1738=VERTEX_POINT('',#5768);
#1739=VERTEX_POINT('',#5770);
#1740=VERTEX_POINT('',#5774);
#1741=VERTEX_POINT('',#5776);
#1742=VERTEX_POINT('',#5780);
#1743=VERTEX_POINT('',#5782);
#1744=VERTEX_POINT('',#5786);
#1745=VERTEX_POINT('',#5791);
#1746=VERTEX_POINT('',#5793);
#1747=VERTEX_POINT('',#5795);
#1748=VERTEX_POINT('',#5797);
#1749=VERTEX_POINT('',#5799);
#1750=VERTEX_POINT('',#5801);
#1751=VERTEX_POINT('',#5808);
#1752=VERTEX_POINT('',#5825);
#1753=VERTEX_POINT('',#5830);
#1754=VERTEX_POINT('',#5832);
#1755=VERTEX_POINT('',#5834);
#1756=VERTEX_POINT('',#5838);
#1757=VERTEX_POINT('',#5841);
#1758=VERTEX_POINT('',#5845);
#1759=VERTEX_POINT('',#5846);
#1760=VERTEX_POINT('',#5848);
#1761=VERTEX_POINT('',#5850);
#1762=VERTEX_POINT('',#5854);
#1763=VERTEX_POINT('',#5855);
#1764=VERTEX_POINT('',#5858);
#1765=VERTEX_POINT('',#5862);
#1766=VERTEX_POINT('',#5864);
#1767=VERTEX_POINT('',#5868);
#1768=VERTEX_POINT('',#5869);
#1769=VERTEX_POINT('',#5871);
#1770=VERTEX_POINT('',#5873);
#1771=VERTEX_POINT('',#5877);
#1772=VERTEX_POINT('',#5879);
#1773=VERTEX_POINT('',#5883);
#1774=VERTEX_POINT('',#5885);
#1775=VERTEX_POINT('',#5889);
#1776=VERTEX_POINT('',#5891);
#1777=VERTEX_POINT('',#5893);
#1778=VERTEX_POINT('',#5897);
#1779=VERTEX_POINT('',#5901);
#1780=VERTEX_POINT('',#5903);
#1781=VERTEX_POINT('',#5905);
#1782=VERTEX_POINT('',#5907);
#1783=VERTEX_POINT('',#5909);
#1784=VERTEX_POINT('',#5911);
#1785=VERTEX_POINT('',#5913);
#1786=VERTEX_POINT('',#5915);
#1787=VERTEX_POINT('',#5917);
#1788=VERTEX_POINT('',#5919);
#1789=VERTEX_POINT('',#5921);
#1790=VERTEX_POINT('',#5923);
#1791=VERTEX_POINT('',#5925);
#1792=VERTEX_POINT('',#5927);
#1793=VERTEX_POINT('',#5929);
#1794=VERTEX_POINT('',#5931);
#1795=VERTEX_POINT('',#5933);
#1796=VERTEX_POINT('',#5935);
#1797=VERTEX_POINT('',#5937);
#1798=VERTEX_POINT('',#5939);
#1799=VERTEX_POINT('',#5941);
#1800=VERTEX_POINT('',#5943);
#1801=VERTEX_POINT('',#5946);
#1802=VERTEX_POINT('',#5954);
#1803=VERTEX_POINT('',#5959);
#1804=VERTEX_POINT('',#5961);
#1805=VERTEX_POINT('',#5963);
#1806=VERTEX_POINT('',#5965);
#1807=VERTEX_POINT('',#5967);
#1808=VERTEX_POINT('',#5969);
#1809=VERTEX_POINT('',#5971);
#1810=VERTEX_POINT('',#6022);
#1811=VERTEX_POINT('',#6023);
#1812=VERTEX_POINT('',#6036);
#1813=VERTEX_POINT('',#6116);
#1814=VERTEX_POINT('',#6172);
#1815=VERTEX_POINT('',#6173);
#1816=VERTEX_POINT('',#6175);
#1817=VERTEX_POINT('',#6207);
#1818=VERTEX_POINT('',#6240);
#1819=VERTEX_POINT('',#6241);
#1820=VERTEX_POINT('',#6243);
#1821=VERTEX_POINT('',#6275);
#1822=VERTEX_POINT('',#6277);
#1823=VERTEX_POINT('',#6367);
#1824=VERTEX_POINT('',#6368);
#1825=VERTEX_POINT('',#6383);
#1826=VERTEX_POINT('',#6502);
#1827=VERTEX_POINT('',#6645);
#1828=VERTEX_POINT('',#6646);
#1829=VERTEX_POINT('',#6850);
#1830=VERTEX_POINT('',#6851);
#1831=VERTEX_POINT('',#6853);
#1832=VERTEX_POINT('',#6868);
#1833=VERTEX_POINT('',#6870);
#1834=VERTEX_POINT('',#6921);
#1835=VERTEX_POINT('',#6922);
#1836=VERTEX_POINT('',#6924);
#1837=VERTEX_POINT('',#6939);
#1838=VERTEX_POINT('',#7020);
#1839=VERTEX_POINT('',#7021);
#1840=VERTEX_POINT('',#7034);
#1841=VERTEX_POINT('',#7071);
#1842=VERTEX_POINT('',#7261);
#1843=VERTEX_POINT('',#7262);
#1844=VERTEX_POINT('',#7275);
#1845=VERTEX_POINT('',#7283);
#1846=VERTEX_POINT('',#7334);
#1847=VERTEX_POINT('',#7335);
#1848=VERTEX_POINT('',#7337);
#1849=VERTEX_POINT('',#7342);
#1850=VERTEX_POINT('',#7419);
#1851=VERTEX_POINT('',#7420);
#1852=VERTEX_POINT('',#7437);
#1853=VERTEX_POINT('',#7668);
#1854=VERTEX_POINT('',#7669);
#1855=VERTEX_POINT('',#8311);
#1856=VERTEX_POINT('',#8312);
#1857=VERTEX_POINT('',#9012);
#1858=VERTEX_POINT('',#9013);
#1859=VERTEX_POINT('',#9074);
#1860=VERTEX_POINT('',#9075);
#1861=VERTEX_POINT('',#9077);
#1862=VERTEX_POINT('',#9084);
#1863=VERTEX_POINT('',#9093);
#1864=VERTEX_POINT('',#9094);
#1865=VERTEX_POINT('',#9286);
#1866=VERTEX_POINT('',#9287);
#1867=VERTEX_POINT('',#9289);
#1868=VERTEX_POINT('',#9291);
#1869=VERTEX_POINT('',#9295);
#1870=VERTEX_POINT('',#9296);
#1871=VERTEX_POINT('',#9448);
#1872=VERTEX_POINT('',#9449);
#1873=VERTEX_POINT('',#9451);
#1874=VERTEX_POINT('',#9456);
#1875=VERTEX_POINT('',#9463);
#1876=VERTEX_POINT('',#9464);
#1877=VERTEX_POINT('',#9586);
#1878=VERTEX_POINT('',#9587);
#1879=VERTEX_POINT('',#9589);
#1880=VERTEX_POINT('',#9594);
#1881=VERTEX_POINT('',#9601);
#1882=VERTEX_POINT('',#9602);
#1883=VERTEX_POINT('',#9724);
#1884=VERTEX_POINT('',#9725);
#1885=VERTEX_POINT('',#9727);
#1886=VERTEX_POINT('',#9729);
#1887=VERTEX_POINT('',#9733);
#1888=VERTEX_POINT('',#9734);
#1889=VERTEX_POINT('',#9904);
#1890=VERTEX_POINT('',#9906);
#1891=VERTEX_POINT('',#9910);
#1892=VERTEX_POINT('',#9912);
#1893=VERTEX_POINT('',#9916);
#1894=VERTEX_POINT('',#9918);
#1895=VERTEX_POINT('',#9922);
#1896=VERTEX_POINT('',#9924);
#1897=VERTEX_POINT('',#9928);
#1898=VERTEX_POINT('',#9930);
#1899=VERTEX_POINT('',#9934);
#1900=VERTEX_POINT('',#9936);
#1901=VERTEX_POINT('',#9940);
#1902=VERTEX_POINT('',#9943);
#1903=VERTEX_POINT('',#9947);
#1904=VERTEX_POINT('',#9950);
#1905=VERTEX_POINT('',#9961);
#1906=VERTEX_POINT('',#9983);
#1907=VERTEX_POINT('',#10011);
#1908=VERTEX_POINT('',#10015);
#1909=VERTEX_POINT('',#10064);
#1910=VERTEX_POINT('',#10065);
#1911=VERTEX_POINT('',#10099);
#1912=VERTEX_POINT('',#10116);
#1913=VERTEX_POINT('',#10117);
#1914=VERTEX_POINT('',#10252);
#1915=VERTEX_POINT('',#10254);
#1916=VERTEX_POINT('',#10256);
#1917=VERTEX_POINT('',#10260);
#1918=VERTEX_POINT('',#10288);
#1919=VERTEX_POINT('',#10295);
#1920=VERTEX_POINT('',#10296);
#1921=VERTEX_POINT('',#10298);
#1922=VERTEX_POINT('',#10300);
#1923=VERTEX_POINT('',#10302);
#1924=VERTEX_POINT('',#10304);
#1925=VERTEX_POINT('',#10306);
#1926=VERTEX_POINT('',#10308);
#1927=VERTEX_POINT('',#10310);
#1928=VERTEX_POINT('',#10315);
#1929=VERTEX_POINT('',#10316);
#1930=VERTEX_POINT('',#10318);
#1931=VERTEX_POINT('',#10320);
#1932=VERTEX_POINT('',#10324);
#1933=VERTEX_POINT('',#10325);
#1934=VERTEX_POINT('',#10327);
#1935=VERTEX_POINT('',#10331);
#1936=VERTEX_POINT('',#10333);
#1937=VERTEX_POINT('',#10338);
#1938=VERTEX_POINT('',#10340);
#1939=VERTEX_POINT('',#10342);
#1940=VERTEX_POINT('',#10344);
#1941=VERTEX_POINT('',#10347);
#1942=VERTEX_POINT('',#10348);
#1943=VERTEX_POINT('',#10350);
#1944=VERTEX_POINT('',#10354);
#1945=VERTEX_POINT('',#10358);
#1946=VERTEX_POINT('',#10360);
#1947=VERTEX_POINT('',#10362);
#1948=VERTEX_POINT('',#10364);
#1949=VERTEX_POINT('',#10366);
#1950=VERTEX_POINT('',#10370);
#1951=VERTEX_POINT('',#10371);
#1952=VERTEX_POINT('',#10373);
#1953=VERTEX_POINT('',#10376);
#1954=VERTEX_POINT('',#10377);
#1955=VERTEX_POINT('',#10379);
#1956=VERTEX_POINT('',#10383);
#1957=VERTEX_POINT('',#10387);
#1958=VERTEX_POINT('',#10388);
#1959=VERTEX_POINT('',#10391);
#1960=VERTEX_POINT('',#10397);
#1961=VERTEX_POINT('',#10400);
#1962=VERTEX_POINT('',#10401);
#1963=VERTEX_POINT('',#10403);
#1964=VERTEX_POINT('',#10407);
#1965=VERTEX_POINT('',#10411);
#1966=VERTEX_POINT('',#10413);
#1967=VERTEX_POINT('',#10415);
#1968=VERTEX_POINT('',#10418);
#1969=VERTEX_POINT('',#10419);
#1970=VERTEX_POINT('',#10421);
#1971=VERTEX_POINT('',#10425);
#1972=VERTEX_POINT('',#10426);
#1973=VERTEX_POINT('',#10429);
#1974=VERTEX_POINT('',#10433);
#1975=VERTEX_POINT('',#10437);
#1976=VERTEX_POINT('',#10438);
#1977=VERTEX_POINT('',#10441);
#1978=VERTEX_POINT('',#10447);
#1979=VERTEX_POINT('',#10448);
#1980=VERTEX_POINT('',#10453);
#1981=VERTEX_POINT('',#10456);
#1982=VERTEX_POINT('',#10457);
#1983=VERTEX_POINT('',#10459);
#1984=VERTEX_POINT('',#10466);
#1985=VERTEX_POINT('',#10468);
#1986=VERTEX_POINT('',#10478);
#1987=VERTEX_POINT('',#10482);
#1988=VERTEX_POINT('',#10484);
#1989=VERTEX_POINT('',#10491);
#1990=VERTEX_POINT('',#10492);
#1991=VERTEX_POINT('',#10497);
#1992=VERTEX_POINT('',#10514);
#1993=VERTEX_POINT('',#10515);
#1994=VERTEX_POINT('',#10517);
#1995=VERTEX_POINT('',#10520);
#1996=VERTEX_POINT('',#10521);
#1997=VERTEX_POINT('',#10523);
#1998=VERTEX_POINT('',#10526);
#1999=VERTEX_POINT('',#10527);
#2000=VERTEX_POINT('',#10529);
#2001=VERTEX_POINT('',#10532);
#2002=VERTEX_POINT('',#10533);
#2003=VERTEX_POINT('',#10535);
#2004=VERTEX_POINT('',#10538);
#2005=VERTEX_POINT('',#10539);
#2006=VERTEX_POINT('',#10541);
#2007=VERTEX_POINT('',#10545);
#2008=VERTEX_POINT('',#10546);
#2009=VERTEX_POINT('',#10551);
#2010=VERTEX_POINT('',#10557);
#2011=VERTEX_POINT('',#10561);
#2012=VERTEX_POINT('',#10577);
#2013=VERTEX_POINT('',#10579);
#2014=VERTEX_POINT('',#10583);
#2015=VERTEX_POINT('',#10584);
#2016=VERTEX_POINT('',#10586);
#2017=VERTEX_POINT('',#10588);
#2018=VERTEX_POINT('',#10592);
#2019=VERTEX_POINT('',#10594);
#2020=VERTEX_POINT('',#10596);
#2021=VERTEX_POINT('',#10598);
#2022=VERTEX_POINT('',#10602);
#2023=VERTEX_POINT('',#10604);
#2024=VERTEX_POINT('',#10608);
#2025=VERTEX_POINT('',#10613);
#2026=VERTEX_POINT('',#10619);
#2027=VERTEX_POINT('',#10620);
#2028=VERTEX_POINT('',#10622);
#2029=VERTEX_POINT('',#10626);
#2030=VERTEX_POINT('',#10628);
#2031=VERTEX_POINT('',#10632);
#2032=VERTEX_POINT('',#10638);
#2033=VERTEX_POINT('',#10640);
#2034=VERTEX_POINT('',#10644);
#2035=VERTEX_POINT('',#10650);
#2036=VERTEX_POINT('',#10652);
#2037=VERTEX_POINT('',#10656);
#2038=VERTEX_POINT('',#10662);
#2039=VERTEX_POINT('',#10664);
#2040=VERTEX_POINT('',#10668);
#2041=VERTEX_POINT('',#10674);
#2042=VERTEX_POINT('',#10676);
#2043=VERTEX_POINT('',#10680);
#2044=VERTEX_POINT('',#10686);
#2045=VERTEX_POINT('',#10687);
#2046=VERTEX_POINT('',#10689);
#2047=VERTEX_POINT('',#10693);
#2048=VERTEX_POINT('',#10694);
#2049=VERTEX_POINT('',#10708);
#2050=VERTEX_POINT('',#10713);
#2051=VERTEX_POINT('',#10715);
#2052=VERTEX_POINT('',#10734);
#2053=VERTEX_POINT('',#10735);
#2054=VERTEX_POINT('',#10738);
#2055=VERTEX_POINT('',#10740);
#2056=VERTEX_POINT('',#10742);
#2057=VERTEX_POINT('',#10744);
#2058=VERTEX_POINT('',#10747);
#2059=VERTEX_POINT('',#10748);
#2060=VERTEX_POINT('',#10750);
#2061=VERTEX_POINT('',#10753);
#2062=VERTEX_POINT('',#10754);
#2063=VERTEX_POINT('',#10756);
#2064=VERTEX_POINT('',#10759);
#2065=VERTEX_POINT('',#10760);
#2066=VERTEX_POINT('',#10762);
#2067=VERTEX_POINT('',#10765);
#2068=VERTEX_POINT('',#10766);
#2069=VERTEX_POINT('',#10768);
#2070=VERTEX_POINT('',#10772);
#2071=VERTEX_POINT('',#10776);
#2072=VERTEX_POINT('',#10778);
#2073=VERTEX_POINT('',#10780);
#2074=VERTEX_POINT('',#10782);
#2075=VERTEX_POINT('',#10784);
#2076=VERTEX_POINT('',#10790);
#2077=VERTEX_POINT('',#10791);
#2078=VERTEX_POINT('',#10793);
#2079=VERTEX_POINT('',#10797);
#2080=VERTEX_POINT('',#10798);
#2081=VERTEX_POINT('',#10800);
#2082=VERTEX_POINT('',#10804);
#2083=VERTEX_POINT('',#10805);
#2084=VERTEX_POINT('',#10807);
#2085=VERTEX_POINT('',#10811);
#2086=VERTEX_POINT('',#10812);
#2087=VERTEX_POINT('',#10814);
#2088=VERTEX_POINT('',#10855);
#2089=VERTEX_POINT('',#10866);
#2090=VERTEX_POINT('',#10883);
#2091=VERTEX_POINT('',#10884);
#2092=VERTEX_POINT('',#10886);
#2093=VERTEX_POINT('',#10888);
#2094=VERTEX_POINT('',#10890);
#2095=VERTEX_POINT('',#10892);
#2096=VERTEX_POINT('',#10914);
#2097=VERTEX_POINT('',#10923);
#2098=VERTEX_POINT('',#10925);
#2099=VERTEX_POINT('',#10940);
#2100=VERTEX_POINT('',#10949);
#2101=VERTEX_POINT('',#10954);
#2102=VERTEX_POINT('',#10972);
#2103=VERTEX_POINT('',#10974);
#2104=VERTEX_POINT('',#10978);
#2105=VERTEX_POINT('',#10979);
#2106=VERTEX_POINT('',#10981);
#2107=VERTEX_POINT('',#11005);
#2108=VERTEX_POINT('',#11006);
#2109=VERTEX_POINT('',#11065);
#2110=VERTEX_POINT('',#11074);
#2111=VERTEX_POINT('',#11101);
#2112=VERTEX_POINT('',#11178);
#2113=VERTEX_POINT('',#11244);
#2114=VERTEX_POINT('',#11281);
#2115=VERTEX_POINT('',#11285);
#2116=VERTEX_POINT('',#11336);
#2117=VERTEX_POINT('',#11348);
#2118=VERTEX_POINT('',#11400);
#2119=VERTEX_POINT('',#11404);
#2120=VERTEX_POINT('',#11405);
#2121=VERTEX_POINT('',#11426);
#2122=VERTEX_POINT('',#11428);
#2123=VERTEX_POINT('',#11439);
#2124=VERTEX_POINT('',#11466);
#2125=VERTEX_POINT('',#11467);
#2126=VERTEX_POINT('',#11480);
#2127=VERTEX_POINT('',#11482);
#2128=VERTEX_POINT('',#11484);
#2129=VERTEX_POINT('',#11492);
#2130=VERTEX_POINT('',#11640);
#2131=VERTEX_POINT('',#11642);
#2132=VERTEX_POINT('',#11645);
#2133=VERTEX_POINT('',#11647);
#2134=VERTEX_POINT('',#11649);
#2135=VERTEX_POINT('',#11653);
#2136=VERTEX_POINT('',#11677);
#2137=VERTEX_POINT('',#11701);
#2138=VERTEX_POINT('',#11708);
#2139=VERTEX_POINT('',#11735);
#2140=VERTEX_POINT('',#11737);
#2141=VERTEX_POINT('',#11739);
#2142=VERTEX_POINT('',#11741);
#2143=VERTEX_POINT('',#11745);
#2144=VERTEX_POINT('',#11747);
#2145=EDGE_CURVE('',#1735,#1736,#1670,.F.);
#2146=EDGE_CURVE('',#1735,#1737,#1671,.T.);
#2147=EDGE_CURVE('',#1738,#1737,#926,.T.);
#2148=EDGE_CURVE('',#1738,#1739,#1672,.T.);
#2149=EDGE_CURVE('',#1739,#1736,#927,.T.);
#2150=EDGE_CURVE('',#1740,#1739,#928,.T.);
#2151=EDGE_CURVE('',#1741,#1738,#929,.T.);
#2152=EDGE_CURVE('',#1741,#1740,#1673,.T.);
#2153=EDGE_CURVE('',#1742,#1740,#930,.T.);
#2154=EDGE_CURVE('',#1743,#1741,#931,.T.);
#2155=EDGE_CURVE('',#1743,#1742,#1674,.T.);
#2156=EDGE_CURVE('',#1744,#1735,#1675,.F.);
#2157=EDGE_CURVE('',#1744,#1742,#932,.T.);
#2158=EDGE_CURVE('',#1737,#1743,#933,.T.);
#2159=EDGE_CURVE('',#1745,#1744,#934,.T.);
#2160=EDGE_CURVE('',#1746,#1745,#935,.T.);
#2161=EDGE_CURVE('',#1747,#1746,#202,.T.);
#2162=EDGE_CURVE('',#1747,#1748,#936,.T.);
#2163=EDGE_CURVE('',#1749,#1748,#937,.T.);
#2164=EDGE_CURVE('',#1750,#1749,#106,.T.);
#2165=EDGE_CURVE('',#1751,#1750,#107,.T.);
#2166=EDGE_CURVE('',#1752,#1751,#108,.T.);
#2167=EDGE_CURVE('',#1752,#1753,#938,.T.);
#2168=EDGE_CURVE('',#1753,#1754,#939,.T.);
#2169=EDGE_CURVE('',#1755,#1754,#203,.T.);
#2170=EDGE_CURVE('',#1736,#1755,#940,.T.);
#2171=EDGE_CURVE('',#1756,#1756,#204,.T.);
#2172=EDGE_CURVE('',#1756,#1757,#941,.T.);
#2173=EDGE_CURVE('',#1757,#1757,#205,.T.);
#2174=EDGE_CURVE('',#1758,#1759,#942,.T.);
#2175=EDGE_CURVE('',#1760,#1758,#943,.T.);
#2176=EDGE_CURVE('',#1761,#1760,#944,.T.);
#2177=EDGE_CURVE('',#1759,#1761,#945,.T.);
#2178=EDGE_CURVE('',#1762,#1763,#946,.T.);
#2179=EDGE_CURVE('',#1763,#1759,#947,.T.);
#2180=EDGE_CURVE('',#1764,#1761,#948,.T.);
#2181=EDGE_CURVE('',#1762,#1764,#949,.T.);
#2182=EDGE_CURVE('',#1762,#1765,#1676,.T.);
#2183=EDGE_CURVE('',#1766,#1764,#206,.T.);
#2184=EDGE_CURVE('',#1765,#1766,#950,.T.);
#2185=EDGE_CURVE('',#1767,#1768,#951,.T.);
#2186=EDGE_CURVE('',#1768,#1769,#952,.T.);
#2187=EDGE_CURVE('',#1770,#1769,#953,.T.);
#2188=EDGE_CURVE('',#1767,#1770,#954,.T.);
#2189=EDGE_CURVE('',#1771,#1767,#955,.T.);
#2190=EDGE_CURVE('',#1772,#1770,#956,.T.);
#2191=EDGE_CURVE('',#1771,#1772,#957,.T.);
#2192=EDGE_CURVE('',#1773,#1771,#1677,.T.);
#2193=EDGE_CURVE('',#1774,#1772,#207,.T.);
#2194=EDGE_CURVE('',#1774,#1773,#958,.T.);
#2195=EDGE_CURVE('',#1774,#1775,#959,.T.);
#2196=EDGE_CURVE('',#1776,#1775,#960,.T.);
#2197=EDGE_CURVE('',#1776,#1777,#961,.T.);
#2198=EDGE_CURVE('',#1773,#1777,#962,.T.);
#2199=EDGE_CURVE('',#1778,#1758,#1678,.F.);
#2200=EDGE_CURVE('',#1778,#1760,#963,.T.);
#2201=EDGE_CURVE('',#1776,#1779,#1679,.T.);
#2202=EDGE_CURVE('',#1779,#1780,#964,.T.);
#2203=EDGE_CURVE('',#1781,#1780,#965,.T.);
#2204=EDGE_CURVE('',#1781,#1782,#966,.T.);
#2205=EDGE_CURVE('',#1782,#1783,#967,.T.);
#2206=EDGE_CURVE('',#1783,#1784,#968,.T.);
#2207=EDGE_CURVE('',#1785,#1784,#1680,.F.);
#2208=EDGE_CURVE('',#1785,#1786,#969,.T.);
#2209=EDGE_CURVE('',#1787,#1786,#970,.T.);
#2210=EDGE_CURVE('',#1787,#1788,#971,.T.);
#2211=EDGE_CURVE('',#1789,#1788,#972,.T.);
#2212=EDGE_CURVE('',#1789,#1790,#973,.T.);
#2213=EDGE_CURVE('',#1791,#1790,#974,.T.);
#2214=EDGE_CURVE('',#1792,#1791,#208,.T.);
#2215=EDGE_CURVE('',#1793,#1792,#975,.T.);
#2216=EDGE_CURVE('',#1794,#1793,#209,.T.);
#2217=EDGE_CURVE('',#1795,#1794,#976,.T.);
#2218=EDGE_CURVE('',#1796,#1795,#977,.T.);
#2219=EDGE_CURVE('',#1797,#1796,#1681,.T.);
#2220=EDGE_CURVE('',#1798,#1797,#978,.T.);
#2221=EDGE_CURVE('',#1799,#1798,#979,.T.);
#2222=EDGE_CURVE('',#1800,#1799,#980,.T.);
#2223=EDGE_CURVE('',#1777,#1800,#1682,.T.);
#2224=EDGE_CURVE('',#1801,#1801,#210,.F.);
#2225=EDGE_CURVE('',#1799,#1767,#981,.T.);
#2226=EDGE_CURVE('',#1800,#1771,#982,.T.);
#2227=EDGE_CURVE('',#1798,#1768,#983,.T.);
#2228=EDGE_CURVE('',#1802,#1795,#1683,.T.);
#2229=EDGE_CURVE('',#1763,#1802,#1684,.T.);
#2230=EDGE_CURVE('',#1762,#1796,#984,.F.);
#2231=EDGE_CURVE('',#1803,#1783,#985,.T.);
#2232=EDGE_CURVE('',#1804,#1803,#986,.T.);
#2233=EDGE_CURVE('',#1804,#1805,#987,.T.);
#2234=EDGE_CURVE('',#1806,#1805,#988,.T.);
#2235=EDGE_CURVE('',#1807,#1806,#989,.T.);
#2236=EDGE_CURVE('',#1807,#1808,#990,.T.);
#2237=EDGE_CURVE('',#1809,#1808,#991,.T.);
#2238=EDGE_CURVE('',#1784,#1809,#992,.T.);
#2239=EDGE_CURVE('',#1810,#1811,#109,.T.);
#2240=EDGE_CURVE('',#1812,#1810,#110,.T.);
#2241=EDGE_CURVE('',#1813,#1812,#1685,.T.);
#2242=EDGE_CURVE('',#1811,#1813,#111,.T.);
#2243=EDGE_CURVE('',#1814,#1815,#1686,.T.);
#2244=EDGE_CURVE('',#1816,#1814,#112,.T.);
#2245=EDGE_CURVE('',#1817,#1816,#1687,.T.);
#2246=EDGE_CURVE('',#1815,#1817,#113,.T.);
#2247=EDGE_CURVE('',#1818,#1819,#1688,.T.);
#2248=EDGE_CURVE('',#1820,#1818,#114,.T.);
#2249=EDGE_CURVE('',#1821,#1820,#993,.T.);
#2250=EDGE_CURVE('',#1822,#1821,#1689,.T.);
#2251=EDGE_CURVE('',#1819,#1822,#115,.T.);
#2252=EDGE_CURVE('',#1823,#1824,#116,.F.);
#2253=EDGE_CURVE('',#1825,#1824,#117,.T.);
#2254=EDGE_CURVE('',#1826,#1825,#1690,.T.);
#2255=EDGE_CURVE('',#1823,#1826,#118,.T.);
#2256=EDGE_CURVE('',#1827,#1828,#1691,.T.);
#2257=EDGE_CURVE('',#1824,#1827,#119,.T.);
#2258=EDGE_CURVE('',#1828,#1823,#120,.T.);
#2259=EDGE_CURVE('',#1829,#1830,#1692,.T.);
#2260=EDGE_CURVE('',#1831,#1829,#121,.T.);
#2261=EDGE_CURVE('',#1832,#1831,#1693,.T.);
#2262=EDGE_CURVE('',#1833,#1832,#994,.T.);
#2263=EDGE_CURVE('',#1830,#1833,#122,.T.);
#2264=EDGE_CURVE('',#1834,#1835,#1694,.T.);
#2265=EDGE_CURVE('',#1836,#1834,#123,.T.);
#2266=EDGE_CURVE('',#1837,#1836,#1695,.T.);
#2267=EDGE_CURVE('',#1835,#1837,#124,.T.);
#2268=EDGE_CURVE('',#1838,#1839,#125,.T.);
#2269=EDGE_CURVE('',#1840,#1838,#126,.T.);
#2270=EDGE_CURVE('',#1841,#1840,#1696,.T.);
#2271=EDGE_CURVE('',#1839,#1841,#127,.T.);
#2272=EDGE_CURVE('',#1842,#1843,#128,.T.);
#2273=EDGE_CURVE('',#1844,#1843,#129,.T.);
#2274=EDGE_CURVE('',#1845,#1844,#130,.T.);
#2275=EDGE_CURVE('',#1842,#1845,#131,.T.);
#2276=EDGE_CURVE('',#1846,#1847,#211,.T.);
#2277=EDGE_CURVE('',#1848,#1847,#132,.T.);
#2278=EDGE_CURVE('',#1848,#1849,#133,.T.);
#2279=EDGE_CURVE('',#1846,#1849,#212,.T.);
#2280=EDGE_CURVE('',#1850,#1851,#134,.T.);
#2281=EDGE_CURVE('',#1849,#1851,#135,.T.);
#2282=EDGE_CURVE('',#1852,#1848,#1697,.T.);
#2283=EDGE_CURVE('',#1850,#1852,#1698,.T.);
#2284=EDGE_CURVE('',#1853,#1854,#136,.T.);
#2285=EDGE_CURVE('',#1847,#1854,#137,.T.);
#2286=EDGE_CURVE('',#1853,#1846,#138,.T.);
#2287=EDGE_CURVE('',#1855,#1856,#213,.T.);
#2288=EDGE_CURVE('',#1854,#1856,#139,.T.);
#2289=EDGE_CURVE('',#1855,#1853,#140,.T.);
#2290=EDGE_CURVE('',#1857,#1858,#141,.F.);
#2291=EDGE_CURVE('',#1856,#1858,#142,.T.);
#2292=EDGE_CURVE('',#1857,#1855,#214,.T.);
#2293=EDGE_CURVE('',#1859,#1860,#995,.T.);
#2294=EDGE_CURVE('',#1859,#1861,#143,.T.);
#2295=EDGE_CURVE('',#1861,#1862,#996,.T.);
#2296=EDGE_CURVE('',#1860,#1862,#144,.T.);
#2297=EDGE_CURVE('',#1863,#1864,#997,.T.);
#2298=EDGE_CURVE('',#1863,#1859,#145,.T.);
#2299=EDGE_CURVE('',#1864,#1860,#146,.T.);
#2300=EDGE_CURVE('',#1861,#1863,#147,.T.);
#2301=EDGE_CURVE('',#1862,#1864,#148,.T.);
#2302=EDGE_CURVE('',#1865,#1866,#998,.T.);
#2303=EDGE_CURVE('',#1865,#1867,#215,.T.);
#2304=EDGE_CURVE('',#1867,#1868,#999,.T.);
#2305=EDGE_CURVE('',#1866,#1868,#216,.T.);
#2306=EDGE_CURVE('',#1869,#1870,#1000,.T.);
#2307=EDGE_CURVE('',#1869,#1865,#217,.T.);
#2308=EDGE_CURVE('',#1870,#1866,#218,.T.);
#2309=EDGE_CURVE('',#1867,#1869,#149,.T.);
#2310=EDGE_CURVE('',#1868,#1870,#150,.T.);
#2311=EDGE_CURVE('',#1871,#1872,#1001,.T.);
#2312=EDGE_CURVE('',#1871,#1873,#151,.T.);
#2313=EDGE_CURVE('',#1873,#1874,#1002,.T.);
#2314=EDGE_CURVE('',#1872,#1874,#152,.T.);
#2315=EDGE_CURVE('',#1875,#1876,#1003,.T.);
#2316=EDGE_CURVE('',#1875,#1871,#153,.T.);
#2317=EDGE_CURVE('',#1876,#1872,#154,.T.);
#2318=EDGE_CURVE('',#1873,#1875,#155,.T.);
#2319=EDGE_CURVE('',#1874,#1876,#156,.T.);
#2320=EDGE_CURVE('',#1877,#1878,#1004,.T.);
#2321=EDGE_CURVE('',#1877,#1879,#157,.T.);
#2322=EDGE_CURVE('',#1879,#1880,#1005,.T.);
#2323=EDGE_CURVE('',#1878,#1880,#158,.T.);
#2324=EDGE_CURVE('',#1881,#1882,#1006,.T.);
#2325=EDGE_CURVE('',#1881,#1877,#159,.T.);
#2326=EDGE_CURVE('',#1882,#1878,#160,.T.);
#2327=EDGE_CURVE('',#1879,#1881,#161,.T.);
#2328=EDGE_CURVE('',#1880,#1882,#162,.T.);
#2329=EDGE_CURVE('',#1883,#1884,#1007,.T.);
#2330=EDGE_CURVE('',#1883,#1885,#219,.T.);
#2331=EDGE_CURVE('',#1885,#1886,#1008,.T.);
#2332=EDGE_CURVE('',#1884,#1886,#220,.T.);
#2333=EDGE_CURVE('',#1887,#1888,#1009,.T.);
#2334=EDGE_CURVE('',#1887,#1883,#221,.T.);
#2335=EDGE_CURVE('',#1888,#1884,#222,.T.);
#2336=EDGE_CURVE('',#1885,#1887,#163,.T.);
#2337=EDGE_CURVE('',#1886,#1888,#164,.T.);
#2338=EDGE_CURVE('',#1889,#1889,#223,.T.);
#2339=EDGE_CURVE('',#1889,#1890,#1010,.T.);
#2340=EDGE_CURVE('',#1890,#1890,#224,.T.);
#2341=EDGE_CURVE('',#1891,#1891,#1699,.F.);
#2342=EDGE_CURVE('',#1891,#1892,#1011,.T.);
#2343=EDGE_CURVE('',#1892,#1892,#225,.F.);
#2344=EDGE_CURVE('',#1893,#1893,#1700,.F.);
#2345=EDGE_CURVE('',#1893,#1894,#1012,.T.);
#2346=EDGE_CURVE('',#1894,#1894,#226,.F.);
#2347=EDGE_CURVE('',#1895,#1895,#227,.T.);
#2348=EDGE_CURVE('',#1895,#1896,#1013,.T.);
#2349=EDGE_CURVE('',#1896,#1896,#1701,.T.);
#2350=EDGE_CURVE('',#1897,#1897,#1702,.T.);
#2351=EDGE_CURVE('',#1897,#1898,#1014,.T.);
#2352=EDGE_CURVE('',#1898,#1898,#228,.T.);
#2353=EDGE_CURVE('',#1899,#1899,#1703,.T.);
#2354=EDGE_CURVE('',#1899,#1900,#1015,.T.);
#2355=EDGE_CURVE('',#1900,#1900,#229,.T.);
#2356=EDGE_CURVE('',#1901,#1901,#230,.T.);
#2357=EDGE_CURVE('',#1901,#1902,#1016,.T.);
#2358=EDGE_CURVE('',#1902,#1902,#231,.T.);
#2359=EDGE_CURVE('',#1903,#1903,#232,.T.);
#2360=EDGE_CURVE('',#1903,#1904,#1017,.T.);
#2361=EDGE_CURVE('',#1904,#1904,#233,.T.);
#2362=EDGE_CURVE('',#1905,#1839,#1018,.T.);
#2363=EDGE_CURVE('',#1841,#1835,#1019,.T.);
#2364=EDGE_CURVE('',#1837,#1830,#1020,.T.);
#2365=EDGE_CURVE('',#1832,#1825,#1021,.T.);
#2366=EDGE_CURVE('',#1853,#1824,#1022,.T.);
#2367=EDGE_CURVE('',#1846,#1905,#1023,.T.);
#2368=EDGE_CURVE('',#1821,#1827,#1024,.T.);
#2369=EDGE_CURVE('',#1816,#1818,#1025,.T.);
#2370=EDGE_CURVE('',#1812,#1814,#1026,.T.);
#2371=EDGE_CURVE('',#1844,#1810,#1027,.T.);
#2372=EDGE_CURVE('',#1855,#1844,#1028,.T.);
#2373=EDGE_CURVE('',#1811,#1838,#1029,.T.);
#2374=EDGE_CURVE('',#1905,#1906,#165,.T.);
#2375=EDGE_CURVE('',#1845,#1906,#1030,.T.);
#2376=EDGE_CURVE('',#1813,#1840,#1031,.T.);
#2377=EDGE_CURVE('',#1815,#1834,#1032,.T.);
#2378=EDGE_CURVE('',#1817,#1836,#1033,.T.);
#2379=EDGE_CURVE('',#1819,#1829,#1034,.T.);
#2380=EDGE_CURVE('',#1822,#1831,#1035,.T.);
#2381=EDGE_CURVE('',#1828,#1826,#1036,.T.);
#2382=EDGE_CURVE('',#1907,#1852,#1037,.T.);
#2383=EDGE_CURVE('',#1858,#1907,#1704,.T.);
#2384=EDGE_CURVE('',#1906,#1908,#166,.T.);
#2385=EDGE_CURVE('',#1908,#1842,#1038,.T.);
#2386=EDGE_CURVE('',#1909,#1910,#167,.F.);
#2387=EDGE_CURVE('',#1907,#1910,#1705,.T.);
#2388=EDGE_CURVE('',#1909,#1857,#168,.F.);
#2389=EDGE_CURVE('',#1843,#1911,#1039,.F.);
#2390=EDGE_CURVE('',#1911,#1909,#1040,.F.);
#2391=EDGE_CURVE('',#1912,#1913,#1041,.T.);
#2392=EDGE_CURVE('',#1912,#1905,#169,.T.);
#2393=EDGE_CURVE('',#1913,#1851,#1042,.T.);
#2394=EDGE_CURVE('',#1908,#1912,#170,.T.);
#2395=EDGE_CURVE('',#1914,#1807,#1706,.F.);
#2396=EDGE_CURVE('',#1915,#1806,#1043,.T.);
#2397=EDGE_CURVE('',#1915,#1916,#1044,.T.);
#2398=EDGE_CURVE('',#1916,#1914,#1045,.T.);
#2399=EDGE_CURVE('',#1917,#1914,#171,.T.);
#2400=EDGE_CURVE('',#1916,#1918,#234,.F.);
#2401=EDGE_CURVE('',#1918,#1917,#1046,.T.);
#2402=EDGE_CURVE('',#1805,#1917,#1707,.F.);
#2403=EDGE_CURVE('',#1918,#1915,#1047,.T.);
#2404=EDGE_CURVE('',#1919,#1920,#1048,.T.);
#2405=EDGE_CURVE('',#1921,#1919,#1049,.T.);
#2406=EDGE_CURVE('',#1922,#1921,#1050,.T.);
#2407=EDGE_CURVE('',#1922,#1923,#1051,.T.);
#2408=EDGE_CURVE('',#1924,#1923,#1052,.T.);
#2409=EDGE_CURVE('',#1924,#1925,#1053,.T.);
#2410=EDGE_CURVE('',#1925,#1926,#1054,.T.);
#2411=EDGE_CURVE('',#1927,#1926,#1055,.T.);
#2412=EDGE_CURVE('',#1786,#1927,#1056,.T.);
#2413=EDGE_CURVE('',#1920,#1785,#1057,.T.);
#2414=EDGE_CURVE('',#1928,#1929,#1058,.T.);
#2415=EDGE_CURVE('',#1930,#1929,#1059,.T.);
#2416=EDGE_CURVE('',#1930,#1931,#1060,.T.);
#2417=EDGE_CURVE('',#1931,#1928,#1061,.T.);
#2418=EDGE_CURVE('',#1932,#1933,#235,.F.);
#2419=EDGE_CURVE('',#1933,#1934,#1062,.T.);
#2420=EDGE_CURVE('',#1934,#1932,#1063,.T.);
#2421=EDGE_CURVE('',#1935,#1921,#1064,.T.);
#2422=EDGE_CURVE('',#1936,#1935,#172,.T.);
#2423=EDGE_CURVE('',#1937,#1936,#1065,.T.);
#2424=EDGE_CURVE('',#1937,#1938,#1066,.T.);
#2425=EDGE_CURVE('',#1939,#1938,#1067,.T.);
#2426=EDGE_CURVE('',#1939,#1940,#1068,.T.);
#2427=EDGE_CURVE('',#1940,#1922,#1069,.T.);
#2428=EDGE_CURVE('',#1941,#1942,#1070,.T.);
#2429=EDGE_CURVE('',#1943,#1941,#236,.T.);
#2430=EDGE_CURVE('',#1942,#1943,#1071,.T.);
#2431=EDGE_CURVE('',#1944,#1923,#1072,.T.);
#2432=EDGE_CURVE('',#1940,#1944,#1073,.T.);
#2433=EDGE_CURVE('',#1945,#1787,#1074,.T.);
#2434=EDGE_CURVE('',#1946,#1927,#1075,.T.);
#2435=EDGE_CURVE('',#1946,#1947,#1076,.T.);
#2436=EDGE_CURVE('',#1948,#1947,#1077,.T.);
#2437=EDGE_CURVE('',#1949,#1948,#1078,.T.);
#2438=EDGE_CURVE('',#1949,#1924,#1079,.T.);
#2439=EDGE_CURVE('',#1945,#1944,#1080,.T.);
#2440=EDGE_CURVE('',#1950,#1951,#1081,.T.);
#2441=EDGE_CURVE('',#1952,#1950,#237,.T.);
#2442=EDGE_CURVE('',#1951,#1952,#1082,.T.);
#2443=EDGE_CURVE('',#1953,#1954,#1083,.T.);
#2444=EDGE_CURVE('',#1955,#1953,#238,.T.);
#2445=EDGE_CURVE('',#1954,#1955,#1084,.T.);
#2446=EDGE_CURVE('',#1956,#1949,#1085,.T.);
#2447=EDGE_CURVE('',#1925,#1956,#1086,.T.);
#2448=EDGE_CURVE('',#1957,#1958,#1087,.T.);
#2449=EDGE_CURVE('',#1926,#1958,#1088,.F.);
#2450=EDGE_CURVE('',#1956,#1959,#1089,.T.);
#2451=EDGE_CURVE('',#1957,#1959,#1090,.T.);
#2452=EDGE_CURVE('',#1958,#1946,#1091,.T.);
#2453=EDGE_CURVE('',#1960,#1930,#239,.F.);
#2454=EDGE_CURVE('',#1931,#1960,#1092,.T.);
#2455=EDGE_CURVE('',#1961,#1962,#240,.F.);
#2456=EDGE_CURVE('',#1962,#1963,#1093,.T.);
#2457=EDGE_CURVE('',#1963,#1961,#1094,.T.);
#2458=EDGE_CURVE('',#1964,#1964,#241,.T.);
#2459=EDGE_CURVE('',#1964,#1801,#1095,.T.);
#2460=EDGE_CURVE('',#1965,#1788,#1096,.T.);
#2461=EDGE_CURVE('',#1966,#1965,#1097,.T.);
#2462=EDGE_CURVE('',#1967,#1966,#1098,.T.);
#2463=EDGE_CURVE('',#1967,#1789,#1099,.T.);
#2464=EDGE_CURVE('',#1968,#1969,#1100,.T.);
#2465=EDGE_CURVE('',#1970,#1968,#242,.T.);
#2466=EDGE_CURVE('',#1969,#1970,#1101,.T.);
#2467=EDGE_CURVE('',#1971,#1972,#243,.T.);
#2468=EDGE_CURVE('',#1972,#1792,#244,.T.);
#2469=EDGE_CURVE('',#1973,#1791,#245,.T.);
#2470=EDGE_CURVE('',#1973,#1971,#246,.T.);
#2471=EDGE_CURVE('',#1974,#1793,#247,.T.);
#2472=EDGE_CURVE('',#1974,#1972,#1102,.T.);
#2473=EDGE_CURVE('',#1975,#1976,#248,.T.);
#2474=EDGE_CURVE('',#1976,#1794,#249,.T.);
#2475=EDGE_CURVE('',#1977,#1974,#250,.T.);
#2476=EDGE_CURVE('',#1977,#1975,#251,.T.);
#2477=EDGE_CURVE('',#1802,#1976,#1103,.T.);
#2478=EDGE_CURVE('',#1978,#1979,#1104,.T.);
#2479=EDGE_CURVE('',#1979,#1965,#1105,.T.);
#2480=EDGE_CURVE('',#1939,#1945,#1106,.T.);
#2481=EDGE_CURVE('',#1938,#1978,#1107,.T.);
#2482=EDGE_CURVE('',#1980,#1980,#252,.T.);
#2483=EDGE_CURVE('',#1981,#1982,#1108,.T.);
#2484=EDGE_CURVE('',#1983,#1982,#173,.T.);
#2485=EDGE_CURVE('',#1984,#1983,#253,.T.);
#2486=EDGE_CURVE('',#1985,#1984,#1109,.T.);
#2487=EDGE_CURVE('',#1985,#1981,#1110,.T.);
#2488=EDGE_CURVE('',#1932,#1955,#1111,.T.);
#2489=EDGE_CURVE('',#1933,#1953,#1112,.T.);
#2490=EDGE_CURVE('',#1934,#1954,#1113,.T.);
#2491=EDGE_CURVE('',#1986,#1986,#254,.T.);
#2492=EDGE_CURVE('',#1986,#1980,#1114,.T.);
#2493=EDGE_CURVE('',#1987,#1936,#1115,.F.);
#2494=EDGE_CURVE('',#1987,#1988,#1116,.T.);
#2495=EDGE_CURVE('',#1937,#1988,#1117,.T.);
#2496=EDGE_CURVE('',#1988,#1978,#1118,.T.);
#2497=EDGE_CURVE('',#1989,#1990,#1119,.T.);
#2498=EDGE_CURVE('',#1989,#1941,#1120,.T.);
#2499=EDGE_CURVE('',#1990,#1942,#1121,.T.);
#2500=EDGE_CURVE('',#1991,#1989,#255,.F.);
#2501=EDGE_CURVE('',#1991,#1943,#1122,.T.);
#2502=EDGE_CURVE('',#1990,#1991,#1123,.T.);
#2503=EDGE_CURVE('',#1962,#1950,#1124,.T.);
#2504=EDGE_CURVE('',#1963,#1951,#1125,.T.);
#2505=EDGE_CURVE('',#1961,#1952,#1126,.T.);
#2506=EDGE_CURVE('',#1947,#1957,#1127,.T.);
#2507=EDGE_CURVE('',#1959,#1948,#1128,.T.);
#2508=EDGE_CURVE('',#1992,#1993,#256,.F.);
#2509=EDGE_CURVE('',#1993,#1994,#1129,.T.);
#2510=EDGE_CURVE('',#1994,#1992,#1130,.T.);
#2511=EDGE_CURVE('',#1995,#1996,#257,.F.);
#2512=EDGE_CURVE('',#1996,#1997,#1131,.T.);
#2513=EDGE_CURVE('',#1997,#1995,#1132,.T.);
#2514=EDGE_CURVE('',#1998,#1999,#258,.F.);
#2515=EDGE_CURVE('',#1999,#2000,#1133,.T.);
#2516=EDGE_CURVE('',#2000,#1998,#1134,.T.);
#2517=EDGE_CURVE('',#2001,#2002,#259,.F.);
#2518=EDGE_CURVE('',#2002,#2003,#1135,.T.);
#2519=EDGE_CURVE('',#2003,#2001,#1136,.T.);
#2520=EDGE_CURVE('',#2004,#2005,#1137,.T.);
#2521=EDGE_CURVE('',#2006,#2004,#1138,.T.);
#2522=EDGE_CURVE('',#2005,#2006,#260,.T.);
#2523=EDGE_CURVE('',#2007,#2008,#1139,.T.);
#2524=EDGE_CURVE('',#2007,#1968,#1140,.T.);
#2525=EDGE_CURVE('',#2008,#1969,#1141,.T.);
#2526=EDGE_CURVE('',#2009,#2007,#261,.F.);
#2527=EDGE_CURVE('',#2009,#1970,#1142,.T.);
#2528=EDGE_CURVE('',#2008,#2009,#1143,.T.);
#2529=EDGE_CURVE('',#2010,#1979,#1144,.T.);
#2530=EDGE_CURVE('',#2010,#1966,#1145,.T.);
#2531=EDGE_CURVE('',#2011,#1967,#1146,.T.);
#2532=EDGE_CURVE('',#2011,#2010,#1147,.T.);
#2533=EDGE_CURVE('',#1987,#2011,#174,.T.);
#2534=EDGE_CURVE('',#1971,#1977,#1148,.T.);
#2535=EDGE_CURVE('',#1975,#1778,#1149,.T.);
#2536=EDGE_CURVE('',#2012,#1981,#1150,.T.);
#2537=EDGE_CURVE('',#2013,#1985,#1151,.T.);
#2538=EDGE_CURVE('',#2012,#2013,#1152,.T.);
#2539=EDGE_CURVE('',#2014,#2015,#1153,.T.);
#2540=EDGE_CURVE('',#2015,#2016,#1154,.T.);
#2541=EDGE_CURVE('',#2017,#2016,#1155,.T.);
#2542=EDGE_CURVE('',#2014,#2017,#1156,.T.);
#2543=EDGE_CURVE('',#2016,#2018,#1708,.F.);
#2544=EDGE_CURVE('',#2019,#2018,#262,.T.);
#2545=EDGE_CURVE('',#2019,#2020,#1709,.F.);
#2546=EDGE_CURVE('',#2021,#2020,#1157,.T.);
#2547=EDGE_CURVE('',#2017,#2021,#263,.T.);
#2548=EDGE_CURVE('',#2020,#2022,#1158,.T.);
#2549=EDGE_CURVE('',#2023,#2022,#1159,.T.);
#2550=EDGE_CURVE('',#2021,#2023,#1160,.T.);
#2551=EDGE_CURVE('',#2024,#2023,#1161,.T.);
#2552=EDGE_CURVE('',#2022,#2024,#1162,.T.);
#2553=EDGE_CURVE('',#2022,#2015,#1163,.T.);
#2554=EDGE_CURVE('',#2015,#2025,#1164,.T.);
#2555=EDGE_CURVE('',#2024,#2025,#1165,.T.);
#2556=EDGE_CURVE('',#2025,#2014,#1166,.T.);
#2557=EDGE_CURVE('',#2026,#2027,#264,.F.);
#2558=EDGE_CURVE('',#2028,#2026,#1167,.T.);
#2559=EDGE_CURVE('',#2027,#2028,#1168,.T.);
#2560=EDGE_CURVE('',#2029,#1992,#1169,.T.);
#2561=EDGE_CURVE('',#2029,#2030,#265,.F.);
#2562=EDGE_CURVE('',#2030,#1993,#1170,.T.);
#2563=EDGE_CURVE('',#2030,#2031,#1171,.T.);
#2564=EDGE_CURVE('',#2031,#1994,#1172,.T.);
#2565=EDGE_CURVE('',#2031,#2029,#1173,.T.);
#2566=EDGE_CURVE('',#2032,#1995,#1174,.T.);
#2567=EDGE_CURVE('',#2032,#2033,#266,.F.);
#2568=EDGE_CURVE('',#2033,#1996,#1175,.T.);
#2569=EDGE_CURVE('',#2033,#2034,#1176,.T.);
#2570=EDGE_CURVE('',#2034,#1997,#1177,.T.);
#2571=EDGE_CURVE('',#2034,#2032,#1178,.T.);
#2572=EDGE_CURVE('',#2035,#1998,#1179,.T.);
#2573=EDGE_CURVE('',#2035,#2036,#267,.F.);
#2574=EDGE_CURVE('',#2036,#1999,#1180,.T.);
#2575=EDGE_CURVE('',#2036,#2037,#1181,.T.);
#2576=EDGE_CURVE('',#2037,#2000,#1182,.T.);
#2577=EDGE_CURVE('',#2037,#2035,#1183,.T.);
#2578=EDGE_CURVE('',#2038,#2001,#1184,.T.);
#2579=EDGE_CURVE('',#2038,#2039,#268,.F.);
#2580=EDGE_CURVE('',#2039,#2002,#1185,.T.);
#2581=EDGE_CURVE('',#2039,#2040,#1186,.T.);
#2582=EDGE_CURVE('',#2040,#2003,#1187,.T.);
#2583=EDGE_CURVE('',#2040,#2038,#1188,.T.);
#2584=EDGE_CURVE('',#2004,#2041,#1189,.T.);
#2585=EDGE_CURVE('',#2005,#2042,#1190,.T.);
#2586=EDGE_CURVE('',#2042,#2041,#1191,.T.);
#2587=EDGE_CURVE('',#2006,#2043,#1192,.T.);
#2588=EDGE_CURVE('',#2041,#2043,#1193,.T.);
#2589=EDGE_CURVE('',#2043,#2042,#269,.F.);
#2590=EDGE_CURVE('',#2044,#2045,#270,.F.);
#2591=EDGE_CURVE('',#2046,#2044,#1194,.T.);
#2592=EDGE_CURVE('',#2045,#2046,#1195,.T.);
#2593=EDGE_CURVE('',#2047,#2048,#175,.T.);
#2594=EDGE_CURVE('',#2047,#2049,#1710,.F.);
#2595=EDGE_CURVE('',#2026,#2049,#1196,.T.);
#2596=EDGE_CURVE('',#2027,#2048,#1197,.T.);
#2597=EDGE_CURVE('',#2048,#2050,#1711,.T.);
#2598=EDGE_CURVE('',#2028,#2051,#1198,.T.);
#2599=EDGE_CURVE('',#2051,#2050,#1199,.T.);
#2600=EDGE_CURVE('',#2049,#2051,#1200,.T.);
#2601=EDGE_CURVE('',#2045,#1755,#1201,.T.);
#2602=EDGE_CURVE('',#1754,#1747,#176,.T.);
#2603=EDGE_CURVE('',#2044,#1746,#1202,.T.);
#2604=EDGE_CURVE('',#2046,#1745,#1203,.T.);
#2605=EDGE_CURVE('',#2052,#2053,#271,.T.);
#2606=EDGE_CURVE('',#2016,#2052,#1204,.T.);
#2607=EDGE_CURVE('',#2054,#2020,#1205,.T.);
#2608=EDGE_CURVE('',#2055,#2054,#272,.T.);
#2609=EDGE_CURVE('',#2056,#2055,#1206,.T.);
#2610=EDGE_CURVE('',#2057,#2056,#273,.T.);
#2611=EDGE_CURVE('',#2053,#2057,#1207,.T.);
#2612=EDGE_CURVE('',#2058,#2059,#1208,.T.);
#2613=EDGE_CURVE('',#2060,#2058,#1209,.T.);
#2614=EDGE_CURVE('',#2060,#2059,#274,.T.);
#2615=EDGE_CURVE('',#2061,#2062,#1210,.T.);
#2616=EDGE_CURVE('',#2063,#2061,#1211,.T.);
#2617=EDGE_CURVE('',#2063,#2062,#275,.T.);
#2618=EDGE_CURVE('',#2064,#2065,#1212,.T.);
#2619=EDGE_CURVE('',#2066,#2064,#1213,.T.);
#2620=EDGE_CURVE('',#2066,#2065,#276,.T.);
#2621=EDGE_CURVE('',#2067,#2068,#1214,.T.);
#2622=EDGE_CURVE('',#2069,#2067,#1215,.T.);
#2623=EDGE_CURVE('',#2069,#2068,#277,.T.);
#2624=EDGE_CURVE('',#2070,#2052,#1712,.T.);
#2625=EDGE_CURVE('',#2018,#2070,#1216,.T.);
#2626=EDGE_CURVE('',#2070,#2071,#278,.T.);
#2627=EDGE_CURVE('',#2071,#2072,#1217,.T.);
#2628=EDGE_CURVE('',#2072,#2073,#279,.F.);
#2629=EDGE_CURVE('',#2073,#2074,#1218,.T.);
#2630=EDGE_CURVE('',#2074,#2075,#280,.T.);
#2631=EDGE_CURVE('',#2075,#2019,#1219,.T.);
#2632=EDGE_CURVE('',#2054,#2075,#1713,.T.);
#2633=EDGE_CURVE('',#2076,#2077,#1220,.T.);
#2634=EDGE_CURVE('',#2077,#2078,#1221,.T.);
#2635=EDGE_CURVE('',#2076,#2078,#281,.T.);
#2636=EDGE_CURVE('',#2079,#2080,#1222,.T.);
#2637=EDGE_CURVE('',#2080,#2081,#1223,.T.);
#2638=EDGE_CURVE('',#2079,#2081,#282,.T.);
#2639=EDGE_CURVE('',#2082,#2083,#1224,.T.);
#2640=EDGE_CURVE('',#2083,#2084,#1225,.T.);
#2641=EDGE_CURVE('',#2082,#2084,#283,.T.);
#2642=EDGE_CURVE('',#2085,#2086,#1226,.T.);
#2643=EDGE_CURVE('',#2086,#2087,#1227,.T.);
#2644=EDGE_CURVE('',#2085,#2087,#284,.T.);
#2645=EDGE_CURVE('',#2053,#2071,#1228,.T.);
#2646=EDGE_CURVE('',#2055,#2074,#1229,.T.);
#2647=EDGE_CURVE('',#2073,#2056,#15,.T.);
#2648=EDGE_CURVE('',#2057,#2072,#16,.T.);
#2649=EDGE_CURVE('',#2086,#2058,#1230,.T.);
#2650=EDGE_CURVE('',#2087,#2059,#1231,.T.);
#2651=EDGE_CURVE('',#2085,#2060,#1232,.T.);
#2652=EDGE_CURVE('',#2080,#2061,#1233,.T.);
#2653=EDGE_CURVE('',#2081,#2062,#1234,.T.);
#2654=EDGE_CURVE('',#2079,#2063,#1235,.T.);
#2655=EDGE_CURVE('',#2077,#2064,#1236,.T.);
#2656=EDGE_CURVE('',#2078,#2065,#1237,.T.);
#2657=EDGE_CURVE('',#2076,#2066,#1238,.T.);
#2658=EDGE_CURVE('',#2083,#2067,#1239,.T.);
#2659=EDGE_CURVE('',#2084,#2068,#1240,.T.);
#2660=EDGE_CURVE('',#2082,#2069,#1241,.T.);
#2661=EDGE_CURVE('',#1804,#2088,#177,.T.);
#2662=EDGE_CURVE('',#1803,#2089,#1714,.F.);
#2663=EDGE_CURVE('',#2089,#1984,#1242,.T.);
#2664=EDGE_CURVE('',#2088,#1983,#178,.T.);
#2665=EDGE_CURVE('',#2090,#2091,#1243,.T.);
#2666=EDGE_CURVE('',#2090,#2092,#1244,.T.);
#2667=EDGE_CURVE('',#2093,#2092,#1245,.T.);
#2668=EDGE_CURVE('',#2093,#2094,#1246,.T.);
#2669=EDGE_CURVE('',#2095,#2094,#1715,.F.);
#2670=EDGE_CURVE('',#2095,#2091,#1247,.T.);
#2671=EDGE_CURVE('',#2093,#2088,#1716,.F.);
#2672=EDGE_CURVE('',#1808,#2092,#1717,.T.);
#2673=EDGE_CURVE('',#1982,#2096,#179,.T.);
#2674=EDGE_CURVE('',#2096,#2093,#285,.T.);
#2675=EDGE_CURVE('',#2096,#2097,#1248,.T.);
#2676=EDGE_CURVE('',#2098,#2097,#180,.F.);
#2677=EDGE_CURVE('',#2099,#2098,#1249,.T.);
#2678=EDGE_CURVE('',#2094,#2099,#181,.F.);
#2679=EDGE_CURVE('',#2100,#2095,#1250,.T.);
#2680=EDGE_CURVE('',#1909,#2100,#1251,.T.);
#2681=EDGE_CURVE('',#2091,#1911,#1718,.F.);
#2682=EDGE_CURVE('',#2101,#1748,#286,.T.);
#2683=EDGE_CURVE('',#1973,#2101,#1252,.T.);
#2684=EDGE_CURVE('',#1749,#1790,#182,.F.);
#2685=EDGE_CURVE('',#1748,#2102,#287,.T.);
#2686=EDGE_CURVE('',#1753,#2103,#1719,.T.);
#2687=EDGE_CURVE('',#2103,#2102,#1253,.T.);
#2688=EDGE_CURVE('',#2104,#2105,#1254,.T.);
#2689=EDGE_CURVE('',#2104,#2106,#1255,.T.);
#2690=EDGE_CURVE('',#2102,#2106,#1256,.T.);
#2691=EDGE_CURVE('',#2103,#2105,#1257,.T.);
#2692=EDGE_CURVE('',#2107,#2108,#183,.T.);
#2693=EDGE_CURVE('',#2109,#2107,#184,.T.);
#2694=EDGE_CURVE('',#1851,#2109,#1258,.T.);
#2695=EDGE_CURVE('',#1850,#2108,#1259,.T.);
#2696=EDGE_CURVE('',#2108,#2110,#1260,.T.);
#2697=EDGE_CURVE('',#1910,#2110,#1261,.T.);
#2698=EDGE_CURVE('',#2111,#2100,#185,.T.);
#2699=EDGE_CURVE('',#2110,#2111,#186,.T.);
#2700=EDGE_CURVE('',#2111,#2112,#288,.T.);
#2701=EDGE_CURVE('',#2112,#2100,#187,.T.);
#2702=EDGE_CURVE('',#2109,#2113,#188,.T.);
#2703=EDGE_CURVE('',#2113,#2107,#289,.T.);
#2704=EDGE_CURVE('',#2114,#2102,#290,.T.);
#2705=EDGE_CURVE('',#2114,#2101,#291,.T.);
#2706=EDGE_CURVE('',#2113,#2115,#1262,.T.);
#2707=EDGE_CURVE('',#2106,#2115,#1720,.T.);
#2708=EDGE_CURVE('',#2106,#2109,#1263,.T.);
#2709=EDGE_CURVE('',#2115,#2114,#1264,.T.);
#2710=EDGE_CURVE('',#2112,#2116,#189,.T.);
#2711=EDGE_CURVE('',#2110,#2116,#292,.T.);
#2712=EDGE_CURVE('',#2116,#2117,#1265,.T.);
#2713=EDGE_CURVE('',#2108,#2117,#293,.T.);
#2714=EDGE_CURVE('',#2117,#2113,#190,.T.);
#2715=EDGE_CURVE('',#2118,#2099,#1721,.F.);
#2716=EDGE_CURVE('',#2118,#2112,#1266,.T.);
#2717=EDGE_CURVE('',#2119,#2120,#191,.T.);
#2718=EDGE_CURVE('',#2119,#2118,#1267,.T.);
#2719=EDGE_CURVE('',#2098,#2120,#192,.F.);
#2720=EDGE_CURVE('',#2104,#1913,#1722,.T.);
#2721=EDGE_CURVE('',#2105,#2121,#1723,.T.);
#2722=EDGE_CURVE('',#2122,#1752,#193,.T.);
#2723=EDGE_CURVE('',#2123,#2122,#194,.T.);
#2724=EDGE_CURVE('',#2050,#2123,#1268,.T.);
#2725=EDGE_CURVE('',#2121,#2047,#1269,.T.);
#2726=EDGE_CURVE('',#2124,#2125,#195,.T.);
#2727=EDGE_CURVE('',#1790,#2124,#196,.T.);
#2728=EDGE_CURVE('',#2125,#1935,#1270,.F.);
#2729=EDGE_CURVE('',#1911,#2126,#1271,.T.);
#2730=EDGE_CURVE('',#2127,#1913,#1272,.T.);
#2731=EDGE_CURVE('',#2128,#2127,#1273,.T.);
#2732=EDGE_CURVE('',#2125,#2128,#197,.T.);
#2733=EDGE_CURVE('',#2129,#1919,#1724,.T.);
#2734=EDGE_CURVE('',#2126,#2129,#1274,.T.);
#2735=EDGE_CURVE('',#2124,#2122,#198,.T.);
#2736=EDGE_CURVE('',#2123,#2128,#199,.T.);
#2737=EDGE_CURVE('',#2121,#2127,#1725,.T.);
#2738=EDGE_CURVE('',#2130,#2090,#1726,.T.);
#2739=EDGE_CURVE('',#2131,#2130,#1275,.T.);
#2740=EDGE_CURVE('',#1929,#2131,#1727,.T.);
#2741=EDGE_CURVE('',#2132,#1928,#1276,.T.);
#2742=EDGE_CURVE('',#2133,#2132,#1277,.T.);
#2743=EDGE_CURVE('',#2134,#2133,#1278,.T.);
#2744=EDGE_CURVE('',#1809,#2134,#1728,.T.);
#2745=EDGE_CURVE('',#2132,#2135,#1729,.T.);
#2746=EDGE_CURVE('',#1960,#2135,#1279,.T.);
#2747=EDGE_CURVE('',#2135,#2131,#200,.T.);
#2748=EDGE_CURVE('',#1920,#2134,#1730,.T.);
#2749=EDGE_CURVE('',#2129,#2133,#1731,.T.);
#2750=EDGE_CURVE('',#2126,#2130,#1732,.T.);
#2751=EDGE_CURVE('',#2136,#2012,#1280,.T.);
#2752=EDGE_CURVE('',#2013,#2119,#1281,.T.);
#2753=EDGE_CURVE('',#2119,#2136,#1282,.T.);
#2754=EDGE_CURVE('',#2137,#2136,#201,.T.);
#2755=EDGE_CURVE('',#2138,#2120,#1283,.T.);
#2756=EDGE_CURVE('',#2137,#2138,#1284,.T.);
#2757=EDGE_CURVE('',#2097,#2137,#1733,.T.);
#2758=EDGE_CURVE('',#1797,#1765,#1285,.T.);
#2759=EDGE_CURVE('',#1769,#1766,#1286,.T.);
#2760=EDGE_CURVE('',#2089,#2139,#1287,.T.);
#2761=EDGE_CURVE('',#2139,#2140,#1288,.T.);
#2762=EDGE_CURVE('',#2141,#2140,#1289,.T.);
#2763=EDGE_CURVE('',#2142,#2141,#1290,.T.);
#2764=EDGE_CURVE('',#1775,#2142,#1734,.T.);
#2765=EDGE_CURVE('',#2140,#2143,#1291,.T.);
#2766=EDGE_CURVE('',#2143,#2144,#1292,.T.);
#2767=EDGE_CURVE('',#2141,#2144,#1293,.T.);
#2768=EDGE_CURVE('',#1781,#2143,#1294,.T.);
#2769=EDGE_CURVE('',#1782,#2139,#1295,.T.);
#2770=EDGE_CURVE('',#2144,#1780,#1296,.T.);
#2771=EDGE_CURVE('',#2142,#1779,#1297,.T.);
#2772=ORIENTED_EDGE('',*,*,#2145,.F.);
#2773=ORIENTED_EDGE('',*,*,#2146,.T.);
#2774=ORIENTED_EDGE('',*,*,#2147,.F.);
#2775=ORIENTED_EDGE('',*,*,#2148,.T.);
#2776=ORIENTED_EDGE('',*,*,#2149,.T.);
#2777=ORIENTED_EDGE('',*,*,#2150,.T.);
#2778=ORIENTED_EDGE('',*,*,#2148,.F.);
#2779=ORIENTED_EDGE('',*,*,#2151,.F.);
#2780=ORIENTED_EDGE('',*,*,#2152,.T.);
#2781=ORIENTED_EDGE('',*,*,#2153,.T.);
#2782=ORIENTED_EDGE('',*,*,#2152,.F.);
#2783=ORIENTED_EDGE('',*,*,#2154,.F.);
#2784=ORIENTED_EDGE('',*,*,#2155,.T.);
#2785=ORIENTED_EDGE('',*,*,#2156,.F.);
#2786=ORIENTED_EDGE('',*,*,#2157,.T.);
#2787=ORIENTED_EDGE('',*,*,#2155,.F.);
#2788=ORIENTED_EDGE('',*,*,#2158,.F.);
#2789=ORIENTED_EDGE('',*,*,#2146,.F.);
#2790=ORIENTED_EDGE('',*,*,#2149,.F.);
#2791=ORIENTED_EDGE('',*,*,#2150,.F.);
#2792=ORIENTED_EDGE('',*,*,#2153,.F.);
#2793=ORIENTED_EDGE('',*,*,#2157,.F.);
#2794=ORIENTED_EDGE('',*,*,#2159,.F.);
#2795=ORIENTED_EDGE('',*,*,#2160,.F.);
#2796=ORIENTED_EDGE('',*,*,#2161,.F.);
#2797=ORIENTED_EDGE('',*,*,#2162,.T.);
#2798=ORIENTED_EDGE('',*,*,#2163,.F.);
#2799=ORIENTED_EDGE('',*,*,#2164,.F.);
#2800=ORIENTED_EDGE('',*,*,#2165,.F.);
#2801=ORIENTED_EDGE('',*,*,#2166,.F.);
#2802=ORIENTED_EDGE('',*,*,#2167,.T.);
#2803=ORIENTED_EDGE('',*,*,#2168,.T.);
#2804=ORIENTED_EDGE('',*,*,#2169,.F.);
#2805=ORIENTED_EDGE('',*,*,#2170,.F.);
#2806=ORIENTED_EDGE('',*,*,#2158,.T.);
#2807=ORIENTED_EDGE('',*,*,#2154,.T.);
#2808=ORIENTED_EDGE('',*,*,#2151,.T.);
#2809=ORIENTED_EDGE('',*,*,#2147,.T.);
#2810=ORIENTED_EDGE('',*,*,#2171,.T.);
#2811=ORIENTED_EDGE('',*,*,#2171,.F.);
#2812=ORIENTED_EDGE('',*,*,#2172,.T.);
#2813=ORIENTED_EDGE('',*,*,#2173,.F.);
#2814=ORIENTED_EDGE('',*,*,#2172,.F.);
#2815=ORIENTED_EDGE('',*,*,#2174,.F.);
#2816=ORIENTED_EDGE('',*,*,#2175,.F.);
#2817=ORIENTED_EDGE('',*,*,#2176,.F.);
#2818=ORIENTED_EDGE('',*,*,#2177,.F.);
#2819=ORIENTED_EDGE('',*,*,#2178,.T.);
#2820=ORIENTED_EDGE('',*,*,#2179,.T.);
#2821=ORIENTED_EDGE('',*,*,#2177,.T.);
#2822=ORIENTED_EDGE('',*,*,#2180,.F.);
#2823=ORIENTED_EDGE('',*,*,#2181,.F.);
#2824=ORIENTED_EDGE('',*,*,#2182,.F.);
#2825=ORIENTED_EDGE('',*,*,#2181,.T.);
#2826=ORIENTED_EDGE('',*,*,#2183,.F.);
#2827=ORIENTED_EDGE('',*,*,#2184,.F.);
#2828=ORIENTED_EDGE('',*,*,#2185,.T.);
#2829=ORIENTED_EDGE('',*,*,#2186,.T.);
#2830=ORIENTED_EDGE('',*,*,#2187,.F.);
#2831=ORIENTED_EDGE('',*,*,#2188,.F.);
#2832=ORIENTED_EDGE('',*,*,#2189,.T.);
#2833=ORIENTED_EDGE('',*,*,#2188,.T.);
#2834=ORIENTED_EDGE('',*,*,#2190,.F.);
#2835=ORIENTED_EDGE('',*,*,#2191,.F.);
#2836=ORIENTED_EDGE('',*,*,#2192,.T.);
#2837=ORIENTED_EDGE('',*,*,#2191,.T.);
#2838=ORIENTED_EDGE('',*,*,#2193,.F.);
#2839=ORIENTED_EDGE('',*,*,#2194,.T.);
#2840=ORIENTED_EDGE('',*,*,#2194,.F.);
#2841=ORIENTED_EDGE('',*,*,#2195,.T.);
#2842=ORIENTED_EDGE('',*,*,#2196,.F.);
#2843=ORIENTED_EDGE('',*,*,#2197,.T.);
#2844=ORIENTED_EDGE('',*,*,#2198,.F.);
#2845=ORIENTED_EDGE('',*,*,#2175,.T.);
#2846=ORIENTED_EDGE('',*,*,#2199,.F.);
#2847=ORIENTED_EDGE('',*,*,#2200,.T.);
#2848=ORIENTED_EDGE('',*,*,#2197,.F.);
#2849=ORIENTED_EDGE('',*,*,#2201,.T.);
#2850=ORIENTED_EDGE('',*,*,#2202,.T.);
#2851=ORIENTED_EDGE('',*,*,#2203,.F.);
#2852=ORIENTED_EDGE('',*,*,#2204,.T.);
#2853=ORIENTED_EDGE('',*,*,#2205,.T.);
#2854=ORIENTED_EDGE('',*,*,#2206,.T.);
#2855=ORIENTED_EDGE('',*,*,#2207,.F.);
#2856=ORIENTED_EDGE('',*,*,#2208,.T.);
#2857=ORIENTED_EDGE('',*,*,#2209,.F.);
#2858=ORIENTED_EDGE('',*,*,#2210,.T.);
#2859=ORIENTED_EDGE('',*,*,#2211,.F.);
#2860=ORIENTED_EDGE('',*,*,#2212,.T.);
#2861=ORIENTED_EDGE('',*,*,#2213,.F.);
#2862=ORIENTED_EDGE('',*,*,#2214,.F.);
#2863=ORIENTED_EDGE('',*,*,#2215,.F.);
#2864=ORIENTED_EDGE('',*,*,#2216,.F.);
#2865=ORIENTED_EDGE('',*,*,#2217,.F.);
#2866=ORIENTED_EDGE('',*,*,#2218,.F.);
#2867=ORIENTED_EDGE('',*,*,#2219,.F.);
#2868=ORIENTED_EDGE('',*,*,#2220,.F.);
#2869=ORIENTED_EDGE('',*,*,#2221,.F.);
#2870=ORIENTED_EDGE('',*,*,#2222,.F.);
#2871=ORIENTED_EDGE('',*,*,#2223,.F.);
#2872=ORIENTED_EDGE('',*,*,#2224,.T.);
#2873=ORIENTED_EDGE('',*,*,#2222,.T.);
#2874=ORIENTED_EDGE('',*,*,#2225,.T.);
#2875=ORIENTED_EDGE('',*,*,#2189,.F.);
#2876=ORIENTED_EDGE('',*,*,#2226,.F.);
#2877=ORIENTED_EDGE('',*,*,#2221,.T.);
#2878=ORIENTED_EDGE('',*,*,#2227,.T.);
#2879=ORIENTED_EDGE('',*,*,#2185,.F.);
#2880=ORIENTED_EDGE('',*,*,#2225,.F.);
#2881=ORIENTED_EDGE('',*,*,#2218,.T.);
#2882=ORIENTED_EDGE('',*,*,#2228,.F.);
#2883=ORIENTED_EDGE('',*,*,#2229,.F.);
#2884=ORIENTED_EDGE('',*,*,#2178,.F.);
#2885=ORIENTED_EDGE('',*,*,#2230,.T.);
#2886=ORIENTED_EDGE('',*,*,#2206,.F.);
#2887=ORIENTED_EDGE('',*,*,#2231,.F.);
#2888=ORIENTED_EDGE('',*,*,#2232,.F.);
#2889=ORIENTED_EDGE('',*,*,#2233,.T.);
#2890=ORIENTED_EDGE('',*,*,#2234,.F.);
#2891=ORIENTED_EDGE('',*,*,#2235,.F.);
#2892=ORIENTED_EDGE('',*,*,#2236,.T.);
#2893=ORIENTED_EDGE('',*,*,#2237,.F.);
#2894=ORIENTED_EDGE('',*,*,#2238,.F.);
#2895=ORIENTED_EDGE('',*,*,#2239,.F.);
#2896=ORIENTED_EDGE('',*,*,#2240,.F.);
#2897=ORIENTED_EDGE('',*,*,#2241,.F.);
#2898=ORIENTED_EDGE('',*,*,#2242,.F.);
#2899=ORIENTED_EDGE('',*,*,#2243,.F.);
#2900=ORIENTED_EDGE('',*,*,#2244,.F.);
#2901=ORIENTED_EDGE('',*,*,#2245,.F.);
#2902=ORIENTED_EDGE('',*,*,#2246,.F.);
#2903=ORIENTED_EDGE('',*,*,#2247,.F.);
#2904=ORIENTED_EDGE('',*,*,#2248,.F.);
#2905=ORIENTED_EDGE('',*,*,#2249,.F.);
#2906=ORIENTED_EDGE('',*,*,#2250,.F.);
#2907=ORIENTED_EDGE('',*,*,#2251,.F.);
#2908=ORIENTED_EDGE('',*,*,#2252,.T.);
#2909=ORIENTED_EDGE('',*,*,#2253,.F.);
#2910=ORIENTED_EDGE('',*,*,#2254,.F.);
#2911=ORIENTED_EDGE('',*,*,#2255,.F.);
#2912=ORIENTED_EDGE('',*,*,#2256,.F.);
#2913=ORIENTED_EDGE('',*,*,#2257,.F.);
#2914=ORIENTED_EDGE('',*,*,#2252,.F.);
#2915=ORIENTED_EDGE('',*,*,#2258,.F.);
#2916=ORIENTED_EDGE('',*,*,#2259,.F.);
#2917=ORIENTED_EDGE('',*,*,#2260,.F.);
#2918=ORIENTED_EDGE('',*,*,#2261,.F.);
#2919=ORIENTED_EDGE('',*,*,#2262,.F.);
#2920=ORIENTED_EDGE('',*,*,#2263,.F.);
#2921=ORIENTED_EDGE('',*,*,#2264,.F.);
#2922=ORIENTED_EDGE('',*,*,#2265,.F.);
#2923=ORIENTED_EDGE('',*,*,#2266,.F.);
#2924=ORIENTED_EDGE('',*,*,#2267,.F.);
#2925=ORIENTED_EDGE('',*,*,#2268,.F.);
#2926=ORIENTED_EDGE('',*,*,#2269,.F.);
#2927=ORIENTED_EDGE('',*,*,#2270,.F.);
#2928=ORIENTED_EDGE('',*,*,#2271,.F.);
#2929=ORIENTED_EDGE('',*,*,#2272,.T.);
#2930=ORIENTED_EDGE('',*,*,#2273,.F.);
#2931=ORIENTED_EDGE('',*,*,#2274,.F.);
#2932=ORIENTED_EDGE('',*,*,#2275,.F.);
#2933=ORIENTED_EDGE('',*,*,#2276,.T.);
#2934=ORIENTED_EDGE('',*,*,#2277,.F.);
#2935=ORIENTED_EDGE('',*,*,#2278,.T.);
#2936=ORIENTED_EDGE('',*,*,#2279,.F.);
#2937=ORIENTED_EDGE('',*,*,#2280,.T.);
#2938=ORIENTED_EDGE('',*,*,#2281,.F.);
#2939=ORIENTED_EDGE('',*,*,#2278,.F.);
#2940=ORIENTED_EDGE('',*,*,#2282,.F.);
#2941=ORIENTED_EDGE('',*,*,#2283,.F.);
#2942=ORIENTED_EDGE('',*,*,#2284,.T.);
#2943=ORIENTED_EDGE('',*,*,#2285,.F.);
#2944=ORIENTED_EDGE('',*,*,#2276,.F.);
#2945=ORIENTED_EDGE('',*,*,#2286,.F.);
#2946=ORIENTED_EDGE('',*,*,#2287,.T.);
#2947=ORIENTED_EDGE('',*,*,#2288,.F.);
#2948=ORIENTED_EDGE('',*,*,#2284,.F.);
#2949=ORIENTED_EDGE('',*,*,#2289,.F.);
#2950=ORIENTED_EDGE('',*,*,#2290,.T.);
#2951=ORIENTED_EDGE('',*,*,#2291,.F.);
#2952=ORIENTED_EDGE('',*,*,#2287,.F.);
#2953=ORIENTED_EDGE('',*,*,#2292,.F.);
#2954=ORIENTED_EDGE('',*,*,#2293,.F.);
#2955=ORIENTED_EDGE('',*,*,#2294,.T.);
#2956=ORIENTED_EDGE('',*,*,#2295,.T.);
#2957=ORIENTED_EDGE('',*,*,#2296,.F.);
#2958=ORIENTED_EDGE('',*,*,#2297,.F.);
#2959=ORIENTED_EDGE('',*,*,#2298,.T.);
#2960=ORIENTED_EDGE('',*,*,#2293,.T.);
#2961=ORIENTED_EDGE('',*,*,#2299,.F.);
#2962=ORIENTED_EDGE('',*,*,#2295,.F.);
#2963=ORIENTED_EDGE('',*,*,#2300,.T.);
#2964=ORIENTED_EDGE('',*,*,#2297,.T.);
#2965=ORIENTED_EDGE('',*,*,#2301,.F.);
#2966=ORIENTED_EDGE('',*,*,#2302,.F.);
#2967=ORIENTED_EDGE('',*,*,#2303,.T.);
#2968=ORIENTED_EDGE('',*,*,#2304,.T.);
#2969=ORIENTED_EDGE('',*,*,#2305,.F.);
#2970=ORIENTED_EDGE('',*,*,#2306,.F.);
#2971=ORIENTED_EDGE('',*,*,#2307,.T.);
#2972=ORIENTED_EDGE('',*,*,#2302,.T.);
#2973=ORIENTED_EDGE('',*,*,#2308,.F.);
#2974=ORIENTED_EDGE('',*,*,#2304,.F.);
#2975=ORIENTED_EDGE('',*,*,#2309,.T.);
#2976=ORIENTED_EDGE('',*,*,#2306,.T.);
#2977=ORIENTED_EDGE('',*,*,#2310,.F.);
#2978=ORIENTED_EDGE('',*,*,#2311,.F.);
#2979=ORIENTED_EDGE('',*,*,#2312,.T.);
#2980=ORIENTED_EDGE('',*,*,#2313,.T.);
#2981=ORIENTED_EDGE('',*,*,#2314,.F.);
#2982=ORIENTED_EDGE('',*,*,#2315,.F.);
#2983=ORIENTED_EDGE('',*,*,#2316,.T.);
#2984=ORIENTED_EDGE('',*,*,#2311,.T.);
#2985=ORIENTED_EDGE('',*,*,#2317,.F.);
#2986=ORIENTED_EDGE('',*,*,#2313,.F.);
#2987=ORIENTED_EDGE('',*,*,#2318,.T.);
#2988=ORIENTED_EDGE('',*,*,#2315,.T.);
#2989=ORIENTED_EDGE('',*,*,#2319,.F.);
#2990=ORIENTED_EDGE('',*,*,#2320,.F.);
#2991=ORIENTED_EDGE('',*,*,#2321,.T.);
#2992=ORIENTED_EDGE('',*,*,#2322,.T.);
#2993=ORIENTED_EDGE('',*,*,#2323,.F.);
#2994=ORIENTED_EDGE('',*,*,#2324,.F.);
#2995=ORIENTED_EDGE('',*,*,#2325,.T.);
#2996=ORIENTED_EDGE('',*,*,#2320,.T.);
#2997=ORIENTED_EDGE('',*,*,#2326,.F.);
#2998=ORIENTED_EDGE('',*,*,#2322,.F.);
#2999=ORIENTED_EDGE('',*,*,#2327,.T.);
#3000=ORIENTED_EDGE('',*,*,#2324,.T.);
#3001=ORIENTED_EDGE('',*,*,#2328,.F.);
#3002=ORIENTED_EDGE('',*,*,#2329,.F.);
#3003=ORIENTED_EDGE('',*,*,#2330,.T.);
#3004=ORIENTED_EDGE('',*,*,#2331,.T.);
#3005=ORIENTED_EDGE('',*,*,#2332,.F.);
#3006=ORIENTED_EDGE('',*,*,#2333,.F.);
#3007=ORIENTED_EDGE('',*,*,#2334,.T.);
#3008=ORIENTED_EDGE('',*,*,#2329,.T.);
#3009=ORIENTED_EDGE('',*,*,#2335,.F.);
#3010=ORIENTED_EDGE('',*,*,#2331,.F.);
#3011=ORIENTED_EDGE('',*,*,#2336,.T.);
#3012=ORIENTED_EDGE('',*,*,#2333,.T.);
#3013=ORIENTED_EDGE('',*,*,#2337,.F.);
#3014=ORIENTED_EDGE('',*,*,#2338,.F.);
#3015=ORIENTED_EDGE('',*,*,#2339,.T.);
#3016=ORIENTED_EDGE('',*,*,#2340,.T.);
#3017=ORIENTED_EDGE('',*,*,#2339,.F.);
#3018=ORIENTED_EDGE('',*,*,#2341,.T.);
#3019=ORIENTED_EDGE('',*,*,#2342,.T.);
#3020=ORIENTED_EDGE('',*,*,#2343,.T.);
#3021=ORIENTED_EDGE('',*,*,#2342,.F.);
#3022=ORIENTED_EDGE('',*,*,#2344,.T.);
#3023=ORIENTED_EDGE('',*,*,#2345,.T.);
#3024=ORIENTED_EDGE('',*,*,#2346,.T.);
#3025=ORIENTED_EDGE('',*,*,#2345,.F.);
#3026=ORIENTED_EDGE('',*,*,#2347,.F.);
#3027=ORIENTED_EDGE('',*,*,#2348,.T.);
#3028=ORIENTED_EDGE('',*,*,#2349,.F.);
#3029=ORIENTED_EDGE('',*,*,#2348,.F.);
#3030=ORIENTED_EDGE('',*,*,#2350,.F.);
#3031=ORIENTED_EDGE('',*,*,#2351,.T.);
#3032=ORIENTED_EDGE('',*,*,#2352,.F.);
#3033=ORIENTED_EDGE('',*,*,#2351,.F.);
#3034=ORIENTED_EDGE('',*,*,#2353,.F.);
#3035=ORIENTED_EDGE('',*,*,#2354,.T.);
#3036=ORIENTED_EDGE('',*,*,#2355,.F.);
#3037=ORIENTED_EDGE('',*,*,#2354,.F.);
#3038=ORIENTED_EDGE('',*,*,#2356,.T.);
#3039=ORIENTED_EDGE('',*,*,#2356,.F.);
#3040=ORIENTED_EDGE('',*,*,#2357,.T.);
#3041=ORIENTED_EDGE('',*,*,#2358,.F.);
#3042=ORIENTED_EDGE('',*,*,#2357,.F.);
#3043=ORIENTED_EDGE('',*,*,#2359,.T.);
#3044=ORIENTED_EDGE('',*,*,#2359,.F.);
#3045=ORIENTED_EDGE('',*,*,#2360,.T.);
#3046=ORIENTED_EDGE('',*,*,#2361,.T.);
#3047=ORIENTED_EDGE('',*,*,#2360,.F.);
#3048=ORIENTED_EDGE('',*,*,#2362,.T.);
#3049=ORIENTED_EDGE('',*,*,#2271,.T.);
#3050=ORIENTED_EDGE('',*,*,#2363,.T.);
#3051=ORIENTED_EDGE('',*,*,#2267,.T.);
#3052=ORIENTED_EDGE('',*,*,#2364,.T.);
#3053=ORIENTED_EDGE('',*,*,#2263,.T.);
#3054=ORIENTED_EDGE('',*,*,#2262,.T.);
#3055=ORIENTED_EDGE('',*,*,#2365,.T.);
#3056=ORIENTED_EDGE('',*,*,#2253,.T.);
#3057=ORIENTED_EDGE('',*,*,#2366,.F.);
#3058=ORIENTED_EDGE('',*,*,#2286,.T.);
#3059=ORIENTED_EDGE('',*,*,#2367,.T.);
#3060=ORIENTED_EDGE('',*,*,#2300,.F.);
#3061=ORIENTED_EDGE('',*,*,#2294,.F.);
#3062=ORIENTED_EDGE('',*,*,#2298,.F.);
#3063=ORIENTED_EDGE('',*,*,#2309,.F.);
#3064=ORIENTED_EDGE('',*,*,#2303,.F.);
#3065=ORIENTED_EDGE('',*,*,#2307,.F.);
#3066=ORIENTED_EDGE('',*,*,#2318,.F.);
#3067=ORIENTED_EDGE('',*,*,#2312,.F.);
#3068=ORIENTED_EDGE('',*,*,#2316,.F.);
#3069=ORIENTED_EDGE('',*,*,#2327,.F.);
#3070=ORIENTED_EDGE('',*,*,#2321,.F.);
#3071=ORIENTED_EDGE('',*,*,#2325,.F.);
#3072=ORIENTED_EDGE('',*,*,#2336,.F.);
#3073=ORIENTED_EDGE('',*,*,#2330,.F.);
#3074=ORIENTED_EDGE('',*,*,#2334,.F.);
#3075=ORIENTED_EDGE('',*,*,#2366,.T.);
#3076=ORIENTED_EDGE('',*,*,#2257,.T.);
#3077=ORIENTED_EDGE('',*,*,#2368,.F.);
#3078=ORIENTED_EDGE('',*,*,#2249,.T.);
#3079=ORIENTED_EDGE('',*,*,#2248,.T.);
#3080=ORIENTED_EDGE('',*,*,#2369,.F.);
#3081=ORIENTED_EDGE('',*,*,#2244,.T.);
#3082=ORIENTED_EDGE('',*,*,#2370,.F.);
#3083=ORIENTED_EDGE('',*,*,#2240,.T.);
#3084=ORIENTED_EDGE('',*,*,#2371,.F.);
#3085=ORIENTED_EDGE('',*,*,#2372,.F.);
#3086=ORIENTED_EDGE('',*,*,#2289,.T.);
#3087=ORIENTED_EDGE('',*,*,#2296,.T.);
#3088=ORIENTED_EDGE('',*,*,#2301,.T.);
#3089=ORIENTED_EDGE('',*,*,#2299,.T.);
#3090=ORIENTED_EDGE('',*,*,#2305,.T.);
#3091=ORIENTED_EDGE('',*,*,#2310,.T.);
#3092=ORIENTED_EDGE('',*,*,#2308,.T.);
#3093=ORIENTED_EDGE('',*,*,#2314,.T.);
#3094=ORIENTED_EDGE('',*,*,#2319,.T.);
#3095=ORIENTED_EDGE('',*,*,#2317,.T.);
#3096=ORIENTED_EDGE('',*,*,#2323,.T.);
#3097=ORIENTED_EDGE('',*,*,#2328,.T.);
#3098=ORIENTED_EDGE('',*,*,#2326,.T.);
#3099=ORIENTED_EDGE('',*,*,#2332,.T.);
#3100=ORIENTED_EDGE('',*,*,#2337,.T.);
#3101=ORIENTED_EDGE('',*,*,#2335,.T.);
#3102=ORIENTED_EDGE('',*,*,#2373,.T.);
#3103=ORIENTED_EDGE('',*,*,#2268,.T.);
#3104=ORIENTED_EDGE('',*,*,#2362,.F.);
#3105=ORIENTED_EDGE('',*,*,#2374,.T.);
#3106=ORIENTED_EDGE('',*,*,#2375,.F.);
#3107=ORIENTED_EDGE('',*,*,#2274,.T.);
#3108=ORIENTED_EDGE('',*,*,#2371,.T.);
#3109=ORIENTED_EDGE('',*,*,#2239,.T.);
#3110=ORIENTED_EDGE('',*,*,#2376,.T.);
#3111=ORIENTED_EDGE('',*,*,#2269,.T.);
#3112=ORIENTED_EDGE('',*,*,#2373,.F.);
#3113=ORIENTED_EDGE('',*,*,#2242,.T.);
#3114=ORIENTED_EDGE('',*,*,#2344,.F.);
#3115=ORIENTED_EDGE('',*,*,#2349,.T.);
#3116=ORIENTED_EDGE('',*,*,#2377,.T.);
#3117=ORIENTED_EDGE('',*,*,#2264,.T.);
#3118=ORIENTED_EDGE('',*,*,#2363,.F.);
#3119=ORIENTED_EDGE('',*,*,#2270,.T.);
#3120=ORIENTED_EDGE('',*,*,#2376,.F.);
#3121=ORIENTED_EDGE('',*,*,#2241,.T.);
#3122=ORIENTED_EDGE('',*,*,#2370,.T.);
#3123=ORIENTED_EDGE('',*,*,#2243,.T.);
#3124=ORIENTED_EDGE('',*,*,#2378,.T.);
#3125=ORIENTED_EDGE('',*,*,#2265,.T.);
#3126=ORIENTED_EDGE('',*,*,#2377,.F.);
#3127=ORIENTED_EDGE('',*,*,#2246,.T.);
#3128=ORIENTED_EDGE('',*,*,#2350,.T.);
#3129=ORIENTED_EDGE('',*,*,#2353,.T.);
#3130=ORIENTED_EDGE('',*,*,#2379,.T.);
#3131=ORIENTED_EDGE('',*,*,#2259,.T.);
#3132=ORIENTED_EDGE('',*,*,#2364,.F.);
#3133=ORIENTED_EDGE('',*,*,#2266,.T.);
#3134=ORIENTED_EDGE('',*,*,#2378,.F.);
#3135=ORIENTED_EDGE('',*,*,#2245,.T.);
#3136=ORIENTED_EDGE('',*,*,#2369,.T.);
#3137=ORIENTED_EDGE('',*,*,#2247,.T.);
#3138=ORIENTED_EDGE('',*,*,#2380,.T.);
#3139=ORIENTED_EDGE('',*,*,#2260,.T.);
#3140=ORIENTED_EDGE('',*,*,#2379,.F.);
#3141=ORIENTED_EDGE('',*,*,#2251,.T.);
#3142=ORIENTED_EDGE('',*,*,#2361,.F.);
#3143=ORIENTED_EDGE('',*,*,#2250,.T.);
#3144=ORIENTED_EDGE('',*,*,#2368,.T.);
#3145=ORIENTED_EDGE('',*,*,#2256,.T.);
#3146=ORIENTED_EDGE('',*,*,#2381,.T.);
#3147=ORIENTED_EDGE('',*,*,#2254,.T.);
#3148=ORIENTED_EDGE('',*,*,#2365,.F.);
#3149=ORIENTED_EDGE('',*,*,#2261,.T.);
#3150=ORIENTED_EDGE('',*,*,#2380,.F.);
#3151=ORIENTED_EDGE('',*,*,#2258,.T.);
#3152=ORIENTED_EDGE('',*,*,#2255,.T.);
#3153=ORIENTED_EDGE('',*,*,#2381,.F.);
#3154=ORIENTED_EDGE('',*,*,#2382,.T.);
#3155=ORIENTED_EDGE('',*,*,#2282,.T.);
#3156=ORIENTED_EDGE('',*,*,#2277,.T.);
#3157=ORIENTED_EDGE('',*,*,#2285,.T.);
#3158=ORIENTED_EDGE('',*,*,#2288,.T.);
#3159=ORIENTED_EDGE('',*,*,#2291,.T.);
#3160=ORIENTED_EDGE('',*,*,#2383,.T.);
#3161=ORIENTED_EDGE('',*,*,#2343,.F.);
#3162=ORIENTED_EDGE('',*,*,#2346,.F.);
#3163=ORIENTED_EDGE('',*,*,#2347,.T.);
#3164=ORIENTED_EDGE('',*,*,#2352,.T.);
#3165=ORIENTED_EDGE('',*,*,#2355,.T.);
#3166=ORIENTED_EDGE('',*,*,#2358,.T.);
#3167=ORIENTED_EDGE('',*,*,#2384,.T.);
#3168=ORIENTED_EDGE('',*,*,#2385,.T.);
#3169=ORIENTED_EDGE('',*,*,#2275,.T.);
#3170=ORIENTED_EDGE('',*,*,#2375,.T.);
#3171=ORIENTED_EDGE('',*,*,#2338,.T.);
#3172=ORIENTED_EDGE('',*,*,#2341,.F.);
#3173=ORIENTED_EDGE('',*,*,#2386,.T.);
#3174=ORIENTED_EDGE('',*,*,#2387,.F.);
#3175=ORIENTED_EDGE('',*,*,#2383,.F.);
#3176=ORIENTED_EDGE('',*,*,#2290,.F.);
#3177=ORIENTED_EDGE('',*,*,#2388,.F.);
#3178=ORIENTED_EDGE('',*,*,#2389,.T.);
#3179=ORIENTED_EDGE('',*,*,#2390,.T.);
#3180=ORIENTED_EDGE('',*,*,#2388,.T.);
#3181=ORIENTED_EDGE('',*,*,#2292,.T.);
#3182=ORIENTED_EDGE('',*,*,#2372,.T.);
#3183=ORIENTED_EDGE('',*,*,#2273,.T.);
#3184=ORIENTED_EDGE('',*,*,#2391,.F.);
#3185=ORIENTED_EDGE('',*,*,#2392,.T.);
#3186=ORIENTED_EDGE('',*,*,#2367,.F.);
#3187=ORIENTED_EDGE('',*,*,#2279,.T.);
#3188=ORIENTED_EDGE('',*,*,#2281,.T.);
#3189=ORIENTED_EDGE('',*,*,#2393,.F.);
#3190=ORIENTED_EDGE('',*,*,#2394,.F.);
#3191=ORIENTED_EDGE('',*,*,#2384,.F.);
#3192=ORIENTED_EDGE('',*,*,#2374,.F.);
#3193=ORIENTED_EDGE('',*,*,#2392,.F.);
#3194=ORIENTED_EDGE('',*,*,#2395,.T.);
#3195=ORIENTED_EDGE('',*,*,#2235,.T.);
#3196=ORIENTED_EDGE('',*,*,#2396,.F.);
#3197=ORIENTED_EDGE('',*,*,#2397,.T.);
#3198=ORIENTED_EDGE('',*,*,#2398,.T.);
#3199=ORIENTED_EDGE('',*,*,#2399,.T.);
#3200=ORIENTED_EDGE('',*,*,#2398,.F.);
#3201=ORIENTED_EDGE('',*,*,#2400,.T.);
#3202=ORIENTED_EDGE('',*,*,#2401,.T.);
#3203=ORIENTED_EDGE('',*,*,#2402,.T.);
#3204=ORIENTED_EDGE('',*,*,#2401,.F.);
#3205=ORIENTED_EDGE('',*,*,#2403,.T.);
#3206=ORIENTED_EDGE('',*,*,#2396,.T.);
#3207=ORIENTED_EDGE('',*,*,#2234,.T.);
#3208=ORIENTED_EDGE('',*,*,#2404,.F.);
#3209=ORIENTED_EDGE('',*,*,#2405,.F.);
#3210=ORIENTED_EDGE('',*,*,#2406,.F.);
#3211=ORIENTED_EDGE('',*,*,#2407,.T.);
#3212=ORIENTED_EDGE('',*,*,#2408,.F.);
#3213=ORIENTED_EDGE('',*,*,#2409,.T.);
#3214=ORIENTED_EDGE('',*,*,#2410,.T.);
#3215=ORIENTED_EDGE('',*,*,#2411,.F.);
#3216=ORIENTED_EDGE('',*,*,#2412,.F.);
#3217=ORIENTED_EDGE('',*,*,#2208,.F.);
#3218=ORIENTED_EDGE('',*,*,#2413,.F.);
#3219=ORIENTED_EDGE('',*,*,#2414,.T.);
#3220=ORIENTED_EDGE('',*,*,#2415,.F.);
#3221=ORIENTED_EDGE('',*,*,#2416,.T.);
#3222=ORIENTED_EDGE('',*,*,#2417,.T.);
#3223=ORIENTED_EDGE('',*,*,#2403,.F.);
#3224=ORIENTED_EDGE('',*,*,#2400,.F.);
#3225=ORIENTED_EDGE('',*,*,#2397,.F.);
#3226=ORIENTED_EDGE('',*,*,#2418,.T.);
#3227=ORIENTED_EDGE('',*,*,#2419,.T.);
#3228=ORIENTED_EDGE('',*,*,#2420,.T.);
#3229=ORIENTED_EDGE('',*,*,#2421,.F.);
#3230=ORIENTED_EDGE('',*,*,#2422,.F.);
#3231=ORIENTED_EDGE('',*,*,#2423,.F.);
#3232=ORIENTED_EDGE('',*,*,#2424,.T.);
#3233=ORIENTED_EDGE('',*,*,#2425,.F.);
#3234=ORIENTED_EDGE('',*,*,#2426,.T.);
#3235=ORIENTED_EDGE('',*,*,#2427,.T.);
#3236=ORIENTED_EDGE('',*,*,#2406,.T.);
#3237=ORIENTED_EDGE('',*,*,#2428,.F.);
#3238=ORIENTED_EDGE('',*,*,#2429,.F.);
#3239=ORIENTED_EDGE('',*,*,#2430,.F.);
#3240=ORIENTED_EDGE('',*,*,#2431,.T.);
#3241=ORIENTED_EDGE('',*,*,#2407,.F.);
#3242=ORIENTED_EDGE('',*,*,#2427,.F.);
#3243=ORIENTED_EDGE('',*,*,#2432,.T.);
#3244=ORIENTED_EDGE('',*,*,#2433,.T.);
#3245=ORIENTED_EDGE('',*,*,#2209,.T.);
#3246=ORIENTED_EDGE('',*,*,#2412,.T.);
#3247=ORIENTED_EDGE('',*,*,#2434,.F.);
#3248=ORIENTED_EDGE('',*,*,#2435,.T.);
#3249=ORIENTED_EDGE('',*,*,#2436,.F.);
#3250=ORIENTED_EDGE('',*,*,#2437,.F.);
#3251=ORIENTED_EDGE('',*,*,#2438,.T.);
#3252=ORIENTED_EDGE('',*,*,#2408,.T.);
#3253=ORIENTED_EDGE('',*,*,#2431,.F.);
#3254=ORIENTED_EDGE('',*,*,#2439,.F.);
#3255=ORIENTED_EDGE('',*,*,#2440,.F.);
#3256=ORIENTED_EDGE('',*,*,#2441,.F.);
#3257=ORIENTED_EDGE('',*,*,#2442,.F.);
#3258=ORIENTED_EDGE('',*,*,#2443,.F.);
#3259=ORIENTED_EDGE('',*,*,#2444,.F.);
#3260=ORIENTED_EDGE('',*,*,#2445,.F.);
#3261=ORIENTED_EDGE('',*,*,#2409,.F.);
#3262=ORIENTED_EDGE('',*,*,#2438,.F.);
#3263=ORIENTED_EDGE('',*,*,#2446,.F.);
#3264=ORIENTED_EDGE('',*,*,#2447,.F.);
#3265=ORIENTED_EDGE('',*,*,#2448,.T.);
#3266=ORIENTED_EDGE('',*,*,#2449,.F.);
#3267=ORIENTED_EDGE('',*,*,#2410,.F.);
#3268=ORIENTED_EDGE('',*,*,#2447,.T.);
#3269=ORIENTED_EDGE('',*,*,#2450,.T.);
#3270=ORIENTED_EDGE('',*,*,#2451,.F.);
#3271=ORIENTED_EDGE('',*,*,#2434,.T.);
#3272=ORIENTED_EDGE('',*,*,#2411,.T.);
#3273=ORIENTED_EDGE('',*,*,#2449,.T.);
#3274=ORIENTED_EDGE('',*,*,#2452,.T.);
#3275=ORIENTED_EDGE('',*,*,#2416,.F.);
#3276=ORIENTED_EDGE('',*,*,#2453,.F.);
#3277=ORIENTED_EDGE('',*,*,#2454,.F.);
#3278=ORIENTED_EDGE('',*,*,#2455,.T.);
#3279=ORIENTED_EDGE('',*,*,#2456,.T.);
#3280=ORIENTED_EDGE('',*,*,#2457,.T.);
#3281=ORIENTED_EDGE('',*,*,#2458,.F.);
#3282=ORIENTED_EDGE('',*,*,#2459,.T.);
#3283=ORIENTED_EDGE('',*,*,#2224,.F.);
#3284=ORIENTED_EDGE('',*,*,#2459,.F.);
#3285=ORIENTED_EDGE('',*,*,#2211,.T.);
#3286=ORIENTED_EDGE('',*,*,#2460,.F.);
#3287=ORIENTED_EDGE('',*,*,#2461,.F.);
#3288=ORIENTED_EDGE('',*,*,#2462,.F.);
#3289=ORIENTED_EDGE('',*,*,#2463,.T.);
#3290=ORIENTED_EDGE('',*,*,#2464,.F.);
#3291=ORIENTED_EDGE('',*,*,#2465,.F.);
#3292=ORIENTED_EDGE('',*,*,#2466,.F.);
#3293=ORIENTED_EDGE('',*,*,#2467,.T.);
#3294=ORIENTED_EDGE('',*,*,#2468,.T.);
#3295=ORIENTED_EDGE('',*,*,#2214,.T.);
#3296=ORIENTED_EDGE('',*,*,#2469,.F.);
#3297=ORIENTED_EDGE('',*,*,#2470,.T.);
#3298=ORIENTED_EDGE('',*,*,#2471,.T.);
#3299=ORIENTED_EDGE('',*,*,#2215,.T.);
#3300=ORIENTED_EDGE('',*,*,#2468,.F.);
#3301=ORIENTED_EDGE('',*,*,#2472,.F.);
#3302=ORIENTED_EDGE('',*,*,#2473,.T.);
#3303=ORIENTED_EDGE('',*,*,#2474,.T.);
#3304=ORIENTED_EDGE('',*,*,#2216,.T.);
#3305=ORIENTED_EDGE('',*,*,#2471,.F.);
#3306=ORIENTED_EDGE('',*,*,#2475,.F.);
#3307=ORIENTED_EDGE('',*,*,#2476,.T.);
#3308=ORIENTED_EDGE('',*,*,#2228,.T.);
#3309=ORIENTED_EDGE('',*,*,#2217,.T.);
#3310=ORIENTED_EDGE('',*,*,#2474,.F.);
#3311=ORIENTED_EDGE('',*,*,#2477,.F.);
#3312=ORIENTED_EDGE('',*,*,#2478,.T.);
#3313=ORIENTED_EDGE('',*,*,#2479,.T.);
#3314=ORIENTED_EDGE('',*,*,#2460,.T.);
#3315=ORIENTED_EDGE('',*,*,#2210,.F.);
#3316=ORIENTED_EDGE('',*,*,#2433,.F.);
#3317=ORIENTED_EDGE('',*,*,#2480,.F.);
#3318=ORIENTED_EDGE('',*,*,#2425,.T.);
#3319=ORIENTED_EDGE('',*,*,#2481,.T.);
#3320=ORIENTED_EDGE('',*,*,#2482,.F.);
#3321=ORIENTED_EDGE('',*,*,#2483,.T.);
#3322=ORIENTED_EDGE('',*,*,#2484,.F.);
#3323=ORIENTED_EDGE('',*,*,#2485,.F.);
#3324=ORIENTED_EDGE('',*,*,#2486,.F.);
#3325=ORIENTED_EDGE('',*,*,#2487,.T.);
#3326=ORIENTED_EDGE('',*,*,#2418,.F.);
#3327=ORIENTED_EDGE('',*,*,#2488,.T.);
#3328=ORIENTED_EDGE('',*,*,#2444,.T.);
#3329=ORIENTED_EDGE('',*,*,#2489,.F.);
#3330=ORIENTED_EDGE('',*,*,#2419,.F.);
#3331=ORIENTED_EDGE('',*,*,#2489,.T.);
#3332=ORIENTED_EDGE('',*,*,#2443,.T.);
#3333=ORIENTED_EDGE('',*,*,#2490,.F.);
#3334=ORIENTED_EDGE('',*,*,#2420,.F.);
#3335=ORIENTED_EDGE('',*,*,#2490,.T.);
#3336=ORIENTED_EDGE('',*,*,#2445,.T.);
#3337=ORIENTED_EDGE('',*,*,#2488,.F.);
#3338=ORIENTED_EDGE('',*,*,#2491,.F.);
#3339=ORIENTED_EDGE('',*,*,#2492,.T.);
#3340=ORIENTED_EDGE('',*,*,#2482,.T.);
#3341=ORIENTED_EDGE('',*,*,#2492,.F.);
#3342=ORIENTED_EDGE('',*,*,#2423,.T.);
#3343=ORIENTED_EDGE('',*,*,#2493,.F.);
#3344=ORIENTED_EDGE('',*,*,#2494,.T.);
#3345=ORIENTED_EDGE('',*,*,#2495,.F.);
#3346=ORIENTED_EDGE('',*,*,#2496,.T.);
#3347=ORIENTED_EDGE('',*,*,#2481,.F.);
#3348=ORIENTED_EDGE('',*,*,#2424,.F.);
#3349=ORIENTED_EDGE('',*,*,#2495,.T.);
#3350=ORIENTED_EDGE('',*,*,#2426,.F.);
#3351=ORIENTED_EDGE('',*,*,#2480,.T.);
#3352=ORIENTED_EDGE('',*,*,#2439,.T.);
#3353=ORIENTED_EDGE('',*,*,#2432,.F.);
#3354=ORIENTED_EDGE('',*,*,#2497,.F.);
#3355=ORIENTED_EDGE('',*,*,#2498,.T.);
#3356=ORIENTED_EDGE('',*,*,#2428,.T.);
#3357=ORIENTED_EDGE('',*,*,#2499,.F.);
#3358=ORIENTED_EDGE('',*,*,#2500,.F.);
#3359=ORIENTED_EDGE('',*,*,#2501,.T.);
#3360=ORIENTED_EDGE('',*,*,#2429,.T.);
#3361=ORIENTED_EDGE('',*,*,#2498,.F.);
#3362=ORIENTED_EDGE('',*,*,#2502,.F.);
#3363=ORIENTED_EDGE('',*,*,#2499,.T.);
#3364=ORIENTED_EDGE('',*,*,#2430,.T.);
#3365=ORIENTED_EDGE('',*,*,#2501,.F.);
#3366=ORIENTED_EDGE('',*,*,#2456,.F.);
#3367=ORIENTED_EDGE('',*,*,#2503,.T.);
#3368=ORIENTED_EDGE('',*,*,#2440,.T.);
#3369=ORIENTED_EDGE('',*,*,#2504,.F.);
#3370=ORIENTED_EDGE('',*,*,#2455,.F.);
#3371=ORIENTED_EDGE('',*,*,#2505,.T.);
#3372=ORIENTED_EDGE('',*,*,#2441,.T.);
#3373=ORIENTED_EDGE('',*,*,#2503,.F.);
#3374=ORIENTED_EDGE('',*,*,#2457,.F.);
#3375=ORIENTED_EDGE('',*,*,#2504,.T.);
#3376=ORIENTED_EDGE('',*,*,#2442,.T.);
#3377=ORIENTED_EDGE('',*,*,#2505,.F.);
#3378=ORIENTED_EDGE('',*,*,#2452,.F.);
#3379=ORIENTED_EDGE('',*,*,#2448,.F.);
#3380=ORIENTED_EDGE('',*,*,#2506,.F.);
#3381=ORIENTED_EDGE('',*,*,#2435,.F.);
#3382=ORIENTED_EDGE('',*,*,#2436,.T.);
#3383=ORIENTED_EDGE('',*,*,#2506,.T.);
#3384=ORIENTED_EDGE('',*,*,#2451,.T.);
#3385=ORIENTED_EDGE('',*,*,#2507,.T.);
#3386=ORIENTED_EDGE('',*,*,#2446,.T.);
#3387=ORIENTED_EDGE('',*,*,#2437,.T.);
#3388=ORIENTED_EDGE('',*,*,#2507,.F.);
#3389=ORIENTED_EDGE('',*,*,#2450,.F.);
#3390=ORIENTED_EDGE('',*,*,#2458,.T.);
#3391=ORIENTED_EDGE('',*,*,#2508,.T.);
#3392=ORIENTED_EDGE('',*,*,#2509,.T.);
#3393=ORIENTED_EDGE('',*,*,#2510,.T.);
#3394=ORIENTED_EDGE('',*,*,#2511,.T.);
#3395=ORIENTED_EDGE('',*,*,#2512,.T.);
#3396=ORIENTED_EDGE('',*,*,#2513,.T.);
#3397=ORIENTED_EDGE('',*,*,#2514,.T.);
#3398=ORIENTED_EDGE('',*,*,#2515,.T.);
#3399=ORIENTED_EDGE('',*,*,#2516,.T.);
#3400=ORIENTED_EDGE('',*,*,#2517,.T.);
#3401=ORIENTED_EDGE('',*,*,#2518,.T.);
#3402=ORIENTED_EDGE('',*,*,#2519,.T.);
#3403=ORIENTED_EDGE('',*,*,#2520,.F.);
#3404=ORIENTED_EDGE('',*,*,#2521,.F.);
#3405=ORIENTED_EDGE('',*,*,#2522,.F.);
#3406=ORIENTED_EDGE('',*,*,#2523,.F.);
#3407=ORIENTED_EDGE('',*,*,#2524,.T.);
#3408=ORIENTED_EDGE('',*,*,#2464,.T.);
#3409=ORIENTED_EDGE('',*,*,#2525,.F.);
#3410=ORIENTED_EDGE('',*,*,#2526,.F.);
#3411=ORIENTED_EDGE('',*,*,#2527,.T.);
#3412=ORIENTED_EDGE('',*,*,#2465,.T.);
#3413=ORIENTED_EDGE('',*,*,#2524,.F.);
#3414=ORIENTED_EDGE('',*,*,#2528,.F.);
#3415=ORIENTED_EDGE('',*,*,#2525,.T.);
#3416=ORIENTED_EDGE('',*,*,#2466,.T.);
#3417=ORIENTED_EDGE('',*,*,#2527,.F.);
#3418=ORIENTED_EDGE('',*,*,#2461,.T.);
#3419=ORIENTED_EDGE('',*,*,#2479,.F.);
#3420=ORIENTED_EDGE('',*,*,#2529,.F.);
#3421=ORIENTED_EDGE('',*,*,#2530,.T.);
#3422=ORIENTED_EDGE('',*,*,#2531,.T.);
#3423=ORIENTED_EDGE('',*,*,#2462,.T.);
#3424=ORIENTED_EDGE('',*,*,#2530,.F.);
#3425=ORIENTED_EDGE('',*,*,#2532,.F.);
#3426=ORIENTED_EDGE('',*,*,#2529,.T.);
#3427=ORIENTED_EDGE('',*,*,#2478,.F.);
#3428=ORIENTED_EDGE('',*,*,#2496,.F.);
#3429=ORIENTED_EDGE('',*,*,#2494,.F.);
#3430=ORIENTED_EDGE('',*,*,#2533,.T.);
#3431=ORIENTED_EDGE('',*,*,#2532,.T.);
#3432=ORIENTED_EDGE('',*,*,#2173,.T.);
#3433=ORIENTED_EDGE('',*,*,#2475,.T.);
#3434=ORIENTED_EDGE('',*,*,#2472,.T.);
#3435=ORIENTED_EDGE('',*,*,#2467,.F.);
#3436=ORIENTED_EDGE('',*,*,#2534,.T.);
#3437=ORIENTED_EDGE('',*,*,#2229,.T.);
#3438=ORIENTED_EDGE('',*,*,#2477,.T.);
#3439=ORIENTED_EDGE('',*,*,#2473,.F.);
#3440=ORIENTED_EDGE('',*,*,#2535,.T.);
#3441=ORIENTED_EDGE('',*,*,#2199,.T.);
#3442=ORIENTED_EDGE('',*,*,#2174,.T.);
#3443=ORIENTED_EDGE('',*,*,#2179,.F.);
#3444=ORIENTED_EDGE('',*,*,#2536,.T.);
#3445=ORIENTED_EDGE('',*,*,#2487,.F.);
#3446=ORIENTED_EDGE('',*,*,#2537,.F.);
#3447=ORIENTED_EDGE('',*,*,#2538,.F.);
#3448=ORIENTED_EDGE('',*,*,#2539,.T.);
#3449=ORIENTED_EDGE('',*,*,#2540,.T.);
#3450=ORIENTED_EDGE('',*,*,#2541,.F.);
#3451=ORIENTED_EDGE('',*,*,#2542,.F.);
#3452=ORIENTED_EDGE('',*,*,#2541,.T.);
#3453=ORIENTED_EDGE('',*,*,#2543,.T.);
#3454=ORIENTED_EDGE('',*,*,#2544,.F.);
#3455=ORIENTED_EDGE('',*,*,#2545,.T.);
#3456=ORIENTED_EDGE('',*,*,#2546,.F.);
#3457=ORIENTED_EDGE('',*,*,#2547,.F.);
#3458=ORIENTED_EDGE('',*,*,#2546,.T.);
#3459=ORIENTED_EDGE('',*,*,#2548,.T.);
#3460=ORIENTED_EDGE('',*,*,#2549,.F.);
#3461=ORIENTED_EDGE('',*,*,#2550,.F.);
#3462=ORIENTED_EDGE('',*,*,#2551,.T.);
#3463=ORIENTED_EDGE('',*,*,#2549,.T.);
#3464=ORIENTED_EDGE('',*,*,#2552,.T.);
#3465=ORIENTED_EDGE('',*,*,#2553,.T.);
#3466=ORIENTED_EDGE('',*,*,#2554,.T.);
#3467=ORIENTED_EDGE('',*,*,#2555,.F.);
#3468=ORIENTED_EDGE('',*,*,#2552,.F.);
#3469=ORIENTED_EDGE('',*,*,#2556,.F.);
#3470=ORIENTED_EDGE('',*,*,#2554,.F.);
#3471=ORIENTED_EDGE('',*,*,#2539,.F.);
#3472=ORIENTED_EDGE('',*,*,#2557,.F.);
#3473=ORIENTED_EDGE('',*,*,#2558,.F.);
#3474=ORIENTED_EDGE('',*,*,#2559,.F.);
#3475=ORIENTED_EDGE('',*,*,#2500,.T.);
#3476=ORIENTED_EDGE('',*,*,#2497,.T.);
#3477=ORIENTED_EDGE('',*,*,#2502,.T.);
#3478=ORIENTED_EDGE('',*,*,#2508,.F.);
#3479=ORIENTED_EDGE('',*,*,#2560,.F.);
#3480=ORIENTED_EDGE('',*,*,#2561,.T.);
#3481=ORIENTED_EDGE('',*,*,#2562,.T.);
#3482=ORIENTED_EDGE('',*,*,#2509,.F.);
#3483=ORIENTED_EDGE('',*,*,#2562,.F.);
#3484=ORIENTED_EDGE('',*,*,#2563,.T.);
#3485=ORIENTED_EDGE('',*,*,#2564,.T.);
#3486=ORIENTED_EDGE('',*,*,#2510,.F.);
#3487=ORIENTED_EDGE('',*,*,#2564,.F.);
#3488=ORIENTED_EDGE('',*,*,#2565,.T.);
#3489=ORIENTED_EDGE('',*,*,#2560,.T.);
#3490=ORIENTED_EDGE('',*,*,#2511,.F.);
#3491=ORIENTED_EDGE('',*,*,#2566,.F.);
#3492=ORIENTED_EDGE('',*,*,#2567,.T.);
#3493=ORIENTED_EDGE('',*,*,#2568,.T.);
#3494=ORIENTED_EDGE('',*,*,#2512,.F.);
#3495=ORIENTED_EDGE('',*,*,#2568,.F.);
#3496=ORIENTED_EDGE('',*,*,#2569,.T.);
#3497=ORIENTED_EDGE('',*,*,#2570,.T.);
#3498=ORIENTED_EDGE('',*,*,#2513,.F.);
#3499=ORIENTED_EDGE('',*,*,#2570,.F.);
#3500=ORIENTED_EDGE('',*,*,#2571,.T.);
#3501=ORIENTED_EDGE('',*,*,#2566,.T.);
#3502=ORIENTED_EDGE('',*,*,#2514,.F.);
#3503=ORIENTED_EDGE('',*,*,#2572,.F.);
#3504=ORIENTED_EDGE('',*,*,#2573,.T.);
#3505=ORIENTED_EDGE('',*,*,#2574,.T.);
#3506=ORIENTED_EDGE('',*,*,#2515,.F.);
#3507=ORIENTED_EDGE('',*,*,#2574,.F.);
#3508=ORIENTED_EDGE('',*,*,#2575,.T.);
#3509=ORIENTED_EDGE('',*,*,#2576,.T.);
#3510=ORIENTED_EDGE('',*,*,#2516,.F.);
#3511=ORIENTED_EDGE('',*,*,#2576,.F.);
#3512=ORIENTED_EDGE('',*,*,#2577,.T.);
#3513=ORIENTED_EDGE('',*,*,#2572,.T.);
#3514=ORIENTED_EDGE('',*,*,#2517,.F.);
#3515=ORIENTED_EDGE('',*,*,#2578,.F.);
#3516=ORIENTED_EDGE('',*,*,#2579,.T.);
#3517=ORIENTED_EDGE('',*,*,#2580,.T.);
#3518=ORIENTED_EDGE('',*,*,#2518,.F.);
#3519=ORIENTED_EDGE('',*,*,#2580,.F.);
#3520=ORIENTED_EDGE('',*,*,#2581,.T.);
#3521=ORIENTED_EDGE('',*,*,#2582,.T.);
#3522=ORIENTED_EDGE('',*,*,#2519,.F.);
#3523=ORIENTED_EDGE('',*,*,#2582,.F.);
#3524=ORIENTED_EDGE('',*,*,#2583,.T.);
#3525=ORIENTED_EDGE('',*,*,#2578,.T.);
#3526=ORIENTED_EDGE('',*,*,#2584,.F.);
#3527=ORIENTED_EDGE('',*,*,#2520,.T.);
#3528=ORIENTED_EDGE('',*,*,#2585,.T.);
#3529=ORIENTED_EDGE('',*,*,#2586,.T.);
#3530=ORIENTED_EDGE('',*,*,#2587,.F.);
#3531=ORIENTED_EDGE('',*,*,#2521,.T.);
#3532=ORIENTED_EDGE('',*,*,#2584,.T.);
#3533=ORIENTED_EDGE('',*,*,#2588,.T.);
#3534=ORIENTED_EDGE('',*,*,#2585,.F.);
#3535=ORIENTED_EDGE('',*,*,#2522,.T.);
#3536=ORIENTED_EDGE('',*,*,#2587,.T.);
#3537=ORIENTED_EDGE('',*,*,#2589,.T.);
#3538=ORIENTED_EDGE('',*,*,#2590,.F.);
#3539=ORIENTED_EDGE('',*,*,#2591,.F.);
#3540=ORIENTED_EDGE('',*,*,#2592,.F.);
#3541=ORIENTED_EDGE('',*,*,#2526,.T.);
#3542=ORIENTED_EDGE('',*,*,#2523,.T.);
#3543=ORIENTED_EDGE('',*,*,#2528,.T.);
#3544=ORIENTED_EDGE('',*,*,#2593,.F.);
#3545=ORIENTED_EDGE('',*,*,#2594,.T.);
#3546=ORIENTED_EDGE('',*,*,#2595,.F.);
#3547=ORIENTED_EDGE('',*,*,#2557,.T.);
#3548=ORIENTED_EDGE('',*,*,#2596,.T.);
#3549=ORIENTED_EDGE('',*,*,#2597,.F.);
#3550=ORIENTED_EDGE('',*,*,#2596,.F.);
#3551=ORIENTED_EDGE('',*,*,#2559,.T.);
#3552=ORIENTED_EDGE('',*,*,#2598,.T.);
#3553=ORIENTED_EDGE('',*,*,#2599,.T.);
#3554=ORIENTED_EDGE('',*,*,#2595,.T.);
#3555=ORIENTED_EDGE('',*,*,#2600,.T.);
#3556=ORIENTED_EDGE('',*,*,#2598,.F.);
#3557=ORIENTED_EDGE('',*,*,#2558,.T.);
#3558=ORIENTED_EDGE('',*,*,#2590,.T.);
#3559=ORIENTED_EDGE('',*,*,#2601,.T.);
#3560=ORIENTED_EDGE('',*,*,#2169,.T.);
#3561=ORIENTED_EDGE('',*,*,#2602,.T.);
#3562=ORIENTED_EDGE('',*,*,#2161,.T.);
#3563=ORIENTED_EDGE('',*,*,#2603,.F.);
#3564=ORIENTED_EDGE('',*,*,#2592,.T.);
#3565=ORIENTED_EDGE('',*,*,#2604,.T.);
#3566=ORIENTED_EDGE('',*,*,#2159,.T.);
#3567=ORIENTED_EDGE('',*,*,#2156,.T.);
#3568=ORIENTED_EDGE('',*,*,#2145,.T.);
#3569=ORIENTED_EDGE('',*,*,#2170,.T.);
#3570=ORIENTED_EDGE('',*,*,#2601,.F.);
#3571=ORIENTED_EDGE('',*,*,#2591,.T.);
#3572=ORIENTED_EDGE('',*,*,#2603,.T.);
#3573=ORIENTED_EDGE('',*,*,#2160,.T.);
#3574=ORIENTED_EDGE('',*,*,#2604,.F.);
#3575=ORIENTED_EDGE('',*,*,#2605,.F.);
#3576=ORIENTED_EDGE('',*,*,#2606,.F.);
#3577=ORIENTED_EDGE('',*,*,#2540,.F.);
#3578=ORIENTED_EDGE('',*,*,#2553,.F.);
#3579=ORIENTED_EDGE('',*,*,#2548,.F.);
#3580=ORIENTED_EDGE('',*,*,#2607,.F.);
#3581=ORIENTED_EDGE('',*,*,#2608,.F.);
#3582=ORIENTED_EDGE('',*,*,#2609,.F.);
#3583=ORIENTED_EDGE('',*,*,#2610,.F.);
#3584=ORIENTED_EDGE('',*,*,#2611,.F.);
#3585=ORIENTED_EDGE('',*,*,#2612,.F.);
#3586=ORIENTED_EDGE('',*,*,#2613,.F.);
#3587=ORIENTED_EDGE('',*,*,#2614,.T.);
#3588=ORIENTED_EDGE('',*,*,#2615,.F.);
#3589=ORIENTED_EDGE('',*,*,#2616,.F.);
#3590=ORIENTED_EDGE('',*,*,#2617,.T.);
#3591=ORIENTED_EDGE('',*,*,#2618,.F.);
#3592=ORIENTED_EDGE('',*,*,#2619,.F.);
#3593=ORIENTED_EDGE('',*,*,#2620,.T.);
#3594=ORIENTED_EDGE('',*,*,#2589,.F.);
#3595=ORIENTED_EDGE('',*,*,#2588,.F.);
#3596=ORIENTED_EDGE('',*,*,#2586,.F.);
#3597=ORIENTED_EDGE('',*,*,#2621,.F.);
#3598=ORIENTED_EDGE('',*,*,#2622,.F.);
#3599=ORIENTED_EDGE('',*,*,#2623,.T.);
#3600=ORIENTED_EDGE('',*,*,#2543,.F.);
#3601=ORIENTED_EDGE('',*,*,#2606,.T.);
#3602=ORIENTED_EDGE('',*,*,#2624,.F.);
#3603=ORIENTED_EDGE('',*,*,#2625,.F.);
#3604=ORIENTED_EDGE('',*,*,#2544,.T.);
#3605=ORIENTED_EDGE('',*,*,#2625,.T.);
#3606=ORIENTED_EDGE('',*,*,#2626,.T.);
#3607=ORIENTED_EDGE('',*,*,#2627,.T.);
#3608=ORIENTED_EDGE('',*,*,#2628,.T.);
#3609=ORIENTED_EDGE('',*,*,#2629,.T.);
#3610=ORIENTED_EDGE('',*,*,#2630,.T.);
#3611=ORIENTED_EDGE('',*,*,#2631,.T.);
#3612=ORIENTED_EDGE('',*,*,#2632,.F.);
#3613=ORIENTED_EDGE('',*,*,#2607,.T.);
#3614=ORIENTED_EDGE('',*,*,#2545,.F.);
#3615=ORIENTED_EDGE('',*,*,#2631,.F.);
#3616=ORIENTED_EDGE('',*,*,#2561,.F.);
#3617=ORIENTED_EDGE('',*,*,#2565,.F.);
#3618=ORIENTED_EDGE('',*,*,#2563,.F.);
#3619=ORIENTED_EDGE('',*,*,#2633,.T.);
#3620=ORIENTED_EDGE('',*,*,#2634,.T.);
#3621=ORIENTED_EDGE('',*,*,#2635,.F.);
#3622=ORIENTED_EDGE('',*,*,#2567,.F.);
#3623=ORIENTED_EDGE('',*,*,#2571,.F.);
#3624=ORIENTED_EDGE('',*,*,#2569,.F.);
#3625=ORIENTED_EDGE('',*,*,#2636,.T.);
#3626=ORIENTED_EDGE('',*,*,#2637,.T.);
#3627=ORIENTED_EDGE('',*,*,#2638,.F.);
#3628=ORIENTED_EDGE('',*,*,#2573,.F.);
#3629=ORIENTED_EDGE('',*,*,#2577,.F.);
#3630=ORIENTED_EDGE('',*,*,#2575,.F.);
#3631=ORIENTED_EDGE('',*,*,#2639,.T.);
#3632=ORIENTED_EDGE('',*,*,#2640,.T.);
#3633=ORIENTED_EDGE('',*,*,#2641,.F.);
#3634=ORIENTED_EDGE('',*,*,#2579,.F.);
#3635=ORIENTED_EDGE('',*,*,#2583,.F.);
#3636=ORIENTED_EDGE('',*,*,#2581,.F.);
#3637=ORIENTED_EDGE('',*,*,#2642,.T.);
#3638=ORIENTED_EDGE('',*,*,#2643,.T.);
#3639=ORIENTED_EDGE('',*,*,#2644,.F.);
#3640=ORIENTED_EDGE('',*,*,#2626,.F.);
#3641=ORIENTED_EDGE('',*,*,#2624,.T.);
#3642=ORIENTED_EDGE('',*,*,#2605,.T.);
#3643=ORIENTED_EDGE('',*,*,#2645,.T.);
#3644=ORIENTED_EDGE('',*,*,#2608,.T.);
#3645=ORIENTED_EDGE('',*,*,#2632,.T.);
#3646=ORIENTED_EDGE('',*,*,#2630,.F.);
#3647=ORIENTED_EDGE('',*,*,#2646,.F.);
#3648=ORIENTED_EDGE('',*,*,#2629,.F.);
#3649=ORIENTED_EDGE('',*,*,#2647,.T.);
#3650=ORIENTED_EDGE('',*,*,#2609,.T.);
#3651=ORIENTED_EDGE('',*,*,#2646,.T.);
#3652=ORIENTED_EDGE('',*,*,#2648,.F.);
#3653=ORIENTED_EDGE('',*,*,#2610,.T.);
#3654=ORIENTED_EDGE('',*,*,#2647,.F.);
#3655=ORIENTED_EDGE('',*,*,#2628,.F.);
#3656=ORIENTED_EDGE('',*,*,#2611,.T.);
#3657=ORIENTED_EDGE('',*,*,#2648,.T.);
#3658=ORIENTED_EDGE('',*,*,#2627,.F.);
#3659=ORIENTED_EDGE('',*,*,#2645,.F.);
#3660=ORIENTED_EDGE('',*,*,#2649,.T.);
#3661=ORIENTED_EDGE('',*,*,#2612,.T.);
#3662=ORIENTED_EDGE('',*,*,#2650,.F.);
#3663=ORIENTED_EDGE('',*,*,#2643,.F.);
#3664=ORIENTED_EDGE('',*,*,#2651,.T.);
#3665=ORIENTED_EDGE('',*,*,#2613,.T.);
#3666=ORIENTED_EDGE('',*,*,#2649,.F.);
#3667=ORIENTED_EDGE('',*,*,#2642,.F.);
#3668=ORIENTED_EDGE('',*,*,#2644,.T.);
#3669=ORIENTED_EDGE('',*,*,#2650,.T.);
#3670=ORIENTED_EDGE('',*,*,#2614,.F.);
#3671=ORIENTED_EDGE('',*,*,#2651,.F.);
#3672=ORIENTED_EDGE('',*,*,#2652,.T.);
#3673=ORIENTED_EDGE('',*,*,#2615,.T.);
#3674=ORIENTED_EDGE('',*,*,#2653,.F.);
#3675=ORIENTED_EDGE('',*,*,#2637,.F.);
#3676=ORIENTED_EDGE('',*,*,#2654,.T.);
#3677=ORIENTED_EDGE('',*,*,#2616,.T.);
#3678=ORIENTED_EDGE('',*,*,#2652,.F.);
#3679=ORIENTED_EDGE('',*,*,#2636,.F.);
#3680=ORIENTED_EDGE('',*,*,#2638,.T.);
#3681=ORIENTED_EDGE('',*,*,#2653,.T.);
#3682=ORIENTED_EDGE('',*,*,#2617,.F.);
#3683=ORIENTED_EDGE('',*,*,#2654,.F.);
#3684=ORIENTED_EDGE('',*,*,#2655,.T.);
#3685=ORIENTED_EDGE('',*,*,#2618,.T.);
#3686=ORIENTED_EDGE('',*,*,#2656,.F.);
#3687=ORIENTED_EDGE('',*,*,#2634,.F.);
#3688=ORIENTED_EDGE('',*,*,#2657,.T.);
#3689=ORIENTED_EDGE('',*,*,#2619,.T.);
#3690=ORIENTED_EDGE('',*,*,#2655,.F.);
#3691=ORIENTED_EDGE('',*,*,#2633,.F.);
#3692=ORIENTED_EDGE('',*,*,#2635,.T.);
#3693=ORIENTED_EDGE('',*,*,#2656,.T.);
#3694=ORIENTED_EDGE('',*,*,#2620,.F.);
#3695=ORIENTED_EDGE('',*,*,#2657,.F.);
#3696=ORIENTED_EDGE('',*,*,#2658,.T.);
#3697=ORIENTED_EDGE('',*,*,#2621,.T.);
#3698=ORIENTED_EDGE('',*,*,#2659,.F.);
#3699=ORIENTED_EDGE('',*,*,#2640,.F.);
#3700=ORIENTED_EDGE('',*,*,#2660,.T.);
#3701=ORIENTED_EDGE('',*,*,#2622,.T.);
#3702=ORIENTED_EDGE('',*,*,#2658,.F.);
#3703=ORIENTED_EDGE('',*,*,#2639,.F.);
#3704=ORIENTED_EDGE('',*,*,#2641,.T.);
#3705=ORIENTED_EDGE('',*,*,#2659,.T.);
#3706=ORIENTED_EDGE('',*,*,#2623,.F.);
#3707=ORIENTED_EDGE('',*,*,#2660,.F.);
#3708=ORIENTED_EDGE('',*,*,#2661,.F.);
#3709=ORIENTED_EDGE('',*,*,#2232,.T.);
#3710=ORIENTED_EDGE('',*,*,#2662,.T.);
#3711=ORIENTED_EDGE('',*,*,#2663,.T.);
#3712=ORIENTED_EDGE('',*,*,#2485,.T.);
#3713=ORIENTED_EDGE('',*,*,#2664,.F.);
#3714=ORIENTED_EDGE('',*,*,#2665,.F.);
#3715=ORIENTED_EDGE('',*,*,#2666,.T.);
#3716=ORIENTED_EDGE('',*,*,#2667,.F.);
#3717=ORIENTED_EDGE('',*,*,#2668,.T.);
#3718=ORIENTED_EDGE('',*,*,#2669,.F.);
#3719=ORIENTED_EDGE('',*,*,#2670,.T.);
#3720=ORIENTED_EDGE('',*,*,#2671,.F.);
#3721=ORIENTED_EDGE('',*,*,#2667,.T.);
#3722=ORIENTED_EDGE('',*,*,#2672,.F.);
#3723=ORIENTED_EDGE('',*,*,#2236,.F.);
#3724=ORIENTED_EDGE('',*,*,#2395,.F.);
#3725=ORIENTED_EDGE('',*,*,#2399,.F.);
#3726=ORIENTED_EDGE('',*,*,#2402,.F.);
#3727=ORIENTED_EDGE('',*,*,#2233,.F.);
#3728=ORIENTED_EDGE('',*,*,#2661,.T.);
#3729=ORIENTED_EDGE('',*,*,#2673,.T.);
#3730=ORIENTED_EDGE('',*,*,#2674,.T.);
#3731=ORIENTED_EDGE('',*,*,#2671,.T.);
#3732=ORIENTED_EDGE('',*,*,#2664,.T.);
#3733=ORIENTED_EDGE('',*,*,#2484,.T.);
#3734=ORIENTED_EDGE('',*,*,#2675,.T.);
#3735=ORIENTED_EDGE('',*,*,#2676,.F.);
#3736=ORIENTED_EDGE('',*,*,#2677,.F.);
#3737=ORIENTED_EDGE('',*,*,#2678,.F.);
#3738=ORIENTED_EDGE('',*,*,#2668,.F.);
#3739=ORIENTED_EDGE('',*,*,#2674,.F.);
#3740=ORIENTED_EDGE('',*,*,#2679,.F.);
#3741=ORIENTED_EDGE('',*,*,#2680,.F.);
#3742=ORIENTED_EDGE('',*,*,#2390,.F.);
#3743=ORIENTED_EDGE('',*,*,#2681,.F.);
#3744=ORIENTED_EDGE('',*,*,#2670,.F.);
#3745=ORIENTED_EDGE('',*,*,#2682,.F.);
#3746=ORIENTED_EDGE('',*,*,#2683,.F.);
#3747=ORIENTED_EDGE('',*,*,#2469,.T.);
#3748=ORIENTED_EDGE('',*,*,#2213,.T.);
#3749=ORIENTED_EDGE('',*,*,#2684,.F.);
#3750=ORIENTED_EDGE('',*,*,#2163,.T.);
#3751=ORIENTED_EDGE('',*,*,#2685,.F.);
#3752=ORIENTED_EDGE('',*,*,#2162,.F.);
#3753=ORIENTED_EDGE('',*,*,#2602,.F.);
#3754=ORIENTED_EDGE('',*,*,#2168,.F.);
#3755=ORIENTED_EDGE('',*,*,#2686,.T.);
#3756=ORIENTED_EDGE('',*,*,#2687,.T.);
#3757=ORIENTED_EDGE('',*,*,#2688,.F.);
#3758=ORIENTED_EDGE('',*,*,#2689,.T.);
#3759=ORIENTED_EDGE('',*,*,#2690,.F.);
#3760=ORIENTED_EDGE('',*,*,#2687,.F.);
#3761=ORIENTED_EDGE('',*,*,#2691,.T.);
#3762=ORIENTED_EDGE('',*,*,#2692,.F.);
#3763=ORIENTED_EDGE('',*,*,#2693,.F.);
#3764=ORIENTED_EDGE('',*,*,#2694,.F.);
#3765=ORIENTED_EDGE('',*,*,#2280,.F.);
#3766=ORIENTED_EDGE('',*,*,#2695,.T.);
#3767=ORIENTED_EDGE('',*,*,#2696,.F.);
#3768=ORIENTED_EDGE('',*,*,#2695,.F.);
#3769=ORIENTED_EDGE('',*,*,#2283,.T.);
#3770=ORIENTED_EDGE('',*,*,#2382,.F.);
#3771=ORIENTED_EDGE('',*,*,#2387,.T.);
#3772=ORIENTED_EDGE('',*,*,#2697,.T.);
#3773=ORIENTED_EDGE('',*,*,#2340,.F.);
#3774=ORIENTED_EDGE('',*,*,#2491,.T.);
#3775=ORIENTED_EDGE('',*,*,#2698,.F.);
#3776=ORIENTED_EDGE('',*,*,#2699,.F.);
#3777=ORIENTED_EDGE('',*,*,#2697,.F.);
#3778=ORIENTED_EDGE('',*,*,#2386,.F.);
#3779=ORIENTED_EDGE('',*,*,#2680,.T.);
#3780=ORIENTED_EDGE('',*,*,#2700,.F.);
#3781=ORIENTED_EDGE('',*,*,#2698,.T.);
#3782=ORIENTED_EDGE('',*,*,#2701,.F.);
#3783=ORIENTED_EDGE('',*,*,#2702,.F.);
#3784=ORIENTED_EDGE('',*,*,#2693,.T.);
#3785=ORIENTED_EDGE('',*,*,#2703,.F.);
#3786=ORIENTED_EDGE('',*,*,#2682,.T.);
#3787=ORIENTED_EDGE('',*,*,#2685,.T.);
#3788=ORIENTED_EDGE('',*,*,#2704,.F.);
#3789=ORIENTED_EDGE('',*,*,#2705,.T.);
#3790=ORIENTED_EDGE('',*,*,#2702,.T.);
#3791=ORIENTED_EDGE('',*,*,#2706,.T.);
#3792=ORIENTED_EDGE('',*,*,#2707,.F.);
#3793=ORIENTED_EDGE('',*,*,#2708,.T.);
#3794=ORIENTED_EDGE('',*,*,#2709,.T.);
#3795=ORIENTED_EDGE('',*,*,#2704,.T.);
#3796=ORIENTED_EDGE('',*,*,#2690,.T.);
#3797=ORIENTED_EDGE('',*,*,#2707,.T.);
#3798=ORIENTED_EDGE('',*,*,#2700,.T.);
#3799=ORIENTED_EDGE('',*,*,#2710,.T.);
#3800=ORIENTED_EDGE('',*,*,#2711,.F.);
#3801=ORIENTED_EDGE('',*,*,#2699,.T.);
#3802=ORIENTED_EDGE('',*,*,#2711,.T.);
#3803=ORIENTED_EDGE('',*,*,#2712,.T.);
#3804=ORIENTED_EDGE('',*,*,#2713,.F.);
#3805=ORIENTED_EDGE('',*,*,#2696,.T.);
#3806=ORIENTED_EDGE('',*,*,#2703,.T.);
#3807=ORIENTED_EDGE('',*,*,#2692,.T.);
#3808=ORIENTED_EDGE('',*,*,#2713,.T.);
#3809=ORIENTED_EDGE('',*,*,#2714,.T.);
#3810=ORIENTED_EDGE('',*,*,#2701,.T.);
#3811=ORIENTED_EDGE('',*,*,#2679,.T.);
#3812=ORIENTED_EDGE('',*,*,#2669,.T.);
#3813=ORIENTED_EDGE('',*,*,#2678,.T.);
#3814=ORIENTED_EDGE('',*,*,#2715,.F.);
#3815=ORIENTED_EDGE('',*,*,#2716,.T.);
#3816=ORIENTED_EDGE('',*,*,#2717,.F.);
#3817=ORIENTED_EDGE('',*,*,#2718,.T.);
#3818=ORIENTED_EDGE('',*,*,#2715,.T.);
#3819=ORIENTED_EDGE('',*,*,#2677,.T.);
#3820=ORIENTED_EDGE('',*,*,#2719,.T.);
#3821=ORIENTED_EDGE('',*,*,#2393,.T.);
#3822=ORIENTED_EDGE('',*,*,#2694,.T.);
#3823=ORIENTED_EDGE('',*,*,#2708,.F.);
#3824=ORIENTED_EDGE('',*,*,#2689,.F.);
#3825=ORIENTED_EDGE('',*,*,#2720,.T.);
#3826=ORIENTED_EDGE('',*,*,#2721,.F.);
#3827=ORIENTED_EDGE('',*,*,#2691,.F.);
#3828=ORIENTED_EDGE('',*,*,#2686,.F.);
#3829=ORIENTED_EDGE('',*,*,#2167,.F.);
#3830=ORIENTED_EDGE('',*,*,#2722,.F.);
#3831=ORIENTED_EDGE('',*,*,#2723,.F.);
#3832=ORIENTED_EDGE('',*,*,#2724,.F.);
#3833=ORIENTED_EDGE('',*,*,#2599,.F.);
#3834=ORIENTED_EDGE('',*,*,#2600,.F.);
#3835=ORIENTED_EDGE('',*,*,#2594,.F.);
#3836=ORIENTED_EDGE('',*,*,#2725,.F.);
#3837=ORIENTED_EDGE('',*,*,#2726,.F.);
#3838=ORIENTED_EDGE('',*,*,#2727,.F.);
#3839=ORIENTED_EDGE('',*,*,#2212,.F.);
#3840=ORIENTED_EDGE('',*,*,#2463,.F.);
#3841=ORIENTED_EDGE('',*,*,#2531,.F.);
#3842=ORIENTED_EDGE('',*,*,#2533,.F.);
#3843=ORIENTED_EDGE('',*,*,#2493,.T.);
#3844=ORIENTED_EDGE('',*,*,#2422,.T.);
#3845=ORIENTED_EDGE('',*,*,#2728,.F.);
#3846=ORIENTED_EDGE('',*,*,#2729,.F.);
#3847=ORIENTED_EDGE('',*,*,#2389,.F.);
#3848=ORIENTED_EDGE('',*,*,#2272,.F.);
#3849=ORIENTED_EDGE('',*,*,#2385,.F.);
#3850=ORIENTED_EDGE('',*,*,#2394,.T.);
#3851=ORIENTED_EDGE('',*,*,#2391,.T.);
#3852=ORIENTED_EDGE('',*,*,#2730,.F.);
#3853=ORIENTED_EDGE('',*,*,#2731,.F.);
#3854=ORIENTED_EDGE('',*,*,#2732,.F.);
#3855=ORIENTED_EDGE('',*,*,#2728,.T.);
#3856=ORIENTED_EDGE('',*,*,#2421,.T.);
#3857=ORIENTED_EDGE('',*,*,#2405,.T.);
#3858=ORIENTED_EDGE('',*,*,#2733,.F.);
#3859=ORIENTED_EDGE('',*,*,#2734,.F.);
#3860=ORIENTED_EDGE('',*,*,#2723,.T.);
#3861=ORIENTED_EDGE('',*,*,#2735,.F.);
#3862=ORIENTED_EDGE('',*,*,#2726,.T.);
#3863=ORIENTED_EDGE('',*,*,#2732,.T.);
#3864=ORIENTED_EDGE('',*,*,#2736,.F.);
#3865=ORIENTED_EDGE('',*,*,#2165,.T.);
#3866=ORIENTED_EDGE('',*,*,#2164,.T.);
#3867=ORIENTED_EDGE('',*,*,#2684,.T.);
#3868=ORIENTED_EDGE('',*,*,#2727,.T.);
#3869=ORIENTED_EDGE('',*,*,#2735,.T.);
#3870=ORIENTED_EDGE('',*,*,#2722,.T.);
#3871=ORIENTED_EDGE('',*,*,#2166,.T.);
#3872=ORIENTED_EDGE('',*,*,#2597,.T.);
#3873=ORIENTED_EDGE('',*,*,#2724,.T.);
#3874=ORIENTED_EDGE('',*,*,#2736,.T.);
#3875=ORIENTED_EDGE('',*,*,#2731,.T.);
#3876=ORIENTED_EDGE('',*,*,#2737,.F.);
#3877=ORIENTED_EDGE('',*,*,#2725,.T.);
#3878=ORIENTED_EDGE('',*,*,#2593,.T.);
#3879=ORIENTED_EDGE('',*,*,#2730,.T.);
#3880=ORIENTED_EDGE('',*,*,#2720,.F.);
#3881=ORIENTED_EDGE('',*,*,#2688,.T.);
#3882=ORIENTED_EDGE('',*,*,#2721,.T.);
#3883=ORIENTED_EDGE('',*,*,#2737,.T.);
#3884=ORIENTED_EDGE('',*,*,#2738,.F.);
#3885=ORIENTED_EDGE('',*,*,#2739,.F.);
#3886=ORIENTED_EDGE('',*,*,#2740,.F.);
#3887=ORIENTED_EDGE('',*,*,#2414,.F.);
#3888=ORIENTED_EDGE('',*,*,#2741,.F.);
#3889=ORIENTED_EDGE('',*,*,#2742,.F.);
#3890=ORIENTED_EDGE('',*,*,#2743,.F.);
#3891=ORIENTED_EDGE('',*,*,#2744,.F.);
#3892=ORIENTED_EDGE('',*,*,#2237,.T.);
#3893=ORIENTED_EDGE('',*,*,#2672,.T.);
#3894=ORIENTED_EDGE('',*,*,#2666,.F.);
#3895=ORIENTED_EDGE('',*,*,#2745,.F.);
#3896=ORIENTED_EDGE('',*,*,#2741,.T.);
#3897=ORIENTED_EDGE('',*,*,#2417,.F.);
#3898=ORIENTED_EDGE('',*,*,#2454,.T.);
#3899=ORIENTED_EDGE('',*,*,#2746,.T.);
#3900=ORIENTED_EDGE('',*,*,#2747,.F.);
#3901=ORIENTED_EDGE('',*,*,#2746,.F.);
#3902=ORIENTED_EDGE('',*,*,#2453,.T.);
#3903=ORIENTED_EDGE('',*,*,#2415,.T.);
#3904=ORIENTED_EDGE('',*,*,#2740,.T.);
#3905=ORIENTED_EDGE('',*,*,#2413,.T.);
#3906=ORIENTED_EDGE('',*,*,#2207,.T.);
#3907=ORIENTED_EDGE('',*,*,#2238,.T.);
#3908=ORIENTED_EDGE('',*,*,#2744,.T.);
#3909=ORIENTED_EDGE('',*,*,#2748,.F.);
#3910=ORIENTED_EDGE('',*,*,#2404,.T.);
#3911=ORIENTED_EDGE('',*,*,#2748,.T.);
#3912=ORIENTED_EDGE('',*,*,#2743,.T.);
#3913=ORIENTED_EDGE('',*,*,#2749,.F.);
#3914=ORIENTED_EDGE('',*,*,#2733,.T.);
#3915=ORIENTED_EDGE('',*,*,#2747,.T.);
#3916=ORIENTED_EDGE('',*,*,#2739,.T.);
#3917=ORIENTED_EDGE('',*,*,#2750,.F.);
#3918=ORIENTED_EDGE('',*,*,#2734,.T.);
#3919=ORIENTED_EDGE('',*,*,#2749,.T.);
#3920=ORIENTED_EDGE('',*,*,#2742,.T.);
#3921=ORIENTED_EDGE('',*,*,#2745,.T.);
#3922=ORIENTED_EDGE('',*,*,#2665,.T.);
#3923=ORIENTED_EDGE('',*,*,#2681,.T.);
#3924=ORIENTED_EDGE('',*,*,#2729,.T.);
#3925=ORIENTED_EDGE('',*,*,#2750,.T.);
#3926=ORIENTED_EDGE('',*,*,#2738,.T.);
#3927=ORIENTED_EDGE('',*,*,#2751,.T.);
#3928=ORIENTED_EDGE('',*,*,#2538,.T.);
#3929=ORIENTED_EDGE('',*,*,#2752,.T.);
#3930=ORIENTED_EDGE('',*,*,#2753,.T.);
#3931=ORIENTED_EDGE('',*,*,#2754,.T.);
#3932=ORIENTED_EDGE('',*,*,#2753,.F.);
#3933=ORIENTED_EDGE('',*,*,#2717,.T.);
#3934=ORIENTED_EDGE('',*,*,#2755,.F.);
#3935=ORIENTED_EDGE('',*,*,#2756,.F.);
#3936=ORIENTED_EDGE('',*,*,#2757,.T.);
#3937=ORIENTED_EDGE('',*,*,#2756,.T.);
#3938=ORIENTED_EDGE('',*,*,#2755,.T.);
#3939=ORIENTED_EDGE('',*,*,#2719,.F.);
#3940=ORIENTED_EDGE('',*,*,#2676,.T.);
#3941=ORIENTED_EDGE('',*,*,#2536,.F.);
#3942=ORIENTED_EDGE('',*,*,#2751,.F.);
#3943=ORIENTED_EDGE('',*,*,#2754,.F.);
#3944=ORIENTED_EDGE('',*,*,#2757,.F.);
#3945=ORIENTED_EDGE('',*,*,#2675,.F.);
#3946=ORIENTED_EDGE('',*,*,#2673,.F.);
#3947=ORIENTED_EDGE('',*,*,#2483,.F.);
#3948=ORIENTED_EDGE('',*,*,#2220,.T.);
#3949=ORIENTED_EDGE('',*,*,#2758,.T.);
#3950=ORIENTED_EDGE('',*,*,#2184,.T.);
#3951=ORIENTED_EDGE('',*,*,#2759,.F.);
#3952=ORIENTED_EDGE('',*,*,#2186,.F.);
#3953=ORIENTED_EDGE('',*,*,#2227,.F.);
#3954=ORIENTED_EDGE('',*,*,#2223,.T.);
#3955=ORIENTED_EDGE('',*,*,#2226,.T.);
#3956=ORIENTED_EDGE('',*,*,#2192,.F.);
#3957=ORIENTED_EDGE('',*,*,#2198,.T.);
#3958=ORIENTED_EDGE('',*,*,#2219,.T.);
#3959=ORIENTED_EDGE('',*,*,#2230,.F.);
#3960=ORIENTED_EDGE('',*,*,#2182,.T.);
#3961=ORIENTED_EDGE('',*,*,#2758,.F.);
#3962=ORIENTED_EDGE('',*,*,#2760,.T.);
#3963=ORIENTED_EDGE('',*,*,#2761,.T.);
#3964=ORIENTED_EDGE('',*,*,#2762,.F.);
#3965=ORIENTED_EDGE('',*,*,#2763,.F.);
#3966=ORIENTED_EDGE('',*,*,#2764,.F.);
#3967=ORIENTED_EDGE('',*,*,#2195,.F.);
#3968=ORIENTED_EDGE('',*,*,#2193,.T.);
#3969=ORIENTED_EDGE('',*,*,#2190,.T.);
#3970=ORIENTED_EDGE('',*,*,#2187,.T.);
#3971=ORIENTED_EDGE('',*,*,#2759,.T.);
#3972=ORIENTED_EDGE('',*,*,#2183,.T.);
#3973=ORIENTED_EDGE('',*,*,#2180,.T.);
#3974=ORIENTED_EDGE('',*,*,#2176,.T.);
#3975=ORIENTED_EDGE('',*,*,#2200,.F.);
#3976=ORIENTED_EDGE('',*,*,#2535,.F.);
#3977=ORIENTED_EDGE('',*,*,#2476,.F.);
#3978=ORIENTED_EDGE('',*,*,#2534,.F.);
#3979=ORIENTED_EDGE('',*,*,#2470,.F.);
#3980=ORIENTED_EDGE('',*,*,#2683,.T.);
#3981=ORIENTED_EDGE('',*,*,#2705,.F.);
#3982=ORIENTED_EDGE('',*,*,#2709,.F.);
#3983=ORIENTED_EDGE('',*,*,#2706,.F.);
#3984=ORIENTED_EDGE('',*,*,#2714,.F.);
#3985=ORIENTED_EDGE('',*,*,#2712,.F.);
#3986=ORIENTED_EDGE('',*,*,#2710,.F.);
#3987=ORIENTED_EDGE('',*,*,#2716,.F.);
#3988=ORIENTED_EDGE('',*,*,#2718,.F.);
#3989=ORIENTED_EDGE('',*,*,#2752,.F.);
#3990=ORIENTED_EDGE('',*,*,#2537,.T.);
#3991=ORIENTED_EDGE('',*,*,#2486,.T.);
#3992=ORIENTED_EDGE('',*,*,#2663,.F.);
#3993=ORIENTED_EDGE('',*,*,#2542,.T.);
#3994=ORIENTED_EDGE('',*,*,#2547,.T.);
#3995=ORIENTED_EDGE('',*,*,#2550,.T.);
#3996=ORIENTED_EDGE('',*,*,#2551,.F.);
#3997=ORIENTED_EDGE('',*,*,#2555,.T.);
#3998=ORIENTED_EDGE('',*,*,#2556,.T.);
#3999=ORIENTED_EDGE('',*,*,#2762,.T.);
#4000=ORIENTED_EDGE('',*,*,#2765,.T.);
#4001=ORIENTED_EDGE('',*,*,#2766,.T.);
#4002=ORIENTED_EDGE('',*,*,#2767,.F.);
#4003=ORIENTED_EDGE('',*,*,#2768,.T.);
#4004=ORIENTED_EDGE('',*,*,#2765,.F.);
#4005=ORIENTED_EDGE('',*,*,#2761,.F.);
#4006=ORIENTED_EDGE('',*,*,#2769,.F.);
#4007=ORIENTED_EDGE('',*,*,#2204,.F.);
#4008=ORIENTED_EDGE('',*,*,#2768,.F.);
#4009=ORIENTED_EDGE('',*,*,#2203,.T.);
#4010=ORIENTED_EDGE('',*,*,#2770,.F.);
#4011=ORIENTED_EDGE('',*,*,#2766,.F.);
#4012=ORIENTED_EDGE('',*,*,#2767,.T.);
#4013=ORIENTED_EDGE('',*,*,#2770,.T.);
#4014=ORIENTED_EDGE('',*,*,#2202,.F.);
#4015=ORIENTED_EDGE('',*,*,#2771,.F.);
#4016=ORIENTED_EDGE('',*,*,#2763,.T.);
#4017=ORIENTED_EDGE('',*,*,#2771,.T.);
#4018=ORIENTED_EDGE('',*,*,#2201,.F.);
#4019=ORIENTED_EDGE('',*,*,#2196,.T.);
#4020=ORIENTED_EDGE('',*,*,#2764,.T.);
#4021=ORIENTED_EDGE('',*,*,#2231,.T.);
#4022=ORIENTED_EDGE('',*,*,#2205,.F.);
#4023=ORIENTED_EDGE('',*,*,#2769,.T.);
#4024=ORIENTED_EDGE('',*,*,#2760,.F.);
#4025=ORIENTED_EDGE('',*,*,#2662,.F.);
#4026=CYLINDRICAL_SURFACE('',#4331,1.5);
#4027=CYLINDRICAL_SURFACE('',#4335,1.5);
#4028=CYLINDRICAL_SURFACE('',#4337,1.5);
#4029=CYLINDRICAL_SURFACE('',#4339,1.5);
#4030=CYLINDRICAL_SURFACE('',#4346,2.);
#4031=CYLINDRICAL_SURFACE('',#4350,0.800012872344382);
#4032=CYLINDRICAL_SURFACE('',#4355,0.799996296253512);
#4033=CYLINDRICAL_SURFACE('',#4395,0.750000000000002);
#4034=CYLINDRICAL_SURFACE('',#4402,0.750000000000015);
#4035=CYLINDRICAL_SURFACE('',#4405,0.750000000000007);
#4036=CYLINDRICAL_SURFACE('',#4408,0.750000000000017);
#4037=CYLINDRICAL_SURFACE('',#4415,0.750000000000027);
#4038=CYLINDRICAL_SURFACE('',#4416,0.749999999999999);
#4039=CYLINDRICAL_SURFACE('',#4419,0.750000000000011);
#4040=CYLINDRICAL_SURFACE('',#4422,0.749999999999992);
#4041=CYLINDRICAL_SURFACE('',#4425,0.750000000000006);
#4042=CYLINDRICAL_SURFACE('',#4428,0.749999999999994);
#4043=CYLINDRICAL_SURFACE('',#4431,0.750000000000009);
#4044=CYLINDRICAL_SURFACE('',#4436,0.750000000000005);
#4045=CYLINDRICAL_SURFACE('',#4440,0.749999999999999);
#4046=CYLINDRICAL_SURFACE('',#4456,2.);
#4047=CYLINDRICAL_SURFACE('',#4485,3.);
#4048=CYLINDRICAL_SURFACE('',#4492,3.);
#4049=CYLINDRICAL_SURFACE('',#4497,0.999999999999999);
#4050=CYLINDRICAL_SURFACE('',#4500,5.);
#4051=CYLINDRICAL_SURFACE('',#4506,1.);
#4052=CYLINDRICAL_SURFACE('',#4510,0.999999999999997);
#4053=CYLINDRICAL_SURFACE('',#4522,1.);
#4054=CYLINDRICAL_SURFACE('',#4528,3.);
#4055=CYLINDRICAL_SURFACE('',#4529,3.);
#4056=CYLINDRICAL_SURFACE('',#4532,12.);
#4057=CYLINDRICAL_SURFACE('',#4543,3.);
#4058=CYLINDRICAL_SURFACE('',#4547,3.);
#4059=CYLINDRICAL_SURFACE('',#4551,3.);
#4060=CYLINDRICAL_SURFACE('',#4555,3.);
#4061=CYLINDRICAL_SURFACE('',#4561,2.7);
#4062=CYLINDRICAL_SURFACE('',#4565,2.);
#4063=CYLINDRICAL_SURFACE('',#4570,2.);
#4064=CYLINDRICAL_SURFACE('',#4597,10.);
#4065=CYLINDRICAL_SURFACE('',#4598,10.);
#4066=CYLINDRICAL_SURFACE('',#4604,1.6);
#4067=CYLINDRICAL_SURFACE('',#4607,1.6);
#4068=CYLINDRICAL_SURFACE('',#4610,1.6);
#4069=CYLINDRICAL_SURFACE('',#4613,1.6);
#4070=CYLINDRICAL_SURFACE('',#4614,3.);
#4071=CYLINDRICAL_SURFACE('',#4618,8.);
#4072=CYLINDRICAL_SURFACE('',#4622,70.);
#4073=CYLINDRICAL_SURFACE('',#4625,3.);
#4074=CYLINDRICAL_SURFACE('',#4627,8.);
#4075=CYLINDRICAL_SURFACE('',#4637,3.);
#4076=CYLINDRICAL_SURFACE('',#4639,3.);
#4077=CYLINDRICAL_SURFACE('',#4641,3.);
#4078=CYLINDRICAL_SURFACE('',#4643,3.);
#4079=CYLINDRICAL_SURFACE('',#4645,3.);
#4080=CYLINDRICAL_SURFACE('',#4652,3.);
#4081=CYLINDRICAL_SURFACE('',#4654,3.);
#4082=CYLINDRICAL_SURFACE('',#4661,2.);
#4083=CYLINDRICAL_SURFACE('',#4662,3.);
#4084=CYLINDRICAL_SURFACE('',#4664,3.);
#4085=CYLINDRICAL_SURFACE('',#4666,3.);
#4086=CYLINDRICAL_SURFACE('',#4668,3.);
#4087=CYLINDRICAL_SURFACE('',#4673,0.799999999999997);
#4088=CYLINDRICAL_SURFACE('',#4674,0.8);
#4089=CYLINDRICAL_SURFACE('',#4681,0.799999999999997);
#4090=ADVANCED_FACE('',(#420),#4026,.F.);
#4091=ADVANCED_FACE('',(#421),#4027,.F.);
#4092=ADVANCED_FACE('',(#422),#4028,.F.);
#4093=ADVANCED_FACE('',(#423),#4029,.F.);
#4094=ADVANCED_FACE('',(#424),#294,.F.);
#4095=ADVANCED_FACE('',(#425,#54),#295,.T.);
#4096=ADVANCED_FACE('',(#426),#4030,.F.);
#4097=ADVANCED_FACE('',(#427),#296,.T.);
#4098=ADVANCED_FACE('',(#428),#297,.T.);
#4099=ADVANCED_FACE('',(#429),#4031,.T.);
#4100=ADVANCED_FACE('',(#430),#298,.T.);
#4101=ADVANCED_FACE('',(#431),#299,.T.);
#4102=ADVANCED_FACE('',(#432),#4032,.F.);
#4103=ADVANCED_FACE('',(#433),#300,.F.);
#4104=ADVANCED_FACE('',(#434),#301,.F.);
#4105=ADVANCED_FACE('',(#435,#55),#302,.T.);
#4106=ADVANCED_FACE('',(#436),#303,.F.);
#4107=ADVANCED_FACE('',(#437),#304,.F.);
#4108=ADVANCED_FACE('',(#438),#305,.F.);
#4109=ADVANCED_FACE('',(#439),#306,.F.);
#4110=ADVANCED_FACE('',(#440),#38,.T.);
#4111=ADVANCED_FACE('',(#441),#39,.T.);
#4112=ADVANCED_FACE('',(#442),#40,.T.);
#4113=ADVANCED_FACE('',(#443),#41,.T.);
#4114=ADVANCED_FACE('',(#444),#42,.T.);
#4115=ADVANCED_FACE('',(#445),#43,.T.);
#4116=ADVANCED_FACE('',(#446),#44,.T.);
#4117=ADVANCED_FACE('',(#447),#45,.T.);
#4118=ADVANCED_FACE('',(#448),#46,.T.);
#4119=ADVANCED_FACE('',(#449),#47,.T.);
#4120=ADVANCED_FACE('',(#450),#48,.T.);
#4121=ADVANCED_FACE('',(#451),#49,.T.);
#4122=ADVANCED_FACE('',(#452),#50,.T.);
#4123=ADVANCED_FACE('',(#453),#51,.T.);
#4124=ADVANCED_FACE('',(#454),#307,.F.);
#4125=ADVANCED_FACE('',(#455),#308,.F.);
#4126=ADVANCED_FACE('',(#456),#4033,.F.);
#4127=ADVANCED_FACE('',(#457),#309,.F.);
#4128=ADVANCED_FACE('',(#458),#310,.F.);
#4129=ADVANCED_FACE('',(#459),#4034,.F.);
#4130=ADVANCED_FACE('',(#460),#311,.F.);
#4131=ADVANCED_FACE('',(#461),#312,.F.);
#4132=ADVANCED_FACE('',(#462),#4035,.F.);
#4133=ADVANCED_FACE('',(#463),#313,.F.);
#4134=ADVANCED_FACE('',(#464),#314,.F.);
#4135=ADVANCED_FACE('',(#465),#4036,.F.);
#4136=ADVANCED_FACE('',(#466),#315,.F.);
#4137=ADVANCED_FACE('',(#467),#316,.F.);
#4138=ADVANCED_FACE('',(#468),#4037,.F.);
#4139=ADVANCED_FACE('',(#469),#4038,.F.);
#4140=ADVANCED_FACE('',(#470),#4039,.F.);
#4141=ADVANCED_FACE('',(#471),#4040,.F.);
#4142=ADVANCED_FACE('',(#472),#4041,.F.);
#4143=ADVANCED_FACE('',(#473),#4042,.F.);
#4144=ADVANCED_FACE('',(#474),#4043,.F.);
#4145=ADVANCED_FACE('',(#475),#317,.F.);
#4146=ADVANCED_FACE('',(#476),#4044,.F.);
#4147=ADVANCED_FACE('',(#477),#318,.T.);
#4148=ADVANCED_FACE('',(#478),#4045,.F.);
#4149=ADVANCED_FACE('',(#479,#56,#57,#58,#59,#60),#22,.T.);
#4150=ADVANCED_FACE('',(#480,#61,#62,#63,#64,#65),#23,.F.);
#4151=ADVANCED_FACE('',(#481),#319,.F.);
#4152=ADVANCED_FACE('',(#482,#66,#67),#320,.F.);
#4153=ADVANCED_FACE('',(#483),#321,.F.);
#4154=ADVANCED_FACE('',(#484,#68,#69),#322,.F.);
#4155=ADVANCED_FACE('',(#485),#323,.F.);
#4156=ADVANCED_FACE('',(#486,#70),#324,.F.);
#4157=ADVANCED_FACE('',(#487),#325,.F.);
#4158=ADVANCED_FACE('',(#488),#326,.F.);
#4159=ADVANCED_FACE('',(#489,#71,#72,#73,#74,#75,#76),#327,.F.);
#4160=ADVANCED_FACE('',(#490,#77,#78),#328,.F.);
#4161=ADVANCED_FACE('',(#491),#52,.T.);
#4162=ADVANCED_FACE('',(#492),#24,.F.);
#4163=ADVANCED_FACE('',(#493),#25,.T.);
#4164=ADVANCED_FACE('',(#494),#53,.T.);
#4165=ADVANCED_FACE('',(#495),#329,.F.);
#4166=ADVANCED_FACE('',(#496),#4046,.F.);
#4167=ADVANCED_FACE('',(#497),#330,.F.);
#4168=ADVANCED_FACE('',(#498),#331,.F.);
#4169=ADVANCED_FACE('',(#499),#332,.F.);
#4170=ADVANCED_FACE('',(#500,#79),#333,.T.);
#4171=ADVANCED_FACE('',(#501,#80),#334,.F.);
#4172=ADVANCED_FACE('',(#502),#335,.F.);
#4173=ADVANCED_FACE('',(#503,#81,#82),#336,.F.);
#4174=ADVANCED_FACE('',(#504),#337,.T.);
#4175=ADVANCED_FACE('',(#505),#338,.T.);
#4176=ADVANCED_FACE('',(#506),#339,.T.);
#4177=ADVANCED_FACE('',(#507,#83),#340,.T.);
#4178=ADVANCED_FACE('',(#508),#20,.F.);
#4179=ADVANCED_FACE('',(#509,#84),#341,.F.);
#4180=ADVANCED_FACE('',(#510),#17,.T.);
#4181=ADVANCED_FACE('',(#511),#4047,.T.);
#4182=ADVANCED_FACE('',(#512),#18,.T.);
#4183=ADVANCED_FACE('',(#513),#4048,.T.);
#4184=ADVANCED_FACE('',(#514,#85),#342,.F.);
#4185=ADVANCED_FACE('',(#515),#343,.T.);
#4186=ADVANCED_FACE('',(#516),#4049,.F.);
#4187=ADVANCED_FACE('',(#517),#344,.F.);
#4188=ADVANCED_FACE('',(#518),#345,.F.);
#4189=ADVANCED_FACE('',(#519),#4050,.F.);
#4190=ADVANCED_FACE('',(#520),#346,.T.);
#4191=ADVANCED_FACE('',(#521),#347,.T.);
#4192=ADVANCED_FACE('',(#522),#348,.F.);
#4193=ADVANCED_FACE('',(#523),#349,.F.);
#4194=ADVANCED_FACE('',(#524),#4051,.F.);
#4195=ADVANCED_FACE('',(#525),#350,.F.);
#4196=ADVANCED_FACE('',(#526),#351,.F.);
#4197=ADVANCED_FACE('',(#527),#4052,.F.);
#4198=ADVANCED_FACE('',(#528),#352,.F.);
#4199=ADVANCED_FACE('',(#529),#353,.T.);
#4200=ADVANCED_FACE('',(#530),#354,.F.);
#4201=ADVANCED_FACE('',(#531),#355,.T.);
#4202=ADVANCED_FACE('',(#532,#86,#87,#88,#89,#90),#356,.T.);
#4203=ADVANCED_FACE('',(#533),#357,.F.);
#4204=ADVANCED_FACE('',(#534),#4053,.F.);
#4205=ADVANCED_FACE('',(#535),#358,.F.);
#4206=ADVANCED_FACE('',(#536),#359,.T.);
#4207=ADVANCED_FACE('',(#537),#360,.F.);
#4208=ADVANCED_FACE('',(#538,#91),#361,.T.);
#4209=ADVANCED_FACE('',(#539),#4054,.T.);
#4210=ADVANCED_FACE('',(#540),#4055,.T.);
#4211=ADVANCED_FACE('',(#541),#362,.T.);
#4212=ADVANCED_FACE('',(#542),#363,.F.);
#4213=ADVANCED_FACE('',(#543),#4056,.T.);
#4214=ADVANCED_FACE('',(#544),#364,.F.);
#4215=ADVANCED_FACE('',(#545),#365,.T.);
#4216=ADVANCED_FACE('',(#546),#366,.F.);
#4217=ADVANCED_FACE('',(#547),#367,.F.);
#4218=ADVANCED_FACE('',(#548,#92),#368,.T.);
#4219=ADVANCED_FACE('',(#549),#4057,.F.);
#4220=ADVANCED_FACE('',(#550),#369,.F.);
#4221=ADVANCED_FACE('',(#551),#370,.F.);
#4222=ADVANCED_FACE('',(#552),#4058,.F.);
#4223=ADVANCED_FACE('',(#553),#371,.F.);
#4224=ADVANCED_FACE('',(#554),#372,.F.);
#4225=ADVANCED_FACE('',(#555),#4059,.F.);
#4226=ADVANCED_FACE('',(#556),#373,.F.);
#4227=ADVANCED_FACE('',(#557),#374,.F.);
#4228=ADVANCED_FACE('',(#558),#4060,.F.);
#4229=ADVANCED_FACE('',(#559),#375,.F.);
#4230=ADVANCED_FACE('',(#560),#376,.F.);
#4231=ADVANCED_FACE('',(#561),#377,.T.);
#4232=ADVANCED_FACE('',(#562),#378,.T.);
#4233=ADVANCED_FACE('',(#563),#4061,.F.);
#4234=ADVANCED_FACE('',(#564,#93),#379,.T.);
#4235=ADVANCED_FACE('',(#565),#4062,.F.);
#4236=ADVANCED_FACE('',(#566),#380,.F.);
#4237=ADVANCED_FACE('',(#567),#381,.F.);
#4238=ADVANCED_FACE('',(#568),#4063,.F.);
#4239=ADVANCED_FACE('',(#569),#382,.F.);
#4240=ADVANCED_FACE('',(#570),#383,.F.);
#4241=ADVANCED_FACE('',(#571,#94,#95,#96,#97,#98),#384,.F.);
#4242=ADVANCED_FACE('',(#572),#385,.T.);
#4243=ADVANCED_FACE('',(#573),#386,.T.);
#4244=ADVANCED_FACE('',(#574),#387,.T.);
#4245=ADVANCED_FACE('',(#575,#99),#388,.T.);
#4246=ADVANCED_FACE('',(#576,#100),#389,.T.);
#4247=ADVANCED_FACE('',(#577,#101),#390,.T.);
#4248=ADVANCED_FACE('',(#578,#102),#391,.T.);
#4249=ADVANCED_FACE('',(#579),#4064,.F.);
#4250=ADVANCED_FACE('',(#580),#4065,.F.);
#4251=ADVANCED_FACE('',(#581),#392,.T.);
#4252=ADVANCED_FACE('',(#582),#21,.F.);
#4253=ADVANCED_FACE('',(#583),#393,.T.);
#4254=ADVANCED_FACE('',(#584),#394,.T.);
#4255=ADVANCED_FACE('',(#585),#395,.T.);
#4256=ADVANCED_FACE('',(#586),#4066,.F.);
#4257=ADVANCED_FACE('',(#587),#396,.T.);
#4258=ADVANCED_FACE('',(#588),#397,.T.);
#4259=ADVANCED_FACE('',(#589),#4067,.F.);
#4260=ADVANCED_FACE('',(#590),#398,.T.);
#4261=ADVANCED_FACE('',(#591),#399,.T.);
#4262=ADVANCED_FACE('',(#592),#4068,.F.);
#4263=ADVANCED_FACE('',(#593),#400,.T.);
#4264=ADVANCED_FACE('',(#594),#401,.T.);
#4265=ADVANCED_FACE('',(#595),#4069,.F.);
#4266=ADVANCED_FACE('',(#596),#4070,.T.);
#4267=ADVANCED_FACE('',(#597),#402,.F.);
#4268=ADVANCED_FACE('',(#598),#4071,.T.);
#4269=ADVANCED_FACE('',(#599),#26,.T.);
#4270=ADVANCED_FACE('',(#600),#4072,.F.);
#4271=ADVANCED_FACE('',(#601),#403,.T.);
#4272=ADVANCED_FACE('',(#602),#4073,.T.);
#4273=ADVANCED_FACE('',(#603),#4074,.T.);
#4274=ADVANCED_FACE('',(#604),#404,.F.);
#4275=ADVANCED_FACE('',(#605),#27,.T.);
#4276=ADVANCED_FACE('',(#606,#103,#104),#405,.F.);
#4277=ADVANCED_FACE('',(#607),#28,.T.);
#4278=ADVANCED_FACE('',(#608),#29,.F.);
#4279=ADVANCED_FACE('',(#609),#30,.F.);
#4280=ADVANCED_FACE('',(#610),#19,.T.);
#4281=ADVANCED_FACE('',(#611),#4075,.T.);
#4282=ADVANCED_FACE('',(#612),#4076,.T.);
#4283=ADVANCED_FACE('',(#613),#31,.F.);
#4284=ADVANCED_FACE('',(#614),#4077,.T.);
#4285=ADVANCED_FACE('',(#615),#32,.F.);
#4286=ADVANCED_FACE('',(#616),#4078,.T.);
#4287=ADVANCED_FACE('',(#617),#4079,.T.);
#4288=ADVANCED_FACE('',(#618),#406,.T.);
#4289=ADVANCED_FACE('',(#619),#407,.F.);
#4290=ADVANCED_FACE('',(#620),#33,.F.);
#4291=ADVANCED_FACE('',(#621),#408,.F.);
#4292=ADVANCED_FACE('',(#622),#34,.F.);
#4293=ADVANCED_FACE('',(#623),#35,.F.);
#4294=ADVANCED_FACE('',(#624),#4080,.T.);
#4295=ADVANCED_FACE('',(#625),#4081,.T.);
#4296=ADVANCED_FACE('',(#626),#409,.T.);
#4297=ADVANCED_FACE('',(#627),#410,.F.);
#4298=ADVANCED_FACE('',(#628),#4082,.F.);
#4299=ADVANCED_FACE('',(#629),#4083,.T.);
#4300=ADVANCED_FACE('',(#630),#4084,.T.);
#4301=ADVANCED_FACE('',(#631),#4085,.T.);
#4302=ADVANCED_FACE('',(#632),#4086,.T.);
#4303=ADVANCED_FACE('',(#633),#411,.T.);
#4304=ADVANCED_FACE('',(#634),#36,.T.);
#4305=ADVANCED_FACE('',(#635),#37,.T.);
#4306=ADVANCED_FACE('',(#636),#412,.F.);
#4307=ADVANCED_FACE('',(#637),#413,.T.);
#4308=ADVANCED_FACE('',(#638),#4087,.F.);
#4309=ADVANCED_FACE('',(#639),#4088,.T.);
#4310=ADVANCED_FACE('',(#640,#105),#414,.F.);
#4311=ADVANCED_FACE('',(#641),#415,.F.);
#4312=ADVANCED_FACE('',(#642),#416,.T.);
#4313=ADVANCED_FACE('',(#643),#417,.F.);
#4314=ADVANCED_FACE('',(#644),#418,.F.);
#4315=ADVANCED_FACE('',(#645),#4089,.F.);
#4316=ADVANCED_FACE('',(#646),#419,.F.);
#4317=CLOSED_SHELL('',(#4090,#4091,#4092,#4093,#4094,#4095,#4096,#4097,
#4098,#4099,#4100,#4101,#4102,#4103,#4104,#4105,#4106,#4107,#4108,#4109,
#4110,#4111,#4112,#4113,#4114,#4115,#4116,#4117,#4118,#4119,#4120,#4121,
#4122,#4123,#4124,#4125,#4126,#4127,#4128,#4129,#4130,#4131,#4132,#4133,
#4134,#4135,#4136,#4137,#4138,#4139,#4140,#4141,#4142,#4143,#4144,#4145,
#4146,#4147,#4148,#4149,#4150,#4151,#4152,#4153,#4154,#4155,#4156,#4157,
#4158,#4159,#4160,#4161,#4162,#4163,#4164,#4165,#4166,#4167,#4168,#4169,
#4170,#4171,#4172,#4173,#4174,#4175,#4176,#4177,#4178,#4179,#4180,#4181,
#4182,#4183,#4184,#4185,#4186,#4187,#4188,#4189,#4190,#4191,#4192,#4193,
#4194,#4195,#4196,#4197,#4198,#4199,#4200,#4201,#4202,#4203,#4204,#4205,
#4206,#4207,#4208,#4209,#4210,#4211,#4212,#4213,#4214,#4215,#4216,#4217,
#4218,#4219,#4220,#4221,#4222,#4223,#4224,#4225,#4226,#4227,#4228,#4229,
#4230,#4231,#4232,#4233,#4234,#4235,#4236,#4237,#4238,#4239,#4240,#4241,
#4242,#4243,#4244,#4245,#4246,#4247,#4248,#4249,#4250,#4251,#4252,#4253,
#4254,#4255,#4256,#4257,#4258,#4259,#4260,#4261,#4262,#4263,#4264,#4265,
#4266,#4267,#4268,#4269,#4270,#4271,#4272,#4273,#4274,#4275,#4276,#4277,
#4278,#4279,#4280,#4281,#4282,#4283,#4284,#4285,#4286,#4287,#4288,#4289,
#4290,#4291,#4292,#4293,#4294,#4295,#4296,#4297,#4298,#4299,#4300,#4301,
#4302,#4303,#4304,#4305,#4306,#4307,#4308,#4309,#4310,#4311,#4312,#4313,
#4314,#4315,#4316));
#4318=DERIVED_UNIT_ELEMENT(#4320,1.);
#4319=DERIVED_UNIT_ELEMENT(#11764,-3.);
#4320=(
MASS_UNIT()
NAMED_UNIT(*)
SI_UNIT(.KILO.,.GRAM.)
);
#4321=DERIVED_UNIT((#4318,#4319));
#4322=MEASURE_REPRESENTATION_ITEM('density measure',
POSITIVE_RATIO_MEASURE(7850.),#4321);
#4323=PROPERTY_DEFINITION_REPRESENTATION(#4328,#4325);
#4324=PROPERTY_DEFINITION_REPRESENTATION(#4329,#4326);
#4325=REPRESENTATION('material name',(#4327),#11761);
#4326=REPRESENTATION('density',(#4322),#11761);
#4327=DESCRIPTIVE_REPRESENTATION_ITEM('A\X\E7o','A\X\E7o');
#4328=PROPERTY_DEFINITION('material property','material name',#11771);
#4329=PROPERTY_DEFINITION('material property','density of part',#11771);
#4330=AXIS2_PLACEMENT_3D('',#5761,#4683,#4684);
#4331=AXIS2_PLACEMENT_3D('',#5762,#4685,#4686);
#4332=AXIS2_PLACEMENT_3D('',#5765,#4687,#4688);
#4333=AXIS2_PLACEMENT_3D('',#5767,#4689,#4690);
#4334=AXIS2_PLACEMENT_3D('',#5771,#4692,#4693);
#4335=AXIS2_PLACEMENT_3D('',#5773,#4695,#4696);
#4336=AXIS2_PLACEMENT_3D('',#5778,#4699,#4700);
#4337=AXIS2_PLACEMENT_3D('',#5779,#4701,#4702);
#4338=AXIS2_PLACEMENT_3D('',#5784,#4705,#4706);
#4339=AXIS2_PLACEMENT_3D('',#5785,#4707,#4708);
#4340=AXIS2_PLACEMENT_3D('',#5787,#4709,#4710);
#4341=AXIS2_PLACEMENT_3D('',#5790,#4713,#4714);
#4342=AXIS2_PLACEMENT_3D('',#5796,#4717,#4718);
#4343=AXIS2_PLACEMENT_3D('',#5835,#4723,#4724);
#4344=AXIS2_PLACEMENT_3D('',#5837,#4726,#4727);
#4345=AXIS2_PLACEMENT_3D('',#5839,#4728,#4729);
#4346=AXIS2_PLACEMENT_3D('',#5840,#4730,#4731);
#4347=AXIS2_PLACEMENT_3D('',#5843,#4733,#4734);
#4348=AXIS2_PLACEMENT_3D('',#5844,#4735,#4736);
#4349=AXIS2_PLACEMENT_3D('',#5853,#4741,#4742);
#4350=AXIS2_PLACEMENT_3D('',#5861,#4747,#4748);
#4351=AXIS2_PLACEMENT_3D('',#5863,#4749,#4750);
#4352=AXIS2_PLACEMENT_3D('',#5865,#4751,#4752);
#4353=AXIS2_PLACEMENT_3D('',#5867,#4754,#4755);
#4354=AXIS2_PLACEMENT_3D('',#5876,#4760,#4761);
#4355=AXIS2_PLACEMENT_3D('',#5882,#4765,#4766);
#4356=AXIS2_PLACEMENT_3D('',#5884,#4767,#4768);
#4357=AXIS2_PLACEMENT_3D('',#5886,#4769,#4770);
#4358=AXIS2_PLACEMENT_3D('',#5888,#4772,#4773);
#4359=AXIS2_PLACEMENT_3D('',#5896,#4778,#4779);
#4360=AXIS2_PLACEMENT_3D('',#5898,#4780,#4781);
#4361=AXIS2_PLACEMENT_3D('',#5900,#4783,#4784);
#4362=AXIS2_PLACEMENT_3D('',#5902,#4785,#4786);
#4363=AXIS2_PLACEMENT_3D('',#5914,#4792,#4793);
#4364=AXIS2_PLACEMENT_3D('',#5928,#4800,#4801);
#4365=AXIS2_PLACEMENT_3D('',#5932,#4803,#4804);
#4366=AXIS2_PLACEMENT_3D('',#5938,#4807,#4808);
#4367=AXIS2_PLACEMENT_3D('',#5945,#4812,#4813);
#4368=AXIS2_PLACEMENT_3D('',#5947,#4814,#4815);
#4369=AXIS2_PLACEMENT_3D('',#5948,#4816,#4817);
#4370=AXIS2_PLACEMENT_3D('',#5951,#4820,#4821);
#4371=AXIS2_PLACEMENT_3D('',#5953,#4823,#4824);
#4372=AXIS2_PLACEMENT_3D('',#5955,#4825,#4826);
#4373=AXIS2_PLACEMENT_3D('',#5956,#4827,#4828);
#4374=AXIS2_PLACEMENT_3D('',#5958,#4830,#4831);
#4375=AXIS2_PLACEMENT_3D('',#6117,#4840,#4841);
#4376=AXIS2_PLACEMENT_3D('',#6174,#4842,#4843);
#4377=AXIS2_PLACEMENT_3D('',#6208,#4844,#4845);
#4378=AXIS2_PLACEMENT_3D('',#6242,#4846,#4847);
#4379=AXIS2_PLACEMENT_3D('',#6278,#4849,#4850);
#4380=AXIS2_PLACEMENT_3D('',#6503,#4851,#4852);
#4381=AXIS2_PLACEMENT_3D('',#6647,#4853,#4854);
#4382=AXIS2_PLACEMENT_3D('',#6852,#4855,#4856);
#4383=AXIS2_PLACEMENT_3D('',#6869,#4857,#4858);
#4384=AXIS2_PLACEMENT_3D('',#6923,#4860,#4861);
#4385=AXIS2_PLACEMENT_3D('',#6940,#4862,#4863);
#4386=AXIS2_PLACEMENT_3D('',#7072,#4864,#4865);
#4387=AXIS2_PLACEMENT_3D('',#7336,#4866,#4867);
#4388=AXIS2_PLACEMENT_3D('',#7397,#4868,#4869);
#4389=AXIS2_PLACEMENT_3D('',#7438,#4870,#4871);
#4390=AXIS2_PLACEMENT_3D('',#7439,#4872,#4873);
#4391=AXIS2_PLACEMENT_3D('',#8313,#4874,#4875);
#4392=AXIS2_PLACEMENT_3D('',#9072,#4876,#4877);
#4393=AXIS2_PLACEMENT_3D('',#9073,#4878,#4879);
#4394=AXIS2_PLACEMENT_3D('',#9092,#4882,#4883);
#4395=AXIS2_PLACEMENT_3D('',#9108,#4885,#4886);
#4396=AXIS2_PLACEMENT_3D('',#9285,#4887,#4888);
#4397=AXIS2_PLACEMENT_3D('',#9290,#4890,#4891);
#4398=AXIS2_PLACEMENT_3D('',#9293,#4893,#4894);
#4399=AXIS2_PLACEMENT_3D('',#9294,#4895,#4896);
#4400=AXIS2_PLACEMENT_3D('',#9298,#4898,#4899);
#4401=AXIS2_PLACEMENT_3D('',#9299,#4900,#4901);
#4402=AXIS2_PLACEMENT_3D('',#9300,#4902,#4903);
#4403=AXIS2_PLACEMENT_3D('',#9447,#4904,#4905);
#4404=AXIS2_PLACEMENT_3D('',#9462,#4908,#4909);
#4405=AXIS2_PLACEMENT_3D('',#9474,#4911,#4912);
#4406=AXIS2_PLACEMENT_3D('',#9585,#4913,#4914);
#4407=AXIS2_PLACEMENT_3D('',#9600,#4917,#4918);
#4408=AXIS2_PLACEMENT_3D('',#9612,#4920,#4921);
#4409=AXIS2_PLACEMENT_3D('',#9723,#4922,#4923);
#4410=AXIS2_PLACEMENT_3D('',#9728,#4925,#4926);
#4411=AXIS2_PLACEMENT_3D('',#9731,#4928,#4929);
#4412=AXIS2_PLACEMENT_3D('',#9732,#4930,#4931);
#4413=AXIS2_PLACEMENT_3D('',#9736,#4933,#4934);
#4414=AXIS2_PLACEMENT_3D('',#9737,#4935,#4936);
#4415=AXIS2_PLACEMENT_3D('',#9738,#4937,#4938);
#4416=AXIS2_PLACEMENT_3D('',#9903,#4939,#4940);
#4417=AXIS2_PLACEMENT_3D('',#9905,#4941,#4942);
#4418=AXIS2_PLACEMENT_3D('',#9908,#4944,#4945);
#4419=AXIS2_PLACEMENT_3D('',#9909,#4946,#4947);
#4420=AXIS2_PLACEMENT_3D('',#9911,#4948,#4949);
#4421=AXIS2_PLACEMENT_3D('',#9914,#4951,#4952);
#4422=AXIS2_PLACEMENT_3D('',#9915,#4953,#4954);
#4423=AXIS2_PLACEMENT_3D('',#9917,#4955,#4956);
#4424=AXIS2_PLACEMENT_3D('',#9920,#4958,#4959);
#4425=AXIS2_PLACEMENT_3D('',#9921,#4960,#4961);
#4426=AXIS2_PLACEMENT_3D('',#9923,#4962,#4963);
#4427=AXIS2_PLACEMENT_3D('',#9926,#4965,#4966);
#4428=AXIS2_PLACEMENT_3D('',#9927,#4967,#4968);
#4429=AXIS2_PLACEMENT_3D('',#9929,#4969,#4970);
#4430=AXIS2_PLACEMENT_3D('',#9932,#4972,#4973);
#4431=AXIS2_PLACEMENT_3D('',#9933,#4974,#4975);
#4432=AXIS2_PLACEMENT_3D('',#9935,#4976,#4977);
#4433=AXIS2_PLACEMENT_3D('',#9938,#4979,#4980);
#4434=AXIS2_PLACEMENT_3D('',#9939,#4981,#4982);
#4435=AXIS2_PLACEMENT_3D('',#9941,#4983,#4984);
#4436=AXIS2_PLACEMENT_3D('',#9942,#4985,#4986);
#4437=AXIS2_PLACEMENT_3D('',#9945,#4988,#4989);
#4438=AXIS2_PLACEMENT_3D('',#9946,#4990,#4991);
#4439=AXIS2_PLACEMENT_3D('',#9948,#4992,#4993);
#4440=AXIS2_PLACEMENT_3D('',#9949,#4994,#4995);
#4441=AXIS2_PLACEMENT_3D('',#9952,#4997,#4998);
#4442=AXIS2_PLACEMENT_3D('',#9981,#5010,#5011);
#4443=AXIS2_PLACEMENT_3D('',#9997,#5014,#5015);
#4444=AXIS2_PLACEMENT_3D('',#9999,#5017,#5018);
#4445=AXIS2_PLACEMENT_3D('',#10001,#5020,#5021);
#4446=AXIS2_PLACEMENT_3D('',#10003,#5023,#5024);
#4447=AXIS2_PLACEMENT_3D('',#10005,#5026,#5027);
#4448=AXIS2_PLACEMENT_3D('',#10007,#5029,#5030);
#4449=AXIS2_PLACEMENT_3D('',#10009,#5032,#5033);
#4450=AXIS2_PLACEMENT_3D('',#10010,#5034,#5035);
#4451=AXIS2_PLACEMENT_3D('',#10013,#5037,#5038);
#4452=AXIS2_PLACEMENT_3D('',#10014,#5039,#5040);
#4453=AXIS2_PLACEMENT_3D('',#10078,#5042,#5043);
#4454=AXIS2_PLACEMENT_3D('',#10251,#5048,#5049);
#4455=AXIS2_PLACEMENT_3D('',#10253,#5050,#5051);
#4456=AXIS2_PLACEMENT_3D('',#10259,#5055,#5056);
#4457=AXIS2_PLACEMENT_3D('',#10289,#5057,#5058);
#4458=AXIS2_PLACEMENT_3D('',#10291,#5060,#5061);
#4459=AXIS2_PLACEMENT_3D('',#10292,#5062,#5063);
#4460=AXIS2_PLACEMENT_3D('',#10294,#5065,#5066);
#4461=AXIS2_PLACEMENT_3D('',#10314,#5077,#5078);
#4462=AXIS2_PLACEMENT_3D('',#10323,#5083,#5084);
#4463=AXIS2_PLACEMENT_3D('',#10326,#5085,#5086);
#4464=AXIS2_PLACEMENT_3D('',#10330,#5089,#5090);
#4465=AXIS2_PLACEMENT_3D('',#10351,#5098,#5099);
#4466=AXIS2_PLACEMENT_3D('',#10353,#5101,#5102);
#4467=AXIS2_PLACEMENT_3D('',#10357,#5105,#5106);
#4468=AXIS2_PLACEMENT_3D('',#10374,#5115,#5116);
#4469=AXIS2_PLACEMENT_3D('',#10380,#5119,#5120);
#4470=AXIS2_PLACEMENT_3D('',#10382,#5122,#5123);
#4471=AXIS2_PLACEMENT_3D('',#10386,#5126,#5127);
#4472=AXIS2_PLACEMENT_3D('',#10394,#5132,#5133);
#4473=AXIS2_PLACEMENT_3D('',#10396,#5135,#5136);
#4474=AXIS2_PLACEMENT_3D('',#10398,#5137,#5138);
#4475=AXIS2_PLACEMENT_3D('',#10402,#5140,#5141);
#4476=AXIS2_PLACEMENT_3D('',#10406,#5144,#5145);
#4477=AXIS2_PLACEMENT_3D('',#10408,#5146,#5147);
#4478=AXIS2_PLACEMENT_3D('',#10410,#5149,#5150);
#4479=AXIS2_PLACEMENT_3D('',#10422,#5156,#5157);
#4480=AXIS2_PLACEMENT_3D('',#10424,#5159,#5160);
#4481=AXIS2_PLACEMENT_3D('',#10427,#5161,#5162);
#4482=AXIS2_PLACEMENT_3D('',#10428,#5163,#5164);
#4483=AXIS2_PLACEMENT_3D('',#10430,#5165,#5166);
#4484=AXIS2_PLACEMENT_3D('',#10431,#5167,#5168);
#4485=AXIS2_PLACEMENT_3D('',#10432,#5169,#5170);
#4486=AXIS2_PLACEMENT_3D('',#10434,#5171,#5172);
#4487=AXIS2_PLACEMENT_3D('',#10436,#5174,#5175);
#4488=AXIS2_PLACEMENT_3D('',#10439,#5176,#5177);
#4489=AXIS2_PLACEMENT_3D('',#10440,#5178,#5179);
#4490=AXIS2_PLACEMENT_3D('',#10442,#5180,#5181);
#4491=AXIS2_PLACEMENT_3D('',#10443,#5182,#5183);
#4492=AXIS2_PLACEMENT_3D('',#10444,#5184,#5185);
#4493=AXIS2_PLACEMENT_3D('',#10446,#5187,#5188);
#4494=AXIS2_PLACEMENT_3D('',#10454,#5193,#5194);
#4495=AXIS2_PLACEMENT_3D('',#10455,#5195,#5196);
#4496=AXIS2_PLACEMENT_3D('',#10467,#5198,#5199);
#4497=AXIS2_PLACEMENT_3D('',#10471,#5202,#5203);
#4498=AXIS2_PLACEMENT_3D('',#10474,#5206,#5207);
#4499=AXIS2_PLACEMENT_3D('',#10476,#5209,#5210);
#4500=AXIS2_PLACEMENT_3D('',#10477,#5211,#5212);
#4501=AXIS2_PLACEMENT_3D('',#10479,#5213,#5214);
#4502=AXIS2_PLACEMENT_3D('',#10481,#5216,#5217);
#4503=AXIS2_PLACEMENT_3D('',#10487,#5221,#5222);
#4504=AXIS2_PLACEMENT_3D('',#10489,#5224,#5225);
#4505=AXIS2_PLACEMENT_3D('',#10490,#5226,#5227);
#4506=AXIS2_PLACEMENT_3D('',#10496,#5231,#5232);
#4507=AXIS2_PLACEMENT_3D('',#10498,#5233,#5234);
#4508=AXIS2_PLACEMENT_3D('',#10500,#5236,#5237);
#4509=AXIS2_PLACEMENT_3D('',#10502,#5239,#5240);
#4510=AXIS2_PLACEMENT_3D('',#10505,#5243,#5244);
#4511=AXIS2_PLACEMENT_3D('',#10507,#5246,#5247);
#4512=AXIS2_PLACEMENT_3D('',#10508,#5248,#5249);
#4513=AXIS2_PLACEMENT_3D('',#10510,#5251,#5252);
#4514=AXIS2_PLACEMENT_3D('',#10512,#5254,#5255);
#4515=AXIS2_PLACEMENT_3D('',#10513,#5256,#5257);
#4516=AXIS2_PLACEMENT_3D('',#10516,#5258,#5259);
#4517=AXIS2_PLACEMENT_3D('',#10522,#5262,#5263);
#4518=AXIS2_PLACEMENT_3D('',#10528,#5266,#5267);
#4519=AXIS2_PLACEMENT_3D('',#10534,#5270,#5271);
#4520=AXIS2_PLACEMENT_3D('',#10543,#5276,#5277);
#4521=AXIS2_PLACEMENT_3D('',#10544,#5278,#5279);
#4522=AXIS2_PLACEMENT_3D('',#10550,#5283,#5284);
#4523=AXIS2_PLACEMENT_3D('',#10552,#5285,#5286);
#4524=AXIS2_PLACEMENT_3D('',#10554,#5288,#5289);
#4525=AXIS2_PLACEMENT_3D('',#10556,#5291,#5292);
#4526=AXIS2_PLACEMENT_3D('',#10560,#5295,#5296);
#4527=AXIS2_PLACEMENT_3D('',#10564,#5299,#5300);
#4528=AXIS2_PLACEMENT_3D('',#10572,#5301,#5302);
#4529=AXIS2_PLACEMENT_3D('',#10574,#5304,#5305);
#4530=AXIS2_PLACEMENT_3D('',#10576,#5307,#5308);
#4531=AXIS2_PLACEMENT_3D('',#10582,#5312,#5313);
#4532=AXIS2_PLACEMENT_3D('',#10591,#5318,#5319);
#4533=AXIS2_PLACEMENT_3D('',#10593,#5320,#5321);
#4534=AXIS2_PLACEMENT_3D('',#10595,#5322,#5323);
#4535=AXIS2_PLACEMENT_3D('',#10597,#5324,#5325);
#4536=AXIS2_PLACEMENT_3D('',#10600,#5327,#5328);
#4537=AXIS2_PLACEMENT_3D('',#10601,#5329,#5330);
#4538=AXIS2_PLACEMENT_3D('',#10607,#5334,#5335);
#4539=AXIS2_PLACEMENT_3D('',#10611,#5338,#5339);
#4540=AXIS2_PLACEMENT_3D('',#10616,#5343,#5344);
#4541=AXIS2_PLACEMENT_3D('',#10618,#5346,#5347);
#4542=AXIS2_PLACEMENT_3D('',#10621,#5348,#5349);
#4543=AXIS2_PLACEMENT_3D('',#10625,#5352,#5353);
#4544=AXIS2_PLACEMENT_3D('',#10629,#5355,#5356);
#4545=AXIS2_PLACEMENT_3D('',#10631,#5358,#5359);
#4546=AXIS2_PLACEMENT_3D('',#10635,#5362,#5363);
#4547=AXIS2_PLACEMENT_3D('',#10637,#5365,#5366);
#4548=AXIS2_PLACEMENT_3D('',#10641,#5368,#5369);
#4549=AXIS2_PLACEMENT_3D('',#10643,#5371,#5372);
#4550=AXIS2_PLACEMENT_3D('',#10647,#5375,#5376);
#4551=AXIS2_PLACEMENT_3D('',#10649,#5378,#5379);
#4552=AXIS2_PLACEMENT_3D('',#10653,#5381,#5382);
#4553=AXIS2_PLACEMENT_3D('',#10655,#5384,#5385);
#4554=AXIS2_PLACEMENT_3D('',#10659,#5388,#5389);
#4555=AXIS2_PLACEMENT_3D('',#10661,#5391,#5392);
#4556=AXIS2_PLACEMENT_3D('',#10665,#5394,#5395);
#4557=AXIS2_PLACEMENT_3D('',#10667,#5397,#5398);
#4558=AXIS2_PLACEMENT_3D('',#10671,#5401,#5402);
#4559=AXIS2_PLACEMENT_3D('',#10673,#5404,#5405);
#4560=AXIS2_PLACEMENT_3D('',#10679,#5409,#5410);
#4561=AXIS2_PLACEMENT_3D('',#10683,#5413,#5414);
#4562=AXIS2_PLACEMENT_3D('',#10684,#5415,#5416);
#4563=AXIS2_PLACEMENT_3D('',#10685,#5417,#5418);
#4564=AXIS2_PLACEMENT_3D('',#10688,#5419,#5420);
#4565=AXIS2_PLACEMENT_3D('',#10692,#5423,#5424);
#4566=AXIS2_PLACEMENT_3D('',#10709,#5425,#5426);
#4567=AXIS2_PLACEMENT_3D('',#10712,#5429,#5430);
#4568=AXIS2_PLACEMENT_3D('',#10714,#5431,#5432);
#4569=AXIS2_PLACEMENT_3D('',#10718,#5435,#5436);
#4570=AXIS2_PLACEMENT_3D('',#10720,#5438,#5439);
#4571=AXIS2_PLACEMENT_3D('',#10730,#5442,#5443);
#4572=AXIS2_PLACEMENT_3D('',#10732,#5445,#5446);
#4573=AXIS2_PLACEMENT_3D('',#10733,#5447,#5448);
#4574=AXIS2_PLACEMENT_3D('',#10736,#5449,#5450);
#4575=AXIS2_PLACEMENT_3D('',#10741,#5453,#5454);
#4576=AXIS2_PLACEMENT_3D('',#10745,#5456,#5457);
#4577=AXIS2_PLACEMENT_3D('',#10752,#5461,#5462);
#4578=AXIS2_PLACEMENT_3D('',#10758,#5465,#5466);
#4579=AXIS2_PLACEMENT_3D('',#10764,#5469,#5470);
#4580=AXIS2_PLACEMENT_3D('',#10770,#5473,#5474);
#4581=AXIS2_PLACEMENT_3D('',#10771,#5475,#5476);
#4582=AXIS2_PLACEMENT_3D('',#10773,#5477,#5478);
#4583=AXIS2_PLACEMENT_3D('',#10775,#5480,#5481);
#4584=AXIS2_PLACEMENT_3D('',#10777,#5482,#5483);
#4585=AXIS2_PLACEMENT_3D('',#10781,#5485,#5486);
#4586=AXIS2_PLACEMENT_3D('',#10785,#5488,#5489);
#4587=AXIS2_PLACEMENT_3D('',#10787,#5491,#5492);
#4588=AXIS2_PLACEMENT_3D('',#10788,#5493,#5494);
#4589=AXIS2_PLACEMENT_3D('',#10789,#5495,#5496);
#4590=AXIS2_PLACEMENT_3D('',#10795,#5499,#5500);
#4591=AXIS2_PLACEMENT_3D('',#10796,#5501,#5502);
#4592=AXIS2_PLACEMENT_3D('',#10802,#5505,#5506);
#4593=AXIS2_PLACEMENT_3D('',#10803,#5507,#5508);
#4594=AXIS2_PLACEMENT_3D('',#10809,#5511,#5512);
#4595=AXIS2_PLACEMENT_3D('',#10810,#5513,#5514);
#4596=AXIS2_PLACEMENT_3D('',#10816,#5517,#5518);
#4597=AXIS2_PLACEMENT_3D('',#10817,#5519,#5520);
#4598=AXIS2_PLACEMENT_3D('',#10819,#5522,#5523);
#4599=AXIS2_PLACEMENT_3D('',#10821,#5525,#5526);
#4600=AXIS2_PLACEMENT_3D('',#10825,#5527,#5528);
#4601=AXIS2_PLACEMENT_3D('',#10829,#5529,#5530);
#4602=AXIS2_PLACEMENT_3D('',#10830,#5531,#5532);
#4603=AXIS2_PLACEMENT_3D('',#10833,#5535,#5536);
#4604=AXIS2_PLACEMENT_3D('',#10835,#5538,#5539);
#4605=AXIS2_PLACEMENT_3D('',#10836,#5540,#5541);
#4606=AXIS2_PLACEMENT_3D('',#10839,#5544,#5545);
#4607=AXIS2_PLACEMENT_3D('',#10841,#5547,#5548);
#4608=AXIS2_PLACEMENT_3D('',#10842,#5549,#5550);
#4609=AXIS2_PLACEMENT_3D('',#10845,#5553,#5554);
#4610=AXIS2_PLACEMENT_3D('',#10847,#5556,#5557);
#4611=AXIS2_PLACEMENT_3D('',#10848,#5558,#5559);
#4612=AXIS2_PLACEMENT_3D('',#10851,#5562,#5563);
#4613=AXIS2_PLACEMENT_3D('',#10853,#5565,#5566);
#4614=AXIS2_PLACEMENT_3D('',#10854,#5567,#5568);
#4615=AXIS2_PLACEMENT_3D('',#10867,#5569,#5570);
#4616=AXIS2_PLACEMENT_3D('',#10882,#5572,#5573);
#4617=AXIS2_PLACEMENT_3D('',#10893,#5578,#5579);
#4618=AXIS2_PLACEMENT_3D('',#10895,#5581,#5582);
#4619=AXIS2_PLACEMENT_3D('',#10896,#5583,#5584);
#4620=AXIS2_PLACEMENT_3D('',#10897,#5585,#5586);
#4621=AXIS2_PLACEMENT_3D('',#10921,#5587,#5588);
#4622=AXIS2_PLACEMENT_3D('',#10922,#5589,#5590);
#4623=AXIS2_PLACEMENT_3D('',#10948,#5593,#5594);
#4624=AXIS2_PLACEMENT_3D('',#10952,#5597,#5598);
#4625=AXIS2_PLACEMENT_3D('',#10953,#5599,#5600);
#4626=AXIS2_PLACEMENT_3D('',#10955,#5601,#5602);
#4627=AXIS2_PLACEMENT_3D('',#10971,#5604,#5605);
#4628=AXIS2_PLACEMENT_3D('',#10973,#5606,#5607);
#4629=AXIS2_PLACEMENT_3D('',#10975,#5608,#5609);
#4630=AXIS2_PLACEMENT_3D('',#10977,#5611,#5612);
#4631=AXIS2_PLACEMENT_3D('',#11073,#5619,#5620);
#4632=AXIS2_PLACEMENT_3D('',#11179,#5623,#5624);
#4633=AXIS2_PLACEMENT_3D('',#11279,#5625,#5626);
#4634=AXIS2_PLACEMENT_3D('',#11280,#5627,#5628);
#4635=AXIS2_PLACEMENT_3D('',#11282,#5629,#5630);
#4636=AXIS2_PLACEMENT_3D('',#11283,#5631,#5632);
#4637=AXIS2_PLACEMENT_3D('',#11284,#5633,#5634);
#4638=AXIS2_PLACEMENT_3D('',#11287,#5636,#5637);
#4639=AXIS2_PLACEMENT_3D('',#11289,#5639,#5640);
#4640=AXIS2_PLACEMENT_3D('',#11346,#5642,#5643);
#4641=AXIS2_PLACEMENT_3D('',#11347,#5644,#5645);
#4642=AXIS2_PLACEMENT_3D('',#11350,#5647,#5648);
#4643=AXIS2_PLACEMENT_3D('',#11399,#5649,#5650);
#4644=AXIS2_PLACEMENT_3D('',#11401,#5651,#5652);
#4645=AXIS2_PLACEMENT_3D('',#11403,#5654,#5655);
#4646=AXIS2_PLACEMENT_3D('',#11423,#5657,#5658);
#4647=AXIS2_PLACEMENT_3D('',#11424,#5659,#5660);
#4648=AXIS2_PLACEMENT_3D('',#11425,#5661,#5662);
#4649=AXIS2_PLACEMENT_3D('',#11427,#5663,#5664);
#4650=AXIS2_PLACEMENT_3D('',#11479,#5668,#5669);
#4651=AXIS2_PLACEMENT_3D('',#11493,#5673,#5674);
#4652=AXIS2_PLACEMENT_3D('',#11636,#5676,#5677);
#4653=AXIS2_PLACEMENT_3D('',#11637,#5678,#5679);
#4654=AXIS2_PLACEMENT_3D('',#11638,#5680,#5681);
#4655=AXIS2_PLACEMENT_3D('',#11639,#5682,#5683);
#4656=AXIS2_PLACEMENT_3D('',#11641,#5684,#5685);
#4657=AXIS2_PLACEMENT_3D('',#11644,#5687,#5688);
#4658=AXIS2_PLACEMENT_3D('',#11651,#5692,#5693);
#4659=AXIS2_PLACEMENT_3D('',#11652,#5694,#5695);
#4660=AXIS2_PLACEMENT_3D('',#11654,#5696,#5697);
#4661=AXIS2_PLACEMENT_3D('',#11656,#5699,#5700);
#4662=AXIS2_PLACEMENT_3D('',#11669,#5701,#5702);
#4663=AXIS2_PLACEMENT_3D('',#11670,#5703,#5704);
#4664=AXIS2_PLACEMENT_3D('',#11671,#5705,#5706);
#4665=AXIS2_PLACEMENT_3D('',#11672,#5707,#5708);
#4666=AXIS2_PLACEMENT_3D('',#11673,#5709,#5710);
#4667=AXIS2_PLACEMENT_3D('',#11674,#5711,#5712);
#4668=AXIS2_PLACEMENT_3D('',#11675,#5713,#5714);
#4669=AXIS2_PLACEMENT_3D('',#11676,#5715,#5716);
#4670=AXIS2_PLACEMENT_3D('',#11727,#5722,#5723);
#4671=AXIS2_PLACEMENT_3D('',#11728,#5724,#5725);
#4672=AXIS2_PLACEMENT_3D('',#11729,#5726,#5727);
#4673=AXIS2_PLACEMENT_3D('',#11732,#5730,#5731);
#4674=AXIS2_PLACEMENT_3D('',#11733,#5732,#5733);
#4675=AXIS2_PLACEMENT_3D('',#11734,#5734,#5735);
#4676=AXIS2_PLACEMENT_3D('',#11743,#5740,#5741);
#4677=AXIS2_PLACEMENT_3D('',#11744,#5742,#5743);
#4678=AXIS2_PLACEMENT_3D('',#11750,#5747,#5748);
#4679=AXIS2_PLACEMENT_3D('',#11753,#5751,#5752);
#4680=AXIS2_PLACEMENT_3D('',#11755,#5754,#5755);
#4681=AXIS2_PLACEMENT_3D('',#11757,#5757,#5758);
#4682=AXIS2_PLACEMENT_3D('',#11758,#5759,#5760);
#4683=DIRECTION('axis',(0.,0.,1.));
#4684=DIRECTION('refdir',(1.,0.,0.));
#4685=DIRECTION('center_axis',(0.,8.8889074356334E-33,1.));
#4686=DIRECTION('ref_axis',(0.707106781186548,0.707106781186547,0.));
#4687=DIRECTION('center_axis',(-0.699663340513365,-4.34721199677078E-16,
-0.714472679632804));
#4688=DIRECTION('ref_axis',(0.714472679632804,4.6271401131315E-16,-0.699663340513365));
#4689=DIRECTION('center_axis',(0.707106781186547,0.,-0.707106781186548));
#4690=DIRECTION('ref_axis',(-0.707106781186548,-1.25708134501518E-32,-0.707106781186547));
#4691=DIRECTION('',(0.,0.,-1.));
#4692=DIRECTION('center_axis',(0.707106781186547,5.23364152894592E-16,0.707106781186548));
#4693=DIRECTION('ref_axis',(0.707106781186548,5.23364152894592E-16,-0.707106781186547));
#4694=DIRECTION('',(0.,-8.8889074356334E-33,-1.));
#4695=DIRECTION('center_axis',(1.,4.61200787734614E-16,0.));
#4696=DIRECTION('ref_axis',(0.,0.70710678118655,-0.707106781186545));
#4697=DIRECTION('',(-1.,-4.61200787734614E-16,0.));
#4698=DIRECTION('',(-1.,0.,0.));
#4699=DIRECTION('center_axis',(0.707106781186547,1.30841038223648E-15,-0.707106781186548));
#4700=DIRECTION('ref_axis',(-0.707106781186548,6.56173973245032E-16,-0.707106781186547));
#4701=DIRECTION('center_axis',(0.,-8.8889074356334E-33,-1.));
#4702=DIRECTION('ref_axis',(-0.707106781186548,0.707106781186547,0.));
#4703=DIRECTION('',(0.,8.8889074356334E-33,1.));
#4704=DIRECTION('',(0.,0.,1.));
#4705=DIRECTION('center_axis',(-0.707106781186548,0.,-0.707106781186547));
#4706=DIRECTION('ref_axis',(-0.707106781186547,1.25708134501518E-32,0.707106781186548));
#4707=DIRECTION('center_axis',(-1.,-4.61200787734614E-16,0.));
#4708=DIRECTION('ref_axis',(0.,0.707106781186549,0.707106781186546));
#4709=DIRECTION('center_axis',(-0.699663340513365,-4.34721199677078E-16,
-0.714472679632804));
#4710=DIRECTION('ref_axis',(-0.714472679632804,-2.58927450041363E-16,0.699663340513365));
#4711=DIRECTION('',(1.,4.61200787734614E-16,0.));
#4712=DIRECTION('',(1.,0.,0.));
#4713=DIRECTION('center_axis',(-4.61200787734614E-16,1.,-8.8889074356334E-33));
#4714=DIRECTION('ref_axis',(-5.55111512312579E-17,-1.6712879240278E-32,
1.));
#4715=DIRECTION('',(-0.714472679632804,-2.15108052171995E-16,0.699663340513365));
#4716=DIRECTION('',(0.714472679632804,2.15108052171995E-16,0.699663340513365));
#4717=DIRECTION('center_axis',(6.21329108594012E-16,-1.,1.77778148712668E-32));
#4718=DIRECTION('ref_axis',(1.,6.21329108594012E-16,5.55111512312579E-17));
#4719=DIRECTION('',(5.55111512312579E-17,1.6712879240278E-32,-1.));
#4720=DIRECTION('',(-1.,-4.61200787734614E-16,-5.55111512312579E-17));
#4721=DIRECTION('',(-1.,-3.01072466875217E-16,-6.09335479926914E-16));
#4722=DIRECTION('',(5.55111512312579E-17,1.6712879240278E-32,-1.));
#4723=DIRECTION('center_axis',(6.21329108594012E-16,-1.,1.77778148712668E-32));
#4724=DIRECTION('ref_axis',(1.,6.21329108594012E-16,5.55111512312579E-17));
#4725=DIRECTION('',(-0.714472679632804,-2.15108052171995E-16,0.699663340513365));
#4726=DIRECTION('center_axis',(0.,-1.,0.));
#4727=DIRECTION('ref_axis',(1.,0.,0.));
#4728=DIRECTION('center_axis',(0.,1.,0.));
#4729=DIRECTION('ref_axis',(1.,0.,0.));
#4730=DIRECTION('center_axis',(0.,1.,0.));
#4731=DIRECTION('ref_axis',(1.,0.,0.));
#4732=DIRECTION('',(0.,1.,0.));
#4733=DIRECTION('center_axis',(3.01072466875217E-16,-1.,-1.60365882605532E-50));
#4734=DIRECTION('ref_axis',(1.,0.,0.));
#4735=DIRECTION('center_axis',(2.47696359922084E-16,-1.,0.));
#4736=DIRECTION('ref_axis',(-1.,-2.47696359922084E-16,-5.55111512312579E-17));
#4737=DIRECTION('',(1.,2.47696359922084E-16,5.55111512312579E-17));
#4738=DIRECTION('',(-0.00427601493761442,-1.05915333501955E-18,0.999990857806337));
#4739=DIRECTION('',(-1.,-2.47696359922084E-16,0.));
#4740=DIRECTION('',(0.,0.,-1.));
#4741=DIRECTION('center_axis',(1.,0.,0.));
#4742=DIRECTION('ref_axis',(0.,-1.,0.));
#4743=DIRECTION('',(0.,-1.,0.));
#4744=DIRECTION('',(0.,-1.,0.));
#4745=DIRECTION('',(0.,-1.,0.));
#4746=DIRECTION('',(0.,0.,-1.));
#4747=DIRECTION('center_axis',(0.,0.,-1.));
#4748=DIRECTION('ref_axis',(1.52888600879352E-8,1.,0.));
#4749=DIRECTION('center_axis',(-5.55111512312579E-17,-1.69054722347168E-32,
1.));
#4750=DIRECTION('ref_axis',(1.,3.01072466875217E-16,5.55111512312579E-17));
#4751=DIRECTION('center_axis',(0.,0.,-1.));
#4752=DIRECTION('ref_axis',(1.52888600879352E-8,1.,0.));
#4753=DIRECTION('',(0.,0.,-1.));
#4754=DIRECTION('center_axis',(-1.,-3.01072466875217E-16,0.));
#4755=DIRECTION('ref_axis',(-3.01072466875217E-16,1.,1.92592994438724E-34));
#4756=DIRECTION('',(-3.01072466875217E-16,1.,1.92592994438724E-34));
#4757=DIRECTION('',(0.,0.,-1.));
#4758=DIRECTION('',(-3.01072466875217E-16,1.,0.));
#4759=DIRECTION('',(0.,0.,-1.));
#4760=DIRECTION('center_axis',(-0.716907422061327,-0.697168378652806,0.));
#4761=DIRECTION('ref_axis',(-0.697168378652806,0.716907422061327,-3.87006193010467E-17));
#4762=DIRECTION('',(-0.697168378652806,0.716907422061327,-3.87006193010467E-17));
#4763=DIRECTION('',(-0.697168378652806,0.716907422061327,0.));
#4764=DIRECTION('',(0.,0.,-1.));
#4765=DIRECTION('center_axis',(0.,0.,-1.));
#4766=DIRECTION('ref_axis',(0.716907429409763,0.697168371096313,0.));
#4767=DIRECTION('center_axis',(-5.55111512312579E-17,-1.69054722347168E-32,
1.));
#4768=DIRECTION('ref_axis',(-1.,-3.01072466875217E-16,-5.55111512312579E-17));
#4769=DIRECTION('center_axis',(0.,0.,1.));
#4770=DIRECTION('ref_axis',(0.716907429409763,0.697168371096313,0.));
#4771=DIRECTION('',(0.,0.,1.));
#4772=DIRECTION('center_axis',(2.47696359922084E-16,-1.,-2.96296914521113E-33));
#4773=DIRECTION('ref_axis',(5.55111512312579E-17,1.6712879240278E-32,-1.));
#4774=DIRECTION('',(-1.,-2.47696359922084E-16,0.));
#4775=DIRECTION('',(0.00427601493761237,1.28739036566223E-18,-0.999990857806337));
#4776=DIRECTION('',(1.,2.47696359922084E-16,5.55111512312579E-17));
#4777=DIRECTION('',(-0.00427601493761265,-1.28739036566232E-18,0.999990857806337));
#4778=DIRECTION('center_axis',(-0.999990857806337,-3.01069714412418E-16,
-0.00427601493761442));
#4779=DIRECTION('ref_axis',(-0.00427601493761442,-1.28739036566285E-18,
0.999990857806337));
#4780=DIRECTION('center_axis',(-0.999990857806337,-3.01069714412418E-16,
-0.00427601493761442));
#4781=DIRECTION('ref_axis',(0.00427601493761442,1.20401800467952E-15,-0.999990857806337));
#4782=DIRECTION('',(-3.01072466875217E-16,1.,1.60365882605532E-50));
#4783=DIRECTION('center_axis',(-5.55111512312579E-17,-1.6712879240278E-32,
1.));
#4784=DIRECTION('ref_axis',(1.,3.01072466875217E-16,5.55111512312579E-17));
#4785=DIRECTION('center_axis',(5.55111512312579E-17,1.6712879240278E-32,
-1.));
#4786=DIRECTION('ref_axis',(1.,3.01072466875217E-16,5.55111512312579E-17));
#4787=DIRECTION('',(0.697168378652805,0.716907422061328,3.87006193010467E-17));
#4788=DIRECTION('',(3.01072466875217E-16,-1.,-1.60365882605532E-50));
#4789=DIRECTION('',(-1.,-3.01072466875217E-16,-5.55111512312579E-17));
#4790=DIRECTION('',(-0.707106781186547,-0.707106781186548,-3.92523114670944E-17));
#4791=DIRECTION('',(1.,3.01072466875217E-16,-1.04915115541508E-8));
#4792=DIRECTION('center_axis',(5.55111512312579E-17,1.6712879240278E-32,
-1.));
#4793=DIRECTION('ref_axis',(1.,-1.13020741563911E-15,5.55111512312579E-17));
#4794=DIRECTION('',(3.01072466875217E-16,-1.,3.49507190235726E-47));
#4795=DIRECTION('',(1.,1.65547195314529E-16,5.55111512312579E-17));
#4796=DIRECTION('',(3.01072466875217E-16,-1.,5.74751323258226E-47));
#4797=DIRECTION('',(-1.,-1.65547195314529E-16,-5.55111512312579E-17));
#4798=DIRECTION('',(0.,-1.,0.));
#4799=DIRECTION('',(-1.,-4.61200787734614E-16,-5.55111512312579E-17));
#4800=DIRECTION('center_axis',(5.55111512312579E-17,1.6712879240278E-32,
-1.));
#4801=DIRECTION('ref_axis',(0.707106781186548,-0.707106781186547,3.92523114670944E-17));
#4802=DIRECTION('',(3.01072466875217E-16,-1.,-1.60365882605532E-50));
#4803=DIRECTION('center_axis',(5.55111512312579E-17,1.6712879240278E-32,
-1.));
#4804=DIRECTION('ref_axis',(0.707106781186547,0.707106781186548,3.92523114670944E-17));
#4805=DIRECTION('',(1.,2.47696359922084E-16,5.55111512312579E-17));
#4806=DIRECTION('',(3.01072466875217E-16,-1.,0.));
#4807=DIRECTION('center_axis',(5.55111512312579E-17,1.6712879240278E-32,
-1.));
#4808=DIRECTION('ref_axis',(1.,3.01072466875217E-16,5.55111512312579E-17));
#4809=DIRECTION('',(1.,3.01072466875217E-16,5.55111512312579E-17));
#4810=DIRECTION('',(-3.01072466875217E-16,1.,0.));
#4811=DIRECTION('',(-0.697168378652806,0.716907422061327,-3.87006193010467E-17));
#4812=DIRECTION('center_axis',(-5.55111512312579E-17,-1.6712879240278E-32,
1.));
#4813=DIRECTION('ref_axis',(-1.,-3.01072466875217E-16,-5.55111512312579E-17));
#4814=DIRECTION('center_axis',(-5.55111512312579E-17,-1.6712879240278E-32,
1.));
#4815=DIRECTION('ref_axis',(1.,3.01072466875217E-16,5.55111512312579E-17));
#4816=DIRECTION('center_axis',(0.716904053514869,0.697165102854564,0.00306552046724649));
#4817=DIRECTION('ref_axis',(0.00427601493761272,1.90819582357449E-17,-0.999990857806337));
#4818=DIRECTION('',(0.00427601493761287,1.28739036566238E-18,-0.999990857806337));
#4819=DIRECTION('',(0.00427601493761275,1.28739036566235E-18,-0.999990857806337));
#4820=DIRECTION('center_axis',(0.999990857806337,3.01069714412418E-16,0.00427601493761265));
#4821=DIRECTION('ref_axis',(0.00427601493761265,1.28739036566232E-18,-0.999990857806337));
#4822=DIRECTION('',(0.00427601493761307,1.28739036566244E-18,-0.999990857806337));
#4823=DIRECTION('center_axis',(-0.999990857806337,-3.01069714412418E-16,
-0.00427601493761442));
#4824=DIRECTION('ref_axis',(-0.00427601493761442,-1.28739036566285E-18,
0.999990857806337));
#4825=DIRECTION('center_axis',(0.999990857806337,3.70070958250419E-16,0.00427601493761442));
#4826=DIRECTION('ref_axis',(-0.00427601493761442,1.20273061431386E-15,0.999990857806337));
#4827=DIRECTION('center_axis',(0.999990857806337,0.,0.00427601493761442));
#4828=DIRECTION('ref_axis',(0.00427601493761442,1.20273061431386E-15,-0.999990857806337));
#4829=DIRECTION('',(0.00427601493761463,1.28739036566291E-18,-0.999990857806337));
#4830=DIRECTION('center_axis',(2.47696359922084E-16,-1.,-2.96296914521113E-33));
#4831=DIRECTION('ref_axis',(5.55111512312579E-17,1.6712879240278E-32,-1.));
#4832=DIRECTION('',(-5.55111512312579E-17,-1.6712879240278E-32,1.));
#4833=DIRECTION('',(1.,2.47696359922084E-16,5.55111512312579E-17));
#4834=DIRECTION('',(-5.55111512312579E-17,-1.6712879240278E-32,1.));
#4835=DIRECTION('',(-0.714472679632805,-2.15108052171995E-16,-0.699663340513363));
#4836=DIRECTION('',(0.714472679632806,2.15108052171995E-16,-0.699663340513362));
#4837=DIRECTION('',(-5.55111512312579E-17,-1.6712879240278E-32,1.));
#4838=DIRECTION('',(-1.,2.47850444310148E-16,-6.04434062416622E-16));
#4839=DIRECTION('',(-0.342020143325666,-8.47171445217971E-17,0.939692620785909));
#4840=DIRECTION('center_axis',(-9.78539896926217E-8,3.23997257721031E-8,
0.999999999999995));
#4841=DIRECTION('ref_axis',(0.00301008030100629,-0.999995469698028,3.26941273583104E-8));
#4842=DIRECTION('center_axis',(-2.60423224623794E-9,-5.36392924123633E-8,
-0.999999999999999));
#4843=DIRECTION('ref_axis',(-0.00296233488396489,0.99999561227639,-5.36313424499446E-8));
#4844=DIRECTION('center_axis',(1.886937742329E-7,6.2903615894662E-8,0.99999999999998));
#4845=DIRECTION('ref_axis',(-0.00429284760565263,-0.999990785687264,6.37130698979914E-8));
#4846=DIRECTION('center_axis',(-1.38730545006316E-7,-3.33675643869465E-7,
-0.999999999999935));
#4847=DIRECTION('ref_axis',(0.00417712386605589,0.999991275779992,-3.34252227480255E-7));
#4848=DIRECTION('',(-0.999999785243482,-0.000655372405025469,0.));
#4849=DIRECTION('center_axis',(0.,0.,1.));
#4850=DIRECTION('ref_axis',(-0.0170628823096641,-0.999854418426646,0.));
#4851=DIRECTION('center_axis',(0.,0.,-1.));
#4852=DIRECTION('ref_axis',(-0.0172324449740024,0.999851510395528,0.));
#4853=DIRECTION('center_axis',(0.,0.,-1.));
#4854=DIRECTION('ref_axis',(0.0172320038087799,0.999851517998915,0.));
#4855=DIRECTION('center_axis',(-1.39011584687492E-7,3.33957026231378E-7,
-0.999999999999935));
#4856=DIRECTION('ref_axis',(-0.00418106975055255,0.999991259289615,3.34535324341465E-7));
#4857=DIRECTION('center_axis',(0.,0.,1.));
#4858=DIRECTION('ref_axis',(0.0170627509433436,-0.999854420668452,0.));
#4859=DIRECTION('',(1.,0.,0.));
#4860=DIRECTION('center_axis',(-2.59144484692281E-9,5.36265564329202E-8,
-0.999999999999999));
#4861=DIRECTION('ref_axis',(0.0029650243703101,0.999995604305579,5.36186370098399E-8));
#4862=DIRECTION('center_axis',(1.88518505227572E-7,-6.27278575724004E-8,
0.99999999999998));
#4863=DIRECTION('ref_axis',(0.00428883494483304,-0.999990802905113,-6.35358054113112E-8));
#4864=DIRECTION('center_axis',(-9.77816226254753E-8,-3.24718785646004E-8,
0.999999999999995));
#4865=DIRECTION('ref_axis',(-0.00300735760098339,-0.999995477889905,-3.27657960292299E-8));
#4866=DIRECTION('center_axis',(-0.324112731122855,-0.31933400233401,-0.89049241011781));
#4867=DIRECTION('ref_axis',(-0.939692620785908,2.77555756156289E-17,0.342020143325669));
#4868=DIRECTION('center_axis',(-0.930562754835886,0.00325544394103167,0.366117961041239));
#4869=DIRECTION('ref_axis',(-0.12641303414152,0.935611073311402,-0.329623519027726));
#4870=DIRECTION('center_axis',(-0.939692621078313,-1.60659350117261E-10,
0.342020142522294));
#4871=DIRECTION('ref_axis',(0.315334067040926,0.387249080449111,0.866373231266264));
#4872=DIRECTION('center_axis',(1.,3.52365308066328E-14,-2.39158906141796E-14));
#4873=DIRECTION('ref_axis',(-2.84416947753069E-15,0.615594226137464,0.788063289810036));
#4874=DIRECTION('center_axis',(0.324112731124205,-0.319334002322299,0.890492410121519));
#4875=DIRECTION('ref_axis',(0.939692620785908,5.55111512312579E-17,-0.342020143325669));
#4876=DIRECTION('center_axis',(-0.930562754890802,-0.00325544438517301,
0.366117960897708));
#4877=DIRECTION('ref_axis',(-0.112962404255884,-0.94862461678284,-0.295551741084942));
#4878=DIRECTION('center_axis',(0.699663340513354,0.,0.714472679632814));
#4879=DIRECTION('ref_axis',(0.714472679632814,0.,-0.699663340513354));
#4880=DIRECTION('',(0.,1.,0.));
#4881=DIRECTION('',(0.,1.,0.));
#4882=DIRECTION('center_axis',(0.699663340513368,0.,-0.714472679632801));
#4883=DIRECTION('ref_axis',(-0.714472679632801,0.,-0.699663340513368));
#4884=DIRECTION('',(0.,1.,0.));
#4885=DIRECTION('center_axis',(0.,1.,0.));
#4886=DIRECTION('ref_axis',(-1.,0.,8.94301653695862E-15));
#4887=DIRECTION('center_axis',(0.699663340513375,0.,0.714472679632794));
#4888=DIRECTION('ref_axis',(0.714472679632794,0.,-0.699663340513375));
#4889=DIRECTION('',(0.,1.,0.));
#4890=DIRECTION('center_axis',(0.699663340513307,-1.27737781197156E-12,
0.71447267963286));
#4891=DIRECTION('ref_axis',(0.0523329921073637,0.997313829535902,-0.0512482521997006));
#4892=DIRECTION('',(0.,1.,0.));
#4893=DIRECTION('center_axis',(-0.699663340514441,1.99270938680983E-11,
-0.71447267963175));
#4894=DIRECTION('ref_axis',(0.0523329920904721,-0.997313829536109,-0.0512482522129205));
#4895=DIRECTION('center_axis',(0.699663340513361,0.,-0.714472679632808));
#4896=DIRECTION('ref_axis',(-0.714472679632808,0.,-0.699663340513361));
#4897=DIRECTION('',(0.,1.,0.));
#4898=DIRECTION('center_axis',(0.69966334051208,2.31342652775596E-11,-0.714472679634062));
#4899=DIRECTION('ref_axis',(-0.0539730034989066,0.997142588117782,-0.0528542699796281));
#4900=DIRECTION('center_axis',(-0.699663340512821,1.00007500945722E-11,
0.714472679633336));
#4901=DIRECTION('ref_axis',(-0.0539730034873309,-0.997142588118032,-0.0528542699867316));
#4902=DIRECTION('center_axis',(0.,1.,0.));
#4903=DIRECTION('ref_axis',(-1.,0.,1.83758917935762E-15));
#4904=DIRECTION('center_axis',(0.69966334051338,0.,0.714472679632789));
#4905=DIRECTION('ref_axis',(0.714472679632789,0.,-0.69966334051338));
#4906=DIRECTION('',(0.,1.,0.));
#4907=DIRECTION('',(0.,1.,0.));
#4908=DIRECTION('center_axis',(0.699663340513379,0.,-0.71447267963279));
#4909=DIRECTION('ref_axis',(-0.71447267963279,0.,-0.699663340513379));
#4910=DIRECTION('',(0.,1.,0.));
#4911=DIRECTION('center_axis',(0.,1.,0.));
#4912=DIRECTION('ref_axis',(-1.,0.,-2.48077634116461E-14));
#4913=DIRECTION('center_axis',(0.699663340513339,0.,0.71447267963283));
#4914=DIRECTION('ref_axis',(0.71447267963283,0.,-0.699663340513339));
#4915=DIRECTION('',(0.,1.,0.));
#4916=DIRECTION('',(0.,1.,0.));
#4917=DIRECTION('center_axis',(0.699663340513366,0.,-0.714472679632803));
#4918=DIRECTION('ref_axis',(-0.714472679632803,0.,-0.699663340513366));
#4919=DIRECTION('',(0.,1.,0.));
#4920=DIRECTION('center_axis',(0.,1.,0.));
#4921=DIRECTION('ref_axis',(-1.,0.,-1.77023360540451E-14));
#4922=DIRECTION('center_axis',(0.699663340513346,0.,0.714472679632823));
#4923=DIRECTION('ref_axis',(0.714472679632823,0.,-0.699663340513346));
#4924=DIRECTION('',(0.,1.,0.));
#4925=DIRECTION('center_axis',(-0.699663340513239,2.19947262961769E-12,
-0.714472679632927));
#4926=DIRECTION('ref_axis',(-0.055378134046495,-0.996991644643199,0.0542302755034304));
#4927=DIRECTION('',(0.,1.,0.));
#4928=DIRECTION('center_axis',(0.699663340512356,1.78157282998724E-11,0.714472679633792));
#4929=DIRECTION('ref_axis',(-0.0553781340574861,0.996991644643196,0.0542302754922683));
#4930=DIRECTION('center_axis',(0.699663340513353,0.,-0.714472679632815));
#4931=DIRECTION('ref_axis',(-0.714472679632815,0.,-0.699663340513353));
#4932=DIRECTION('',(0.,1.,0.));
#4933=DIRECTION('center_axis',(-0.699663340513092,-5.06781928264691E-12,
0.714472679633072));
#4934=DIRECTION('ref_axis',(0.0534741945887718,-0.997195233381733,0.0523658002310012));
#4935=DIRECTION('center_axis',(0.699663340513241,-1.88570019819031E-12,
-0.714472679632925));
#4936=DIRECTION('ref_axis',(0.05347419458693,0.997195233381692,0.0523658002336608));
#4937=DIRECTION('center_axis',(0.,1.,0.));
#4938=DIRECTION('ref_axis',(-1.,0.,-1.23732655358444E-14));
#4939=DIRECTION('center_axis',(-1.,0.,2.31296463463574E-16));
#4940=DIRECTION('ref_axis',(2.31296463463574E-16,0.,1.));
#4941=DIRECTION('center_axis',(-1.,0.,0.));
#4942=DIRECTION('ref_axis',(0.,0.,1.));
#4943=DIRECTION('',(-1.,0.,2.31296463463574E-16));
#4944=DIRECTION('center_axis',(-1.,0.,2.31296463463574E-16));
#4945=DIRECTION('ref_axis',(2.31296463463574E-16,0.,1.));
#4946=DIRECTION('center_axis',(-0.939692620785911,0.,0.342020143325661));
#4947=DIRECTION('ref_axis',(0.342020143325661,0.,0.939692620785911));
#4948=DIRECTION('center_axis',(-1.,0.,0.));
#4949=DIRECTION('ref_axis',(0.,0.,1.));
#4950=DIRECTION('',(-0.939692620785911,0.,0.342020143325661));
#4951=DIRECTION('center_axis',(0.939692620785908,0.,-0.34202014332567));
#4952=DIRECTION('ref_axis',(-0.34202014332567,0.,-0.939692620785908));
#4953=DIRECTION('center_axis',(-0.939692620785911,0.,0.342020143325662));
#4954=DIRECTION('ref_axis',(0.342020143325662,0.,0.939692620785911));
#4955=DIRECTION('center_axis',(-1.,0.,0.));
#4956=DIRECTION('ref_axis',(0.,0.,1.));
#4957=DIRECTION('',(-0.939692620785911,0.,0.342020143325662));
#4958=DIRECTION('center_axis',(0.939692620785908,0.,-0.34202014332567));
#4959=DIRECTION('ref_axis',(-0.34202014332567,0.,-0.939692620785908));
#4960=DIRECTION('center_axis',(0.939692620785911,0.,-0.342020143325661));
#4961=DIRECTION('ref_axis',(-0.342020143325661,0.,-0.939692620785911));
#4962=DIRECTION('center_axis',(0.939692620785908,0.,-0.34202014332567));
#4963=DIRECTION('ref_axis',(-0.34202014332567,0.,-0.939692620785908));
#4964=DIRECTION('',(0.939692620785911,0.,-0.342020143325661));
#4965=DIRECTION('center_axis',(-1.,0.,0.));
#4966=DIRECTION('ref_axis',(0.,0.,-1.));
#4967=DIRECTION('center_axis',(-0.939692620785911,0.,0.342020143325662));
#4968=DIRECTION('ref_axis',(0.342020143325662,0.,0.939692620785911));
#4969=DIRECTION('center_axis',(-1.,0.,0.));
#4970=DIRECTION('ref_axis',(0.,0.,1.));
#4971=DIRECTION('',(-0.939692620785911,0.,0.342020143325662));
#4972=DIRECTION('center_axis',(0.939692620785908,0.,-0.34202014332567));
#4973=DIRECTION('ref_axis',(-0.34202014332567,0.,-0.939692620785908));
#4974=DIRECTION('center_axis',(-0.939692620785911,0.,0.342020143325661));
#4975=DIRECTION('ref_axis',(0.342020143325661,0.,0.939692620785911));
#4976=DIRECTION('center_axis',(-1.,0.,0.));
#4977=DIRECTION('ref_axis',(0.,0.,1.));
#4978=DIRECTION('',(-0.939692620785911,0.,0.342020143325661));
#4979=DIRECTION('center_axis',(0.939692620785908,0.,-0.34202014332567));
#4980=DIRECTION('ref_axis',(-0.34202014332567,0.,-0.939692620785908));
#4981=DIRECTION('center_axis',(0.939692620785908,0.,-0.34202014332567));
#4982=DIRECTION('ref_axis',(-0.34202014332567,0.,-0.939692620785908));
#4983=DIRECTION('center_axis',(-0.939692620785908,0.,0.34202014332567));
#4984=DIRECTION('ref_axis',(0.34202014332567,0.,0.939692620785908));
#4985=DIRECTION('center_axis',(-0.939692620785908,0.,0.34202014332567));
#4986=DIRECTION('ref_axis',(0.34202014332567,0.,0.939692620785908));
#4987=DIRECTION('',(-0.939692620785908,0.,0.34202014332567));
#4988=DIRECTION('center_axis',(0.939692620785908,0.,-0.34202014332567));
#4989=DIRECTION('ref_axis',(-0.34202014332567,0.,-0.939692620785908));
#4990=DIRECTION('center_axis',(1.,0.,0.));
#4991=DIRECTION('ref_axis',(0.,0.,-1.));
#4992=DIRECTION('center_axis',(1.,0.,0.));
#4993=DIRECTION('ref_axis',(0.,0.,-1.));
#4994=DIRECTION('center_axis',(1.,0.,0.));
#4995=DIRECTION('ref_axis',(0.,0.,-1.));
#4996=DIRECTION('',(1.,0.,0.));
#4997=DIRECTION('center_axis',(1.,0.,0.));
#4998=DIRECTION('ref_axis',(0.,0.,-1.));
#4999=DIRECTION('',(1.,0.,0.));
#5000=DIRECTION('',(1.,0.,0.));
#5001=DIRECTION('',(1.,0.,0.));
#5002=DIRECTION('',(1.,0.,0.));
#5003=DIRECTION('',(1.,0.,0.));
#5004=DIRECTION('',(1.,0.,0.));
#5005=DIRECTION('',(1.,0.,0.));
#5006=DIRECTION('',(1.,0.,0.));
#5007=DIRECTION('',(1.,0.,0.));
#5008=DIRECTION('',(1.,0.,0.));
#5009=DIRECTION('',(1.,0.,0.));
#5010=DIRECTION('center_axis',(0.,0.,1.));
#5011=DIRECTION('ref_axis',(1.,0.,0.));
#5012=DIRECTION('',(0.,-1.,0.));
#5013=DIRECTION('',(0.,-1.,0.));
#5014=DIRECTION('center_axis',(-1.,0.,0.));
#5015=DIRECTION('ref_axis',(0.,0.,1.));
#5016=DIRECTION('',(0.,-1.,0.));
#5017=DIRECTION('center_axis',(0.,0.,1.));
#5018=DIRECTION('ref_axis',(1.,0.,0.));
#5019=DIRECTION('',(0.,-1.,0.));
#5020=DIRECTION('center_axis',(-1.,0.,0.));
#5021=DIRECTION('ref_axis',(0.,0.,1.));
#5022=DIRECTION('',(0.,-1.,0.));
#5023=DIRECTION('center_axis',(0.,0.,1.));
#5024=DIRECTION('ref_axis',(1.,0.,0.));
#5025=DIRECTION('',(0.,-1.,0.));
#5026=DIRECTION('center_axis',(-1.,0.,1.73472347597681E-16));
#5027=DIRECTION('ref_axis',(1.73472347597681E-16,0.,1.));
#5028=DIRECTION('',(0.,-1.,0.));
#5029=DIRECTION('center_axis',(0.,0.,1.));
#5030=DIRECTION('ref_axis',(1.,0.,0.));
#5031=DIRECTION('',(0.,-1.,0.));
#5032=DIRECTION('center_axis',(-1.,0.,1.73472347597681E-16));
#5033=DIRECTION('ref_axis',(1.73472347597681E-16,0.,1.));
#5034=DIRECTION('center_axis',(0.939692620785908,0.,-0.34202014332567));
#5035=DIRECTION('ref_axis',(-0.34202014332567,0.,-0.939692620785908));
#5036=DIRECTION('',(0.,-1.,0.));
#5037=DIRECTION('center_axis',(-0.939692621078368,1.60806361920243E-10,
0.342020142522143));
#5038=DIRECTION('ref_axis',(0.31533406706594,-0.387249080273644,0.866373231335589));
#5039=DIRECTION('center_axis',(-1.,0.,0.));
#5040=DIRECTION('ref_axis',(0.,0.,1.));
#5041=DIRECTION('',(0.,1.,0.));
#5042=DIRECTION('center_axis',(1.,-1.17455102662216E-14,-7.97196353692155E-15));
#5043=DIRECTION('ref_axis',(-9.48056391720975E-16,-0.615594220570645,0.788063294158547));
#5044=DIRECTION('',(1.,0.,0.));
#5045=DIRECTION('',(1.,0.,0.));
#5046=DIRECTION('',(-1.,0.,1.80339344716154E-15));
#5047=DIRECTION('',(-1.,0.,1.80339344716154E-15));
#5048=DIRECTION('center_axis',(0.699663340513363,2.10649367910513E-16,0.714472679632806));
#5049=DIRECTION('ref_axis',(0.714472679632806,2.15108052171995E-16,-0.699663340513363));
#5050=DIRECTION('center_axis',(0.699663340513363,2.10649367910513E-16,0.714472679632806));
#5051=DIRECTION('ref_axis',(-0.714472679632806,-2.15108052171995E-16,0.699663340513363));
#5052=DIRECTION('',(-3.01072466875217E-16,1.,1.60365882605532E-50));
#5053=DIRECTION('',(-0.714472679632806,-2.15108052171995E-16,0.699663340513362));
#5054=DIRECTION('',(-3.01072466875217E-16,1.,1.60365882605532E-50));
#5055=DIRECTION('center_axis',(-3.01072466875217E-16,1.,1.60365882605532E-50));
#5056=DIRECTION('ref_axis',(-1.,-3.01072466875217E-16,-2.39208171103361E-16));
#5057=DIRECTION('center_axis',(-1.65547195314529E-16,1.,7.52316384526265E-33));
#5058=DIRECTION('ref_axis',(-1.,-1.65547195314529E-16,-5.55111512312579E-17));
#5059=DIRECTION('',(-3.01072466875217E-16,1.,1.60365882605532E-50));
#5060=DIRECTION('center_axis',(0.699663340513363,2.10649367910513E-16,-0.714472679632806));
#5061=DIRECTION('ref_axis',(-0.714472679632806,-2.15108052171995E-16,-0.699663340513363));
#5062=DIRECTION('center_axis',(0.699663340513363,2.10649367910513E-16,-0.714472679632806));
#5063=DIRECTION('ref_axis',(0.714472679632806,2.15108052171995E-16,0.699663340513363));
#5064=DIRECTION('',(0.714472679632806,2.15108052171995E-16,0.699663340513363));
#5065=DIRECTION('center_axis',(-0.939692620785909,-2.82915575444451E-16,
-0.342020143325666));
#5066=DIRECTION('ref_axis',(-0.342020143325666,-1.02972848272074E-16,0.939692620785909));
#5067=DIRECTION('',(0.331668125174636,0.24416888505968,-0.911250684670171));
#5068=DIRECTION('',(-3.01072466875217E-16,1.,1.60365882605532E-50));
#5069=DIRECTION('',(-0.342020143325667,-1.02972848272074E-16,0.939692620785909));
#5070=DIRECTION('',(-3.01072466875217E-16,1.,1.60365882605532E-50));
#5071=DIRECTION('',(-0.342020143325666,-5.66204754686372E-17,0.939692620785909));
#5072=DIRECTION('',(-3.01072466875217E-16,1.,1.60365882605532E-50));
#5073=DIRECTION('',(0.342020143325666,2.80158375389409E-16,-0.939692620785909));
#5074=DIRECTION('',(-3.01072466875217E-16,1.,1.60365882605532E-50));
#5075=DIRECTION('',(-0.342020143325666,-1.02972848272074E-16,0.939692620785909));
#5076=DIRECTION('',(0.342020143325666,8.47171445217971E-17,-0.939692620785909));
#5077=DIRECTION('center_axis',(0.699663340513364,2.10649367910513E-16,-0.714472679632805));
#5078=DIRECTION('ref_axis',(-0.714472679632805,-2.15108052171995E-16,-0.699663340513364));
#5079=DIRECTION('',(-0.702238603182091,0.18426406369223,-0.687682847708515));
#5080=DIRECTION('',(-3.01072466875217E-16,1.,1.60365882605532E-50));
#5081=DIRECTION('',(0.714472679632806,2.15108052171995E-16,0.699663340513362));
#5082=DIRECTION('',(-3.01072466875217E-16,1.,1.60365882605532E-50));
#5083=DIRECTION('center_axis',(-1.65547195314529E-16,1.,7.52316384526265E-33));
#5084=DIRECTION('ref_axis',(-5.55111512312579E-17,-1.67128792402781E-32,
1.));
#5085=DIRECTION('center_axis',(-1.65547195314529E-16,1.,7.52316384526265E-33));
#5086=DIRECTION('ref_axis',(-1.,-1.65547195314529E-16,-5.55111512312579E-17));
#5087=DIRECTION('',(0.714472679632804,2.15108052171995E-16,0.699663340513364));
#5088=DIRECTION('',(-0.714472679632804,-2.15108052171995E-16,0.699663340513364));
#5089=DIRECTION('center_axis',(1.65547195314529E-16,-1.,-7.52316384526265E-33));
#5090=DIRECTION('ref_axis',(5.55111512312579E-17,1.67128792402781E-32,-1.));
#5091=DIRECTION('',(-1.,-1.65547195314529E-16,1.80339344716154E-15));
#5092=DIRECTION('',(0.707106781186549,1.17059544413317E-16,0.707106781186546));
#5093=DIRECTION('',(-1.,-3.01072466875217E-16,-5.55111512312579E-17));
#5094=DIRECTION('',(5.55111512312579E-17,1.6712879240278E-32,-1.));
#5095=DIRECTION('',(1.,3.01072466875217E-16,5.55111512312579E-17));
#5096=DIRECTION('',(0.707106781186544,2.12890382956027E-16,0.707106781186551));
#5097=DIRECTION('',(0.714472679632803,2.15108052171994E-16,-0.699663340513366));
#5098=DIRECTION('center_axis',(-4.18680838127882E-16,1.,-6.5285760826686E-33));
#5099=DIRECTION('ref_axis',(-1.,-4.18680838127882E-16,-5.55111512312579E-17));
#5100=DIRECTION('',(-0.714472679632808,-2.15108052171996E-16,-0.699663340513361));
#5101=DIRECTION('center_axis',(-0.707106781186549,-2.12890382956029E-16,
0.707106781186546));
#5102=DIRECTION('ref_axis',(0.707106781186546,2.12890382956027E-16,0.707106781186549));
#5103=DIRECTION('',(0.707106781186543,2.12890382956027E-16,0.707106781186552));
#5104=DIRECTION('',(-3.01072466875217E-16,1.,1.60365882605532E-50));
#5105=DIRECTION('center_axis',(-1.65547195314529E-16,1.,7.52316384526265E-33));
#5106=DIRECTION('ref_axis',(-5.55111512312579E-17,-1.67128792402781E-32,
1.));
#5107=DIRECTION('',(5.55111512312579E-17,1.6712879240278E-32,-1.));
#5108=DIRECTION('',(0.819152044288994,1.35608323468206E-16,-0.573576436351043));
#5109=DIRECTION('',(-1.,-3.01072466875217E-16,-5.55111512312579E-17));
#5110=DIRECTION('',(5.55111512312579E-17,1.6712879240278E-32,-1.));
#5111=DIRECTION('',(-1.,-3.01072466875217E-16,-5.55111512312579E-17));
#5112=DIRECTION('',(0.707106781186554,1.17059544413318E-16,0.707106781186541));
#5113=DIRECTION('',(1.,3.01072466875217E-16,5.55111512312579E-17));
#5114=DIRECTION('',(0.714472679632802,2.15108052171994E-16,0.699663340513367));
#5115=DIRECTION('center_axis',(3.01072466875217E-16,-1.,-1.60365882605532E-50));
#5116=DIRECTION('ref_axis',(5.55111512312579E-17,1.67128792402781E-32,-1.));
#5117=DIRECTION('',(-0.7144726796328,-2.15108052171994E-16,0.699663340513369));
#5118=DIRECTION('',(0.714472679632804,2.15108052171995E-16,0.699663340513365));
#5119=DIRECTION('center_axis',(3.01072466875217E-16,-1.,-1.60365882605532E-50));
#5120=DIRECTION('ref_axis',(5.55111512312579E-17,1.67128792402781E-32,-1.));
#5121=DIRECTION('',(-0.714472679632804,-2.15108052171995E-16,0.699663340513364));
#5122=DIRECTION('center_axis',(0.707106781186541,2.12890382956026E-16,-0.707106781186554));
#5123=DIRECTION('ref_axis',(-0.707106781186554,-2.1289038295603E-16,-0.707106781186541));
#5124=DIRECTION('',(3.01072466875217E-16,-1.,-1.60365882605532E-50));
#5125=DIRECTION('',(-0.707106781186554,-7.95605206357378E-17,-0.707106781186541));
#5126=DIRECTION('center_axis',(3.01072466875217E-16,-1.,-1.88556899562697E-16));
#5127=DIRECTION('ref_axis',(5.55111512312578E-17,1.88556899562697E-16,-1.));
#5128=DIRECTION('',(1.,3.01072466875217E-16,5.55111512312579E-17));
#5129=DIRECTION('',(0.819152044288994,3.54775921220537E-16,-0.573576436351043));
#5130=DIRECTION('',(-1.,-3.01072466875217E-16,-5.55111512312579E-17));
#5131=DIRECTION('',(-5.55111512312579E-17,-1.6712879240278E-32,1.));
#5132=DIRECTION('center_axis',(0.573576436351043,1.72688072633704E-16,0.819152044288994));
#5133=DIRECTION('ref_axis',(0.819152044288994,2.46624126719964E-16,-0.573576436351043));
#5134=DIRECTION('',(3.01072466875217E-16,-1.,-1.60365882605532E-50));
#5135=DIRECTION('center_axis',(-1.65547195314529E-16,1.,7.52316384526265E-33));
#5136=DIRECTION('ref_axis',(-5.55111512312579E-17,-1.67128792402781E-32,
1.));
#5137=DIRECTION('center_axis',(-1.65547195314529E-16,1.,7.52316384526265E-33));
#5138=DIRECTION('ref_axis',(-1.,-1.65547195314529E-16,-5.55111512312579E-17));
#5139=DIRECTION('',(-0.714472679632805,-2.15108052171995E-16,0.699663340513363));
#5140=DIRECTION('center_axis',(-1.65547195314529E-16,1.,7.52316384526265E-33));
#5141=DIRECTION('ref_axis',(-1.,-1.65547195314529E-16,-5.55111512312579E-17));
#5142=DIRECTION('',(0.714472679632802,2.15108052171994E-16,0.699663340513367));
#5143=DIRECTION('',(-0.7144726796328,-2.15108052171994E-16,0.699663340513369));
#5144=DIRECTION('center_axis',(-5.55111512312579E-17,-1.6712879240278E-32,
1.));
#5145=DIRECTION('ref_axis',(1.,3.01072466875217E-16,5.55111512312579E-17));
#5146=DIRECTION('center_axis',(-5.55111512312579E-17,-1.6712879240278E-32,
1.));
#5147=DIRECTION('ref_axis',(1.,3.01072466875217E-16,5.55111512312579E-17));
#5148=DIRECTION('',(-0.707106781186548,-2.99485988579578E-16,0.707106781186547));
#5149=DIRECTION('center_axis',(1.65547195314529E-16,-1.,-7.52316384526265E-33));
#5150=DIRECTION('ref_axis',(5.55111512312579E-17,1.67128792402781E-32,-1.));
#5151=DIRECTION('',(5.55111512312579E-17,1.6712879240278E-32,-1.));
#5152=DIRECTION('',(-1.,-3.01072466875217E-16,-5.55111512312579E-17));
#5153=DIRECTION('',(-0.988489947949766,-1.63641738479688E-16,0.151286558564434));
#5154=DIRECTION('',(0.475694113736131,0.,-0.879610771964963));
#5155=DIRECTION('',(0.714472679632804,2.15108052171995E-16,-0.699663340513365));
#5156=DIRECTION('center_axis',(-4.18680838127882E-16,1.,-6.5285760826686E-33));
#5157=DIRECTION('ref_axis',(-1.,-4.18680838127882E-16,-5.55111512312579E-17));
#5158=DIRECTION('',(-0.714472679632807,-2.15108052171996E-16,-0.699663340513362));
#5159=DIRECTION('center_axis',(-5.55111512312579E-17,-1.6712879240278E-32,
1.));
#5160=DIRECTION('ref_axis',(1.,3.5527136788005E-16,0.));
#5161=DIRECTION('center_axis',(1.04122114995865E-15,-1.,4.10865054802611E-32));
#5162=DIRECTION('ref_axis',(5.55111512312579E-17,1.67128792402778E-32,-1.));
#5163=DIRECTION('center_axis',(1.04122114995865E-15,-1.,4.10865054802611E-32));
#5164=DIRECTION('ref_axis',(0.999999999999582,1.04122114995821E-15,9.14420669609883E-7));
#5165=DIRECTION('center_axis',(-1.,4.39076216208221E-16,-5.55111512312579E-17));
#5166=DIRECTION('ref_axis',(-4.39076266968582E-16,-0.999999999999582,9.14420669554372E-7));
#5167=DIRECTION('center_axis',(-5.55111512312579E-17,-1.6712879240278E-32,
1.));
#5168=DIRECTION('ref_axis',(0.707106781186548,-0.707106781186547,3.92523114670944E-17));
#5169=DIRECTION('center_axis',(3.01072466875217E-16,-1.,-1.60365882605532E-50));
#5170=DIRECTION('ref_axis',(0.707106781186547,2.12890382956028E-16,0.707106781186548));
#5171=DIRECTION('center_axis',(3.01072466875217E-16,-1.,-1.60365882605532E-50));
#5172=DIRECTION('ref_axis',(0.999999999999582,3.01072466875091E-16,9.14420669609883E-7));
#5173=DIRECTION('',(3.01072466875217E-16,-1.,-1.60365882605532E-50));
#5174=DIRECTION('center_axis',(-5.55111512312579E-17,-1.6712879240278E-32,
1.));
#5175=DIRECTION('ref_axis',(1.,3.5527136788005E-16,0.));
#5176=DIRECTION('center_axis',(1.,-4.39076216208221E-16,5.55111512312579E-17));
#5177=DIRECTION('ref_axis',(5.55111512312579E-17,1.6712879240278E-32,-1.));
#5178=DIRECTION('center_axis',(1.,-4.39076216208221E-16,5.55111512312579E-17));
#5179=DIRECTION('ref_axis',(4.39076165447493E-16,0.999999999999582,9.14420669554372E-7));
#5180=DIRECTION('center_axis',(3.01072466875217E-16,-1.,-1.60365882605532E-50));
#5181=DIRECTION('ref_axis',(5.55111512312579E-17,1.67128792402781E-32,-1.));
#5182=DIRECTION('center_axis',(-5.55111512312579E-17,-1.6712879240278E-32,
1.));
#5183=DIRECTION('ref_axis',(0.707106781186547,0.707106781186548,3.92523114670944E-17));
#5184=DIRECTION('center_axis',(-1.,-2.47696359922084E-16,-5.55111512312579E-17));
#5185=DIRECTION('ref_axis',(-2.14400087243224E-16,0.707106781186548,0.707106781186547));
#5186=DIRECTION('',(1.,2.47696359922084E-16,5.55111512312579E-17));
#5187=DIRECTION('center_axis',(-1.,-3.01072466875217E-16,-5.55111512312579E-17));
#5188=DIRECTION('ref_axis',(-5.55111512312579E-17,-1.6712879240278E-32,
1.));
#5189=DIRECTION('',(5.55111512312579E-17,1.6712879240278E-32,-1.));
#5190=DIRECTION('',(-3.01072466875217E-16,1.,1.60365882605532E-50));
#5191=DIRECTION('',(-3.01072466875217E-16,1.,1.60365882605532E-50));
#5192=DIRECTION('',(3.01072466875217E-16,-1.,-1.60365882605532E-50));
#5193=DIRECTION('center_axis',(1.,3.01072466875217E-16,5.55111512312579E-17));
#5194=DIRECTION('ref_axis',(5.55111512312579E-17,1.6712879240278E-32,-1.));
#5195=DIRECTION('center_axis',(1.,-5.8710595282491E-16,5.55111512312579E-17));
#5196=DIRECTION('ref_axis',(-5.8710595282491E-16,-1.,-4.93038065763134E-32));
#5197=DIRECTION('',(5.8710595282491E-16,1.,0.));
#5198=DIRECTION('center_axis',(1.,3.01072466875217E-16,5.55111512312579E-17));
#5199=DIRECTION('ref_axis',(5.55111512312579E-17,1.6712879240278E-32,-1.));
#5200=DIRECTION('',(5.8710595282491E-16,1.,4.93038065763134E-32));
#5201=DIRECTION('',(5.55111512312579E-17,1.6712879240278E-32,-1.));
#5202=DIRECTION('center_axis',(3.01072466875217E-16,-1.,-1.60365882605532E-50));
#5203=DIRECTION('ref_axis',(-1.,-3.01072466875217E-16,1.9045427080411E-15));
#5204=DIRECTION('',(3.01072466875217E-16,-1.,-1.60365882605532E-50));
#5205=DIRECTION('',(3.01072466875217E-16,-1.,-1.60365882605532E-50));
#5206=DIRECTION('center_axis',(0.699663340513364,2.10649367910513E-16,-0.714472679632805));
#5207=DIRECTION('ref_axis',(-0.714472679632805,-2.15108052171995E-16,-0.699663340513364));
#5208=DIRECTION('',(3.01072466875217E-16,-1.,-1.60365882605532E-50));
#5209=DIRECTION('center_axis',(0.699663340513365,2.10649367910514E-16,0.714472679632804));
#5210=DIRECTION('ref_axis',(0.714472679632804,2.15108052171995E-16,-0.699663340513365));
#5211=DIRECTION('center_axis',(1.,3.01072466875217E-16,5.55111512312579E-17));
#5212=DIRECTION('ref_axis',(5.55111512312579E-17,1.6712879240278E-32,-1.));
#5213=DIRECTION('center_axis',(1.,3.01072466875217E-16,5.55111512312579E-17));
#5214=DIRECTION('ref_axis',(5.55111512312579E-17,1.6712879240278E-32,-1.));
#5215=DIRECTION('',(1.,3.01072466875217E-16,5.55111512312579E-17));
#5216=DIRECTION('center_axis',(0.707106781186546,4.39346026035417E-16,-0.707106781186549));
#5217=DIRECTION('ref_axis',(-0.707106781186549,-2.12890382956029E-16,-0.707106781186546));
#5218=DIRECTION('',(3.01072466875217E-16,-1.,-1.60365882605532E-50));
#5219=DIRECTION('',(-0.707106781186549,-2.12890382956029E-16,-0.707106781186546));
#5220=DIRECTION('',(7.63667057534736E-16,-1.,2.56791582808624E-32));
#5221=DIRECTION('center_axis',(5.55111512312579E-17,1.6712879240278E-32,
-1.));
#5222=DIRECTION('ref_axis',(-1.,-3.01072466875217E-16,-5.55111512312579E-17));
#5223=DIRECTION('',(-1.,-3.01072466875217E-16,-5.55111512312579E-17));
#5224=DIRECTION('center_axis',(-5.55111512312579E-17,-1.6712879240278E-32,
1.));
#5225=DIRECTION('ref_axis',(1.,3.01072466875217E-16,5.55111512312579E-17));
#5226=DIRECTION('center_axis',(0.699663340513366,2.92935633813489E-16,0.714472679632803));
#5227=DIRECTION('ref_axis',(0.714472679632803,2.15108052171994E-16,-0.699663340513366));
#5228=DIRECTION('',(0.714472679632803,2.15108052171995E-16,-0.699663340513366));
#5229=DIRECTION('',(-3.01072466875217E-16,1.,1.60365882605532E-50));
#5230=DIRECTION('',(-3.01072466875217E-16,1.,1.60365882605532E-50));
#5231=DIRECTION('center_axis',(-4.18680838127882E-16,1.,-6.5285760826686E-33));
#5232=DIRECTION('ref_axis',(-1.,-4.18680838127882E-16,-5.55111512312579E-17));
#5233=DIRECTION('center_axis',(1.65547195314529E-16,-1.,-7.52316384526265E-33));
#5234=DIRECTION('ref_axis',(1.,1.65547195314529E-16,5.55111512312579E-17));
#5235=DIRECTION('',(-3.01072466875217E-16,1.,1.60365882605532E-50));
#5236=DIRECTION('center_axis',(0.699663340513361,2.92935633813488E-16,-0.714472679632807));
#5237=DIRECTION('ref_axis',(-0.714472679632807,-2.15108052171996E-16,-0.699663340513361));
#5238=DIRECTION('',(-0.714472679632808,-2.15108052171996E-16,-0.699663340513361));
#5239=DIRECTION('center_axis',(0.699663340513368,2.10649367910515E-16,-0.714472679632801));
#5240=DIRECTION('ref_axis',(-0.714472679632801,-2.15108052171994E-16,-0.699663340513368));
#5241=DIRECTION('',(3.01072466875217E-16,-1.,-1.60365882605532E-50));
#5242=DIRECTION('',(3.01072466875217E-16,-1.,-1.60365882605532E-50));
#5243=DIRECTION('center_axis',(3.01072466875217E-16,-1.,-1.60365882605532E-50));
#5244=DIRECTION('ref_axis',(-1.,-3.01072466875217E-16,-5.20088464955991E-15));
#5245=DIRECTION('',(3.01072466875217E-16,-1.,-1.60365882605532E-50));
#5246=DIRECTION('center_axis',(0.699663340513367,2.10649367910514E-16,0.714472679632802));
#5247=DIRECTION('ref_axis',(0.714472679632802,2.15108052171994E-16,-0.699663340513367));
#5248=DIRECTION('center_axis',(-5.55111512312579E-17,-1.6712879240278E-32,
1.));
#5249=DIRECTION('ref_axis',(1.,3.01072466875217E-16,5.55111512312579E-17));
#5250=DIRECTION('',(-3.01072466875217E-16,1.,1.60365882605532E-50));
#5251=DIRECTION('center_axis',(-1.,-3.01072466875217E-16,-5.55111512312579E-17));
#5252=DIRECTION('ref_axis',(-5.55111512312579E-17,-1.6712879240278E-32,
1.));
#5253=DIRECTION('',(3.01072466875217E-16,-1.,-1.60365882605532E-50));
#5254=DIRECTION('center_axis',(5.55111512312579E-17,1.6712879240278E-32,
-1.));
#5255=DIRECTION('ref_axis',(-1.,-3.01072466875217E-16,-5.55111512312579E-17));
#5256=DIRECTION('center_axis',(-5.55111512312579E-17,-1.6712879240278E-32,
1.));
#5257=DIRECTION('ref_axis',(1.,3.01072466875217E-16,5.55111512312579E-17));
#5258=DIRECTION('center_axis',(-5.55111512312579E-17,-1.6712879240278E-32,
1.));
#5259=DIRECTION('ref_axis',(1.,3.01072466875217E-16,5.55111512312579E-17));
#5260=DIRECTION('',(0.714472679632805,-0.699663340513364,3.96612009696987E-17));
#5261=DIRECTION('',(-0.714472679632805,-0.699663340513364,-3.96612009696987E-17));
#5262=DIRECTION('center_axis',(-5.55111512312579E-17,-1.6712879240278E-32,
1.));
#5263=DIRECTION('ref_axis',(1.,3.01072466875217E-16,5.55111512312579E-17));
#5264=DIRECTION('',(0.714472679632805,-0.699663340513364,3.96612009696987E-17));
#5265=DIRECTION('',(-0.714472679632804,-0.699663340513365,-3.96612009696987E-17));
#5266=DIRECTION('center_axis',(-5.55111512312579E-17,-1.6712879240278E-32,
1.));
#5267=DIRECTION('ref_axis',(1.,3.01072466875217E-16,5.55111512312579E-17));
#5268=DIRECTION('',(0.714472679632805,-0.699663340513364,3.96612009696987E-17));
#5269=DIRECTION('',(-0.714472679632804,-0.699663340513364,-3.96612009696987E-17));
#5270=DIRECTION('center_axis',(-5.55111512312579E-17,-1.6712879240278E-32,
1.));
#5271=DIRECTION('ref_axis',(1.,3.01072466875217E-16,5.55111512312579E-17));
#5272=DIRECTION('',(0.714472679632805,-0.699663340513364,3.96612009696987E-17));
#5273=DIRECTION('',(-0.714472679632805,-0.699663340513364,-3.96612009696987E-17));
#5274=DIRECTION('',(-0.714472679632805,0.699663340513364,-3.96612009696987E-17));
#5275=DIRECTION('',(0.714472679632804,0.699663340513364,3.96612009696987E-17));
#5276=DIRECTION('center_axis',(-5.55111512312579E-17,-1.6712879240278E-32,
1.));
#5277=DIRECTION('ref_axis',(1.,3.01072466875217E-16,5.55111512312579E-17));
#5278=DIRECTION('center_axis',(0.699663340513364,2.92935633813489E-16,0.714472679632805));
#5279=DIRECTION('ref_axis',(0.714472679632805,2.15108052171995E-16,-0.699663340513364));
#5280=DIRECTION('',(0.714472679632806,2.15108052171995E-16,-0.699663340513363));
#5281=DIRECTION('',(-3.01072466875217E-16,1.,1.60365882605532E-50));
#5282=DIRECTION('',(-3.01072466875217E-16,1.,1.60365882605532E-50));
#5283=DIRECTION('center_axis',(-4.18680838127882E-16,1.,-6.5285760826686E-33));
#5284=DIRECTION('ref_axis',(-1.,-4.18680838127882E-16,-5.55111512312579E-17));
#5285=DIRECTION('center_axis',(1.65547195314529E-16,-1.,-7.52316384526265E-33));
#5286=DIRECTION('ref_axis',(1.,1.65547195314529E-16,5.55111512312579E-17));
#5287=DIRECTION('',(-3.01072466875217E-16,1.,1.60365882605532E-50));
#5288=DIRECTION('center_axis',(0.699663340513362,2.92935633813488E-16,-0.714472679632807));
#5289=DIRECTION('ref_axis',(-0.714472679632807,-2.15108052171996E-16,-0.699663340513362));
#5290=DIRECTION('',(-0.714472679632806,-2.15108052171995E-16,-0.699663340513363));
#5291=DIRECTION('center_axis',(-5.55111512312579E-17,-1.6712879240278E-32,
1.));
#5292=DIRECTION('ref_axis',(1.,3.01072466875217E-16,5.55111512312579E-17));
#5293=DIRECTION('',(-1.,-3.01072466875217E-16,-5.55111512312579E-17));
#5294=DIRECTION('',(-3.01072466875217E-16,1.,1.60365882605532E-50));
#5295=DIRECTION('center_axis',(-0.151286558564434,-9.39987425750953E-17,
-0.988489947949766));
#5296=DIRECTION('ref_axis',(-0.988489947949766,-2.97607107110591E-16,0.151286558564434));
#5297=DIRECTION('',(0.,1.,0.));
#5298=DIRECTION('',(-0.988489947949766,-2.97607107110591E-16,0.151286558564434));
#5299=DIRECTION('center_axis',(-3.01072466875217E-16,1.,1.60365882605532E-50));
#5300=DIRECTION('ref_axis',(-5.55111512312579E-17,-1.67128792402781E-32,
1.));
#5301=DIRECTION('center_axis',(3.01072466875217E-16,-1.,-1.60365882605532E-50));
#5302=DIRECTION('ref_axis',(0.707106781186547,2.12890382956028E-16,-0.707106781186548));
#5303=DIRECTION('',(-3.01072466875217E-16,1.,1.60365882605532E-50));
#5304=DIRECTION('center_axis',(1.,2.47696359922084E-16,5.55111512312579E-17));
#5305=DIRECTION('ref_axis',(-1.35895464309035E-16,0.707106781186548,-0.707106781186547));
#5306=DIRECTION('',(-1.,-2.47696359922084E-16,-5.55111512312579E-17));
#5307=DIRECTION('center_axis',(-5.87105952824908E-16,-1.,-4.93038065763133E-32));
#5308=DIRECTION('ref_axis',(-1.,5.87105952824908E-16,-5.55111512312579E-17));
#5309=DIRECTION('',(1.,-5.87105952824908E-16,0.));
#5310=DIRECTION('',(1.,-5.87105952824908E-16,5.55111512312579E-17));
#5311=DIRECTION('',(-0.707106781186548,4.15146600517482E-16,0.707106781186547));
#5312=DIRECTION('center_axis',(0.699663340513364,0.714472679632805,3.88391175062044E-17));
#5313=DIRECTION('ref_axis',(5.55111512312579E-17,-2.1570415377137E-32,-1.));
#5314=DIRECTION('',(5.55111512312579E-17,1.6712879240278E-32,-1.));
#5315=DIRECTION('',(0.714472679632805,-0.699663340513364,3.96612009696987E-17));
#5316=DIRECTION('',(5.55111512312579E-17,1.6712879240278E-32,-1.));
#5317=DIRECTION('',(0.714472679632805,-0.699663340513364,3.96612009696987E-17));
#5318=DIRECTION('center_axis',(5.55111512312579E-17,1.6712879240278E-32,
-1.));
#5319=DIRECTION('ref_axis',(1.,1.78607786960481E-16,5.55111512312579E-17));
#5320=DIRECTION('center_axis',(-0.642787609686539,-1.9352565132515E-16,
-0.766044443118979));
#5321=DIRECTION('ref_axis',(0.766044443118979,2.30634890225883E-16,-0.642787609686539));
#5322=DIRECTION('center_axis',(5.55111512312579E-17,1.6712879240278E-32,
-1.));
#5323=DIRECTION('ref_axis',(-1.,-3.01072466875217E-16,-5.55111512312579E-17));
#5324=DIRECTION('center_axis',(-0.642787609686539,-1.9352565132515E-16,
-0.766044443118979));
#5325=DIRECTION('ref_axis',(0.766044443118979,2.30634890225883E-16,-0.642787609686539));
#5326=DIRECTION('',(5.55111512312579E-17,1.6712879240278E-32,-1.));
#5327=DIRECTION('center_axis',(-5.55111512312579E-17,-1.6712879240278E-32,
1.));
#5328=DIRECTION('ref_axis',(1.,3.01072466875217E-16,5.55111512312579E-17));
#5329=DIRECTION('center_axis',(0.699663340513364,-0.714472679632804,3.88391175062044E-17));
#5330=DIRECTION('ref_axis',(5.55111512312579E-17,3.69778549322349E-32,-1.));
#5331=DIRECTION('',(-0.714472679632804,-0.699663340513364,-3.96612009696987E-17));
#5332=DIRECTION('',(5.55111512312579E-17,1.6712879240278E-32,-1.));
#5333=DIRECTION('',(-0.714472679632804,-0.699663340513365,-3.96612009696987E-17));
#5334=DIRECTION('center_axis',(-3.01072466875217E-16,1.,1.60365882605532E-50));
#5335=DIRECTION('ref_axis',(-5.55111512312579E-17,-1.67128792402781E-32,
1.));
#5336=DIRECTION('',(1.,3.01072466875217E-16,5.55111512312579E-17));
#5337=DIRECTION('',(-0.743144825477398,-2.23740445852033E-16,0.669130606358854));
#5338=DIRECTION('center_axis',(0.669130606358854,2.0145680231817E-16,0.743144825477398));
#5339=DIRECTION('ref_axis',(0.743144825477398,2.23740445852033E-16,-0.669130606358854));
#5340=DIRECTION('',(3.01072466875217E-16,-1.,-1.60365882605532E-50));
#5341=DIRECTION('',(-0.743144825477398,-2.23740445852033E-16,0.669130606358854));
#5342=DIRECTION('',(3.01072466875217E-16,-1.,-1.60365882605532E-50));
#5343=DIRECTION('center_axis',(-3.01072466875217E-16,1.,1.60365882605532E-50));
#5344=DIRECTION('ref_axis',(-5.55111512312579E-17,-1.67128792402781E-32,
1.));
#5345=DIRECTION('',(1.,3.01072466875217E-16,5.55111512312579E-17));
#5346=DIRECTION('center_axis',(1.65547195314529E-16,-1.,-7.52316384526265E-33));
#5347=DIRECTION('ref_axis',(5.55111512312579E-17,1.67128792402781E-32,-1.));
#5348=DIRECTION('center_axis',(1.65547195314529E-16,-1.,-7.52316384526265E-33));
#5349=DIRECTION('ref_axis',(1.,1.65547195314529E-16,5.55111512312579E-17));
#5350=DIRECTION('',(-0.714472679632805,-2.15108052171995E-16,-0.699663340513363));
#5351=DIRECTION('',(0.714472679632803,2.15108052171995E-16,-0.699663340513366));
#5352=DIRECTION('center_axis',(-5.55111512312579E-17,-1.6712879240278E-32,
1.));
#5353=DIRECTION('ref_axis',(-1.,-1.78607786960481E-16,-5.55111512312579E-17));
#5354=DIRECTION('',(-5.55111512312579E-17,-1.6712879240278E-32,1.));
#5355=DIRECTION('center_axis',(-5.55111512312579E-17,-1.6712879240278E-32,
1.));
#5356=DIRECTION('ref_axis',(1.,3.01072466875217E-16,5.55111512312579E-17));
#5357=DIRECTION('',(-5.55111512312579E-17,-1.6712879240278E-32,1.));
#5358=DIRECTION('center_axis',(0.699663340513364,0.714472679632805,3.88391175062044E-17));
#5359=DIRECTION('ref_axis',(5.55111512312579E-17,-2.1570415377137E-32,-1.));
#5360=DIRECTION('',(0.714472679632805,-0.699663340513364,3.96612009696987E-17));
#5361=DIRECTION('',(-5.55111512312579E-17,-1.6712879240278E-32,1.));
#5362=DIRECTION('center_axis',(0.699663340513364,-0.714472679632805,3.88391175062044E-17));
#5363=DIRECTION('ref_axis',(5.55111512312579E-17,4.00593428432545E-32,-1.));
#5364=DIRECTION('',(-0.714472679632805,-0.699663340513364,-3.96612009696987E-17));
#5365=DIRECTION('center_axis',(-5.55111512312579E-17,-1.6712879240278E-32,
1.));
#5366=DIRECTION('ref_axis',(-1.,-1.78607786960481E-16,-5.55111512312579E-17));
#5367=DIRECTION('',(-5.55111512312579E-17,-1.6712879240278E-32,1.));
#5368=DIRECTION('center_axis',(-5.55111512312579E-17,-1.6712879240278E-32,
1.));
#5369=DIRECTION('ref_axis',(1.,3.01072466875217E-16,5.55111512312579E-17));
#5370=DIRECTION('',(-5.55111512312579E-17,-1.6712879240278E-32,1.));
#5371=DIRECTION('center_axis',(0.699663340513364,0.714472679632805,3.88391175062044E-17));
#5372=DIRECTION('ref_axis',(5.55111512312579E-17,-2.1570415377137E-32,-1.));
#5373=DIRECTION('',(0.714472679632805,-0.699663340513364,3.96612009696987E-17));
#5374=DIRECTION('',(-5.55111512312579E-17,-1.6712879240278E-32,1.));
#5375=DIRECTION('center_axis',(0.699663340513365,-0.714472679632804,3.88391175062045E-17));
#5376=DIRECTION('ref_axis',(5.55111512312579E-17,6.16297582203915E-33,-1.));
#5377=DIRECTION('',(-0.714472679632804,-0.699663340513365,-3.96612009696987E-17));
#5378=DIRECTION('center_axis',(-5.55111512312579E-17,-1.6712879240278E-32,
1.));
#5379=DIRECTION('ref_axis',(-1.,-1.78607786960481E-16,-5.55111512312579E-17));
#5380=DIRECTION('',(-5.55111512312579E-17,-1.6712879240278E-32,1.));
#5381=DIRECTION('center_axis',(-5.55111512312579E-17,-1.6712879240278E-32,
1.));
#5382=DIRECTION('ref_axis',(1.,3.01072466875217E-16,5.55111512312579E-17));
#5383=DIRECTION('',(-5.55111512312579E-17,-1.6712879240278E-32,1.));
#5384=DIRECTION('center_axis',(0.699663340513364,0.714472679632805,3.88391175062044E-17));
#5385=DIRECTION('ref_axis',(5.55111512312579E-17,-2.1570415377137E-32,-1.));
#5386=DIRECTION('',(0.714472679632805,-0.699663340513364,3.96612009696987E-17));
#5387=DIRECTION('',(-5.55111512312579E-17,-1.6712879240278E-32,1.));
#5388=DIRECTION('center_axis',(0.699663340513364,-0.714472679632804,3.88391175062044E-17));
#5389=DIRECTION('ref_axis',(5.55111512312579E-17,3.69778549322349E-32,-1.));
#5390=DIRECTION('',(-0.714472679632804,-0.699663340513364,-3.96612009696987E-17));
#5391=DIRECTION('center_axis',(-5.55111512312579E-17,-1.6712879240278E-32,
1.));
#5392=DIRECTION('ref_axis',(-1.,2.65481422889581E-16,-5.55111512312579E-17));
#5393=DIRECTION('',(-5.55111512312579E-17,-1.6712879240278E-32,1.));
#5394=DIRECTION('center_axis',(-5.55111512312579E-17,-1.6712879240278E-32,
1.));
#5395=DIRECTION('ref_axis',(1.,3.01072466875217E-16,5.55111512312579E-17));
#5396=DIRECTION('',(-5.55111512312579E-17,-1.6712879240278E-32,1.));
#5397=DIRECTION('center_axis',(0.699663340513364,0.714472679632805,3.88391175062044E-17));
#5398=DIRECTION('ref_axis',(5.55111512312579E-17,-2.1570415377137E-32,-1.));
#5399=DIRECTION('',(0.714472679632805,-0.699663340513364,3.96612009696987E-17));
#5400=DIRECTION('',(-5.55111512312579E-17,-1.6712879240278E-32,1.));
#5401=DIRECTION('center_axis',(0.699663340513364,-0.714472679632805,3.88391175062044E-17));
#5402=DIRECTION('ref_axis',(5.55111512312579E-17,4.00593428432545E-32,-1.));
#5403=DIRECTION('',(-0.714472679632805,-0.699663340513364,-3.96612009696987E-17));
#5404=DIRECTION('center_axis',(-0.699663340513364,-0.714472679632805,-3.88391175062044E-17));
#5405=DIRECTION('ref_axis',(-5.55111512312579E-17,2.1570415377137E-32,1.));
#5406=DIRECTION('',(5.55111512312579E-17,1.6712879240278E-32,-1.));
#5407=DIRECTION('',(5.55111512312579E-17,1.6712879240278E-32,-1.));
#5408=DIRECTION('',(0.714472679632805,-0.699663340513364,3.96612009696987E-17));
#5409=DIRECTION('center_axis',(-0.699663340513364,0.714472679632804,-3.88391175062044E-17));
#5410=DIRECTION('ref_axis',(-5.55111512312579E-17,-3.69778549322349E-32,
1.));
#5411=DIRECTION('',(5.55111512312579E-17,1.6712879240278E-32,-1.));
#5412=DIRECTION('',(-0.714472679632804,-0.699663340513364,-3.96612009696987E-17));
#5413=DIRECTION('center_axis',(5.55111512312579E-17,1.6712879240278E-32,
-1.));
#5414=DIRECTION('ref_axis',(-1.,-3.01072466875217E-16,-5.55111512312579E-17));
#5415=DIRECTION('center_axis',(-5.55111512312579E-17,-1.6712879240278E-32,
1.));
#5416=DIRECTION('ref_axis',(1.,3.01072466875217E-16,5.55111512312579E-17));
#5417=DIRECTION('center_axis',(1.65547195314529E-16,-1.,-7.52316384526265E-33));
#5418=DIRECTION('ref_axis',(5.55111512312579E-17,1.67128792402781E-32,-1.));
#5419=DIRECTION('center_axis',(1.65547195314529E-16,-1.,-7.52316384526265E-33));
#5420=DIRECTION('ref_axis',(1.,1.65547195314529E-16,5.55111512312579E-17));
#5421=DIRECTION('',(-0.714472679632804,-2.15108052171995E-16,-0.699663340513365));
#5422=DIRECTION('',(0.714472679632804,2.15108052171995E-16,-0.699663340513365));
#5423=DIRECTION('center_axis',(6.21329108594012E-16,-1.,1.77778148712668E-32));
#5424=DIRECTION('ref_axis',(-1.,-6.21329108594012E-16,1.84331036808373E-15));
#5425=DIRECTION('center_axis',(-2.76446328185116E-16,0.965925826289068,
-0.258819045102521));
#5426=DIRECTION('ref_axis',(1.36891958811177E-15,-0.258819045102521,-0.965925826289068));
#5427=DIRECTION('',(7.68325732768067E-16,-1.,2.59377667062772E-32));
#5428=DIRECTION('',(8.58083979811843E-16,-1.,3.09203503321768E-32));
#5429=DIRECTION('center_axis',(0.699663340513366,4.34721199677078E-16,0.714472679632803));
#5430=DIRECTION('ref_axis',(0.714472679632803,2.15108052171994E-16,-0.699663340513366));
#5431=DIRECTION('center_axis',(0.699663340513366,4.34721199677078E-16,0.714472679632803));
#5432=DIRECTION('ref_axis',(-0.714472679632803,7.76782350124089E-16,0.699663340513366));
#5433=DIRECTION('',(8.09272014373054E-16,-1.,2.82107419368092E-32));
#5434=DIRECTION('',(-0.702238603182089,0.184264063692231,0.687682847708516));
#5435=DIRECTION('center_axis',(0.699663340513364,4.34721199677077E-16,-0.714472679632804));
#5436=DIRECTION('ref_axis',(-0.714472679632804,-2.15108052171995E-16,-0.699663340513364));
#5437=DIRECTION('',(0.702238603182091,0.184264063692232,0.687682847708514));
#5438=DIRECTION('center_axis',(6.21329108594012E-16,-1.,1.77778148712668E-32));
#5439=DIRECTION('ref_axis',(-1.,-6.21329108594012E-16,6.69535286834774E-17));
#5440=DIRECTION('',(6.83907992608029E-16,-1.,2.12516407656523E-32));
#5441=DIRECTION('',(6.8390799260803E-16,-1.,2.12516407656523E-32));
#5442=DIRECTION('center_axis',(0.699663340513365,4.34721199677078E-16,0.714472679632804));
#5443=DIRECTION('ref_axis',(0.714472679632804,2.15108052171995E-16,-0.699663340513365));
#5444=DIRECTION('',(6.83907992608029E-16,-1.,2.12516407656523E-32));
#5445=DIRECTION('center_axis',(0.699663340513365,4.34721199677078E-16,-0.714472679632804));
#5446=DIRECTION('ref_axis',(-0.714472679632804,-2.15108052171995E-16,-0.699663340513365));
#5447=DIRECTION('center_axis',(-5.55111512312579E-17,-1.6712879240278E-32,
1.));
#5448=DIRECTION('ref_axis',(1.,3.01072466875217E-16,5.55111512312579E-17));
#5449=DIRECTION('center_axis',(-5.55111512312579E-17,-1.6712879240278E-32,
1.));
#5450=DIRECTION('ref_axis',(1.,3.01072466875217E-16,5.55111512312579E-17));
#5451=DIRECTION('',(-3.01072466875217E-16,1.,1.60365882605532E-50));
#5452=DIRECTION('',(-3.01072466875217E-16,1.,1.60365882605532E-50));
#5453=DIRECTION('center_axis',(-5.55111512312579E-17,-1.6712879240278E-32,
1.));
#5454=DIRECTION('ref_axis',(1.,3.01072466875217E-16,5.55111512312579E-17));
#5455=DIRECTION('',(-1.,-3.01072466875217E-16,-5.55111512312579E-17));
#5456=DIRECTION('center_axis',(-5.55111512312579E-17,-1.6712879240278E-32,
1.));
#5457=DIRECTION('ref_axis',(-1.,-3.01072466875217E-16,-5.55111512312579E-17));
#5458=DIRECTION('',(1.,3.01072466875217E-16,5.55111512312579E-17));
#5459=DIRECTION('',(-0.714472679632804,-0.699663340513365,-3.96612009696987E-17));
#5460=DIRECTION('',(0.714472679632805,-0.699663340513363,3.96612009696987E-17));
#5461=DIRECTION('center_axis',(-5.55111512312579E-17,-1.6712879240278E-32,
1.));
#5462=DIRECTION('ref_axis',(1.,3.01072466875217E-16,5.55111512312579E-17));
#5463=DIRECTION('',(-0.714472679632804,-0.699663340513364,-3.96612009696987E-17));
#5464=DIRECTION('',(0.714472679632805,-0.699663340513364,3.96612009696987E-17));
#5465=DIRECTION('center_axis',(-5.55111512312579E-17,-1.6712879240278E-32,
1.));
#5466=DIRECTION('ref_axis',(1.01733715496542E-14,1.,5.81448445864909E-31));
#5467=DIRECTION('',(-0.714472679632804,-0.699663340513365,-3.96612009696987E-17));
#5468=DIRECTION('',(0.714472679632808,-0.699663340513361,3.96612009696989E-17));
#5469=DIRECTION('center_axis',(-5.55111512312579E-17,-1.6712879240278E-32,
1.));
#5470=DIRECTION('ref_axis',(-3.19040887196792E-15,-1.,-1.93816148621636E-31));
#5471=DIRECTION('',(-0.714472679632802,-0.699663340513367,-3.96612009696985E-17));
#5472=DIRECTION('',(0.71447267963281,-0.699663340513359,3.9661200969699E-17));
#5473=DIRECTION('center_axis',(-5.55111512312579E-17,-1.6712879240278E-32,
1.));
#5474=DIRECTION('ref_axis',(-1.,-3.01072466875217E-16,-5.55111512312579E-17));
#5475=DIRECTION('center_axis',(-0.642787609686539,-1.9352565132515E-16,
-0.766044443118979));
#5476=DIRECTION('ref_axis',(-0.766044443118979,-2.30634890225883E-16,0.642787609686539));
#5477=DIRECTION('center_axis',(-0.642787609686539,-1.9352565132515E-16,
-0.766044443118979));
#5478=DIRECTION('ref_axis',(0.766044443118979,2.30634890225883E-16,-0.642787609686539));
#5479=DIRECTION('',(-3.01072466875217E-16,1.,1.60365882605532E-50));
#5480=DIRECTION('center_axis',(5.55111512312579E-17,1.6712879240278E-32,
-1.));
#5481=DIRECTION('ref_axis',(-1.,-3.01072466875217E-16,-5.55111512312579E-17));
#5482=DIRECTION('center_axis',(-5.55111512312579E-17,-1.6712879240278E-32,
1.));
#5483=DIRECTION('ref_axis',(-1.,-3.01072466875217E-16,-5.55111512312579E-17));
#5484=DIRECTION('',(1.,3.01072466875217E-16,5.55111512312579E-17));
#5485=DIRECTION('center_axis',(5.55111512312579E-17,1.6712879240278E-32,
-1.));
#5486=DIRECTION('ref_axis',(-1.,-3.01072466875217E-16,-5.55111512312579E-17));
#5487=DIRECTION('',(-1.,3.67144548639958E-16,-5.55111512312579E-17));
#5488=DIRECTION('center_axis',(-5.55111512312579E-17,-1.6712879240278E-32,
1.));
#5489=DIRECTION('ref_axis',(-1.,-3.01072466875217E-16,-5.55111512312579E-17));
#5490=DIRECTION('',(-3.01072466875217E-16,1.,1.60365882605532E-50));
#5491=DIRECTION('center_axis',(-0.642787609686539,-1.9352565132515E-16,
-0.766044443118979));
#5492=DIRECTION('ref_axis',(-0.766044443118979,-2.30634890225883E-16,0.642787609686539));
#5493=DIRECTION('center_axis',(-0.642787609686539,-1.9352565132515E-16,
-0.766044443118979));
#5494=DIRECTION('ref_axis',(0.766044443118979,2.30634890225883E-16,-0.642787609686539));
#5495=DIRECTION('center_axis',(-5.55111512312579E-17,-1.6712879240278E-32,
1.));
#5496=DIRECTION('ref_axis',(1.,3.01072466875217E-16,5.55111512312579E-17));
#5497=DIRECTION('',(0.714472679632808,-0.69966334051336,3.96612009696989E-17));
#5498=DIRECTION('',(-0.714472679632804,-0.699663340513365,-3.96612009696987E-17));
#5499=DIRECTION('center_axis',(-5.55111512312579E-17,-1.6712879240278E-32,
1.));
#5500=DIRECTION('ref_axis',(1.,3.01072466875217E-16,5.55111512312579E-17));
#5501=DIRECTION('center_axis',(-5.55111512312579E-17,-1.6712879240278E-32,
1.));
#5502=DIRECTION('ref_axis',(1.,3.01072466875217E-16,5.55111512312579E-17));
#5503=DIRECTION('',(0.714472679632805,-0.699663340513364,3.96612009696987E-17));
#5504=DIRECTION('',(-0.714472679632804,-0.699663340513364,-3.96612009696987E-17));
#5505=DIRECTION('center_axis',(-5.55111512312579E-17,-1.6712879240278E-32,
1.));
#5506=DIRECTION('ref_axis',(1.,3.01072466875217E-16,5.55111512312579E-17));
#5507=DIRECTION('center_axis',(-5.55111512312579E-17,-1.6712879240278E-32,
1.));
#5508=DIRECTION('ref_axis',(1.,3.01072466875217E-16,5.55111512312579E-17));
#5509=DIRECTION('',(0.71447267963281,-0.699663340513359,3.9661200969699E-17));
#5510=DIRECTION('',(-0.714472679632802,-0.699663340513367,-3.96612009696985E-17));
#5511=DIRECTION('center_axis',(-5.55111512312579E-17,-1.6712879240278E-32,
1.));
#5512=DIRECTION('ref_axis',(1.,3.01072466875217E-16,5.55111512312579E-17));
#5513=DIRECTION('center_axis',(-5.55111512312579E-17,-1.6712879240278E-32,
1.));
#5514=DIRECTION('ref_axis',(1.,3.01072466875217E-16,5.55111512312579E-17));
#5515=DIRECTION('',(0.714472679632805,-0.699663340513364,3.96612009696987E-17));
#5516=DIRECTION('',(-0.714472679632804,-0.699663340513365,-3.96612009696987E-17));
#5517=DIRECTION('center_axis',(-5.55111512312579E-17,-1.6712879240278E-32,
1.));
#5518=DIRECTION('ref_axis',(1.,3.01072466875217E-16,5.55111512312579E-17));
#5519=DIRECTION('center_axis',(5.55111512312579E-17,1.6712879240278E-32,
-1.));
#5520=DIRECTION('ref_axis',(-1.,-3.01072466875217E-16,-5.55111512312579E-17));
#5521=DIRECTION('',(5.55111512312579E-17,1.6712879240278E-32,-1.));
#5522=DIRECTION('center_axis',(5.55111512312579E-17,1.6712879240278E-32,
-1.));
#5523=DIRECTION('ref_axis',(-1.,-3.01072466875217E-16,-5.55111512312579E-17));
#5524=DIRECTION('',(5.55111512312579E-17,1.6712879240278E-32,-1.));
#5525=DIRECTION('center_axis',(-2.10856395031449E-17,-1.,-1.78833673635449E-32));
#5526=DIRECTION('ref_axis',(5.55111512312579E-17,1.6712879240278E-32,-1.));
#5527=DIRECTION('center_axis',(5.55111512312579E-17,1.6712879240278E-32,
-1.));
#5528=DIRECTION('ref_axis',(1.,-7.09570632739644E-16,5.55111512312579E-17));
#5529=DIRECTION('center_axis',(-3.01072466875217E-16,1.,1.60365882605532E-50));
#5530=DIRECTION('ref_axis',(-5.55111512312579E-17,-1.67128792402781E-32,
1.));
#5531=DIRECTION('center_axis',(-0.699663340513365,0.714472679632804,-3.88391175062045E-17));
#5532=DIRECTION('ref_axis',(-5.55111512312579E-17,-6.16297582203915E-33,
1.));
#5533=DIRECTION('',(5.55111512312579E-17,1.6712879240278E-32,-1.));
#5534=DIRECTION('',(5.55111512312579E-17,1.6712879240278E-32,-1.));
#5535=DIRECTION('center_axis',(-0.699663340513364,-0.714472679632805,-3.88391175062044E-17));
#5536=DIRECTION('ref_axis',(-5.55111512312579E-17,2.1570415377137E-32,1.));
#5537=DIRECTION('',(5.55111512312579E-17,1.6712879240278E-32,-1.));
#5538=DIRECTION('center_axis',(5.55111512312579E-17,1.6712879240278E-32,
-1.));
#5539=DIRECTION('ref_axis',(-1.,-3.01072466875217E-16,-5.55111512312579E-17));
#5540=DIRECTION('center_axis',(-0.699663340513364,0.714472679632804,-3.88391175062044E-17));
#5541=DIRECTION('ref_axis',(-5.55111512312579E-17,-3.69778549322349E-32,
1.));
#5542=DIRECTION('',(5.55111512312579E-17,1.6712879240278E-32,-1.));
#5543=DIRECTION('',(5.55111512312579E-17,1.6712879240278E-32,-1.));
#5544=DIRECTION('center_axis',(-0.699663340513364,-0.714472679632805,-3.88391175062044E-17));
#5545=DIRECTION('ref_axis',(-5.55111512312579E-17,2.1570415377137E-32,1.));
#5546=DIRECTION('',(5.55111512312579E-17,1.6712879240278E-32,-1.));
#5547=DIRECTION('center_axis',(5.55111512312579E-17,1.6712879240278E-32,
-1.));
#5548=DIRECTION('ref_axis',(-1.,-3.01072466875217E-16,-5.55111512312579E-17));
#5549=DIRECTION('center_axis',(-0.699663340513365,0.714472679632804,-3.88391175062044E-17));
#5550=DIRECTION('ref_axis',(-5.55111512312579E-17,-7.70371977754894E-32,
1.));
#5551=DIRECTION('',(5.55111512312579E-17,1.6712879240278E-32,-1.));
#5552=DIRECTION('',(5.55111512312579E-17,1.6712879240278E-32,-1.));
#5553=DIRECTION('center_axis',(-0.69966334051336,-0.714472679632809,-3.88391175062042E-17));
#5554=DIRECTION('ref_axis',(-5.55111512312579E-17,6.16297582203915E-33,
1.));
#5555=DIRECTION('',(5.55111512312579E-17,1.6712879240278E-32,-1.));
#5556=DIRECTION('center_axis',(5.55111512312579E-17,1.6712879240278E-32,
-1.));
#5557=DIRECTION('ref_axis',(-1.,-3.01072466875217E-16,-5.55111512312579E-17));
#5558=DIRECTION('center_axis',(-0.699663340513367,0.714472679632802,-3.88391175062046E-17));
#5559=DIRECTION('ref_axis',(-5.55111512312579E-17,-1.84889274661175E-32,
1.));
#5560=DIRECTION('',(5.55111512312579E-17,1.6712879240278E-32,-1.));
#5561=DIRECTION('',(5.55111512312579E-17,1.6712879240278E-32,-1.));
#5562=DIRECTION('center_axis',(-0.699663340513359,-0.71447267963281,-3.88391175062041E-17));
#5563=DIRECTION('ref_axis',(-5.55111512312579E-17,4.00593428432545E-32,
1.));
#5564=DIRECTION('',(5.55111512312579E-17,1.6712879240278E-32,-1.));
#5565=DIRECTION('center_axis',(5.55111512312579E-17,1.6712879240278E-32,
-1.));
#5566=DIRECTION('ref_axis',(-1.,-3.01072466875217E-16,-5.55111512312579E-17));
#5567=DIRECTION('center_axis',(1.,2.47696359922084E-16,5.55111512312579E-17));
#5568=DIRECTION('ref_axis',(-1.35895464309035E-16,0.707106781186548,-0.707106781186547));
#5569=DIRECTION('center_axis',(0.707106781186548,-0.707106781186547,3.92523114670944E-17));
#5570=DIRECTION('ref_axis',(0.707106781186547,0.707106781186548,1.04672830578918E-16));
#5571=DIRECTION('',(-1.,-2.47696359922084E-16,-5.55111512312579E-17));
#5572=DIRECTION('center_axis',(0.567152647695021,-0.823612696728582,3.14832963974066E-17));
#5573=DIRECTION('ref_axis',(5.55111512312579E-17,4.62223186652937E-32,-1.));
#5574=DIRECTION('',(-0.823612696728582,-0.567152647695021,1.48529774027937E-15));
#5575=DIRECTION('',(0.351824274885663,0.242271725311371,-0.904170388099405));
#5576=DIRECTION('',(-5.55111512312579E-17,-1.6712879240278E-32,1.));
#5577=DIRECTION('',(-0.823612696728582,-0.567152647695021,-4.57196889640845E-17));
#5578=DIRECTION('center_axis',(0.567152647695021,-0.823612696728582,3.14832963974066E-17));
#5579=DIRECTION('ref_axis',(0.823612696728582,0.567152647695021,-5.24721606623443E-17));
#5580=DIRECTION('',(-5.55111512312579E-17,0.,1.));
#5581=DIRECTION('center_axis',(-5.55111512312579E-17,-1.6712879240278E-32,
1.));
#5582=DIRECTION('ref_axis',(1.,3.01072466875217E-16,5.55111512312579E-17));
#5583=DIRECTION('center_axis',(8.53557289144703E-15,-3.58267997983582E-14,
1.));
#5584=DIRECTION('ref_axis',(0.95509152759814,0.29631094125977,2.46361941875942E-15));
#5585=DIRECTION('center_axis',(-3.05181014493548E-16,0.965925826289068,
0.258819045102521));
#5586=DIRECTION('ref_axis',(-2.43036337619939E-17,0.258819045102521,-0.965925826289068));
#5587=DIRECTION('center_axis',(-0.823612696728608,-0.567152647694984,-2.1373383803173E-14));
#5588=DIRECTION('ref_axis',(0.52278000379142,-0.759175242270952,0.387755102040816));
#5589=DIRECTION('center_axis',(-0.823612696728582,-0.567152647695021,-4.57196889640845E-17));
#5590=DIRECTION('ref_axis',(0.501295893388518,-0.727976258756176,0.467710374012774));
#5591=DIRECTION('',(-0.823612696728582,-0.567152647695021,-4.57196889640845E-17));
#5592=DIRECTION('',(0.823612696728582,0.567152647695021,4.57196889640845E-17));
#5593=DIRECTION('center_axis',(0.,1.,0.));
#5594=DIRECTION('ref_axis',(1.,0.,0.));
#5595=DIRECTION('',(1.,0.,0.));
#5596=DIRECTION('',(0.,0.,-1.));
#5597=DIRECTION('center_axis',(0.,-1.,0.));
#5598=DIRECTION('ref_axis',(-1.,0.,1.78405346251971E-15));
#5599=DIRECTION('center_axis',(-1.,-4.61200787734614E-16,-5.55111512312579E-17));
#5600=DIRECTION('ref_axis',(2.86865893028628E-16,-0.707106781186547,0.707106781186548));
#5601=DIRECTION('center_axis',(-1.,-7.40148683083437E-16,1.09564014614029E-30));
#5602=DIRECTION('ref_axis',(6.65616770554288E-45,-1.48029736616688E-15,
-1.));
#5603=DIRECTION('',(-1.,-4.61200787734614E-16,-5.55111512312579E-17));
#5604=DIRECTION('center_axis',(5.55111512312579E-17,1.6712879240278E-32,
-1.));
#5605=DIRECTION('ref_axis',(-1.,-3.01072466875217E-16,-5.55111512312579E-17));
#5606=DIRECTION('center_axis',(0.,0.,-1.));
#5607=DIRECTION('ref_axis',(-0.8074938212979,-0.58987602813279,0.));
#5608=DIRECTION('center_axis',(-2.76446328185116E-16,0.965925826289068,
-0.258819045102521));
#5609=DIRECTION('ref_axis',(-1.31542943004614E-16,0.258819045102521,0.965925826289068));
#5610=DIRECTION('',(5.55111512312579E-17,1.6712879240278E-32,-1.));
#5611=DIRECTION('center_axis',(0.567152647695012,0.823612696728589,3.14832963974061E-17));
#5612=DIRECTION('ref_axis',(5.55111512312579E-17,-2.77333911991762E-32,
-1.));
#5613=DIRECTION('',(0.823612696728589,-0.567152647695012,-1.48529774027938E-15));
#5614=DIRECTION('',(5.55111512312579E-17,0.,-1.));
#5615=DIRECTION('',(-0.823612696728589,0.567152647695012,0.));
#5616=DIRECTION('',(-0.35182427488567,0.24227172531137,0.904170388099403));
#5617=DIRECTION('',(0.,0.,-1.));
#5618=DIRECTION('',(0.,0.,-1.));
#5619=DIRECTION('center_axis',(1.,0.,-7.61992170405979E-16));
#5620=DIRECTION('ref_axis',(-7.61992170405979E-16,0.,-1.));
#5621=DIRECTION('',(0.,1.,0.));
#5622=DIRECTION('',(0.,0.,-1.));
#5623=DIRECTION('center_axis',(-0.587173309685082,-0.809461243293011,-8.69191103810315E-16));
#5624=DIRECTION('ref_axis',(-0.809461243293011,0.587173309685082,4.93038065763132E-32));
#5625=DIRECTION('center_axis',(-0.587173309674898,0.809461243300398,-8.69191103795239E-16));
#5626=DIRECTION('ref_axis',(1.48029736616688E-15,1.8735446498999E-30,-1.));
#5627=DIRECTION('center_axis',(0.,0.,1.));
#5628=DIRECTION('ref_axis',(1.,0.,0.));
#5629=DIRECTION('center_axis',(-0.823612696728589,0.567152647695012,0.));
#5630=DIRECTION('ref_axis',(0.,0.,-1.));
#5631=DIRECTION('center_axis',(0.,0.,1.));
#5632=DIRECTION('ref_axis',(-0.8074938212979,-0.58987602813279,0.));
#5633=DIRECTION('center_axis',(-1.,0.,0.));
#5634=DIRECTION('ref_axis',(0.,-0.707106781186548,-0.707106781186547));
#5635=DIRECTION('',(1.,0.,0.));
#5636=DIRECTION('center_axis',(0.954885515841714,-0.296974159878776,0.));
#5637=DIRECTION('ref_axis',(0.296974159878776,0.954885515841714,0.));
#5638=DIRECTION('',(-1.,0.,0.));
#5639=DIRECTION('center_axis',(0.823612696728589,-0.567152647695012,0.));
#5640=DIRECTION('ref_axis',(-0.401037483153047,-0.582382122928124,-0.707106781186548));
#5641=DIRECTION('',(0.823612696728589,-0.567152647695012,0.));
#5642=DIRECTION('center_axis',(0.,-1.,0.));
#5643=DIRECTION('ref_axis',(-1.,0.,1.48029736616688E-15));
#5644=DIRECTION('center_axis',(0.,1.,0.));
#5645=DIRECTION('ref_axis',(-0.707106781186548,0.,-0.707106781186547));
#5646=DIRECTION('',(0.,-1.,0.));
#5647=DIRECTION('center_axis',(3.75409163015187E-8,-0.999999999999999,0.));
#5648=DIRECTION('ref_axis',(-0.999999999999999,-3.75409163015187E-8,0.));
#5649=DIRECTION('center_axis',(1.,0.,0.));
#5650=DIRECTION('ref_axis',(0.,0.707106781186548,-0.707106781186547));
#5651=DIRECTION('center_axis',(-0.954885515841712,-0.296974159878782,0.));
#5652=DIRECTION('ref_axis',(-0.296974159878782,0.954885515841712,1.50185917122209E-15));
#5653=DIRECTION('',(-1.,0.,0.));
#5654=DIRECTION('center_axis',(-0.823612696728582,-0.567152647695021,-4.57196889640845E-17));
#5655=DIRECTION('ref_axis',(-0.292589662355044,0.424895417180045,-0.856653473665027));
#5656=DIRECTION('',(-0.823612696728582,-0.567152647695021,0.));
#5657=DIRECTION('center_axis',(0.,-1.,0.));
#5658=DIRECTION('ref_axis',(-1.,0.,0.));
#5659=DIRECTION('center_axis',(0.,1.,0.));
#5660=DIRECTION('ref_axis',(-1.,0.,1.62663698053265E-15));
#5661=DIRECTION('center_axis',(-2.76446328185116E-16,0.965925826289068,
-0.258819045102521));
#5662=DIRECTION('ref_axis',(-1.31542943004614E-16,0.258819045102521,0.965925826289068));
#5663=DIRECTION('center_axis',(-2.76446328185116E-16,0.965925826289068,
-0.258819045102521));
#5664=DIRECTION('ref_axis',(-0.984486223835774,0.0454128789951567,0.169483171727903));
#5665=DIRECTION('',(1.,-1.97019519070635E-16,-1.80339344716154E-15));
#5666=DIRECTION('',(1.,-1.97019519070635E-16,-1.80339344716154E-15));
#5667=DIRECTION('',(0.,-1.,0.));
#5668=DIRECTION('center_axis',(-1.80339344716154E-15,-5.42952113883526E-31,
-1.));
#5669=DIRECTION('ref_axis',(-1.,-3.01072466875217E-16,1.80339344716154E-15));
#5670=DIRECTION('',(0.823612696728582,0.567152647695021,-1.48529774027937E-15));
#5671=DIRECTION('',(-0.823612696728589,0.567152647695012,1.48529774027938E-15));
#5672=DIRECTION('',(-1.,1.97019519070635E-16,1.80339344716154E-15));
#5673=DIRECTION('center_axis',(-1.80339344716154E-15,-5.42952113883526E-31,
-1.));
#5674=DIRECTION('ref_axis',(0.805308722710046,0.592855683220727,-1.45228847347733E-15));
#5675=DIRECTION('',(1.,7.99164452821069E-16,-1.80339344716154E-15));
#5676=DIRECTION('center_axis',(-1.,1.97019519070635E-16,1.80339344716154E-15));
#5677=DIRECTION('ref_axis',(1.31079033119288E-15,-0.60876142900872,0.793353340291235));
#5678=DIRECTION('center_axis',(-0.954885515841713,0.296974159878778,1.41351451409138E-15));
#5679=DIRECTION('ref_axis',(-0.296974159878778,-0.954885515841713,-4.56447808108335E-16));
#5680=DIRECTION('center_axis',(-0.823612696728589,0.567152647695012,1.48529774027938E-15));
#5681=DIRECTION('ref_axis',(-0.401037483153046,-0.582382122928124,0.707106781186549));
#5682=DIRECTION('center_axis',(-3.05181014493548E-16,0.965925826289068,
0.258819045102521));
#5683=DIRECTION('ref_axis',(2.43036337619939E-17,-0.258819045102521,0.965925826289068));
#5684=DIRECTION('center_axis',(3.05181014493548E-16,-0.965925826289068,
-0.258819045102521));
#5685=DIRECTION('ref_axis',(-0.984486223835773,-0.0454128789951581,0.169483171727906));
#5686=DIRECTION('',(-1.,-7.99164452821069E-16,1.80339344716154E-15));
#5687=DIRECTION('center_axis',(-3.05181014493548E-16,0.965925826289068,
0.258819045102521));
#5688=DIRECTION('ref_axis',(-2.43036337619939E-17,0.258819045102521,-0.965925826289068));
#5689=DIRECTION('',(0.702238603182091,0.184264063692232,-0.687682847708514));
#5690=DIRECTION('',(-1.,-7.99164452821069E-16,1.80339344716154E-15));
#5691=DIRECTION('',(-0.331668125174636,-0.24416888505968,0.911250684670171));
#5692=DIRECTION('center_axis',(3.05181014493548E-16,-0.965925826289068,
-0.258819045102521));
#5693=DIRECTION('ref_axis',(0.352607693420559,0.242195418899744,-0.90388560869427));
#5694=DIRECTION('center_axis',(0.699663340513364,2.10649367910513E-16,0.714472679632805));
#5695=DIRECTION('ref_axis',(0.714472679632805,2.15108052171995E-16,-0.699663340513364));
#5696=DIRECTION('center_axis',(0.699663340513364,2.10649367910513E-16,0.714472679632805));
#5697=DIRECTION('ref_axis',(-0.714472679632805,-8.41514212634427E-16,0.699663340513364));
#5698=DIRECTION('',(-3.01072466875217E-16,1.,1.60365882605532E-50));
#5699=DIRECTION('center_axis',(-3.01072466875217E-16,1.,1.60365882605532E-50));
#5700=DIRECTION('ref_axis',(-1.,-3.01072466875217E-16,-1.77063565067414E-15));
#5701=DIRECTION('center_axis',(0.342020143325666,8.47171445217971E-17,-0.939692620785909));
#5702=DIRECTION('ref_axis',(0.664463024388675,0.707106781186548,0.241844762647973));
#5703=DIRECTION('center_axis',(-0.339422272508223,-0.123018852662002,0.932555029376325));
#5704=DIRECTION('ref_axis',(0.0420749256192166,-0.992404333872905,-0.115599908064032));
#5705=DIRECTION('center_axis',(0.331668125174636,0.244168885059681,-0.91125068467017));
#5706=DIRECTION('ref_axis',(0.636872281284098,0.654651713690643,0.407215951423681));
#5707=DIRECTION('center_axis',(-0.815986557847196,-0.149615752068187,0.558373588331106));
#5708=DIRECTION('ref_axis',(0.578070875769299,-0.211192861718502,0.788182490129326));
#5709=DIRECTION('center_axis',(-1.,-7.99164452821069E-16,1.80339344716154E-15));
#5710=DIRECTION('ref_axis',(9.44227720852604E-16,0.608761429008722,0.793353340291234));
#5711=DIRECTION('center_axis',(-0.954885515841712,-0.296974159878781,1.19370948074729E-15));
#5712=DIRECTION('ref_axis',(0.296974159878781,-0.954885515841712,1.16320506515398E-15));
#5713=DIRECTION('center_axis',(0.823612696728582,0.567152647695021,-1.48529774027937E-15));
#5714=DIRECTION('ref_axis',(-0.401037483153054,0.582382122928121,0.707106781186547));
#5715=DIRECTION('center_axis',(-0.707106781186547,3.84617310166756E-16,
-0.707106781186548));
#5716=DIRECTION('ref_axis',(-0.707106781186548,-2.12890382956028E-16,0.707106781186547));
#5717=DIRECTION('',(-5.43931016361286E-16,-1.,0.));
#5718=DIRECTION('',(5.43931016361286E-16,1.,4.69071161488812E-32));
#5719=DIRECTION('',(0.707106781186547,-6.13474068982801E-16,-0.707106781186548));
#5720=DIRECTION('',(-0.622261589961736,1.84523411472242E-13,0.782809372490067));
#5721=DIRECTION('',(-0.622261593768692,1.10566943661541E-8,0.782809369463886));
#5722=DIRECTION('center_axis',(0.,0.,1.));
#5723=DIRECTION('ref_axis',(-0.588063862878373,-0.808814498619162,0.));
#5724=DIRECTION('center_axis',(0.,0.,1.));
#5725=DIRECTION('ref_axis',(1.,0.,0.));
#5726=DIRECTION('center_axis',(-3.01072466875217E-16,1.,1.92592994438724E-34));
#5727=DIRECTION('ref_axis',(0.913545457642601,2.75043384535107E-16,0.4067366430758));
#5728=DIRECTION('',(0.00427601493761444,1.28739036566286E-18,-0.999990857806337));
#5729=DIRECTION('',(1.,3.01072466875217E-16,0.));
#5730=DIRECTION('center_axis',(0.00427601493761265,1.28739036566232E-18,
-0.999990857806337));
#5731=DIRECTION('ref_axis',(0.921176983910346,-0.389123950140202,0.0039390025545098));
#5732=DIRECTION('center_axis',(-0.00427601493761442,-1.28739036566285E-18,
0.999990857806337));
#5733=DIRECTION('ref_axis',(0.999990857806337,3.01069714412418E-16,0.00427601493761442));
#5734=DIRECTION('center_axis',(0.,0.,1.));
#5735=DIRECTION('ref_axis',(1.,0.,0.));
#5736=DIRECTION('',(0.707106781186547,0.707106781186548,3.92523114670944E-17));
#5737=DIRECTION('',(1.,3.01072466875217E-16,5.55111512312579E-17));
#5738=DIRECTION('',(-3.01072466875217E-16,1.,1.60365882605532E-50));
#5739=DIRECTION('',(0.697168378652805,0.716907422061328,3.87006193010467E-17));
#5740=DIRECTION('center_axis',(5.55111512312579E-17,1.6712879240278E-32,
-1.));
#5741=DIRECTION('ref_axis',(1.,3.01072466875217E-16,5.55111512312579E-17));
#5742=DIRECTION('center_axis',(-0.999990857806337,-3.01069714412418E-16,
-0.00427601493761237));
#5743=DIRECTION('ref_axis',(-0.00427601493761237,-1.28739036566223E-18,
0.999990857806337));
#5744=DIRECTION('',(-0.00427601493761282,-1.28739036566237E-18,0.999990857806337));
#5745=DIRECTION('',(3.01072466875217E-16,-1.,-1.60365882605532E-50));
#5746=DIRECTION('',(-0.00427601493761263,-1.28739036566231E-18,0.999990857806337));
#5747=DIRECTION('center_axis',(-3.01072466875217E-16,1.,1.60365882605532E-50));
#5748=DIRECTION('ref_axis',(-0.913545457642601,-2.75043384535107E-16,-0.4067366430758));
#5749=DIRECTION('',(0.999990857806337,3.01069714412418E-16,0.0042760149376146));
#5750=DIRECTION('',(5.55111512312579E-17,1.6712879240278E-32,-1.));
#5751=DIRECTION('center_axis',(0.0042760149376146,1.2873903656629E-18,-0.999990857806337));
#5752=DIRECTION('ref_axis',(0.999990857806337,3.01069714412418E-16,0.0042760149376146));
#5753=DIRECTION('',(-0.697158729236178,-0.716910607650484,-0.00298108839378973));
#5754=DIRECTION('center_axis',(-0.71690405351487,0.697165102854563,-0.00306552046724627));
#5755=DIRECTION('ref_axis',(-0.00427601493761243,-3.90312782094782E-18,
0.999990857806337));
#5756=DIRECTION('',(-0.00427601493761257,-1.28739036566229E-18,0.999990857806337));
#5757=DIRECTION('center_axis',(-0.00427601493761237,-1.28739036566223E-18,
0.999990857806337));
#5758=DIRECTION('ref_axis',(-0.921176985928022,-0.38912394536365,-0.00393900256313723));
#5759=DIRECTION('center_axis',(0.707106781186548,-0.707106781186547,3.92523114670944E-17));
#5760=DIRECTION('ref_axis',(0.707106781186547,0.707106781186548,3.92523114670944E-17));
#5761=CARTESIAN_POINT('',(0.,0.,0.));
#5762=CARTESIAN_POINT('Origin',(-6.70979040663031,-25.7182144793536,17.9497052078498));
#5763=CARTESIAN_POINT('',(-6.50649078658093,-24.2320552468055,14.6530035822704));
#5764=CARTESIAN_POINT('',(-6.70979040663031,-24.2182144793536,14.8520892790978));
#5765=CARTESIAN_POINT('Origin',(-6.70979040663031,-25.7182144793536,14.8520892790978));
#5766=CARTESIAN_POINT('',(-5.20979040663031,-25.7182144793536,15.949703962221));
#5767=CARTESIAN_POINT('Origin',(-6.70979040663031,-25.7182144793536,14.449703962221));
#5768=CARTESIAN_POINT('',(-5.20979040663031,-25.7182144793536,23.949703962221));
#5769=CARTESIAN_POINT('',(-5.20979040663031,-25.7182144793536,15.949703962221));
#5770=CARTESIAN_POINT('',(-6.70979040663031,-24.2182144793536,25.449703962221));
#5771=CARTESIAN_POINT('Origin',(-6.70979040663031,-25.7182144793536,25.449703962221));
#5772=CARTESIAN_POINT('',(-6.70979040663031,-24.2182144793536,17.9497052078498));
#5773=CARTESIAN_POINT('Origin',(-16.1048952033152,-25.7182144793536,25.449703962221));
#5774=CARTESIAN_POINT('',(4.29020959336969,-24.2182144793536,25.449703962221));
#5775=CARTESIAN_POINT('',(-16.1048952033152,-24.2182144793536,25.449703962221));
#5776=CARTESIAN_POINT('',(2.79020959336969,-25.7182144793536,23.949703962221));
#5777=CARTESIAN_POINT('',(-5.20979040663031,-25.7182144793536,23.949703962221));
#5778=CARTESIAN_POINT('Origin',(4.29020959336969,-25.7182144793536,25.449703962221));
#5779=CARTESIAN_POINT('Origin',(4.29020959336969,-25.7182144793536,13.9497052078498));
#5780=CARTESIAN_POINT('',(4.29020959336969,-24.2182144793536,14.449703962221));
#5781=CARTESIAN_POINT('',(4.29020959336969,-24.2182144793536,13.9497052078498));
#5782=CARTESIAN_POINT('',(2.79020959336969,-25.7182144793536,15.949703962221));
#5783=CARTESIAN_POINT('',(2.79020959336969,-25.7182144793536,23.949703962221));
#5784=CARTESIAN_POINT('Origin',(4.29020959336969,-25.7182144793536,14.449703962221));
#5785=CARTESIAN_POINT('Origin',(-20.1048952033152,-25.7182144793536,14.449703962221));
#5786=CARTESIAN_POINT('',(-6.2988880498155,-24.2182144793536,14.449703962221));
#5787=CARTESIAN_POINT('Origin',(-6.2988880498155,-25.7182144793536,14.449703962221));
#5788=CARTESIAN_POINT('',(-20.1048952033152,-24.2182144793536,14.449703962221));
#5789=CARTESIAN_POINT('',(2.79020959336969,-25.7182144793536,15.949703962221));
#5790=CARTESIAN_POINT('Origin',(-35.0000000000001,-24.2182144793536,11.9497064534786));
#5791=CARTESIAN_POINT('',(-5.94148236131322,-24.2182144793536,14.0997064534786));
#5792=CARTESIAN_POINT('',(-5.94148236131322,-24.2182144793536,14.0997064534786));
#5793=CARTESIAN_POINT('',(-7.40067331897332,-24.2182144793536,12.670761094213));
#5794=CARTESIAN_POINT('',(-7.40067331897332,-24.2182144793536,12.670761094213));
#5795=CARTESIAN_POINT('',(-10.7097904066303,-24.2182144793536,13.5058204351695));
#5796=CARTESIAN_POINT('Origin',(-8.80000000000005,-24.2182144793536,14.0997064534786));
#5797=CARTESIAN_POINT('',(-10.7097904066303,-24.2182144793536,8.94970412874097));
#5798=CARTESIAN_POINT('',(-10.7097904066303,-24.2182144793536,13.5058204351695));
#5799=CARTESIAN_POINT('',(13.1671146676226,-24.2182144793536,8.94970371021658));
#5800=CARTESIAN_POINT('',(-17.8026541067606,-24.2182144793536,8.94970371021658));
#5801=CARTESIAN_POINT('',(4.63430678375825,-24.2182144793536,24.8039264484933));
#5802=CARTESIAN_POINT('Ctrl Pts',(4.63458415611175,-24.2182144793536,24.8039440902075));
#5803=CARTESIAN_POINT('Ctrl Pts',(5.84193972090755,-24.2182144793536,22.4914396059203));
#5804=CARTESIAN_POINT('Ctrl Pts',(7.08542176306177,-24.2182144793536,20.1971412013901));
#5805=CARTESIAN_POINT('Ctrl Pts',(9.93908931254437,-24.2182144793536,14.918439669371));
#5806=CARTESIAN_POINT('Ctrl Pts',(11.5531613032943,-24.2182144793536,11.9340811151886));
#5807=CARTESIAN_POINT('Ctrl Pts',(13.167114667624,-24.2182144793536,8.94970371021413));
#5808=CARTESIAN_POINT('',(4.35181818338206,-24.2182144790536,25.3465641537768));
#5809=CARTESIAN_POINT('Ctrl Pts',(4.35174389492814,-24.2182144789209,25.346430664191));
#5810=CARTESIAN_POINT('Ctrl Pts',(4.38453695052054,-24.2182143067734,25.3052405745974));
#5811=CARTESIAN_POINT('Ctrl Pts',(4.41527767415648,-24.2181628061922,25.2624560163625));
#5812=CARTESIAN_POINT('Ctrl Pts',(4.443853821824,-24.2181228107182,25.2182324613485));
#5813=CARTESIAN_POINT('Ctrl Pts',(4.46903962227094,-24.2180875604094,25.1792557019688));
#5814=CARTESIAN_POINT('Ctrl Pts',(4.49251821541489,-24.2180607125184,25.1392010255619));
#5815=CARTESIAN_POINT('Ctrl Pts',(4.51422288123996,-24.2180574909309,25.0981818270269));
#5816=CARTESIAN_POINT('Ctrl Pts',(4.53513717342479,-24.2180543866572,25.0586563392695));
#5817=CARTESIAN_POINT('Ctrl Pts',(4.55438542372816,-24.2180730790685,25.0182711321032));
#5818=CARTESIAN_POINT('Ctrl Pts',(4.57191694210951,-24.218103921364,24.9771322716827));
#5819=CARTESIAN_POINT('Ctrl Pts',(4.59363916981668,-24.2181421361582,24.9261596363279));
#5820=CARTESIAN_POINT('Ctrl Pts',(4.61269726818419,-24.2182004056338,24.8740970971442));
#5821=CARTESIAN_POINT('Ctrl Pts',(4.62901570312586,-24.2182124604728,24.8211544763368));
#5822=CARTESIAN_POINT('Ctrl Pts',(4.63078316250968,-24.2182137661396,24.8154202296223));
#5823=CARTESIAN_POINT('Ctrl Pts',(4.63251848204925,-24.2182144793536,24.8096756581736));
#5824=CARTESIAN_POINT('Ctrl Pts',(4.63422156547598,-24.2182144793536,24.8039210283547));
#5825=CARTESIAN_POINT('',(2.37656420636025,-24.2182144793536,29.2600393373641));
#5826=CARTESIAN_POINT('Ctrl Pts',(2.37656420642028,-24.2182144793536,29.2600393373935));
#5827=CARTESIAN_POINT('Ctrl Pts',(3.01811665710277,-24.2182144793536,27.9473727226278));
#5828=CARTESIAN_POINT('Ctrl Pts',(3.67889887895828,-24.2182144793536,26.6440405621955));
#5829=CARTESIAN_POINT('Ctrl Pts',(4.35198610150457,-24.2182144793536,25.3468658873496));
#5830=CARTESIAN_POINT('',(-10.7097904066303,-24.2182144793536,29.2600393372119));
#5831=CARTESIAN_POINT('',(5.72325341815201,-24.2182144793536,29.2600393372119));
#5832=CARTESIAN_POINT('',(-10.7097904066303,-24.2182144793536,14.6935924717877));
#5833=CARTESIAN_POINT('',(-10.7097904066303,-24.2182144793536,29.2246766945977));
#5834=CARTESIAN_POINT('',(-7.40067331897332,-24.2182144793536,15.5286518127442));
#5835=CARTESIAN_POINT('Origin',(-8.80000000000005,-24.2182144793536,14.0997064534786));
#5836=CARTESIAN_POINT('',(-5.94148236131322,-24.2182144793536,14.0997064534786));
#5837=CARTESIAN_POINT('Origin',(-1.20979040663031,-25.7182144793536,19.949703962221));
#5838=CARTESIAN_POINT('',(-3.20979040663031,-25.7182144793536,19.949703962221));
#5839=CARTESIAN_POINT('Origin',(-1.20979040663031,-25.7182144793536,19.949703962221));
#5840=CARTESIAN_POINT('Origin',(-1.20979040663031,-24.2182144793536,19.949703962221));
#5841=CARTESIAN_POINT('',(-3.20979040663031,-17.4182144793536,19.949703962221));
#5842=CARTESIAN_POINT('',(-3.20979040663031,-24.2182144793536,19.949703962221));
#5843=CARTESIAN_POINT('Origin',(-1.20979040663031,-17.4182144793536,19.949703962221));
#5844=CARTESIAN_POINT('Origin',(12.2663793301257,20.8694424775776,5.95098735061124));
#5845=CARTESIAN_POINT('',(11.9663765955984,20.8694424775775,5.95098735061124));
#5846=CARTESIAN_POINT('',(12.2663793301257,20.8694424775778,5.95098830385041));
#5847=CARTESIAN_POINT('',(-17.5000000000001,20.8694424775776,5.95098735061124));
#5848=CARTESIAN_POINT('',(11.9663820748378,20.8694424775776,5.94970549937277));
#5849=CARTESIAN_POINT('',(11.9490360842329,20.8694424775776,10.0062474673843));
#5850=CARTESIAN_POINT('',(12.2663793301257,20.8694424775776,5.94970454679491));
#5851=CARTESIAN_POINT('',(4.83288317101241,20.8694424775776,5.94970454612995));
#5852=CARTESIAN_POINT('',(12.2663793301257,20.8694424775776,5.95098925795987));
#5853=CARTESIAN_POINT('Origin',(12.2663793301257,26.9817855206464,5.95098925795987));
#5854=CARTESIAN_POINT('',(12.2663793301257,26.9817855206562,5.95098925795987));
#5855=CARTESIAN_POINT('',(12.2663793301257,20.8695077031339,5.95098925795987));
#5856=CARTESIAN_POINT('',(12.2663793301257,23.7817855206464,5.95098925795987));
#5857=CARTESIAN_POINT('',(12.2663793301257,23.7817855206464,5.95098925795987));
#5858=CARTESIAN_POINT('',(12.2663821089135,26.9817855207879,5.94970460674618));
#5859=CARTESIAN_POINT('',(12.2663793301257,13.489657178981,5.94970454612995));
#5860=CARTESIAN_POINT('',(12.2663793423929,26.9817855206464,5.95098638915243));
#5861=CARTESIAN_POINT('Origin',(11.4663720163039,26.981772648302,5.95034767880878));
#5862=CARTESIAN_POINT('',(11.4663720244721,27.7817855206464,5.95098925139333));
#5863=CARTESIAN_POINT('Origin',(11.4663720163039,26.9817855206464,5.95098925795987));
#5864=CARTESIAN_POINT('',(11.4663720285352,27.7817855206464,5.94970454665838));
#5865=CARTESIAN_POINT('Origin',(11.4663720163039,26.981772648302,5.94970454612995));
#5866=CARTESIAN_POINT('',(11.4663720285352,27.7817855206464,5.95098639754571));
#5867=CARTESIAN_POINT('Origin',(7.16059077634712,26.449115683939,5.95098925795987));
#5868=CARTESIAN_POINT('',(7.16059077989469,26.4491156832122,5.95098925245398));
#5869=CARTESIAN_POINT('',(7.16059078037362,27.7817855206464,5.9509892515142));
#5870=CARTESIAN_POINT('',(7.16059077634712,13.7817855206464,5.95098925795987));
#5871=CARTESIAN_POINT('',(7.16059078214371,27.7817855206464,5.94970454619036));
#5872=CARTESIAN_POINT('',(7.16059078838524,27.7817855206464,5.95098644271987));
#5873=CARTESIAN_POINT('',(7.16059078111344,26.4491156830156,5.94970454631119));
#5874=CARTESIAN_POINT('',(7.16059077634712,13.2233222606273,5.94970454612995));
#5875=CARTESIAN_POINT('',(7.16059078838524,26.449115683939,5.95098644271987));
#5876=CARTESIAN_POINT('Origin',(8.43413091129682,25.1395175968848,5.95098925795987));
#5877=CARTESIAN_POINT('',(8.43413091090889,25.1395176004053,5.95098925242375));
#5878=CARTESIAN_POINT('',(12.1442957444658,21.3243062542395,5.95098925795987));
#5879=CARTESIAN_POINT('',(8.43413091336898,25.1395175988998,5.94970454630968));
#5880=CARTESIAN_POINT('',(12.0354949413494,21.4361875524578,5.94970454612995));
#5881=CARTESIAN_POINT('',(8.43413091751325,25.13951760293,5.9509864293585));
#5882=CARTESIAN_POINT('Origin',(7.86060762301232,24.5817854821427,5.95034769891182));
#5883=CARTESIAN_POINT('',(7.86059717594119,23.7817855206464,5.95098925795983));
#5884=CARTESIAN_POINT('Origin',(7.86059717594119,24.5817855206464,5.95098925795987));
#5885=CARTESIAN_POINT('',(7.86059717599083,23.7817867424167,5.94970602024168));
#5886=CARTESIAN_POINT('Origin',(7.86060762301232,24.5817854821427,5.94970454612995));
#5887=CARTESIAN_POINT('',(7.86059717594119,23.7817855206464,5.95098925795987));
#5888=CARTESIAN_POINT('Origin',(-35.0000000000001,23.7817855206464,11.9497064534786));
#5889=CARTESIAN_POINT('',(4.36105506547653,23.7817855206464,5.94970549937336));
#5890=CARTESIAN_POINT('',(-2.6024008791005,23.7817855206464,5.94970454612995));
#5891=CARTESIAN_POINT('',(4.33539874489168,23.7817855206464,11.9497037103002));
#5892=CARTESIAN_POINT('',(4.38995675881675,23.7817855206464,-0.8092575791672));
#5893=CARTESIAN_POINT('',(7.83494634883204,23.7817855206464,11.9497037102166));
#5894=CARTESIAN_POINT('',(-1.60474849181066,23.7817855206464,11.9497037102166));
#5895=CARTESIAN_POINT('',(7.8060391574205,23.7817855206464,18.7099530447365));
#5896=CARTESIAN_POINT('Origin',(11.9316900875262,27.7817855206464,14.0627903886038));
#5897=CARTESIAN_POINT('',(11.9663820731841,20.7817855206464,5.94970645347859));
#5898=CARTESIAN_POINT('Origin',(11.9535539106934,20.7817855206464,8.94970645347859));
#5899=CARTESIAN_POINT('',(11.9663820727838,13.7817855206464,5.94970645347859));
#5900=CARTESIAN_POINT('Origin',(-0.605308213521195,24.3423666551369,11.9497037102166));
#5901=CARTESIAN_POINT('',(3.76186501981459,25.1395176011995,11.9497037103853));
#5902=CARTESIAN_POINT('Origin',(4.33539875097505,24.5817855206464,11.9497037102166));
#5903=CARTESIAN_POINT('',(4.99999065627307,26.4126984932189,11.9497037102166));
#5904=CARTESIAN_POINT('',(3.15136205229826,24.511729362368,11.9497037102166));
#5905=CARTESIAN_POINT('',(4.99999065627309,27.7817855206464,11.9497037102166));
#5906=CARTESIAN_POINT('',(4.99999065627309,26.0620760878916,11.9497037102166));
#5907=CARTESIAN_POINT('',(2.83411065198833,27.7817855206464,11.9497037107129));
#5908=CARTESIAN_POINT('',(-2.12532898357499,27.7817855206464,11.9497037102166));
#5909=CARTESIAN_POINT('',(-1.16588934801169,23.7817855206464,11.949704464339));
#5910=CARTESIAN_POINT('',(-1.1658893480117,23.7817855206464,11.9497037102166));
#5911=CARTESIAN_POINT('',(0.880302764446892,23.7817855206464,11.9497044672772));
#5912=CARTESIAN_POINT('',(-1.18343338177059,23.7817855206464,11.9497052193354));
#5913=CARTESIAN_POINT('',(4.07283648979536,20.7817855206464,11.9497037107759));
#5914=CARTESIAN_POINT('Origin',(0.880303172571195,20.7817855206464,11.9497037102166));
#5915=CARTESIAN_POINT('',(4.07283648944439,15.7817855206464,11.9497037106049));
#5916=CARTESIAN_POINT('',(4.07283648999893,32.5620760878917,11.9497037102166));
#5917=CARTESIAN_POINT('',(-15.0000000000001,15.7817855206464,11.9497037108353));
#5918=CARTESIAN_POINT('',(-17.9026541067607,15.7817855206464,11.9497037102166));
#5919=CARTESIAN_POINT('',(-15.0000000000001,-16.2182144793536,11.9497037108353));
#5920=CARTESIAN_POINT('',(-15.0000000000001,20.0620760878917,11.9497037102166));
#5921=CARTESIAN_POINT('',(14.9553120252592,-16.2182144793536,11.9497037106335));
#5922=CARTESIAN_POINT('',(7.69734589323941,-16.2182144793536,11.9497037102166));
#5923=CARTESIAN_POINT('',(14.9553096367481,-21.2182144793536,11.9497037001029));
#5924=CARTESIAN_POINT('',(14.9553120259586,-16.2182144793536,11.9497037102166));
#5925=CARTESIAN_POINT('',(19.9999993294477,-21.2182144793536,11.949703710217));
#5926=CARTESIAN_POINT('',(-17.8026541067606,-21.2182144793536,11.9497037102166));
#5927=CARTESIAN_POINT('',(26.9999993294477,-14.2182144793536,11.949703710217));
#5928=CARTESIAN_POINT('Origin',(19.9999993294477,-14.2182144793536,11.9497037102166));
#5929=CARTESIAN_POINT('',(26.9999993294477,13.7817855206464,11.949703710217));
#5930=CARTESIAN_POINT('',(26.9999993294477,24.0620760878916,11.9497037102166));
#5931=CARTESIAN_POINT('',(19.9999993294477,20.7817855206464,11.949703710217));
#5932=CARTESIAN_POINT('Origin',(19.9999993294477,13.7817855206464,11.9497037102166));
#5933=CARTESIAN_POINT('',(12.2407285030165,20.7817855206464,11.9497037102166));
#5934=CARTESIAN_POINT('',(-17.8026541067606,20.7817855206464,11.9497037102166));
#5935=CARTESIAN_POINT('',(12.2407285030165,26.9817855206464,11.9497037102166));
#5936=CARTESIAN_POINT('',(12.2407285030165,26.0620760878916,11.9497037102166));
#5937=CARTESIAN_POINT('',(11.4407211891947,27.7817855206464,11.9497037102166));
#5938=CARTESIAN_POINT('Origin',(11.4407211891947,26.9817855206464,11.9497037102166));
#5939=CARTESIAN_POINT('',(7.13493994923797,27.7817855206464,11.9497037102166));
#5940=CARTESIAN_POINT('',(7.61801872817241,27.7817855206464,11.9497037102166));
#5941=CARTESIAN_POINT('',(7.13493994923797,26.449115683939,11.9497037102166));
#5942=CARTESIAN_POINT('',(7.13493994923797,26.0620760878916,11.9497037102166));
#5943=CARTESIAN_POINT('',(8.40848007830884,25.13951760293,11.9497037102166));
#5944=CARTESIAN_POINT('',(5.77335040951912,27.8492561330967,11.9497037102166));
#5945=CARTESIAN_POINT('Origin',(7.83494634883203,24.5817855206464,11.9497037102166));
#5946=CARTESIAN_POINT('',(-13.2426379438574,-0.218214479353641,11.9497037102166));
#5947=CARTESIAN_POINT('Origin',(-5.83422197917704E-14,-0.218214479353636,
11.9497037102166));
#5948=CARTESIAN_POINT('Origin',(7.10604555695607,26.449115683939,18.7069598342801));
#5949=CARTESIAN_POINT('',(7.12599214687835,26.449115683939,14.0422409645571));
#5950=CARTESIAN_POINT('',(8.39950899015468,25.13951760293,14.0476865913872));
#5951=CARTESIAN_POINT('Origin',(7.10604555695607,27.7817855206464,18.7069598342801));
#5952=CARTESIAN_POINT('',(7.12941295882844,27.7817855206464,13.242248278312));
#5953=CARTESIAN_POINT('Origin',(12.2316873448681,27.7817855206464,14.064073193085));
#5954=CARTESIAN_POINT('',(12.2535566533766,23.781785520646,8.94970645347859));
#5955=CARTESIAN_POINT('Origin',(12.2535566651069,20.7817855206464,8.94970371021658));
#5956=CARTESIAN_POINT('Origin',(12.2535566533766,20.7817855206464,8.94970645347859));
#5957=CARTESIAN_POINT('',(12.2316873448681,26.9817855206464,14.064073193085));
#5958=CARTESIAN_POINT('Origin',(-35.0000000000001,23.7817855206464,11.9497064534786));
#5959=CARTESIAN_POINT('',(-1.16588934801169,23.7817855206464,8.94970645347859));
#5960=CARTESIAN_POINT('',(-1.1658893480117,23.7817855206464,29.3063012754693));
#5961=CARTESIAN_POINT('',(-10.7136601228343,23.7817855206464,8.94970645347859));
#5962=CARTESIAN_POINT('',(-17.5000000000001,23.7817855206464,8.94970645347859));
#5963=CARTESIAN_POINT('',(-10.7136601228343,23.7817855206464,13.1476796516306));
#5964=CARTESIAN_POINT('',(-10.7136601228343,23.7817855206464,8.94970645347859));
#5965=CARTESIAN_POINT('',(-9.74148236131323,23.7817855206464,14.0997064534786));
#5966=CARTESIAN_POINT('',(-9.74148236131323,23.7817855206464,14.0997064534786));
#5967=CARTESIAN_POINT('',(-10.7136601228343,23.7817855206464,15.0517332553266));
#5968=CARTESIAN_POINT('',(-10.7136601228343,23.7817855206464,15.0517332553266));
#5969=CARTESIAN_POINT('',(-10.7136601228343,23.7817855206464,29.2600393372119));
#5970=CARTESIAN_POINT('',(-10.7136601228343,23.7817855206464,15.0517332553266));
#5971=CARTESIAN_POINT('',(-5.42014374081285,23.7817855206464,29.2600393372119));
#5972=CARTESIAN_POINT('',(-2.22761042338511,23.7817855206464,29.2600393372119));
#5973=CARTESIAN_POINT('',(-5.94516728000373,23.7817855206464,30.7025296558211));
#5974=CARTESIAN_POINT('Ctrl Pts',(-14.3,11.9234993141552,45.9514423349008));
#5975=CARTESIAN_POINT('Ctrl Pts',(-13.3,11.9234993141552,45.9514423349008));
#5976=CARTESIAN_POINT('Ctrl Pts',(-13.3,10.9821937874984,45.6138865536063));
#5977=CARTESIAN_POINT('Ctrl Pts',(-14.3,11.905507830958,46.0016132503605));
#5978=CARTESIAN_POINT('Ctrl Pts',(-13.3000000000003,11.9055078309584,46.001613250361));
#5979=CARTESIAN_POINT('Ctrl Pts',(-13.3,10.9642023043011,45.664057469066));
#5980=CARTESIAN_POINT('Ctrl Pts',(-14.3,11.8695235899442,46.1016234791292));
#5981=CARTESIAN_POINT('Ctrl Pts',(-13.2999999999998,11.869523589944,46.101623479129));
#5982=CARTESIAN_POINT('Ctrl Pts',(-13.3,10.9281065995132,45.7643654633502));
#5983=CARTESIAN_POINT('Ctrl Pts',(-14.3,11.8017152929741,46.2933664478528));
#5984=CARTESIAN_POINT('Ctrl Pts',(-13.3000000000001,11.8017152929742,46.2933664478529));
#5985=CARTESIAN_POINT('Ctrl Pts',(-13.3,10.8570332280201,45.9653170130149));
#5986=CARTESIAN_POINT('Ctrl Pts',(-14.2999999999999,11.6844796546706,46.6344718209102));
#5987=CARTESIAN_POINT('Ctrl Pts',(-13.2999999999999,11.6844796546705,46.6344718209102));
#5988=CARTESIAN_POINT('Ctrl Pts',(-13.2999999999999,10.7358569843152,46.3179432881052));
#5989=CARTESIAN_POINT('Ctrl Pts',(-14.3,11.5254818403136,47.1234726957086));
#5990=CARTESIAN_POINT('Ctrl Pts',(-13.3000000000001,11.5254818403136,47.1234726957087));
#5991=CARTESIAN_POINT('Ctrl Pts',(-13.3000000000001,10.5712253180021,46.8242394899469));
#5992=CARTESIAN_POINT('Ctrl Pts',(-14.3,11.3456142337311,47.7166982488045));
#5993=CARTESIAN_POINT('Ctrl Pts',(-13.3,11.3456142337311,47.7166982488045));
#5994=CARTESIAN_POINT('Ctrl Pts',(-13.3,10.3859186234844,47.435471603201));
#5995=CARTESIAN_POINT('Ctrl Pts',(-14.3,11.1195954761413,48.5139263795891));
#5996=CARTESIAN_POINT('Ctrl Pts',(-13.3,11.1195954761413,48.5139263795891));
#5997=CARTESIAN_POINT('Ctrl Pts',(-13.3,10.1536166607718,48.2548835052046));
#5998=CARTESIAN_POINT('Ctrl Pts',(-14.3,10.8604933445482,49.5216342859771));
#5999=CARTESIAN_POINT('Ctrl Pts',(-13.3,10.8604933445482,49.5216342859771));
#6000=CARTESIAN_POINT('Ctrl Pts',(-13.3,9.88836137150054,49.2866765109416));
#6001=CARTESIAN_POINT('Ctrl Pts',(-14.3,10.488326174563,51.1533821991182));
#6002=CARTESIAN_POINT('Ctrl Pts',(-13.3,10.4883261745631,51.1533821991182));
#6003=CARTESIAN_POINT('Ctrl Pts',(-13.3,9.50878568973498,50.9510736291687));
#6004=CARTESIAN_POINT('Ctrl Pts',(-14.3,10.090842157499,53.2227630081001));
#6005=CARTESIAN_POINT('Ctrl Pts',(-13.3000000000001,10.0908421574983,53.2227630081005));
#6006=CARTESIAN_POINT('Ctrl Pts',(-13.3,9.10528190871777,53.0523727946381));
#6007=CARTESIAN_POINT('Ctrl Pts',(-14.3,9.69456704317221,55.7428242581056));
#6008=CARTESIAN_POINT('Ctrl Pts',(-13.2999999999997,9.694567043175,55.742824258104));
#6009=CARTESIAN_POINT('Ctrl Pts',(-13.3,8.70453214903709,55.6012533346769));
#6010=CARTESIAN_POINT('Ctrl Pts',(-14.3,9.36215671719104,58.2755126422474));
#6011=CARTESIAN_POINT('Ctrl Pts',(-13.3000000000011,9.36215671718063,58.2755126422534));
#6012=CARTESIAN_POINT('Ctrl Pts',(-13.3,8.36928292595189,58.1558318327988));
#6013=CARTESIAN_POINT('Ctrl Pts',(-14.3,8.98389540403013,61.6650560608595));
#6014=CARTESIAN_POINT('Ctrl Pts',(-13.2999999999943,8.98389540408539,61.6650560608273));
#6015=CARTESIAN_POINT('Ctrl Pts',(-13.3,7.98855384138611,61.5677308537165));
#6016=CARTESIAN_POINT('Ctrl Pts',(-14.3,8.75580213602564,64.2180558925984));
#6017=CARTESIAN_POINT('Ctrl Pts',(-13.3000000000253,8.75580213578058,64.2180558927414));
#6018=CARTESIAN_POINT('Ctrl Pts',(-13.3,7.75953234934106,64.1315892723241));
#6019=CARTESIAN_POINT('Ctrl Pts',(-14.3,8.61722535264581,65.9230321679702));
#6020=CARTESIAN_POINT('Ctrl Pts',(-13.3,8.61722535264581,65.9230321679702));
#6021=CARTESIAN_POINT('Ctrl Pts',(-13.3,7.62051212044988,65.8420214725928));
#6022=CARTESIAN_POINT('',(-14.3,11.8825264170168,46.0656654467775));
#6023=CARTESIAN_POINT('',(-13.3,10.822715092487,46.0656654467775));
#6024=CARTESIAN_POINT('Ctrl Pts',(-14.3,11.8825264170168,46.0656654467775));
#6025=CARTESIAN_POINT('Ctrl Pts',(-14.2333339875243,11.8825264170168,46.0656654467775));
#6026=CARTESIAN_POINT('Ctrl Pts',(-14.1669208274236,11.8754458319614,46.0656654467776));
#6027=CARTESIAN_POINT('Ctrl Pts',(-14.0320479712097,11.8464706320752,46.0656654467776));
#6028=CARTESIAN_POINT('Ctrl Pts',(-13.9643272442094,11.8237065189068,46.0656654467775));
#6029=CARTESIAN_POINT('Ctrl Pts',(-13.77986252427,11.7381342547193,46.0656654467775));
#6030=CARTESIAN_POINT('Ctrl Pts',(-13.6727665223951,11.6587994567356,46.0656654468125));
#6031=CARTESIAN_POINT('Ctrl Pts',(-13.4925837932144,11.4624316003293,46.0656654468125));
#6032=CARTESIAN_POINT('Ctrl Pts',(-13.4216996413831,11.346602106421,46.0656654467775));
#6033=CARTESIAN_POINT('Ctrl Pts',(-13.3248341470605,11.0940808218864,46.0656654467775));
#6034=CARTESIAN_POINT('Ctrl Pts',(-13.3000004180009,10.9587772617996,46.0656654467775));
#6035=CARTESIAN_POINT('Ctrl Pts',(-13.3000000000052,10.822715092487,46.0656654467775));
#6036=CARTESIAN_POINT('',(-14.3,8.63376651933814,65.7203327121413));
#6037=CARTESIAN_POINT('Ctrl Pts',(-14.3,8.63376572732836,65.7203325930268));
#6038=CARTESIAN_POINT('Ctrl Pts',(-14.3,8.72948049281623,64.5520333627518));
#6039=CARTESIAN_POINT('Ctrl Pts',(-14.3,8.83178714770776,63.3845185411286));
#6040=CARTESIAN_POINT('Ctrl Pts',(-14.3,8.94436817087736,62.2180817423018));
#6041=CARTESIAN_POINT('Ctrl Pts',(-14.3,8.98940121244114,61.7515004716381));
#6042=CARTESIAN_POINT('Ctrl Pts',(-14.3,9.03607872908601,61.2850917849403));
#6043=CARTESIAN_POINT('Ctrl Pts',(-14.3,9.08463881197216,60.8188749026264));
#6044=CARTESIAN_POINT('Ctrl Pts',(-14.3,9.17296595125136,59.9708614510227));
#6045=CARTESIAN_POINT('Ctrl Pts',(-14.3,9.2675188626946,59.1234958927025));
#6046=CARTESIAN_POINT('Ctrl Pts',(-14.3,9.37027577404279,58.2770908388836));
#6047=CARTESIAN_POINT('Ctrl Pts',(-14.3,9.42157901068914,57.8545078884522));
#6048=CARTESIAN_POINT('Ctrl Pts',(-14.3,9.47492756117393,57.4321642004948));
#6049=CARTESIAN_POINT('Ctrl Pts',(-14.3,9.53064271577452,57.010117850841));
#6050=CARTESIAN_POINT('Ctrl Pts',(-14.3,9.56002408064588,56.7875518743002));
#6051=CARTESIAN_POINT('Ctrl Pts',(-14.3,9.59006362198247,56.5650685929054));
#6052=CARTESIAN_POINT('Ctrl Pts',(-14.3,9.62080866342978,56.3426765659368));
#6053=CARTESIAN_POINT('Ctrl Pts',(-14.3,9.64245842510659,56.1860745853884));
#6054=CARTESIAN_POINT('Ctrl Pts',(-14.3,9.66445806539053,56.0295175135725));
#6055=CARTESIAN_POINT('Ctrl Pts',(-14.3,9.68682400214485,55.873009397107));
#6056=CARTESIAN_POINT('Ctrl Pts',(-14.3,9.69292563900553,55.8303125182366));
#6057=CARTESIAN_POINT('Ctrl Pts',(-14.3,9.69905451434126,55.7876194408796));
#6058=CARTESIAN_POINT('Ctrl Pts',(-14.3,9.70521117456315,55.7449287804616));
#6059=CARTESIAN_POINT('Ctrl Pts',(-14.3,9.78382409239009,55.1998219760476));
#6060=CARTESIAN_POINT('Ctrl Pts',(-14.3,9.86696633762062,54.6550908538));
#6061=CARTESIAN_POINT('Ctrl Pts',(-14.3,9.95549948668329,54.1114505690443));
#6062=CARTESIAN_POINT('Ctrl Pts',(-14.3,10.0034667442186,53.8169062788941));
#6063=CARTESIAN_POINT('Ctrl Pts',(-14.3,10.0530171445657,53.5226825928016));
#6064=CARTESIAN_POINT('Ctrl Pts',(-14.3,10.104293108524,53.2288970546379));
#6065=CARTESIAN_POINT('Ctrl Pts',(-14.3,10.1767984217353,52.8134780002284));
#6066=CARTESIAN_POINT('Ctrl Pts',(-14.3,10.2527526323977,52.3989347164795));
#6067=CARTESIAN_POINT('Ctrl Pts',(-14.3,10.3327990432506,51.9853317517143));
#6068=CARTESIAN_POINT('Ctrl Pts',(-14.3,10.3728222486771,51.7785302693318));
#6069=CARTESIAN_POINT('Ctrl Pts',(-14.3,10.4138688789234,51.5719640240769));
#6070=CARTESIAN_POINT('Ctrl Pts',(-14.3,10.456021809942,51.3656421121501));
#6071=CARTESIAN_POINT('Ctrl Pts',(-14.3,10.4866159364401,51.2158959730258));
#6072=CARTESIAN_POINT('Ctrl Pts',(-14.3,10.5177928628749,51.0662785556165));
#6073=CARTESIAN_POINT('Ctrl Pts',(-14.3,10.549584880713,50.9167935886407));
#6074=CARTESIAN_POINT('Ctrl Pts',(-14.3,10.5615962620325,50.8603164896085));
#6075=CARTESIAN_POINT('Ctrl Pts',(-14.3,10.5736952986963,50.8038590183206));
#6076=CARTESIAN_POINT('Ctrl Pts',(-14.3,10.5858829634205,50.74742494867));
#6077=CARTESIAN_POINT('Ctrl Pts',(-14.3,10.6742120519376,50.3384237128807));
#6078=CARTESIAN_POINT('Ctrl Pts',(-14.3,10.7672043827122,49.9305904660968));
#6079=CARTESIAN_POINT('Ctrl Pts',(-14.3,10.8657928746187,49.5240611938421));
#6080=CARTESIAN_POINT('Ctrl Pts',(-14.3,10.9148076039884,49.3219491432863));
#6081=CARTESIAN_POINT('Ctrl Pts',(-14.3,10.9652063637089,49.1201597973139));
#6082=CARTESIAN_POINT('Ctrl Pts',(-14.3,11.0171295551489,48.9187258240186));
#6083=CARTESIAN_POINT('Ctrl Pts',(-14.3,11.0430911508688,48.818008837371));
#6084=CARTESIAN_POINT('Ctrl Pts',(-14.3,11.0694339227274,48.7173807293553));
#6085=CARTESIAN_POINT('Ctrl Pts',(-14.3,11.0961758522184,48.6168458090569));
#6086=CARTESIAN_POINT('Ctrl Pts',(-14.3,11.1054469720805,48.5819915066876));
#6087=CARTESIAN_POINT('Ctrl Pts',(-14.3,11.1147660705203,48.5471484062173));
#6088=CARTESIAN_POINT('Ctrl Pts',(-14.3,11.124133905395,48.5123166917179));
#6089=CARTESIAN_POINT('Ctrl Pts',(-14.3,11.1295738712597,48.4920896765729));
#6090=CARTESIAN_POINT('Ctrl Pts',(-14.3,11.1350301592197,48.4718669181588));
#6091=CARTESIAN_POINT('Ctrl Pts',(-14.3,11.1405032608289,48.4516471878632));
#6092=CARTESIAN_POINT('Ctrl Pts',(-14.3,11.1527907496316,48.4062525054072));
#6093=CARTESIAN_POINT('Ctrl Pts',(-14.3,11.1651766612954,48.3608225914819));
#6094=CARTESIAN_POINT('Ctrl Pts',(-14.3,11.177661586565,48.3153641964201));
#6095=CARTESIAN_POINT('Ctrl Pts',(-14.3,11.2323295024596,48.1163148898144));
#6096=CARTESIAN_POINT('Ctrl Pts',(-14.3,11.2888927336389,47.9167444540208));
#6097=CARTESIAN_POINT('Ctrl Pts',(-14.3,11.3473398234628,47.7174808396367));
#6098=CARTESIAN_POINT('Ctrl Pts',(-14.3,11.4055036074198,47.5191830997071));
#6099=CARTESIAN_POINT('Ctrl Pts',(-14.3,11.4655338584787,47.3211894380824));
#6100=CARTESIAN_POINT('Ctrl Pts',(-14.3,11.5273034687546,47.124543446265));
#6101=CARTESIAN_POINT('Ctrl Pts',(-14.3,11.5829532267149,46.9473802457908));
#6102=CARTESIAN_POINT('Ctrl Pts',(-14.2999999999999,11.6400151919385,46.7713092575817));
#6103=CARTESIAN_POINT('Ctrl Pts',(-14.2999999999999,11.698604263494,46.5964186674419));
#6104=CARTESIAN_POINT('Ctrl Pts',(-14.2999999999999,11.7052303240666,46.5766396265203));
#6105=CARTESIAN_POINT('Ctrl Pts',(-14.2999999999999,11.7118758610311,46.5568756850647));
#6106=CARTESIAN_POINT('Ctrl Pts',(-14.2999999999999,11.7185409959243,46.5371269752082));
#6107=CARTESIAN_POINT('Ctrl Pts',(-14.3,11.7515698007278,46.439263046958));
#6108=CARTESIAN_POINT('Ctrl Pts',(-14.3,11.7850792357208,46.3417763619468));
#6109=CARTESIAN_POINT('Ctrl Pts',(-14.3,11.8187354091878,46.2456952379477));
#6110=CARTESIAN_POINT('Ctrl Pts',(-14.3,11.8356518985647,46.1974023054476));
#6111=CARTESIAN_POINT('Ctrl Pts',(-14.3,11.8526065535269,46.1494610180279));
#6112=CARTESIAN_POINT('Ctrl Pts',(-14.3,11.8700436130764,46.1005887930275));
#6113=CARTESIAN_POINT('Ctrl Pts',(-14.3,11.8741800282524,46.0889953352772));
#6114=CARTESIAN_POINT('Ctrl Pts',(-14.3,11.8783435330269,46.077349645949));
#6115=CARTESIAN_POINT('Ctrl Pts',(-14.3,11.882527093144,46.065663558127));
#6116=CARTESIAN_POINT('',(-13.3,7.63042669941779,65.7203327233887));
#6117=CARTESIAN_POINT('Origin',(-14.299978750666,7.63044577552483,65.7203326255362));
#6118=CARTESIAN_POINT('Ctrl Pts',(-13.3000000000053,10.822715092487,46.0656654467775));
#6119=CARTESIAN_POINT('Ctrl Pts',(-13.3000000000046,10.8053430919659,46.1161969917742));
#6120=CARTESIAN_POINT('Ctrl Pts',(-13.300000000004,10.7881221648861,46.1667634991244));
#6121=CARTESIAN_POINT('Ctrl Pts',(-13.3000000000018,10.7028840726029,46.4193468496911));
#6122=CARTESIAN_POINT('Ctrl Pts',(-13.300000000001,10.6370354331464,46.6218624298519));
#6123=CARTESIAN_POINT('Ctrl Pts',(-13.3000000000076,10.5094182822116,47.0281184471002));
#6124=CARTESIAN_POINT('Ctrl Pts',(-13.30000000001,10.4476554422603,47.2318601790805));
#6125=CARTESIAN_POINT('Ctrl Pts',(-13.300000000118,10.3278223816392,47.6404524785635));
#6126=CARTESIAN_POINT('Ctrl Pts',(-13.3000000002151,10.2697568818113,47.8453041170674));
#6127=CARTESIAN_POINT('Ctrl Pts',(-13.3000000007837,10.1762927562586,48.1856712239033));
#6128=CARTESIAN_POINT('Ctrl Pts',(-13.3000000011189,10.139926716099,48.3209683230854));
#6129=CARTESIAN_POINT('Ctrl Pts',(-13.3000000028515,10.0314048652101,48.7331143031526));
#6130=CARTESIAN_POINT('Ctrl Pts',(-13.3000000039415,9.96145326186726,49.0104556510797));
#6131=CARTESIAN_POINT('Ctrl Pts',(-13.3000000049141,9.79348483172566,49.7031256049324));
#6132=CARTESIAN_POINT('Ctrl Pts',(-13.300000004039,9.69860057056179,50.1191807970254));
#6133=CARTESIAN_POINT('Ctrl Pts',(-13.3000000026608,9.58367034479467,50.6512637337372));
#6134=CARTESIAN_POINT('Ctrl Pts',(-13.3000000023531,9.55921664479008,50.7662366221492));
#6135=CARTESIAN_POINT('Ctrl Pts',(-13.3000000006042,9.41472298062722,51.4559243607238));
#6136=CARTESIAN_POINT('Ctrl Pts',(-13.3000000003563,9.30310774473674,52.0323222157091));
#6137=CARTESIAN_POINT('Ctrl Pts',(-13.3000000002719,9.17164225866749,52.7591542426827));
#6138=CARTESIAN_POINT('Ctrl Pts',(-13.3000000002734,9.14520966993781,52.9079859766443));
#6139=CARTESIAN_POINT('Ctrl Pts',(-13.3000000003962,9.00259952589562,53.7251152995228));
#6140=CARTESIAN_POINT('Ctrl Pts',(-13.3000000002525,8.89479313996536,54.3955693917471));
#6141=CARTESIAN_POINT('Ctrl Pts',(-13.3000000055352,8.76751125554066,55.2453157675635));
#6142=CARTESIAN_POINT('Ctrl Pts',(-13.300000007,8.74130532579478,55.4237488067127));
#6143=CARTESIAN_POINT('Ctrl Pts',(-13.3000000097778,8.70623703058778,55.6670591204174));
#6144=CARTESIAN_POINT('Ctrl Pts',(-13.3000000105943,8.69695577909283,55.7319013817191));
#6145=CARTESIAN_POINT('Ctrl Pts',(-13.3000000224691,8.57605710846813,56.5823419100887));
#6146=CARTESIAN_POINT('Ctrl Pts',(-13.3000000174082,8.47336764262773,57.3690425420155));
#6147=CARTESIAN_POINT('Ctrl Pts',(-13.3000000028052,8.27421583132672,59.0086174839677));
#6148=CARTESIAN_POINT('Ctrl Pts',(-13.3000000000526,8.17895236215026,59.8616331323504));
#6149=CARTESIAN_POINT('Ctrl Pts',(-13.3000000005772,8.0888288603303,60.7270364896509));
#6150=CARTESIAN_POINT('Ctrl Pts',(-13.3000000005849,8.08760863341245,60.7387652687684));
#6151=CARTESIAN_POINT('Ctrl Pts',(-13.30000000178,7.91443352626454,62.4049707140859));
#6152=CARTESIAN_POINT('Ctrl Pts',(-13.3000000000102,7.76587675021629,64.0618898620519));
#6153=CARTESIAN_POINT('Ctrl Pts',(-13.3000000000002,7.6304266994178,65.7203327233887));
#6154=CARTESIAN_POINT('Ctrl Pts',(-12.6,8.64345432303972,65.6023978742392));
#6155=CARTESIAN_POINT('Ctrl Pts',(-11.6,8.64345432303972,65.6023978742392));
#6156=CARTESIAN_POINT('Ctrl Pts',(-11.6,7.64682682743704,65.5203391452171));
#6157=CARTESIAN_POINT('Ctrl Pts',(-12.5999999999653,8.37049877379809,68.9175236225111));
#6158=CARTESIAN_POINT('Ctrl Pts',(-11.5999999997544,8.37049877414023,68.9175236214765));
#6159=CARTESIAN_POINT('Ctrl Pts',(-11.6,7.37296024056138,68.8465297203748));
#6160=CARTESIAN_POINT('Ctrl Pts',(-12.6000000000016,8.04060399902134,73.9088012608794));
#6161=CARTESIAN_POINT('Ctrl Pts',(-11.6000000000234,8.04060399883219,73.9088012609321));
#6162=CARTESIAN_POINT('Ctrl Pts',(-11.6,7.04268446714012,73.8444772334745));
#6163=CARTESIAN_POINT('Ctrl Pts',(-12.6000000000089,7.58309230554801,80.5785779978558));
#6164=CARTESIAN_POINT('Ctrl Pts',(-11.6000000000427,7.58309230574923,80.5785779981129));
#6165=CARTESIAN_POINT('Ctrl Pts',(-11.6,6.58567775767364,80.5064885499822));
#6166=CARTESIAN_POINT('Ctrl Pts',(-12.5999999999769,7.3180249843027,83.9155970468615));
#6167=CARTESIAN_POINT('Ctrl Pts',(-11.5999999998814,7.31802498389423,83.9155970461922));
#6168=CARTESIAN_POINT('Ctrl Pts',(-11.6,6.32143765094174,83.8326640769552));
#6169=CARTESIAN_POINT('Ctrl Pts',(-12.6,7.16571218859733,85.5840528393567));
#6170=CARTESIAN_POINT('Ctrl Pts',(-11.6,7.16571218859732,85.5840528393567));
#6171=CARTESIAN_POINT('Ctrl Pts',(-11.6,6.1698532263992,85.4931411931849));
#6172=CARTESIAN_POINT('',(-12.5999999999989,8.63376700575059,65.7203327119453));
#6173=CARTESIAN_POINT('',(-11.6,7.63042669941779,65.7203327233887));
#6174=CARTESIAN_POINT('Origin',(-12.5999790753999,7.63044423529789,65.720332725992));
#6175=CARTESIAN_POINT('',(-12.5999999999973,7.18469379738141,85.3750001040367));
#6176=CARTESIAN_POINT('Ctrl Pts',(-12.5999999999973,7.18469379738141,85.3750001040367));
#6177=CARTESIAN_POINT('Ctrl Pts',(-12.599999999991,7.2322120863606,84.8488340218907));
#6178=CARTESIAN_POINT('Ctrl Pts',(-12.5999999999884,7.27827283472562,84.3174650215119));
#6179=CARTESIAN_POINT('Ctrl Pts',(-12.599999999988,7.32306689640125,83.7815559306677));
#6180=CARTESIAN_POINT('Ctrl Pts',(-12.5999999999876,7.3698365007464,83.2220117588254));
#6181=CARTESIAN_POINT('Ctrl Pts',(-12.5999999999897,7.41522530320914,82.6575182197742));
#6182=CARTESIAN_POINT('Ctrl Pts',(-12.5999999999925,7.45950916205391,82.0888318951584));
#6183=CARTESIAN_POINT('Ctrl Pts',(-12.5999999999949,7.49845755162638,81.5886628246781));
#6184=CARTESIAN_POINT('Ctrl Pts',(-12.5999999999978,7.53655235191767,81.085250474728));
#6185=CARTESIAN_POINT('Ctrl Pts',(-12.6,7.57401443692085,80.5791106679852));
#6186=CARTESIAN_POINT('Ctrl Pts',(-12.6000000000028,7.6234218643169,79.9115806639351));
#6187=CARTESIAN_POINT('Ctrl Pts',(-12.6000000000042,7.67172818377969,79.23930644838));
#6188=CARTESIAN_POINT('Ctrl Pts',(-12.6000000000046,7.71930171849196,78.5634804188703));
#6189=CARTESIAN_POINT('Ctrl Pts',(-12.6000000000049,7.77216387813392,77.8125245843246));
#6190=CARTESIAN_POINT('Ctrl Pts',(-12.6000000000039,7.82412171182521,77.057183469375));
#6191=CARTESIAN_POINT('Ctrl Pts',(-12.600000000002,7.87574647793446,76.2990947437196));
#6192=CARTESIAN_POINT('Ctrl Pts',(-12.6000000000014,7.89210931924574,76.0588130639631));
#6193=CARTESIAN_POINT('Ctrl Pts',(-12.6000000000008,7.90843911784367,75.8182553579607));
#6194=CARTESIAN_POINT('Ctrl Pts',(-12.6,7.92475507617209,75.5774737689417));
#6195=CARTESIAN_POINT('Ctrl Pts',(-12.5999999999964,8.00275100231286,74.4264544628631));
#6196=CARTESIAN_POINT('Ctrl Pts',(-12.5999999999911,8.08042475575749,73.2703203149451));
#6197=CARTESIAN_POINT('Ctrl Pts',(-12.5999999999872,8.15986483384064,72.1148392728309));
#6198=CARTESIAN_POINT('Ctrl Pts',(-12.5999999999843,8.21869915896235,71.2590754198225));
#6199=CARTESIAN_POINT('Ctrl Pts',(-12.5999999999821,8.27850705612862,70.4036698727477));
#6200=CARTESIAN_POINT('Ctrl Pts',(-12.599999999982,8.34012228236074,69.5509548160011));
#6201=CARTESIAN_POINT('Ctrl Pts',(-12.5999999999819,8.39140448728376,68.841242120696));
#6202=CARTESIAN_POINT('Ctrl Pts',(-12.5999999999831,8.443939282801,68.1333931190171));
#6203=CARTESIAN_POINT('Ctrl Pts',(-12.5999999999864,8.49817218726645,67.4287439003815));
#6204=CARTESIAN_POINT('Ctrl Pts',(-12.5999999999891,8.54218148758978,66.8569301760162));
#6205=CARTESIAN_POINT('Ctrl Pts',(-12.5999999999931,8.58730867083604,66.287223431092));
#6206=CARTESIAN_POINT('Ctrl Pts',(-12.5999999999988,8.63376669245035,65.7203326862697));
#6207=CARTESIAN_POINT('',(-11.6,6.18060519332733,85.3750000301903));
#6208=CARTESIAN_POINT('Origin',(-12.6000370658841,6.18057091891476,85.3750002491252));
#6209=CARTESIAN_POINT('Ctrl Pts',(-11.6000000000017,7.63042669941779,65.7203327233888));
#6210=CARTESIAN_POINT('Ctrl Pts',(-11.6000000000666,7.46961725873054,67.6892745389964));
#6211=CARTESIAN_POINT('Ctrl Pts',(-11.5999999983573,7.32720540470837,69.6595372954858));
#6212=CARTESIAN_POINT('Ctrl Pts',(-11.600000008349,7.10159994213655,72.923335053774));
#6213=CARTESIAN_POINT('Ctrl Pts',(-11.6000000125546,7.01400367187292,74.2297349606018));
#6214=CARTESIAN_POINT('Ctrl Pts',(-11.6000000609322,6.92561676075313,75.5360783701289));
#6215=CARTESIAN_POINT('Ctrl Pts',(-11.6000001233669,6.8129207067058,77.201549541607));
#6216=CARTESIAN_POINT('Ctrl Pts',(-11.6000000864463,6.69942271311106,78.8537470627424));
#6217=CARTESIAN_POINT('Ctrl Pts',(-11.6000000114793,6.47250559231204,81.9161495701368));
#6218=CARTESIAN_POINT('Ctrl Pts',(-11.60000000034,6.36148780267416,83.3265273397545));
#6219=CARTESIAN_POINT('Ctrl Pts',(-11.5999999999895,6.21894232206153,84.9489678345735));
#6220=CARTESIAN_POINT('Ctrl Pts',(-11.6,6.19993115273141,85.1619961112338));
#6221=CARTESIAN_POINT('Ctrl Pts',(-11.6,6.18060519386334,85.3750000301487));
#6222=CARTESIAN_POINT('Ctrl Pts',(-10.9,7.19019999872975,85.3138975346583));
#6223=CARTESIAN_POINT('Ctrl Pts',(-9.9,7.19019999872975,85.3138975346583));
#6224=CARTESIAN_POINT('Ctrl Pts',(-9.9,6.1942260037911,85.2242549030262));
#6225=CARTESIAN_POINT('Ctrl Pts',(-10.8999999999881,7.03560332167739,87.0315431151664));
#6226=CARTESIAN_POINT('Ctrl Pts',(-9.89999999996631,7.03560332201918,87.0315431150617));
#6227=CARTESIAN_POINT('Ctrl Pts',(-9.9,6.04034254179213,86.9339763152497));
#6228=CARTESIAN_POINT('Ctrl Pts',(-10.9000000000019,6.77419740053824,89.6102502564379));
#6229=CARTESIAN_POINT('Ctrl Pts',(-9.90000000000334,6.77419740020626,89.6102502563811));
#6230=CARTESIAN_POINT('Ctrl Pts',(-9.89999999999999,5.78041264222843,89.4970116354817));
#6231=CARTESIAN_POINT('Ctrl Pts',(-10.9000000000008,6.30624243921776,93.0506027526207));
#6232=CARTESIAN_POINT('Ctrl Pts',(-9.90000000000563,6.30624243965714,93.0506027527503));
#6233=CARTESIAN_POINT('Ctrl Pts',(-9.89999999999999,5.31724746810576,92.9015391277114));
#6234=CARTESIAN_POINT('Ctrl Pts',(-10.899999999997,6.01552033127373,94.7674979570702));
#6235=CARTESIAN_POINT('Ctrl Pts',(-9.89999999998421,6.01552033034127,94.7674979567747));
#6236=CARTESIAN_POINT('Ctrl Pts',(-9.89999999999999,5.03074962487289,94.5928775652207));
#6237=CARTESIAN_POINT('Ctrl Pts',(-10.9,5.84890695913563,95.6255336476674));
#6238=CARTESIAN_POINT('Ctrl Pts',(-9.89999999999999,5.84890695913563,95.6255336476674));
#6239=CARTESIAN_POINT('Ctrl Pts',(-9.89999999999999,4.86724296372546,95.4349141310503));
#6240=CARTESIAN_POINT('',(-10.8999999999996,7.1846919619194,85.375000009312));
#6241=CARTESIAN_POINT('',(-9.90000000000001,6.18060715562759,85.3750001586416));
#6242=CARTESIAN_POINT('Origin',(-10.9000360367706,6.18057387495464,85.375000376709));
#6243=CARTESIAN_POINT('',(-10.8999999999993,5.89695567661011,95.3750009254614));
#6244=CARTESIAN_POINT('Ctrl Pts',(-10.8999999999993,5.89695567661011,95.3750009254614));
#6245=CARTESIAN_POINT('Ctrl Pts',(-10.8999999999986,5.95028328764314,95.0934673994157));
#6246=CARTESIAN_POINT('Ctrl Pts',(-10.8999999999983,6.00221413675177,94.807550689588));
#6247=CARTESIAN_POINT('Ctrl Pts',(-10.8999999999984,6.05278413013978,94.5174154515243));
#6248=CARTESIAN_POINT('Ctrl Pts',(-10.8999999999984,6.10321703497472,94.2280667316567));
#6249=CARTESIAN_POINT('Ctrl Pts',(-10.8999999999988,6.15229643392448,93.9345223210646));
#6250=CARTESIAN_POINT('Ctrl Pts',(-10.8999999999992,6.20010974605436,93.636943036051));
#6251=CARTESIAN_POINT('Ctrl Pts',(-10.8999999999994,6.23128368843394,93.4429234404376));
#6252=CARTESIAN_POINT('Ctrl Pts',(-10.8999999999997,6.26192048225339,93.2471885896413));
#6253=CARTESIAN_POINT('Ctrl Pts',(-10.9,6.29205628239676,93.0497824917106));
#6254=CARTESIAN_POINT('Ctrl Pts',(-10.9000000000004,6.343513198261,92.712711336341));
#6255=CARTESIAN_POINT('Ctrl Pts',(-10.9000000000007,6.39350746564634,92.370766575216));
#6256=CARTESIAN_POINT('Ctrl Pts',(-10.9000000000008,6.44209718003666,92.0242560818663));
#6257=CARTESIAN_POINT('Ctrl Pts',(-10.900000000001,6.49085584331302,91.6765407540657));
#6258=CARTESIAN_POINT('Ctrl Pts',(-10.9000000000009,6.53820017216813,91.3242279003155));
#6259=CARTESIAN_POINT('Ctrl Pts',(-10.9000000000006,6.58424039811733,90.9676391233211));
#6260=CARTESIAN_POINT('Ctrl Pts',(-10.9000000000005,6.60551909509032,90.8028322751096));
#6261=CARTESIAN_POINT('Ctrl Pts',(-10.9000000000003,6.62651994629906,90.6371122060741));
#6262=CARTESIAN_POINT('Ctrl Pts',(-10.9,6.64725751578023,90.4705114061352));
#6263=CARTESIAN_POINT('Ctrl Pts',(-10.8999999999994,6.6980032992363,90.0628316090891));
#6264=CARTESIAN_POINT('Ctrl Pts',(-10.8999999999983,6.74716926617973,89.6498780770672));
#6265=CARTESIAN_POINT('Ctrl Pts',(-10.8999999999973,6.79482918382839,89.2320357789153));
#6266=CARTESIAN_POINT('Ctrl Pts',(-10.8999999999963,6.84284893235256,88.8110387845871));
#6267=CARTESIAN_POINT('Ctrl Pts',(-10.8999999999952,6.88933986313191,88.3850789325186));
#6268=CARTESIAN_POINT('Ctrl Pts',(-10.8999999999946,6.93443093927183,87.9545513580832));
#6269=CARTESIAN_POINT('Ctrl Pts',(-10.899999999994,6.98034463410098,87.5161694572648));
#6270=CARTESIAN_POINT('Ctrl Pts',(-10.8999999999938,7.02480695692994,87.0730516588117));
#6271=CARTESIAN_POINT('Ctrl Pts',(-10.8999999999946,7.06800884333393,86.6256164406573));
#6272=CARTESIAN_POINT('Ctrl Pts',(-10.8999999999953,7.10791468740494,86.2123178203013));
#6273=CARTESIAN_POINT('Ctrl Pts',(-10.8999999999968,7.1467458150225,85.7953354576497));
#6274=CARTESIAN_POINT('Ctrl Pts',(-10.8999999999996,7.18469219230831,85.3750000416542));
#6275=CARTESIAN_POINT('',(-10.8974327692956,5.8969491495976,95.3749999823893));
#6276=CARTESIAN_POINT('',(-10.8974327959392,5.89695249803717,95.375));
#6277=CARTESIAN_POINT('',(-9.89999999999999,4.87884180752244,95.3750000006154));
#6278=CARTESIAN_POINT('Origin',(-10.9006486177571,4.87823571690956,95.375));
#6279=CARTESIAN_POINT('Ctrl Pts',(-9.9,6.1806071481541,85.3750002379624));
#6280=CARTESIAN_POINT('Ctrl Pts',(-9.9,6.05391680936983,86.7720334377239));
#6281=CARTESIAN_POINT('Ctrl Pts',(-9.8999999866378,5.91392069837343,88.1679235629824));
#6282=CARTESIAN_POINT('Ctrl Pts',(-9.90000001839114,5.71939449683915,89.8230661200629));
#6283=CARTESIAN_POINT('Ctrl Pts',(-9.90000002610031,5.68596489639346,90.0998463873483));
#6284=CARTESIAN_POINT('Ctrl Pts',(-9.90000003895671,5.65152106999129,90.3764979289436));
#6285=CARTESIAN_POINT('Ctrl Pts',(-9.90000007946093,5.54527593421594,91.228491251268));
#6286=CARTESIAN_POINT('Ctrl Pts',(-9.90000005613018,5.4311951132134,92.0648128985553));
#6287=CARTESIAN_POINT('Ctrl Pts',(-9.90000000734128,5.19262021007688,93.6262410020291));
#6288=CARTESIAN_POINT('Ctrl Pts',(-9.90000000017859,5.07132356669649,94.3518950349623));
#6289=CARTESIAN_POINT('Ctrl Pts',(-9.89999999999487,4.91709070358524,95.1753202014585));
#6290=CARTESIAN_POINT('Ctrl Pts',(-9.89999999999999,4.898107282917,95.2751808998203));
#6291=CARTESIAN_POINT('Ctrl Pts',(-9.89999999999999,4.87884180838891,95.3750000007826));
#6292=CARTESIAN_POINT('Ctrl Pts',(-7.89999999999999,-4.92661399057308,95.1242614098444));
#6293=CARTESIAN_POINT('Ctrl Pts',(-7.89999999999999,-5.90937747137514,95.3091287698673));
#6294=CARTESIAN_POINT('Ctrl Pts',(-8.9,-5.90937747137514,95.3091287698673));
#6295=CARTESIAN_POINT('Ctrl Pts',(-7.89999999999999,-4.84107584004337,95.5789861973431));
#6296=CARTESIAN_POINT('Ctrl Pts',(-7.8999999999807,-5.82229586562751,95.7720586370503));
#6297=CARTESIAN_POINT('Ctrl Pts',(-8.89999999999357,-5.82229586517059,95.7720586370804));
#6298=CARTESIAN_POINT('Ctrl Pts',(-7.89999999999997,-4.65861658356639,96.4866418218631));
#6299=CARTESIAN_POINT('Ctrl Pts',(-7.90000000000893,-5.63620827070029,96.6979110287297));
#6300=CARTESIAN_POINT('Ctrl Pts',(-8.90000000000296,-5.63620827091238,96.6979110287157));
#6301=CARTESIAN_POINT('Ctrl Pts',(-7.9,-4.34179886252927,97.8406581974732));
#6302=CARTESIAN_POINT('Ctrl Pts',(-7.89999999999759,-5.31135446112765,98.0866526414207));
#6303=CARTESIAN_POINT('Ctrl Pts',(-8.8999999999992,-5.31135446107072,98.0866526414244));
#6304=CARTESIAN_POINT('Ctrl Pts',(-7.89999999999999,-3.9679360639502,99.186778568452));
#6305=CARTESIAN_POINT('Ctrl Pts',(-7.90000000000065,-4.92495853482779,99.4784516290479));
#6306=CARTESIAN_POINT('Ctrl Pts',(-8.90000000000021,-4.92495853484338,99.4784516290468));
#6307=CARTESIAN_POINT('Ctrl Pts',(-7.89999999999999,-3.59286551260709,100.293704468387));
#6308=CARTESIAN_POINT('Ctrl Pts',(-7.89999999999991,-4.53263560424367,100.637425698472));
#6309=CARTESIAN_POINT('Ctrl Pts',(-8.89999999999997,-4.53263560424174,100.637425698472));
#6310=CARTESIAN_POINT('Ctrl Pts',(-7.89999999999999,-3.24127245089233,101.156048868288));
#6311=CARTESIAN_POINT('Ctrl Pts',(-7.90000000000001,-4.15863762337516,101.555123479217));
#6312=CARTESIAN_POINT('Ctrl Pts',(-8.9,-4.15863762337553,101.555123479217));
#6313=CARTESIAN_POINT('Ctrl Pts',(-7.89999999999999,-2.94525297535243,101.789576505311));
#6314=CARTESIAN_POINT('Ctrl Pts',(-7.89999999999998,-3.8390590597717,102.239507459119));
#6315=CARTESIAN_POINT('Ctrl Pts',(-8.89999999999999,-3.8390590597716,102.239507459119));
#6316=CARTESIAN_POINT('Ctrl Pts',(-7.89999999999999,-2.60705902834251,102.406904418414));
#6317=CARTESIAN_POINT('Ctrl Pts',(-7.90000000000001,-3.46619338537739,102.920863196518));
#6318=CARTESIAN_POINT('Ctrl Pts',(-8.89999999999999,-3.46619338537743,102.920863196518));
#6319=CARTESIAN_POINT('Ctrl Pts',(-7.89999999999998,-2.22086336931664,102.990246380156));
#6320=CARTESIAN_POINT('Ctrl Pts',(-7.89999999999996,-3.02721669921423,103.585181129665));
#6321=CARTESIAN_POINT('Ctrl Pts',(-8.89999999999998,-3.02721669921421,103.585181129665));
#6322=CARTESIAN_POINT('Ctrl Pts',(-7.90000000000002,-1.8416747467936,103.440610541297));
#6323=CARTESIAN_POINT('Ctrl Pts',(-7.90000000000003,-2.57576181544575,104.123699785915));
#6324=CARTESIAN_POINT('Ctrl Pts',(-8.90000000000001,-2.57576181544576,104.123699785915));
#6325=CARTESIAN_POINT('Ctrl Pts',(-7.89999999999994,-1.50076329952344,103.756384336073));
#6326=CARTESIAN_POINT('Ctrl Pts',(-7.89999999999994,-2.14643448548358,104.522155826194));
#6327=CARTESIAN_POINT('Ctrl Pts',(-8.89999999999995,-2.14643448548356,104.522155826194));
#6328=CARTESIAN_POINT('Ctrl Pts',(-7.9,-1.22131163425162,103.967830112599));
#6329=CARTESIAN_POINT('Ctrl Pts',(-7.90000000000001,-1.77937238613988,104.800601980584));
#6330=CARTESIAN_POINT('Ctrl Pts',(-8.9,-1.77937238613988,104.800601980584));
#6331=CARTESIAN_POINT('Ctrl Pts',(-7.89999999999999,-0.914573371405444,
104.145646138756));
#6332=CARTESIAN_POINT('Ctrl Pts',(-7.89999999999998,-1.35768227844771,105.045866880441));
#6333=CARTESIAN_POINT('Ctrl Pts',(-8.89999999999999,-1.35768227844771,105.045866880441));
#6334=CARTESIAN_POINT('Ctrl Pts',(-7.89999999999999,-0.645187055216798,
104.25448437693));
#6335=CARTESIAN_POINT('Ctrl Pts',(-7.90000000000001,-0.97348639707979,105.201497126776));
#6336=CARTESIAN_POINT('Ctrl Pts',(-8.89999999999999,-0.973486397079796,
105.201497126776));
#6337=CARTESIAN_POINT('Ctrl Pts',(-7.89999999999999,-0.418428180757073,
104.317174036791));
#6338=CARTESIAN_POINT('Ctrl Pts',(-7.89999999999996,-0.647306896894359,
105.291656814967));
#6339=CARTESIAN_POINT('Ctrl Pts',(-8.89999999999999,-0.647306896894353,
105.291656814967));
#6340=CARTESIAN_POINT('Ctrl Pts',(-7.89999999999999,-0.273470025081004,
104.345347118881));
#6341=CARTESIAN_POINT('Ctrl Pts',(-7.9,-0.439473570788906,105.332032797686));
#6342=CARTESIAN_POINT('Ctrl Pts',(-8.89999999999999,-0.439473570788908,
105.332032797686));
#6343=CARTESIAN_POINT('Ctrl Pts',(-7.89999999999999,-0.157674379193382,
104.361144297294));
#6344=CARTESIAN_POINT('Ctrl Pts',(-7.90000000000001,-0.27457704030725,105.354506317717));
#6345=CARTESIAN_POINT('Ctrl Pts',(-8.89999999999999,-0.274577040307252,
105.354506317717));
#6346=CARTESIAN_POINT('Ctrl Pts',(-7.89999999999999,-0.085100848887415,
104.368358874369));
#6347=CARTESIAN_POINT('Ctrl Pts',(-7.89999999999999,-0.172276389674531,
105.364687187162));
#6348=CARTESIAN_POINT('Ctrl Pts',(-8.89999999999999,-0.172276389674531,
105.364687187162));
#6349=CARTESIAN_POINT('Ctrl Pts',(-7.89999999999999,-0.0269715147495176,
104.372562282376));
#6350=CARTESIAN_POINT('Ctrl Pts',(-7.89999999999999,-0.0900065927680185,
105.370614254242));
#6351=CARTESIAN_POINT('Ctrl Pts',(-8.89999999999999,-0.0900065927680185,
105.370614254242));
#6352=CARTESIAN_POINT('Ctrl Pts',(-7.89999999999999,0.00939376081653808,
104.374566985));
#6353=CARTESIAN_POINT('Ctrl Pts',(-7.89999999999999,-0.0406333129345286,
105.373361148809));
#6354=CARTESIAN_POINT('Ctrl Pts',(-8.89999999999999,-0.0406333129345287,
105.373361148809));
#6355=CARTESIAN_POINT('Ctrl Pts',(-7.89999999999999,0.0385077055813432,
104.375755304601));
#6356=CARTESIAN_POINT('Ctrl Pts',(-7.89999999999999,0.00305308554249223,
105.375134650184));
#6357=CARTESIAN_POINT('Ctrl Pts',(-8.89999999999999,0.00305308554249233,
105.375134650184));
#6358=CARTESIAN_POINT('Ctrl Pts',(-7.89999999999999,0.0676275910796648,
104.376832570919));
#6359=CARTESIAN_POINT('Ctrl Pts',(-7.89999999999999,0.0285298576127595,
105.376065621059));
#6360=CARTESIAN_POINT('Ctrl Pts',(-8.9,0.028529857612759,105.376065621059));
#6361=CARTESIAN_POINT('Ctrl Pts',(-7.89999999999999,0.0894661685384516,
104.377665507646));
#6362=CARTESIAN_POINT('Ctrl Pts',(-7.89999999999999,0.0517346026070667,
105.376953418577));
#6363=CARTESIAN_POINT('Ctrl Pts',(-8.89999999999999,0.051734602607069,105.376953418577));
#6364=CARTESIAN_POINT('Ctrl Pts',(-7.89999999999999,0.104025517214281,104.378215246134));
#6365=CARTESIAN_POINT('Ctrl Pts',(-7.89999999999999,0.0662939512828959,
105.377503157064));
#6366=CARTESIAN_POINT('Ctrl Pts',(-8.89999999999999,0.0662939512828959,
105.377503157064));
#6367=CARTESIAN_POINT('',(-7.89999999999999,-2.52509240391035E-14,104.374009387416));
#6368=CARTESIAN_POINT('',(-8.89999999999999,8.78348493572989E-14,105.374999455794));
#6369=CARTESIAN_POINT('Ctrl Pts',(-8.89999999999999,3.94205067894005E-13,
105.374998911528));
#6370=CARTESIAN_POINT('Ctrl Pts',(-8.83516159437166,3.52672313153167E-13,
105.374998911528));
#6371=CARTESIAN_POINT('Ctrl Pts',(-8.77047745909029,2.47459861314361E-13,
105.368688046009));
#6372=CARTESIAN_POINT('Ctrl Pts',(-8.63924845088378,1.95433103823995E-13,
105.342836399592));
#6373=CARTESIAN_POINT('Ctrl Pts',(-8.5731946709421,-4.1265738988963E-12,
105.322558680394));
#6374=CARTESIAN_POINT('Ctrl Pts',(-8.39135007426784,-4.51326408384586E-12,
105.245422747912));
#6375=CARTESIAN_POINT('Ctrl Pts',(-8.28374891521355,-9.41224422153653E-12,
105.172814987265));
#6376=CARTESIAN_POINT('Ctrl Pts',(-8.10191543989303,-9.44963177170701E-12,
104.990804468784));
#6377=CARTESIAN_POINT('Ctrl Pts',(-8.02939404167591,1.45898661295926E-11,
104.883092271294));
#6378=CARTESIAN_POINT('Ctrl Pts',(-7.92772221544686,2.49869796674965E-11,
104.642892769568));
#6379=CARTESIAN_POINT('Ctrl Pts',(-7.90080874926357,3.4839085374361E-11,
104.512176985958));
#6380=CARTESIAN_POINT('Ctrl Pts',(-7.90000598308262,-2.2752647405423E-12,
104.378009327853));
#6381=CARTESIAN_POINT('Ctrl Pts',(-7.89999999999999,6.29970683389021E-14,
104.376009363338));
#6382=CARTESIAN_POINT('Ctrl Pts',(-7.89999999999999,6.15263048842101E-14,
104.374009394367));
#6383=CARTESIAN_POINT('',(-8.89999999999923,-5.89694590788969,95.375000010061));
#6384=CARTESIAN_POINT('Ctrl Pts',(-8.89999999999916,-5.89694602400623,95.3750000442464));
#6385=CARTESIAN_POINT('Ctrl Pts',(-8.89999999999601,-5.84583864859052,95.6449243390653));
#6386=CARTESIAN_POINT('Ctrl Pts',(-8.89999999999642,-5.79399633007333,95.9078557394099));
#6387=CARTESIAN_POINT('Ctrl Pts',(-8.89999999999749,-5.7413809212221,96.1641069210632));
#6388=CARTESIAN_POINT('Ctrl Pts',(-8.89999999999824,-5.70416791107533,96.3453442815852));
#6389=CARTESIAN_POINT('Ctrl Pts',(-8.89999999999934,-5.66656957790101,96.5232400454552));
#6390=CARTESIAN_POINT('Ctrl Pts',(-8.89999999999998,-5.62858786783673,96.697904866258));
#6391=CARTESIAN_POINT('Ctrl Pts',(-8.90000000000082,-5.5800187839561,96.9212573777223));
#6392=CARTESIAN_POINT('Ctrl Pts',(-8.90000000000095,-5.53081995217127,97.1393279255657));
#6393=CARTESIAN_POINT('Ctrl Pts',(-8.90000000000083,-5.48092322932638,97.352398345208));
#6394=CARTESIAN_POINT('Ctrl Pts',(-8.90000000000071,-5.42731181638858,97.5813313412243));
#6395=CARTESIAN_POINT('Ctrl Pts',(-8.90000000000031,-5.3728951327537,97.8044919674211));
#6396=CARTESIAN_POINT('Ctrl Pts',(-8.90000000000006,-5.31764523885497,98.0222124527092));
#6397=CARTESIAN_POINT('Ctrl Pts',(-8.90000000000004,-5.31213754715163,98.0439163371124));
#6398=CARTESIAN_POINT('Ctrl Pts',(-8.90000000000002,-5.30662161549486,98.0655661472569));
#6399=CARTESIAN_POINT('Ctrl Pts',(-8.9,-5.3010974416731,98.08716220391));
#6400=CARTESIAN_POINT('Ctrl Pts',(-8.8999999999998,-5.24941757841935,98.2891980721985));
#6401=CARTESIAN_POINT('Ctrl Pts',(-8.89999999999975,-5.19701199897747,98.4865280529779));
#6402=CARTESIAN_POINT('Ctrl Pts',(-8.89999999999976,-5.14381058545334,98.6793233672771));
#6403=CARTESIAN_POINT('Ctrl Pts',(-8.89999999999978,-5.08598196208702,98.8888871152844));
#6404=CARTESIAN_POINT('Ctrl Pts',(-8.89999999999987,-5.02721346669786,99.0930930828618));
#6405=CARTESIAN_POINT('Ctrl Pts',(-8.89999999999994,-4.96747394000458,99.2921806069296));
#6406=CARTESIAN_POINT('Ctrl Pts',(-8.89999999999996,-4.94870915114949,99.3547160095283));
#6407=CARTESIAN_POINT('Ctrl Pts',(-8.89999999999998,-4.92984893362193,99.416746533838));
#6408=CARTESIAN_POINT('Ctrl Pts',(-8.9,-4.91089326976085,99.4782799449951));
#6409=CARTESIAN_POINT('Ctrl Pts',(-8.90000000000004,-4.85866958565349,99.6478071876106));
#6410=CARTESIAN_POINT('Ctrl Pts',(-8.90000000000005,-4.80571800364951,99.8135583489622));
#6411=CARTESIAN_POINT('Ctrl Pts',(-8.90000000000005,-4.75195870946273,99.9756027669823));
#6412=CARTESIAN_POINT('Ctrl Pts',(-8.90000000000006,-4.69342803889461,100.152029347577));
#6413=CARTESIAN_POINT('Ctrl Pts',(-8.90000000000004,-4.63394026945212,100.324062025314));
#6414=CARTESIAN_POINT('Ctrl Pts',(-8.90000000000003,-4.57344192480224,100.491832360452));
#6415=CARTESIAN_POINT('Ctrl Pts',(-8.90000000000001,-4.5275852795099,100.618999224165));
#6416=CARTESIAN_POINT('Ctrl Pts',(-8.9,-4.48114916370045,100.743718164171));
#6417=CARTESIAN_POINT('Ctrl Pts',(-8.9,-4.43412447265988,100.866060020758));
#6418=CARTESIAN_POINT('Ctrl Pts',(-8.89999999999999,-4.37839552089781,101.01104733005));
#6419=CARTESIAN_POINT('Ctrl Pts',(-8.89999999999999,-4.32183631335228,101.152698379238));
#6420=CARTESIAN_POINT('Ctrl Pts',(-8.89999999999999,-4.26428054483155,101.29126168124));
#6421=CARTESIAN_POINT('Ctrl Pts',(-8.9,-4.22731603290389,101.380252323903));
#6422=CARTESIAN_POINT('Ctrl Pts',(-8.9,-4.18994169814321,101.467969095806));
#6423=CARTESIAN_POINT('Ctrl Pts',(-8.9,-4.15212427704982,101.554475253274));
#6424=CARTESIAN_POINT('Ctrl Pts',(-8.9,-4.09626084578639,101.682261089586));
#6425=CARTESIAN_POINT('Ctrl Pts',(-8.9,-4.03942691035323,101.807405595576));
#6426=CARTESIAN_POINT('Ctrl Pts',(-8.9,-3.98140633606655,101.93010590354));
#6427=CARTESIAN_POINT('Ctrl Pts',(-8.9,-3.93189451060401,102.034812144504));
#6428=CARTESIAN_POINT('Ctrl Pts',(-8.89999999999999,-3.88151998424323,102.137738340538));
#6429=CARTESIAN_POINT('Ctrl Pts',(-8.89999999999999,-3.83017787463992,102.239002752035));
#6430=CARTESIAN_POINT('Ctrl Pts',(-8.89999999999999,-3.77386473272637,102.350071759902));
#6431=CARTESIAN_POINT('Ctrl Pts',(-8.89999999999999,-3.7163881158647,102.459137132331));
#6432=CARTESIAN_POINT('Ctrl Pts',(-8.89999999999999,-3.65766196171555,102.566089887771));
#6433=CARTESIAN_POINT('Ctrl Pts',(-8.89999999999999,-3.59514107313247,102.67995365773));
#6434=CARTESIAN_POINT('Ctrl Pts',(-8.89999999999999,-3.53120433212236,102.791423194231));
#6435=CARTESIAN_POINT('Ctrl Pts',(-8.89999999999999,-3.46576831180409,102.900421170994));
#6436=CARTESIAN_POINT('Ctrl Pts',(-8.89999999999999,-3.46224152439389,102.906295805336));
#6437=CARTESIAN_POINT('Ctrl Pts',(-8.89999999999999,-3.45871038555167,102.912163271898));
#6438=CARTESIAN_POINT('Ctrl Pts',(-8.89999999999999,-3.45517488341589,102.918023562476));
#6439=CARTESIAN_POINT('Ctrl Pts',(-8.89999999999999,-3.39754668101665,103.013545499267));
#6440=CARTESIAN_POINT('Ctrl Pts',(-8.89999999999999,-3.33875464506092,103.107161166203));
#6441=CARTESIAN_POINT('Ctrl Pts',(-8.89999999999999,-3.27846886176373,103.199000948843));
#6442=CARTESIAN_POINT('Ctrl Pts',(-8.89999999999999,-3.21324494698271,103.298363515418));
#6443=CARTESIAN_POINT('Ctrl Pts',(-8.89999999999999,-3.14627292000792,103.395647416349));
#6444=CARTESIAN_POINT('Ctrl Pts',(-8.89999999999999,-3.07719629271894,103.49101328821));
#6445=CARTESIAN_POINT('Ctrl Pts',(-8.89999999999999,-3.05504656669489,103.521592776767));
#6446=CARTESIAN_POINT('Ctrl Pts',(-8.89999999999999,-3.03268086215017,103.551975018507));
#6447=CARTESIAN_POINT('Ctrl Pts',(-8.89999999999999,-3.01008850348751,103.582165205391));
#6448=CARTESIAN_POINT('Ctrl Pts',(-8.89999999999999,-2.94809859011406,103.66500237603));
#6449=CARTESIAN_POINT('Ctrl Pts',(-8.89999999999999,-2.88440112025554,103.746389172473));
#6450=CARTESIAN_POINT('Ctrl Pts',(-8.89999999999999,-2.81881732909086,103.826045201404));
#6451=CARTESIAN_POINT('Ctrl Pts',(-8.9,-2.74783597995827,103.912256936035));
#6452=CARTESIAN_POINT('Ctrl Pts',(-8.9,-2.67464543826916,103.996441489982));
#6453=CARTESIAN_POINT('Ctrl Pts',(-8.89999999999999,-2.59903593371328,104.078304175521));
#6454=CARTESIAN_POINT('Ctrl Pts',(-8.89999999999999,-2.55446145140083,104.126565129617));
#6455=CARTESIAN_POINT('Ctrl Pts',(-8.89999999999999,-2.50904653519171,104.174020228911));
#6456=CARTESIAN_POINT('Ctrl Pts',(-8.89999999999999,-2.46274969770991,104.220617222258));
#6457=CARTESIAN_POINT('Ctrl Pts',(-8.89999999999998,-2.38608621333363,104.297777738305));
#6458=CARTESIAN_POINT('Ctrl Pts',(-8.89999999999997,-2.30699997576461,104.372584968924));
#6459=CARTESIAN_POINT('Ctrl Pts',(-8.89999999999997,-2.22484713597988,104.444937892665));
#6460=CARTESIAN_POINT('Ctrl Pts',(-8.89999999999996,-2.19657688363406,104.469835819717));
#6461=CARTESIAN_POINT('Ctrl Pts',(-8.89999999999996,-2.16794395114326,104.494443263224));
#6462=CARTESIAN_POINT('Ctrl Pts',(-8.89999999999996,-2.1389233851713,104.518756513558));
#6463=CARTESIAN_POINT('Ctrl Pts',(-8.89999999999996,-2.057055899987,104.587344585321));
#6464=CARTESIAN_POINT('Ctrl Pts',(-8.89999999999997,-1.9721025361845,104.653586805874));
#6465=CARTESIAN_POINT('Ctrl Pts',(-8.89999999999998,-1.88360409633159,104.716913746758));
#6466=CARTESIAN_POINT('Ctrl Pts',(-8.89999999999998,-1.84646071932111,104.743492480169));
#6467=CARTESIAN_POINT('Ctrl Pts',(-8.89999999999999,-1.80869305334712,104.769558343245));
#6468=CARTESIAN_POINT('Ctrl Pts',(-8.89999999999999,-1.77026771808214,104.795071771495));
#6469=CARTESIAN_POINT('Ctrl Pts',(-8.89999999999999,-1.69711279198455,104.84364474933));
#6470=CARTESIAN_POINT('Ctrl Pts',(-8.89999999999999,-1.62157805712583,104.890212792976));
#6471=CARTESIAN_POINT('Ctrl Pts',(-8.89999999999999,-1.54412351558138,104.934165423549));
#6472=CARTESIAN_POINT('Ctrl Pts',(-8.89999999999999,-1.48099102774522,104.96999081041));
#6473=CARTESIAN_POINT('Ctrl Pts',(-8.89999999999999,-1.41658202968364,105.004079522379));
#6474=CARTESIAN_POINT('Ctrl Pts',(-8.89999999999999,-1.35112478678909,105.036115446399));
#6475=CARTESIAN_POINT('Ctrl Pts',(-8.89999999999999,-1.24341163948371,105.088832151997));
#6476=CARTESIAN_POINT('Ctrl Pts',(-8.89999999999999,-1.13286018071056,105.135994099667));
#6477=CARTESIAN_POINT('Ctrl Pts',(-8.89999999999999,-1.01953795435593,105.17719694928));
#6478=CARTESIAN_POINT('Ctrl Pts',(-8.89999999999999,-0.976875494265929,
105.192708601176));
#6479=CARTESIAN_POINT('Ctrl Pts',(-8.89999999999999,-0.933819855205982,
105.207375462381));
#6480=CARTESIAN_POINT('Ctrl Pts',(-8.89999999999999,-0.890372955775967,
105.221175006417));
#6481=CARTESIAN_POINT('Ctrl Pts',(-8.89999999999999,-0.810171140074432,
105.246648596065));
#6482=CARTESIAN_POINT('Ctrl Pts',(-8.89999999999999,-0.72863854619869,105.269166989234));
#6483=CARTESIAN_POINT('Ctrl Pts',(-8.89999999999999,-0.646512669196854,
105.288462050487));
#6484=CARTESIAN_POINT('Ctrl Pts',(-8.89999999999999,-0.563996648634899,
105.307848774005));
#6485=CARTESIAN_POINT('Ctrl Pts',(-8.89999999999999,-0.480881886482949,
105.323982259779));
#6486=CARTESIAN_POINT('Ctrl Pts',(-8.89999999999999,-0.398363615701495,
105.336832238848));
#6487=CARTESIAN_POINT('Ctrl Pts',(-8.89999999999999,-0.356992784387657,
105.343274621989));
#6488=CARTESIAN_POINT('Ctrl Pts',(-8.89999999999999,-0.315771276796539,
105.348891464612));
#6489=CARTESIAN_POINT('Ctrl Pts',(-8.89999999999999,-0.274728976491294,
105.353733301602));
#6490=CARTESIAN_POINT('Ctrl Pts',(-8.89999999999999,-0.233631651267854,
105.358581629985));
#6491=CARTESIAN_POINT('Ctrl Pts',(-8.89999999999999,-0.192713821307556,
105.362652855724));
#6492=CARTESIAN_POINT('Ctrl Pts',(-8.89999999999999,-0.151673167414232,
105.365984151559));
#6493=CARTESIAN_POINT('Ctrl Pts',(-8.89999999999999,-0.131136718676357,
105.367651108092));
#6494=CARTESIAN_POINT('Ctrl Pts',(-8.89999999999999,-0.110569654522854,
105.369132768298));
#6495=CARTESIAN_POINT('Ctrl Pts',(-8.89999999999999,-0.0904156614146622,
105.37042274977));
#6496=CARTESIAN_POINT('Ctrl Pts',(-8.89999999999999,-0.0702534870083922,
105.371713254897));
#6497=CARTESIAN_POINT('Ctrl Pts',(-8.89999999999999,-0.0505043026336255,
105.372811935898));
#6498=CARTESIAN_POINT('Ctrl Pts',(-8.89999999999999,-0.0293627320981634,
105.37376918963));
#6499=CARTESIAN_POINT('Ctrl Pts',(-8.89999999999999,-0.0191036081747951,
105.374233705009));
#6500=CARTESIAN_POINT('Ctrl Pts',(-8.89999999999999,-0.00851685153763865,
105.374664910254));
#6501=CARTESIAN_POINT('Ctrl Pts',(-8.89999999999999,2.13115964840805E-8,
105.374998912363));
#6502=CARTESIAN_POINT('',(-7.90000000000031,-4.87884347249298,95.3750001471948));
#6503=CARTESIAN_POINT('Origin',(-8.90065411485826,-4.87823232495148,95.375));
#6504=CARTESIAN_POINT('Ctrl Pts',(-7.89999999999999,-1.97740530623325E-7,
104.37400938394));
#6505=CARTESIAN_POINT('Ctrl Pts',(-7.89999999999999,-0.00899178003458304,
104.373535230863));
#6506=CARTESIAN_POINT('Ctrl Pts',(-7.89999999999999,-0.0179801334771278,
104.373010243869));
#6507=CARTESIAN_POINT('Ctrl Pts',(-7.89999999999999,-0.0415080840321267,
104.371511160493));
#6508=CARTESIAN_POINT('Ctrl Pts',(-7.89999999999999,-0.0560414257704791,
104.370460151844));
#6509=CARTESIAN_POINT('Ctrl Pts',(-7.89999999999999,-0.0996487858357786,
104.36691325605));
#6510=CARTESIAN_POINT('Ctrl Pts',(-7.89999999999999,-0.128686239185954,
104.364025262511));
#6511=CARTESIAN_POINT('Ctrl Pts',(-7.89999999999999,-0.186681213821449,
104.357188174069));
#6512=CARTESIAN_POINT('Ctrl Pts',(-7.89999999999999,-0.215638263816035,
104.353235418849));
#6513=CARTESIAN_POINT('Ctrl Pts',(-7.89999999999999,-0.276181026689397,
104.343805762883));
#6514=CARTESIAN_POINT('Ctrl Pts',(-7.89999999999999,-0.307754263546548,
104.338219679546));
#6515=CARTESIAN_POINT('Ctrl Pts',(-7.89999999999999,-0.365436829246619,
104.326782808922));
#6516=CARTESIAN_POINT('Ctrl Pts',(-7.89999999999966,-0.391679670773907,
104.321104874054));
#6517=CARTESIAN_POINT('Ctrl Pts',(-7.90000000000176,-0.475120707764695,
104.301503619578));
#6518=CARTESIAN_POINT('Ctrl Pts',(-7.89999999986915,-0.531780523916726,
104.285846488008));
#6519=CARTESIAN_POINT('Ctrl Pts',(-7.90000000057713,-0.614007151751985,
104.259763462984));
#6520=CARTESIAN_POINT('Ctrl Pts',(-7.90000000096492,-0.640250323320723,
104.25091826482));
#6521=CARTESIAN_POINT('Ctrl Pts',(-7.90000000489502,-0.750174435981385,
104.211685114117));
#6522=CARTESIAN_POINT('Ctrl Pts',(-7.9000000043874,-0.831840255321561,104.177041137424));
#6523=CARTESIAN_POINT('Ctrl Pts',(-7.90000000186522,-0.933093242177437,
104.127431433907));
#6524=CARTESIAN_POINT('Ctrl Pts',(-7.90000000134901,-0.954220161600142,
104.116701423859));
#6525=CARTESIAN_POINT('Ctrl Pts',(-7.89999999968068,-1.04206969458652,104.070542845235));
#6526=CARTESIAN_POINT('Ctrl Pts',(-7.89999999989736,-1.10779472948067,104.032272271724));
#6527=CARTESIAN_POINT('Ctrl Pts',(-7.90000000026935,-1.18688030714645,103.981897141273));
#6528=CARTESIAN_POINT('Ctrl Pts',(-7.90000000038364,-1.20188409246808,103.972140255854));
#6529=CARTESIAN_POINT('Ctrl Pts',(-7.90000000085275,-1.23325942634104,103.951321508127));
#6530=CARTESIAN_POINT('Ctrl Pts',(-7.9000000012302,-1.24960762434101,103.940230839607));
#6531=CARTESIAN_POINT('Ctrl Pts',(-7.90000000514034,-1.34591199780545,103.873495183109));
#6532=CARTESIAN_POINT('Ctrl Pts',(-7.90000001007893,-1.42279507854223,103.814333693044));
#6533=CARTESIAN_POINT('Ctrl Pts',(-7.90000001261466,-1.58610867994936,103.677549995954));
#6534=CARTESIAN_POINT('Ctrl Pts',(-7.90000000886119,-1.67129045973474,103.598622978739));
#6535=CARTESIAN_POINT('Ctrl Pts',(-7.9000000044669,-1.76155308369665,103.507686474242));
#6536=CARTESIAN_POINT('Ctrl Pts',(-7.90000000407361,-1.76968879961947,103.499421778451));
#6537=CARTESIAN_POINT('Ctrl Pts',(-7.89999999642437,-1.93256813601233,103.332605038369));
#6538=CARTESIAN_POINT('Ctrl Pts',(-7.89999999983581,-2.07615306552505,103.161087423276));
#6539=CARTESIAN_POINT('Ctrl Pts',(-7.90000000016988,-2.21155937534946,102.980230392933));
#6540=CARTESIAN_POINT('Ctrl Pts',(-7.90000000017541,-2.21370993747357,102.977352678202));
#6541=CARTESIAN_POINT('Ctrl Pts',(-7.90000000054354,-2.3509255137886,102.793404424277));
#6542=CARTESIAN_POINT('Ctrl Pts',(-7.90000000011966,-2.47528503427982,102.605709369891));
#6543=CARTESIAN_POINT('Ctrl Pts',(-7.90000000003831,-2.59446503183734,102.40886421831));
#6544=CARTESIAN_POINT('Ctrl Pts',(-7.90000000003681,-2.59676693758127,102.405055357176));
#6545=CARTESIAN_POINT('Ctrl Pts',(-7.89999999996475,-2.71334711260346,102.211808086426));
#6546=CARTESIAN_POINT('Ctrl Pts',(-7.89999999892977,-2.82046890474366,102.01729507809));
#6547=CARTESIAN_POINT('Ctrl Pts',(-7.90000000123746,-2.92695198141063,101.809170955841));
#6548=CARTESIAN_POINT('Ctrl Pts',(-7.90000000136798,-2.93262243329486,101.798040083031));
#6549=CARTESIAN_POINT('Ctrl Pts',(-7.90000000405324,-3.04400337811282,101.578472334766));
#6550=CARTESIAN_POINT('Ctrl Pts',(-7.90000000783769,-3.14270701714877,101.367290906594));
#6551=CARTESIAN_POINT('Ctrl Pts',(-7.90000000808033,-3.31788811737069,100.966587859538));
#6552=CARTESIAN_POINT('Ctrl Pts',(-7.9000000055005,-3.39560797842696,100.777574849318));
#6553=CARTESIAN_POINT('Ctrl Pts',(-7.90000000251647,-3.48023504033397,100.560534006348));
#6554=CARTESIAN_POINT('Ctrl Pts',(-7.90000000220919,-3.49051508171607,100.533970766252));
#6555=CARTESIAN_POINT('Ctrl Pts',(-7.8999999991403,-3.60981496418261,100.223440062822));
#6556=CARTESIAN_POINT('Ctrl Pts',(-7.90000000000903,-3.7115662329404,99.9363542452378));
#6557=CARTESIAN_POINT('Ctrl Pts',(-7.90000000005191,-3.84423779160312,99.5356200255769));
#6558=CARTESIAN_POINT('Ctrl Pts',(-7.90000000008459,-3.88026695498046,99.4237803652999));
#6559=CARTESIAN_POINT('Ctrl Pts',(-7.90000000021176,-3.92885334955333,99.2690988731414));
#6560=CARTESIAN_POINT('Ctrl Pts',(-7.900000000241,-3.94211098912003,99.2264755237815));
#6561=CARTESIAN_POINT('Ctrl Pts',(-7.90000000044604,-4.07483438910193,98.795702259492));
#6562=CARTESIAN_POINT('Ctrl Pts',(-7.89999999927774,-4.1849427720673,98.4046822512034));
#6563=CARTESIAN_POINT('Ctrl Pts',(-7.90000000113824,-4.30273012844179,97.9544723320331));
#6564=CARTESIAN_POINT('Ctrl Pts',(-7.90000000138207,-4.31761485917048,97.8969309854659));
#6565=CARTESIAN_POINT('Ctrl Pts',(-7.90000000329953,-4.4473193567534,97.3900028263407));
#6566=CARTESIAN_POINT('Ctrl Pts',(-7.90000000190742,-4.55294087765894,96.9386138437094));
#6567=CARTESIAN_POINT('Ctrl Pts',(-7.9000000000555,-4.7316952762783,96.1163880757609));
#6568=CARTESIAN_POINT('Ctrl Pts',(-7.89999999999999,-4.80722051195436,95.7461639151988));
#6569=CARTESIAN_POINT('Ctrl Pts',(-7.89999999999999,-4.8788434567509,95.3750004415843));
#6570=CARTESIAN_POINT('Ctrl Pts',(-8.9,5.90937747133659,95.3091287698674));
#6571=CARTESIAN_POINT('Ctrl Pts',(-7.9,5.90937747133658,95.3091287698674));
#6572=CARTESIAN_POINT('Ctrl Pts',(-7.9,4.92661399053457,95.1242614098444));
#6573=CARTESIAN_POINT('Ctrl Pts',(-8.89999999999358,5.82229586513034,95.772058637089));
#6574=CARTESIAN_POINT('Ctrl Pts',(-7.89999999998184,5.82229586558941,95.7720586370723));
#6575=CARTESIAN_POINT('Ctrl Pts',(-7.9,4.84107584000301,95.5789861973614));
#6576=CARTESIAN_POINT('Ctrl Pts',(-8.90000000000297,5.63620827087514,96.6979110287078));
#6577=CARTESIAN_POINT('Ctrl Pts',(-7.90000000000841,5.63620827066206,96.6979110287155));
#6578=CARTESIAN_POINT('Ctrl Pts',(-7.89999999999998,4.65861658352923,96.4866418218505));
#6579=CARTESIAN_POINT('Ctrl Pts',(-8.89999999999919,5.31135446103363,98.0866526414184));
#6580=CARTESIAN_POINT('Ctrl Pts',(-7.89999999999774,5.3113544610908,98.0866526414164));
#6581=CARTESIAN_POINT('Ctrl Pts',(-7.89999999999999,4.34179886249205,97.840658197469));
#6582=CARTESIAN_POINT('Ctrl Pts',(-8.90000000000021,4.92495853480851,99.4784516290363));
#6583=CARTESIAN_POINT('Ctrl Pts',(-7.90000000000061,4.92495853479285,99.4784516290368));
#6584=CARTESIAN_POINT('Ctrl Pts',(-7.89999999999999,3.96793606391504,99.1867785684421));
#6585=CARTESIAN_POINT('Ctrl Pts',(-8.89999999999997,4.53263560421002,100.637425698458));
#6586=CARTESIAN_POINT('Ctrl Pts',(-7.89999999999992,4.53263560421195,100.637425698458));
#6587=CARTESIAN_POINT('Ctrl Pts',(-7.89999999999999,3.59286551257473,100.293704468375));
#6588=CARTESIAN_POINT('Ctrl Pts',(-8.9,4.15863762334751,101.555123479201));
#6589=CARTESIAN_POINT('Ctrl Pts',(-7.9,4.15863762334715,101.555123479201));
#6590=CARTESIAN_POINT('Ctrl Pts',(-7.89999999999999,3.24127245086316,101.156048868274));
#6591=CARTESIAN_POINT('Ctrl Pts',(-8.89999999999999,3.83905905974714,102.239507459101));
#6592=CARTESIAN_POINT('Ctrl Pts',(-7.89999999999998,3.83905905974724,102.239507459101));
#6593=CARTESIAN_POINT('Ctrl Pts',(-7.89999999999999,2.94525297532623,101.789576505296));
#6594=CARTESIAN_POINT('Ctrl Pts',(-8.9,3.46619338535749,102.920863196499));
#6595=CARTESIAN_POINT('Ctrl Pts',(-7.90000000000001,3.46619338535745,102.920863196499));
#6596=CARTESIAN_POINT('Ctrl Pts',(-7.9,2.60705902831995,102.406904418399));
#6597=CARTESIAN_POINT('Ctrl Pts',(-8.89999999999998,3.02721669920042,103.585181129645));
#6598=CARTESIAN_POINT('Ctrl Pts',(-7.89999999999997,3.02721669920044,103.585181129645));
#6599=CARTESIAN_POINT('Ctrl Pts',(-7.89999999999997,2.22086336929879,102.990246380142));
#6600=CARTESIAN_POINT('Ctrl Pts',(-8.90000000000004,2.57576181543822,104.123699785896));
#6601=CARTESIAN_POINT('Ctrl Pts',(-7.90000000000006,2.5757618154382,104.123699785896));
#6602=CARTESIAN_POINT('Ctrl Pts',(-7.90000000000006,1.84167474678016,103.440610541285));
#6603=CARTESIAN_POINT('Ctrl Pts',(-8.89999999999995,2.14643448548165,104.522155826178));
#6604=CARTESIAN_POINT('Ctrl Pts',(-7.89999999999994,2.14643448548166,104.522155826178));
#6605=CARTESIAN_POINT('Ctrl Pts',(-7.89999999999993,1.50076329951388,103.756384336064));
#6606=CARTESIAN_POINT('Ctrl Pts',(-8.90000000000003,1.77937238614232,104.800601980571));
#6607=CARTESIAN_POINT('Ctrl Pts',(-7.90000000000003,1.77937238614232,104.800601980571));
#6608=CARTESIAN_POINT('Ctrl Pts',(-7.90000000000005,1.22131163424519,103.967830112592));
#6609=CARTESIAN_POINT('Ctrl Pts',(-8.89999999999998,1.35768227845286,105.045866880432));
#6610=CARTESIAN_POINT('Ctrl Pts',(-7.89999999999998,1.35768227845286,105.045866880432));
#6611=CARTESIAN_POINT('Ctrl Pts',(-7.89999999999997,0.914573371401506,104.145646138752));
#6612=CARTESIAN_POINT('Ctrl Pts',(-8.89999999999999,0.973486397084999,105.201497126771));
#6613=CARTESIAN_POINT('Ctrl Pts',(-7.89999999999999,0.973486397085002,105.201497126771));
#6614=CARTESIAN_POINT('Ctrl Pts',(-7.89999999999999,0.645187055214394,104.254484376928));
#6615=CARTESIAN_POINT('Ctrl Pts',(-8.89999999999999,0.647306896898529,105.291656814965));
#6616=CARTESIAN_POINT('Ctrl Pts',(-7.9,0.647306896898527,105.291656814965));
#6617=CARTESIAN_POINT('Ctrl Pts',(-7.89999999999999,0.418428180755796,104.31717403679));
#6618=CARTESIAN_POINT('Ctrl Pts',(-8.89999999999999,0.43947357079168,105.332032797685));
#6619=CARTESIAN_POINT('Ctrl Pts',(-7.89999999999996,0.439473570791686,105.332032797685));
#6620=CARTESIAN_POINT('Ctrl Pts',(-7.89999999999999,0.27347002508009,104.345347118881));
#6621=CARTESIAN_POINT('Ctrl Pts',(-8.89999999999999,0.274577040309043,105.354506317716));
#6622=CARTESIAN_POINT('Ctrl Pts',(-7.9,0.274577040309042,105.354506317716));
#6623=CARTESIAN_POINT('Ctrl Pts',(-7.89999999999999,0.157674379192869,104.361144297294));
#6624=CARTESIAN_POINT('Ctrl Pts',(-8.89999999999999,0.17227638967617,105.364687187162));
#6625=CARTESIAN_POINT('Ctrl Pts',(-7.89999999999997,0.172276389676171,105.364687187162));
#6626=CARTESIAN_POINT('Ctrl Pts',(-7.89999999999999,0.0851008488874828,
104.368358874369));
#6627=CARTESIAN_POINT('Ctrl Pts',(-8.89999999999999,0.0900065927683768,
105.370614254242));
#6628=CARTESIAN_POINT('Ctrl Pts',(-7.90000000000002,0.0900065927683753,
105.370614254242));
#6629=CARTESIAN_POINT('Ctrl Pts',(-7.89999999999999,0.0269715147492332,
104.372562282376));
#6630=CARTESIAN_POINT('Ctrl Pts',(-8.89999999999999,0.0406333129351639,
105.373361148809));
#6631=CARTESIAN_POINT('Ctrl Pts',(-7.89999999999999,0.0406333129351639,
105.373361148809));
#6632=CARTESIAN_POINT('Ctrl Pts',(-7.89999999999999,-0.00939376081631449,
104.374566985));
#6633=CARTESIAN_POINT('Ctrl Pts',(-8.89999999999999,-0.0030530855424695,
105.375134650184));
#6634=CARTESIAN_POINT('Ctrl Pts',(-7.89999999999999,-0.0030530855424694,
105.375134650184));
#6635=CARTESIAN_POINT('Ctrl Pts',(-7.89999999999999,-0.0385077055812443,
104.375755304601));
#6636=CARTESIAN_POINT('Ctrl Pts',(-8.89999999999999,-0.0285298576126392,
105.376065621059));
#6637=CARTESIAN_POINT('Ctrl Pts',(-7.89999999999999,-0.0285298576126398,
105.376065621059));
#6638=CARTESIAN_POINT('Ctrl Pts',(-7.89999999999999,-0.0676275910795914,
104.376832570919));
#6639=CARTESIAN_POINT('Ctrl Pts',(-8.89999999999999,-0.0517346026066048,
105.376953418577));
#6640=CARTESIAN_POINT('Ctrl Pts',(-7.89999999999999,-0.0517346026066021,
105.376953418578));
#6641=CARTESIAN_POINT('Ctrl Pts',(-7.89999999999999,-0.089466168537987,
104.377665507646));
#6642=CARTESIAN_POINT('Ctrl Pts',(-8.89999999999999,-0.0662939512823946,
105.377503157064));
#6643=CARTESIAN_POINT('Ctrl Pts',(-7.89999999999999,-0.0662939512823946,
105.377503157064));
#6644=CARTESIAN_POINT('Ctrl Pts',(-7.89999999999999,-0.104025517213779,
104.378215246134));
#6645=CARTESIAN_POINT('',(-8.89999999999923,5.89694590785116,95.375000010061));
#6646=CARTESIAN_POINT('',(-7.90000000000032,4.87884347245508,95.3750001471948));
#6647=CARTESIAN_POINT('Origin',(-8.90065409745607,4.87823234671106,95.375));
#6648=CARTESIAN_POINT('Ctrl Pts',(-8.89999999999999,-2.13113151570354E-8,
105.374998912363));
#6649=CARTESIAN_POINT('Ctrl Pts',(-8.89999999999999,0.00851685153790564,
105.374664910254));
#6650=CARTESIAN_POINT('Ctrl Pts',(-8.89999999999999,0.0191036081750799,
105.374233705009));
#6651=CARTESIAN_POINT('Ctrl Pts',(-8.89999999999999,0.0293627320983898,
105.37376918963));
#6652=CARTESIAN_POINT('Ctrl Pts',(-8.89999999999999,0.0505043026341678,
105.372811935898));
#6653=CARTESIAN_POINT('Ctrl Pts',(-8.89999999999999,0.070253487008774,105.371713254897));
#6654=CARTESIAN_POINT('Ctrl Pts',(-8.89999999999999,0.0904156614151439,
105.37042274977));
#6655=CARTESIAN_POINT('Ctrl Pts',(-8.89999999999999,0.110569654523466,105.369132768298));
#6656=CARTESIAN_POINT('Ctrl Pts',(-8.89999999999999,0.131136718677285,105.367651108092));
#6657=CARTESIAN_POINT('Ctrl Pts',(-8.89999999999999,0.151673167415432,105.365984151559));
#6658=CARTESIAN_POINT('Ctrl Pts',(-8.89999999999999,0.192713821309142,105.362652855724));
#6659=CARTESIAN_POINT('Ctrl Pts',(-8.89999999999999,0.233631651269527,105.358581629984));
#6660=CARTESIAN_POINT('Ctrl Pts',(-8.89999999999999,0.27472897649321,105.353733301601));
#6661=CARTESIAN_POINT('Ctrl Pts',(-8.89999999999999,0.31577127679861,105.348891464611));
#6662=CARTESIAN_POINT('Ctrl Pts',(-8.89999999999999,0.356992784390125,105.343274621988));
#6663=CARTESIAN_POINT('Ctrl Pts',(-8.89999999999999,0.398363615704357,105.336832238847));
#6664=CARTESIAN_POINT('Ctrl Pts',(-8.89999999999999,0.480881886485909,105.323982259778));
#6665=CARTESIAN_POINT('Ctrl Pts',(-8.89999999999999,0.563996648638169,105.307848774003));
#6666=CARTESIAN_POINT('Ctrl Pts',(-8.89999999999999,0.646512669200381,105.288462050485));
#6667=CARTESIAN_POINT('Ctrl Pts',(-8.89999999999999,0.728638546202627,105.269166989231));
#6668=CARTESIAN_POINT('Ctrl Pts',(-8.89999999999999,0.810171140078705,105.246648596061));
#6669=CARTESIAN_POINT('Ctrl Pts',(-8.89999999999999,0.8903729557807,105.221175006413));
#6670=CARTESIAN_POINT('Ctrl Pts',(-8.89999999999999,1.00577885036504,105.184519945977));
#6671=CARTESIAN_POINT('Ctrl Pts',(-8.89999999999999,1.11842738521852,105.141747389777));
#6672=CARTESIAN_POINT('Ctrl Pts',(-8.89999999999999,1.22826849338841,105.093270603718));
#6673=CARTESIAN_POINT('Ctrl Pts',(-8.89999999999999,1.26962041563219,105.075020530306));
#6674=CARTESIAN_POINT('Ctrl Pts',(-8.89999999999999,1.31057397875529,105.055961723866));
#6675=CARTESIAN_POINT('Ctrl Pts',(-8.89999999999999,1.35112478679467,105.036115446389));
#6676=CARTESIAN_POINT('Ctrl Pts',(-8.9,1.43143147060427,104.996811945248));
#6677=CARTESIAN_POINT('Ctrl Pts',(-8.9,1.51016147533564,104.954417914153));
#6678=CARTESIAN_POINT('Ctrl Pts',(-8.90000000000001,1.58688958829184,104.90951947096));
#6679=CARTESIAN_POINT('Ctrl Pts',(-8.90000000000001,1.64942997084438,104.872923160885));
#6680=CARTESIAN_POINT('Ctrl Pts',(-8.90000000000001,1.71063980743749,104.834663161109));
#6681=CARTESIAN_POINT('Ctrl Pts',(-8.90000000000001,1.7702677180836,104.795071771483));
#6682=CARTESIAN_POINT('Ctrl Pts',(-8.90000000000001,1.86182057339769,104.734283044745));
#6683=CARTESIAN_POINT('Ctrl Pts',(-8.89999999999999,1.94963932146857,104.67035509988));
#6684=CARTESIAN_POINT('Ctrl Pts',(-8.89999999999998,2.03417793535758,104.603836134307));
#6685=CARTESIAN_POINT('Ctrl Pts',(-8.89999999999998,2.06965934739354,104.575917687136));
#6686=CARTESIAN_POINT('Ctrl Pts',(-8.89999999999998,2.10456306341659,104.54754337818));
#6687=CARTESIAN_POINT('Ctrl Pts',(-8.89999999999997,2.13892338516964,104.518756513542));
#6688=CARTESIAN_POINT('Ctrl Pts',(-8.89999999999997,2.22325662271033,104.448102649732));
#6689=CARTESIAN_POINT('Ctrl Pts',(-8.89999999999998,2.30431312161261,104.374963374012));
#6690=CARTESIAN_POINT('Ctrl Pts',(-8.9,2.38271965946264,104.299434236683));
#6691=CARTESIAN_POINT('Ctrl Pts',(-8.9,2.40970074273986,104.273443318069));
#6692=CARTESIAN_POINT('Ctrl Pts',(-8.9,2.4363684301117,104.247169527264));
#6693=CARTESIAN_POINT('Ctrl Pts',(-8.90000000000001,2.46274969770373,104.22061722224));
#6694=CARTESIAN_POINT('Ctrl Pts',(-8.90000000000001,2.54234763648549,104.140503226864));
#6695=CARTESIAN_POINT('Ctrl Pts',(-8.90000000000002,2.61933822230973,104.057849974926));
#6696=CARTESIAN_POINT('Ctrl Pts',(-8.90000000000001,2.69393385133592,103.972933282415));
#6697=CARTESIAN_POINT('Ctrl Pts',(-8.90000000000001,2.76248717482095,103.894894909831));
#6698=CARTESIAN_POINT('Ctrl Pts',(-8.90000000000001,2.82901744086424,103.814944741315));
#6699=CARTESIAN_POINT('Ctrl Pts',(-8.9,2.89369877621565,103.733339371008));
#6700=CARTESIAN_POINT('Ctrl Pts',(-8.9,2.93316954378555,103.683540977293));
#6701=CARTESIAN_POINT('Ctrl Pts',(-8.9,2.97195199746136,103.633127048746));
#6702=CARTESIAN_POINT('Ctrl Pts',(-8.9,3.01008850347393,103.582165205371));
#6703=CARTESIAN_POINT('Ctrl Pts',(-8.89999999999999,3.08115366029126,103.487200779685));
#6704=CARTESIAN_POINT('Ctrl Pts',(-8.89999999999999,3.14997249175166,103.390336454696));
#6705=CARTESIAN_POINT('Ctrl Pts',(-8.89999999999999,3.21689395263781,103.291408944729));
#6706=CARTESIAN_POINT('Ctrl Pts',(-8.89999999999999,3.27846403946871,103.200392172262));
#6707=CARTESIAN_POINT('Ctrl Pts',(-8.89999999999999,3.33842775509751,103.10762892607));
#6708=CARTESIAN_POINT('Ctrl Pts',(-8.9,3.39710159644276,103.012988395792));
#6709=CARTESIAN_POINT('Ctrl Pts',(-8.9,3.4165970446129,102.981542362765));
#6710=CARTESIAN_POINT('Ctrl Pts',(-8.9,3.43595049820902,102.949889045506));
#6711=CARTESIAN_POINT('Ctrl Pts',(-8.9,3.45517488339642,102.918023562457));
#6712=CARTESIAN_POINT('Ctrl Pts',(-8.9,3.52054960594391,102.809661339535));
#6713=CARTESIAN_POINT('Ctrl Pts',(-8.9,3.58443121854705,102.698841607479));
#6714=CARTESIAN_POINT('Ctrl Pts',(-8.9,3.6469014058665,102.585638179452));
#6715=CARTESIAN_POINT('Ctrl Pts',(-8.9,3.70578008642391,102.47894298991));
#6716=CARTESIAN_POINT('Ctrl Pts',(-8.9,3.76340461816397,102.370130083928));
#6717=CARTESIAN_POINT('Ctrl Pts',(-8.9,3.81985984615369,102.259305505852));
#6718=CARTESIAN_POINT('Ctrl Pts',(-8.9,3.82330352612678,102.252545381172));
#6719=CARTESIAN_POINT('Ctrl Pts',(-8.9,3.82674286166928,102.24577778653));
#6720=CARTESIAN_POINT('Ctrl Pts',(-8.9,3.83017787461545,102.239002752018));
#6721=CARTESIAN_POINT('Ctrl Pts',(-8.89999999999999,3.89034327260689,102.120335761759));
#6722=CARTESIAN_POINT('Ctrl Pts',(-8.89999999999999,3.94917890328869,101.999386901722));
#6723=CARTESIAN_POINT('Ctrl Pts',(-8.9,4.00685692599725,101.875965352583));
#6724=CARTESIAN_POINT('Ctrl Pts',(-8.9,4.05607643525752,101.770643640855));
#6725=CARTESIAN_POINT('Ctrl Pts',(-8.9,4.10445324838373,101.663521227067));
#6726=CARTESIAN_POINT('Ctrl Pts',(-8.9,4.15212427702206,101.554475253258));
#6727=CARTESIAN_POINT('Ctrl Pts',(-8.89999999999999,4.21100807180141,101.419780430706));
#6728=CARTESIAN_POINT('Ctrl Pts',(-8.89999999999999,4.26881539148935,101.282151127607));
#6729=CARTESIAN_POINT('Ctrl Pts',(-8.89999999999999,4.32567999724399,101.141346523071));
#6730=CARTESIAN_POINT('Ctrl Pts',(-8.89999999999999,4.36220061805636,101.050916430351));
#6731=CARTESIAN_POINT('Ctrl Pts',(-8.89999999999999,4.3983332121687,100.959176406146));
#6732=CARTESIAN_POINT('Ctrl Pts',(-8.9,4.43412447262903,100.866060020744));
#6733=CARTESIAN_POINT('Ctrl Pts',(-8.9,4.49727488932883,100.701764646285));
#6734=CARTESIAN_POINT('Ctrl Pts',(-8.90000000000002,4.55936254507458,100.533181046771));
#6735=CARTESIAN_POINT('Ctrl Pts',(-8.90000000000004,4.62041396632927,100.360142154236));
#6736=CARTESIAN_POINT('Ctrl Pts',(-8.90000000000005,4.67612042174568,100.202252572729));
#6737=CARTESIAN_POINT('Ctrl Pts',(-8.90000000000006,4.73096382404557,100.040653644732));
#6738=CARTESIAN_POINT('Ctrl Pts',(-8.90000000000005,4.78499513386156,99.8752471695637));
#6739=CARTESIAN_POINT('Ctrl Pts',(-8.90000000000004,4.82744800845127,99.7452858495333));
#6740=CARTESIAN_POINT('Ctrl Pts',(-8.90000000000003,4.86939998088825,99.6129744416295));
#6741=CARTESIAN_POINT('Ctrl Pts',(-8.89999999999999,4.91089326972632,99.4782799449844));
#6742=CARTESIAN_POINT('Ctrl Pts',(-8.89999999999994,4.9717860291239,99.2806113627614));
#6743=CARTESIAN_POINT('Ctrl Pts',(-8.89999999999985,5.03169033231836,99.0778115788965));
#6744=CARTESIAN_POINT('Ctrl Pts',(-8.89999999999979,5.09062259673819,98.86962910555));
#6745=CARTESIAN_POINT('Ctrl Pts',(-8.89999999999974,5.14457176787485,98.67904976853));
#6746=CARTESIAN_POINT('Ctrl Pts',(-8.89999999999973,5.19770599054773,98.4839595467167));
#6747=CARTESIAN_POINT('Ctrl Pts',(-8.89999999999984,5.25007994507639,98.2841799366506));
#6748=CARTESIAN_POINT('Ctrl Pts',(-8.89999999999987,5.26716527630653,98.2190082145279));
#6749=CARTESIAN_POINT('Ctrl Pts',(-8.89999999999992,5.2841700795996,98.1533375780549));
#6750=CARTESIAN_POINT('Ctrl Pts',(-8.89999999999999,5.30109744163635,98.087162203903));
#6751=CARTESIAN_POINT('Ctrl Pts',(-8.90000000000021,5.35735492364348,97.8672307159025));
#6752=CARTESIAN_POINT('Ctrl Pts',(-8.90000000000062,5.41275344810351,97.6417257416574));
#6753=CARTESIAN_POINT('Ctrl Pts',(-8.9000000000008,5.46731747520945,97.4103012096016));
#6754=CARTESIAN_POINT('Ctrl Pts',(-8.90000000000095,5.51734051243414,97.1981365546861));
#6755=CARTESIAN_POINT('Ctrl Pts',(-8.9000000000009,5.56666192745971,96.9809966266549));
#6756=CARTESIAN_POINT('Ctrl Pts',(-8.9000000000002,5.61534532737522,96.7586009351674));
#6757=CARTESIAN_POINT('Ctrl Pts',(-8.90000000000014,5.6197647076981,96.7384123052738));
#6758=CARTESIAN_POINT('Ctrl Pts',(-8.90000000000007,5.62417886485202,96.7181803543331));
#6759=CARTESIAN_POINT('Ctrl Pts',(-8.89999999999999,5.62858786779869,96.6979048662548));
#6760=CARTESIAN_POINT('Ctrl Pts',(-8.89999999999908,5.68229014004006,96.4509465870762));
#6761=CARTESIAN_POINT('Ctrl Pts',(-8.89999999999723,5.7352240536343,96.1975292990813));
#6762=CARTESIAN_POINT('Ctrl Pts',(-8.89999999999681,5.7873909382718,95.9373402504324));
#6763=CARTESIAN_POINT('Ctrl Pts',(-8.89999999999651,5.82428672326288,95.7533177759701));
#6764=CARTESIAN_POINT('Ctrl Pts',(-8.89999999999694,5.86079959226154,95.5659079124186));
#6765=CARTESIAN_POINT('Ctrl Pts',(-8.89999999999916,5.8969460239677,95.3750000442463));
#6766=CARTESIAN_POINT('Ctrl Pts',(-7.9,4.878843456713,95.3750004415845));
#6767=CARTESIAN_POINT('Ctrl Pts',(-7.9,4.80722051191657,95.7461639152017));
#6768=CARTESIAN_POINT('Ctrl Pts',(-7.90000000005551,4.73169527624106,96.1163880757564));
#6769=CARTESIAN_POINT('Ctrl Pts',(-7.90000000190743,4.55294087762193,96.9386138436992));
#6770=CARTESIAN_POINT('Ctrl Pts',(-7.90000000329953,4.44731935671564,97.3900028263364));
#6771=CARTESIAN_POINT('Ctrl Pts',(-7.90000000138207,4.31761485913375,97.8969309854594));
#6772=CARTESIAN_POINT('Ctrl Pts',(-7.90000000113824,4.30273012840511,97.9544723320265));
#6773=CARTESIAN_POINT('Ctrl Pts',(-7.89999999927774,4.18494277203124,98.4046822511958));
#6774=CARTESIAN_POINT('Ctrl Pts',(-7.90000000044604,4.07483438906629,98.7957022594835));
#6775=CARTESIAN_POINT('Ctrl Pts',(-7.900000000241,3.94211098908515,99.226475523772));
#6776=CARTESIAN_POINT('Ctrl Pts',(-7.90000000021176,3.92885334951854,99.2690988731317));
#6777=CARTESIAN_POINT('Ctrl Pts',(-7.89999999993776,3.82416705626999,99.6023821346426));
#6778=CARTESIAN_POINT('Ctrl Pts',(-7.89999999975735,3.72735439059818,99.8913473747033));
#6779=CARTESIAN_POINT('Ctrl Pts',(-7.90000000049564,3.58376843396972,100.287929893358));
#6780=CARTESIAN_POINT('Ctrl Pts',(-7.90000000086433,3.54279510009067,100.397888897965));
#6781=CARTESIAN_POINT('Ctrl Pts',(-7.90000000220919,3.49051508168469,100.53397076624));
#6782=CARTESIAN_POINT('Ctrl Pts',(-7.90000000251647,3.48023504030268,100.560534006335));
#6783=CARTESIAN_POINT('Ctrl Pts',(-7.9000000055005,3.39560797839641,100.777574849305));
#6784=CARTESIAN_POINT('Ctrl Pts',(-7.90000000808033,3.31788811734085,100.966587859525));
#6785=CARTESIAN_POINT('Ctrl Pts',(-7.90000000783769,3.14270701712061,101.36729090658));
#6786=CARTESIAN_POINT('Ctrl Pts',(-7.90000000405324,3.04400337808565,101.578472334752));
#6787=CARTESIAN_POINT('Ctrl Pts',(-7.90000000136798,2.93262243326886,101.798040083016));
#6788=CARTESIAN_POINT('Ctrl Pts',(-7.90000000123746,2.92695198138469,101.809170955827));
#6789=CARTESIAN_POINT('Ctrl Pts',(-7.89999999892977,2.82046890471884,102.017295078075));
#6790=CARTESIAN_POINT('Ctrl Pts',(-7.89999999996475,2.71334711257982,102.211808086411));
#6791=CARTESIAN_POINT('Ctrl Pts',(-7.90000000003681,2.59676693755892,102.405055357162));
#6792=CARTESIAN_POINT('Ctrl Pts',(-7.90000000003831,2.59446503181503,102.408864218296));
#6793=CARTESIAN_POINT('Ctrl Pts',(-7.90000000011966,2.47528503425886,102.605709369876));
#6794=CARTESIAN_POINT('Ctrl Pts',(-7.90000000054354,2.3509255137691,102.793404424263));
#6795=CARTESIAN_POINT('Ctrl Pts',(-7.90000000017541,2.21370993745571,102.977352678189));
#6796=CARTESIAN_POINT('Ctrl Pts',(-7.90000000016988,2.21155937533168,102.980230392919));
#6797=CARTESIAN_POINT('Ctrl Pts',(-7.89999999983582,2.07615306550886,103.161087423263));
#6798=CARTESIAN_POINT('Ctrl Pts',(-7.8999999964244,1.93256813599782,103.332605038357));
#6799=CARTESIAN_POINT('Ctrl Pts',(-7.90000000407363,1.76968879960684,103.499421778439));
#6800=CARTESIAN_POINT('Ctrl Pts',(-7.90000000446692,1.7615530836841,103.50768647423));
#6801=CARTESIAN_POINT('Ctrl Pts',(-7.90000000886121,1.67129045972324,103.598622978728));
#6802=CARTESIAN_POINT('Ctrl Pts',(-7.90000001261467,1.58610867993881,103.677549995943));
#6803=CARTESIAN_POINT('Ctrl Pts',(-7.90000001007895,1.42279507853351,103.814333693036));
#6804=CARTESIAN_POINT('Ctrl Pts',(-7.90000000514037,1.34591199779762,103.8734951831));
#6805=CARTESIAN_POINT('Ctrl Pts',(-7.90000000123023,1.24960762433414,103.9402308396));
#6806=CARTESIAN_POINT('Ctrl Pts',(-7.90000000085279,1.23325942633434,103.951321508119));
#6807=CARTESIAN_POINT('Ctrl Pts',(-7.89999999966252,1.15365233324177,104.004143893856));
#6808=CARTESIAN_POINT('Ctrl Pts',(-7.89999999982923,1.0886394583981,104.043710227342));
#6809=CARTESIAN_POINT('Ctrl Pts',(-7.90000000046768,1.0067092319831,104.088914348062));
#6810=CARTESIAN_POINT('Ctrl Pts',(-7.90000000065064,0.990994589804057,104.097379120387));
#6811=CARTESIAN_POINT('Ctrl Pts',(-7.90000000134902,0.954220161595825,104.116701423854));
#6812=CARTESIAN_POINT('Ctrl Pts',(-7.90000000186522,0.933093242173224,104.127431433902));
#6813=CARTESIAN_POINT('Ctrl Pts',(-7.9000000043874,0.831840255318048,104.17704113742));
#6814=CARTESIAN_POINT('Ctrl Pts',(-7.90000000489501,0.750174435978428,104.211685114114));
#6815=CARTESIAN_POINT('Ctrl Pts',(-7.90000000096491,0.640250323318351,104.250918264817));
#6816=CARTESIAN_POINT('Ctrl Pts',(-7.90000000057713,0.614007151749734,104.259763462981));
#6817=CARTESIAN_POINT('Ctrl Pts',(-7.89999999986915,0.531780523914871,104.285846488007));
#6818=CARTESIAN_POINT('Ctrl Pts',(-7.90000000000176,0.475120707763085,104.301503619576));
#6819=CARTESIAN_POINT('Ctrl Pts',(-7.89999999999966,0.391679670772642,104.321104874053));
#6820=CARTESIAN_POINT('Ctrl Pts',(-7.89999999999999,0.365436829245431,104.326782808921));
#6821=CARTESIAN_POINT('Ctrl Pts',(-7.89999999999999,0.307754263545537,104.338219679546));
#6822=CARTESIAN_POINT('Ctrl Pts',(-7.89999999999999,0.27618102668845,104.343805762883));
#6823=CARTESIAN_POINT('Ctrl Pts',(-7.89999999999999,0.215638263815302,104.353235418849));
#6824=CARTESIAN_POINT('Ctrl Pts',(-7.89999999999999,0.186681213820826,104.357188174069));
#6825=CARTESIAN_POINT('Ctrl Pts',(-7.89999999999999,0.128686239185667,104.364025262511));
#6826=CARTESIAN_POINT('Ctrl Pts',(-7.89999999999999,0.0996487858357604,
104.36691325605));
#6827=CARTESIAN_POINT('Ctrl Pts',(-7.89999999999999,0.0560414257703902,
104.370460151844));
#6828=CARTESIAN_POINT('Ctrl Pts',(-7.89999999999999,0.0415080840319051,
104.371511160493));
#6829=CARTESIAN_POINT('Ctrl Pts',(-7.89999999999999,0.0179801334769362,
104.373010243869));
#6830=CARTESIAN_POINT('Ctrl Pts',(-7.89999999999999,0.00899178003444552,
104.373535230863));
#6831=CARTESIAN_POINT('Ctrl Pts',(-7.89999999999999,1.97740393344248E-7,
104.37400938394));
#6832=CARTESIAN_POINT('Ctrl Pts',(-9.9,-6.19422600382533,85.2242549030265));
#6833=CARTESIAN_POINT('Ctrl Pts',(-9.9,-7.19019999876401,85.3138975346583));
#6834=CARTESIAN_POINT('Ctrl Pts',(-10.9,-7.19019999876401,85.3138975346583));
#6835=CARTESIAN_POINT('Ctrl Pts',(-9.9,-6.04034254184134,86.933976315261));
#6836=CARTESIAN_POINT('Ctrl Pts',(-9.89999999994631,-7.03560332206826,87.0315431149429));
#6837=CARTESIAN_POINT('Ctrl Pts',(-10.8999999999821,-7.03560332171458,87.0315431151401));
#6838=CARTESIAN_POINT('Ctrl Pts',(-9.89999999999998,-5.78041264225954,89.4970116354779));
#6839=CARTESIAN_POINT('Ctrl Pts',(-9.90000000001377,-6.77419740024047,89.6102502564516));
#6840=CARTESIAN_POINT('Ctrl Pts',(-10.900000000004,-6.77419740057532,89.610250256436));
#6841=CARTESIAN_POINT('Ctrl Pts',(-9.89999999999999,-5.31724746814701,92.9015391277148));
#6842=CARTESIAN_POINT('Ctrl Pts',(-9.89999999999492,-6.30624243969344,93.0506027526718));
#6843=CARTESIAN_POINT('Ctrl Pts',(-10.8999999999992,-6.30624243925326,93.050602752632));
#6844=CARTESIAN_POINT('Ctrl Pts',(-9.89999999999999,-5.03074962490504,94.5928775652153));
#6845=CARTESIAN_POINT('Ctrl Pts',(-9.90000000000578,-6.01552033038452,94.7674979569351));
#6846=CARTESIAN_POINT('Ctrl Pts',(-10.9,-6.01552033131755,94.7674979570425));
#6847=CARTESIAN_POINT('Ctrl Pts',(-9.89999999999999,-4.86724296376403,95.4349141310504));
#6848=CARTESIAN_POINT('Ctrl Pts',(-9.89999999999999,-5.84890695917423,95.6255336476673));
#6849=CARTESIAN_POINT('Ctrl Pts',(-10.9,-5.84890695917424,95.6255336476673));
#6850=CARTESIAN_POINT('',(-9.89999999999999,-6.18060715566317,85.3750001586417));
#6851=CARTESIAN_POINT('',(-10.8999999999994,-7.18469196195369,85.375000009312));
#6852=CARTESIAN_POINT('Origin',(-10.9000360754971,-6.18057383696887,85.3750003769902));
#6853=CARTESIAN_POINT('',(-9.89999999999999,-4.87884180756052,95.3750000006154));
#6854=CARTESIAN_POINT('Ctrl Pts',(-9.89999999999999,-4.87884180842698,95.3750000007827));
#6855=CARTESIAN_POINT('Ctrl Pts',(-9.89999999999999,-5.01836983955071,94.6520713957227));
#6856=CARTESIAN_POINT('Ctrl Pts',(-9.90000000104478,-5.14310801792459,93.926959894846));
#6857=CARTESIAN_POINT('Ctrl Pts',(-9.90000002391899,-5.27287560774458,93.0996835523373));
#6858=CARTESIAN_POINT('Ctrl Pts',(-9.90000002693149,-5.28841518893797,92.9992807889502));
#6859=CARTESIAN_POINT('Ctrl Pts',(-9.90000005613018,-5.43119511325296,92.064812898557));
#6860=CARTESIAN_POINT('Ctrl Pts',(-9.90000007946093,-5.54527593425337,91.228491251267));
#6861=CARTESIAN_POINT('Ctrl Pts',(-9.9000000389567,-5.65152107002849,90.3764979289437));
#6862=CARTESIAN_POINT('Ctrl Pts',(-9.90000003827347,-5.65335071504346,90.3618022876439));
#6863=CARTESIAN_POINT('Ctrl Pts',(-9.8999999743049,-5.82818449475476,88.9553091499077));
#6864=CARTESIAN_POINT('Ctrl Pts',(-9.9000000000069,-5.9755199942271,87.560250850816));
#6865=CARTESIAN_POINT('Ctrl Pts',(-9.89999999999941,-6.13244487693265,85.9008556381458));
#6866=CARTESIAN_POINT('Ctrl Pts',(-9.9,-6.15676164523388,85.6379481439908));
#6867=CARTESIAN_POINT('Ctrl Pts',(-9.9,-6.18060714818968,85.3750002379625));
#6868=CARTESIAN_POINT('',(-10.8974327586532,-5.89694913849468,95.37500001806));
#6869=CARTESIAN_POINT('Origin',(-10.900648613247,-4.87823572598956,95.375));
#6870=CARTESIAN_POINT('',(-10.9,-5.89695073216538,95.37500046969));
#6871=CARTESIAN_POINT('',(-10.9,-5.8969457903185,95.375));
#6872=CARTESIAN_POINT('Ctrl Pts',(-10.8999999999994,-7.18469219234259,85.3750000416542));
#6873=CARTESIAN_POINT('Ctrl Pts',(-10.8999999999948,-7.14361733857115,85.8299898715659));
#6874=CARTESIAN_POINT('Ctrl Pts',(-10.8999999999926,-7.10150521597735,86.2810509611625));
#6875=CARTESIAN_POINT('Ctrl Pts',(-10.8999999999917,-7.05811682320368,86.7277639432561));
#6876=CARTESIAN_POINT('Ctrl Pts',(-10.8999999999908,-7.01524443300234,87.1691643282904));
#6877=CARTESIAN_POINT('Ctrl Pts',(-10.8999999999913,-6.97112581678032,87.6063194013134));
#6878=CARTESIAN_POINT('Ctrl Pts',(-10.8999999999924,-6.92558049069359,88.0388256910644));
#6879=CARTESIAN_POINT('Ctrl Pts',(-10.8999999999934,-6.88065610586258,88.4654354153117));
#6880=CARTESIAN_POINT('Ctrl Pts',(-10.899999999995,-6.8343435933979,88.8875222428558));
#6881=CARTESIAN_POINT('Ctrl Pts',(-10.8999999999965,-6.78652012119043,89.3047002001839));
#6882=CARTESIAN_POINT('Ctrl Pts',(-10.8999999999979,-6.74146041013045,89.6977690709728));
#6883=CARTESIAN_POINT('Ctrl Pts',(-10.8999999999992,-6.69505966793199,90.0864800572128));
#6884=CARTESIAN_POINT('Ctrl Pts',(-10.9,-6.64725751581673,90.4705114061354));
#6885=CARTESIAN_POINT('Ctrl Pts',(-10.9000000000007,-6.6023643912437,90.8311723057863));
#6886=CARTESIAN_POINT('Ctrl Pts',(-10.9000000000008,-6.55623406996403,91.1877050349633));
#6887=CARTESIAN_POINT('Ctrl Pts',(-10.9000000000008,-6.50873249775603,91.5397827180854));
#6888=CARTESIAN_POINT('Ctrl Pts',(-10.9000000000008,-6.46140983940429,91.8905343066581));
#6889=CARTESIAN_POINT('Ctrl Pts',(-10.9000000000005,-6.41272622107405,92.2368643300502));
#6890=CARTESIAN_POINT('Ctrl Pts',(-10.9000000000003,-6.36259985586626,92.5784598621316));
#6891=CARTESIAN_POINT('Ctrl Pts',(-10.9000000000002,-6.33939526000676,92.7365919396621));
#6892=CARTESIAN_POINT('Ctrl Pts',(-10.9000000000001,-6.31588220380208,92.8937095769572));
#6893=CARTESIAN_POINT('Ctrl Pts',(-10.9,-6.29205628243458,93.0497824917101));
#6894=CARTESIAN_POINT('Ctrl Pts',(-10.8999999999999,-6.24584326489848,93.3525032232671));
#6895=CARTESIAN_POINT('Ctrl Pts',(-10.8999999999998,-6.19844961613092,93.6512939694865));
#6896=CARTESIAN_POINT('Ctrl Pts',(-10.8999999999998,-6.14975401778038,93.9459956049836));
#6897=CARTESIAN_POINT('Ctrl Pts',(-10.8999999999998,-6.10094386117516,94.2413905373321));
#6898=CARTESIAN_POINT('Ctrl Pts',(-10.8999999999999,-6.05082562045069,94.5326771010258));
#6899=CARTESIAN_POINT('Ctrl Pts',(-10.8999999999999,-5.99932954182834,94.8196925521418));
#6900=CARTESIAN_POINT('Ctrl Pts',(-10.8999999999999,-5.96579076188339,95.0066222818086));
#6901=CARTESIAN_POINT('Ctrl Pts',(-10.9,-5.93166860701869,95.1917402564814));
#6902=CARTESIAN_POINT('Ctrl Pts',(-10.9,-5.89695567401225,95.3750009393799));
#6903=CARTESIAN_POINT('Ctrl Pts',(-11.6,-7.64682682748822,65.5203391452145));
#6904=CARTESIAN_POINT('Ctrl Pts',(-11.6,-8.6434543230907,65.6023978742392));
#6905=CARTESIAN_POINT('Ctrl Pts',(-12.6,-8.64345432309069,65.6023978742392));
#6906=CARTESIAN_POINT('Ctrl Pts',(-11.6,-7.37296024058499,68.8465297202574));
#6907=CARTESIAN_POINT('Ctrl Pts',(-11.5999999999304,-8.37049877424844,68.917523622198));
#6908=CARTESIAN_POINT('Ctrl Pts',(-12.5999999999884,-8.37049877384379,68.9175236224684));
#6909=CARTESIAN_POINT('Ctrl Pts',(-11.6,-7.04268446718188,73.8444772335073));
#6910=CARTESIAN_POINT('Ctrl Pts',(-11.6000000000197,-8.04060399886913,73.9088012609667));
#6911=CARTESIAN_POINT('Ctrl Pts',(-12.600000000001,-8.04060399905504,73.9088012608961));
#6912=CARTESIAN_POINT('Ctrl Pts',(-11.6,-6.58567775770244,80.50648854996));
#6913=CARTESIAN_POINT('Ctrl Pts',(-11.5999999999903,-7.58309230575772,80.57857799781));
#6914=CARTESIAN_POINT('Ctrl Pts',(-12.6000000000021,-7.58309230558275,80.5785779978375));
#6915=CARTESIAN_POINT('Ctrl Pts',(-11.6,-6.32143765098337,83.8326640769894));
#6916=CARTESIAN_POINT('Ctrl Pts',(-11.6000000000143,-7.31802498398901,83.9155970469276));
#6917=CARTESIAN_POINT('Ctrl Pts',(-12.5999999999942,-7.31802498433349,83.9155970468941));
#6918=CARTESIAN_POINT('Ctrl Pts',(-11.6,-6.16985322643355,85.4931411931849));
#6919=CARTESIAN_POINT('Ctrl Pts',(-11.6,-7.16571218863172,85.5840528393563));
#6920=CARTESIAN_POINT('Ctrl Pts',(-12.6,-7.16571218863171,85.5840528393564));
#6921=CARTESIAN_POINT('',(-11.6,-7.63042669946824,65.7203327233887));
#6922=CARTESIAN_POINT('',(-12.5999999999996,-8.63376700580126,65.7203327119453));
#6923=CARTESIAN_POINT('Origin',(-12.5999790537382,-7.63044425653836,65.7203327259792));
#6924=CARTESIAN_POINT('',(-11.6,-6.18060519336239,85.3750000301903));
#6925=CARTESIAN_POINT('Ctrl Pts',(-11.6,-6.1806051938984,85.3750000301487));
#6926=CARTESIAN_POINT('Ctrl Pts',(-11.6,-6.30845169702429,83.96592085485));
#6927=CARTESIAN_POINT('Ctrl Pts',(-11.6000000012466,-6.4225270942293,82.5557753115904));
#6928=CARTESIAN_POINT('Ctrl Pts',(-11.6000000358114,-6.54529220712047,80.9318347817835));
#6929=CARTESIAN_POINT('Ctrl Pts',(-11.6000000407957,-6.56124320862902,80.718574448205));
#6930=CARTESIAN_POINT('Ctrl Pts',(-11.6000000864463,-6.69942271314158,78.8537470627309));
#6931=CARTESIAN_POINT('Ctrl Pts',(-11.6000001233669,-6.81292070673866,77.2015495416158));
#6932=CARTESIAN_POINT('Ctrl Pts',(-11.6000000609322,-6.9256167607871,75.5360783701277));
#6933=CARTESIAN_POINT('Ctrl Pts',(-11.6000000604457,-6.92650428001572,75.5229609878048));
#6934=CARTESIAN_POINT('Ctrl Pts',(-11.5999999808789,-7.07320885008722,73.3544968497672));
#6935=CARTESIAN_POINT('Ctrl Pts',(-11.6000000018852,-7.21687219455127,71.1989958312515));
#6936=CARTESIAN_POINT('Ctrl Pts',(-11.6000000003039,-7.45531456554627,67.9361195914626));
#6937=CARTESIAN_POINT('Ctrl Pts',(-11.6000000000382,-7.53995876093418,66.8280171129656));
#6938=CARTESIAN_POINT('Ctrl Pts',(-11.6000000000017,-7.63042669946824,65.7203327233888));
#6939=CARTESIAN_POINT('',(-12.5999999999233,-7.18469379001747,85.3750001859566));
#6940=CARTESIAN_POINT('Origin',(-12.6000370264462,-6.18057095762462,85.37500024895));
#6941=CARTESIAN_POINT('Ctrl Pts',(-12.5999999999996,-8.63376669250101,65.7203326862696));
#6942=CARTESIAN_POINT('Ctrl Pts',(-12.5999999999973,-8.5781393087785,66.399109954311));
#6943=CARTESIAN_POINT('Ctrl Pts',(-12.5999999999959,-8.52442124715096,67.0819247465454));
#6944=CARTESIAN_POINT('Ctrl Pts',(-12.599999999995,-8.47224265146487,67.7675591075014));
#6945=CARTESIAN_POINT('Ctrl Pts',(-12.599999999994,-8.41184108683253,68.5612444802659));
#6946=CARTESIAN_POINT('Ctrl Pts',(-12.5999999999939,-8.35350220014503,69.3587082336342));
#6947=CARTESIAN_POINT('Ctrl Pts',(-12.5999999999942,-8.29657922876196,70.158046362585));
#6948=CARTESIAN_POINT('Ctrl Pts',(-12.5999999999947,-8.2245827925158,71.1690529077781));
#6949=CARTESIAN_POINT('Ctrl Pts',(-12.5999999999959,-8.15484902009308,72.1830581220247));
#6950=CARTESIAN_POINT('Ctrl Pts',(-12.5999999999972,-8.08597551132045,73.1961840753027));
#6951=CARTESIAN_POINT('Ctrl Pts',(-12.5999999999982,-8.03193509417912,73.9911159744831));
#6952=CARTESIAN_POINT('Ctrl Pts',(-12.5999999999992,-7.97842079149028,74.7855058108582));
#6953=CARTESIAN_POINT('Ctrl Pts',(-12.6,-7.92475507620747,75.5774737689401));
#6954=CARTESIAN_POINT('Ctrl Pts',(-12.6000000000007,-7.87252970353174,76.3481859739319));
#6955=CARTESIAN_POINT('Ctrl Pts',(-12.6000000000011,-7.82015887521714,77.1166043925135));
#6956=CARTESIAN_POINT('Ctrl Pts',(-12.6000000000012,-7.76702917141589,77.8810188072105));
#6957=CARTESIAN_POINT('Ctrl Pts',(-12.6000000000013,-7.71971439914331,78.5617697123646));
#6958=CARTESIAN_POINT('Ctrl Pts',(-12.6000000000011,-7.67179733756004,79.2393449978428));
#6959=CARTESIAN_POINT('Ctrl Pts',(-12.6000000000006,-7.62288794664963,79.9125375112104));
#6960=CARTESIAN_POINT('Ctrl Pts',(-12.6000000000004,-7.60670922324122,80.1352226698608));
#6961=CARTESIAN_POINT('Ctrl Pts',(-12.6000000000002,-7.5904223240743,80.3574282705635));
#6962=CARTESIAN_POINT('Ctrl Pts',(-12.6,-7.57401443695447,80.579110667984));
#6963=CARTESIAN_POINT('Ctrl Pts',(-12.5999999999993,-7.5309935412138,81.1603540198742));
#6964=CARTESIAN_POINT('Ctrl Pts',(-12.5999999999985,-7.4871372051834,81.7380004027308));
#6965=CARTESIAN_POINT('Ctrl Pts',(-12.5999999999978,-7.44211420056999,82.3112687165214));
#6966=CARTESIAN_POINT('Ctrl Pts',(-12.5999999999972,-7.39913999833212,82.8584500666986));
#6967=CARTESIAN_POINT('Ctrl Pts',(-12.5999999999968,-7.35510273533903,83.4016427164324));
#6968=CARTESIAN_POINT('Ctrl Pts',(-12.599999999997,-7.30976091728779,83.9401689555929));
#6969=CARTESIAN_POINT('Ctrl Pts',(-12.5999999999972,-7.26916325396788,84.422348715603));
#6970=CARTESIAN_POINT('Ctrl Pts',(-12.5999999999979,-7.22752014620546,84.9007874875209));
#6971=CARTESIAN_POINT('Ctrl Pts',(-12.5999999999993,-7.18469379692707,85.3750001094472));
#6972=CARTESIAN_POINT('Ctrl Pts',(-13.3,-10.9821937876923,45.6138865535944));
#6973=CARTESIAN_POINT('Ctrl Pts',(-13.3,-11.9234993143447,45.9514423349012));
#6974=CARTESIAN_POINT('Ctrl Pts',(-14.3,-11.9234993143447,45.9514423349012));
#6975=CARTESIAN_POINT('Ctrl Pts',(-13.3,-10.9642023044943,45.6640574690537));
#6976=CARTESIAN_POINT('Ctrl Pts',(-13.2999999999988,-11.9055078311461,46.0016132503565));
#6977=CARTESIAN_POINT('Ctrl Pts',(-14.3,-11.9055078311469,46.0016132503605));
#6978=CARTESIAN_POINT('Ctrl Pts',(-13.3000000000001,-10.928106599705,45.7643654633381));
#6979=CARTESIAN_POINT('Ctrl Pts',(-13.3000000000006,-11.8695235901319,46.1016234791311));
#6980=CARTESIAN_POINT('Ctrl Pts',(-14.3,-11.8695235901316,46.1016234791293));
#6981=CARTESIAN_POINT('Ctrl Pts',(-13.2999999999999,-10.8570332282092,45.9653170130019));
#6982=CARTESIAN_POINT('Ctrl Pts',(-13.2999999999996,-11.8017152931588,46.293366447851));
#6983=CARTESIAN_POINT('Ctrl Pts',(-14.2999999999999,-11.801715293159,46.293366447852));
#6984=CARTESIAN_POINT('Ctrl Pts',(-13.3000000000001,-10.7358569844996,46.3179432880915));
#6985=CARTESIAN_POINT('Ctrl Pts',(-13.3000000000003,-11.6844796548511,46.6344718209091));
#6986=CARTESIAN_POINT('Ctrl Pts',(-14.3,-11.684479654851,46.6344718209084));
#6987=CARTESIAN_POINT('Ctrl Pts',(-13.3,-10.57122531818,46.8242394899319));
#6988=CARTESIAN_POINT('Ctrl Pts',(-13.2999999999999,-11.5254818404877,47.123472695705));
#6989=CARTESIAN_POINT('Ctrl Pts',(-14.3,-11.5254818404878,47.1234726957053));
#6990=CARTESIAN_POINT('Ctrl Pts',(-13.3,-10.3859186236547,47.4354716031848));
#6991=CARTESIAN_POINT('Ctrl Pts',(-13.3,-11.345614233898,47.7166982487996));
#6992=CARTESIAN_POINT('Ctrl Pts',(-14.3,-11.345614233898,47.7166982487996));
#6993=CARTESIAN_POINT('Ctrl Pts',(-13.3,-10.1536166609323,48.254883505187));
#6994=CARTESIAN_POINT('Ctrl Pts',(-13.3,-11.1195954762989,48.5139263795822));
#6995=CARTESIAN_POINT('Ctrl Pts',(-14.3,-11.1195954762989,48.5139263795823));
#6996=CARTESIAN_POINT('Ctrl Pts',(-13.3,-9.88836137164951,49.2866765109229));
#6997=CARTESIAN_POINT('Ctrl Pts',(-13.3,-10.8604933446948,49.5216342859684));
#6998=CARTESIAN_POINT('Ctrl Pts',(-14.3,-10.8604933446948,49.5216342859684));
#6999=CARTESIAN_POINT('Ctrl Pts',(-13.3,-9.50878568986698,50.9510736291492));
#7000=CARTESIAN_POINT('Ctrl Pts',(-13.3,-10.4883261746933,51.1533821991076));
#7001=CARTESIAN_POINT('Ctrl Pts',(-14.3,-10.4883261746932,51.1533821991075));
#7002=CARTESIAN_POINT('Ctrl Pts',(-13.3,-9.10528190883128,53.0523727946193));
#7003=CARTESIAN_POINT('Ctrl Pts',(-13.2999999999998,-10.0908421576104,53.2227630080884));
#7004=CARTESIAN_POINT('Ctrl Pts',(-14.2999999999999,-10.0908421576112,53.2227630080889));
#7005=CARTESIAN_POINT('Ctrl Pts',(-13.3,-8.70453214913183,55.6012533346602));
#7006=CARTESIAN_POINT('Ctrl Pts',(-13.3000000000006,-9.69456704326921,55.7428242580966));
#7007=CARTESIAN_POINT('Ctrl Pts',(-14.3000000000002,-9.69456704326632,55.7428242580947));
#7008=CARTESIAN_POINT('Ctrl Pts',(-13.3,-8.3692829260322,58.155831832789));
#7009=CARTESIAN_POINT('Ctrl Pts',(-13.2999999999976,-9.36215671725908,58.2755126422372));
#7010=CARTESIAN_POINT('Ctrl Pts',(-14.2999999999992,-9.36215671726985,58.2755126422445));
#7011=CARTESIAN_POINT('Ctrl Pts',(-13.3,-7.98855384144668,61.567730853696));
#7012=CARTESIAN_POINT('Ctrl Pts',(-13.3000000000128,-8.98389540415229,61.6650560608715));
#7013=CARTESIAN_POINT('Ctrl Pts',(-14.300000000004,-8.98389540409514,61.6650560608324));
#7014=CARTESIAN_POINT('Ctrl Pts',(-13.3,-7.75953234940854,64.1315892723809));
#7015=CARTESIAN_POINT('Ctrl Pts',(-13.2999999999432,-8.75580213581809,64.2180558925307));
#7016=CARTESIAN_POINT('Ctrl Pts',(-14.2999999999821,-8.75580213607156,64.2180558927039));
#7017=CARTESIAN_POINT('Ctrl Pts',(-13.3,-7.62051212049999,65.842021472593));
#7018=CARTESIAN_POINT('Ctrl Pts',(-13.3,-8.61722535269572,65.9230321679729));
#7019=CARTESIAN_POINT('Ctrl Pts',(-14.3,-8.61722535269572,65.9230321679729));
#7020=CARTESIAN_POINT('',(-13.3,-10.8227150926703,46.0656654467775));
#7021=CARTESIAN_POINT('',(-14.3,-11.8825264172048,46.0656654467775));
#7022=CARTESIAN_POINT('Ctrl Pts',(-13.3000000000052,-10.8227150926703,46.0656654467775));
#7023=CARTESIAN_POINT('Ctrl Pts',(-13.300000433234,-10.9637358086835,46.0656654467775));
#7024=CARTESIAN_POINT('Ctrl Pts',(-13.3266772032508,-11.103909774169,46.0656654467775));
#7025=CARTESIAN_POINT('Ctrl Pts',(-13.4287238670887,-11.3595843778238,46.0656654467775));
#7026=CARTESIAN_POINT('Ctrl Pts',(-13.5011033302604,-11.4743259982357,46.0656654467775));
#7027=CARTESIAN_POINT('Ctrl Pts',(-13.683576951606,-11.6677277783631,46.0656654467775));
#7028=CARTESIAN_POINT('Ctrl Pts',(-13.791340216781,-11.7452965962595,46.0656654467775));
#7029=CARTESIAN_POINT('Ctrl Pts',(-13.9744014874352,-11.8272713050662,46.0656654467775));
#7030=CARTESIAN_POINT('Ctrl Pts',(-14.0401563597535,-11.8486460828299,46.0656654467777));
#7031=CARTESIAN_POINT('Ctrl Pts',(-14.1709769634672,-11.8758723642238,46.0656654467777));
#7032=CARTESIAN_POINT('Ctrl Pts',(-14.2353732861314,-11.8825264172047,46.0656654467775));
#7033=CARTESIAN_POINT('Ctrl Pts',(-14.3,-11.8825264172048,46.0656654467775));
#7034=CARTESIAN_POINT('',(-13.3,-7.63042669946824,65.7203327233887));
#7035=CARTESIAN_POINT('Ctrl Pts',(-13.3000000000002,-7.63042669946824,65.7203327233887));
#7036=CARTESIAN_POINT('Ctrl Pts',(-13.3000000000102,-7.7658767502712,64.06188986205));
#7037=CARTESIAN_POINT('Ctrl Pts',(-13.30000000178,-7.91443352632484,62.4049707140825));
#7038=CARTESIAN_POINT('Ctrl Pts',(-13.3000000005849,-8.08760863347824,60.7387652687622));
#7039=CARTESIAN_POINT('Ctrl Pts',(-13.3000000005772,-8.08882886039625,60.7270364896435));
#7040=CARTESIAN_POINT('Ctrl Pts',(-13.3000000000526,-8.17895236221939,59.8616331323394));
#7041=CARTESIAN_POINT('Ctrl Pts',(-13.3000000028052,-8.27421583140116,59.0086174839578));
#7042=CARTESIAN_POINT('Ctrl Pts',(-13.3000000174082,-8.47336764271174,57.3690425420055));
#7043=CARTESIAN_POINT('Ctrl Pts',(-13.3000000224691,-8.57605710855636,56.582341910078));
#7044=CARTESIAN_POINT('Ctrl Pts',(-13.3000000105943,-8.69695577918639,55.7319013817083));
#7045=CARTESIAN_POINT('Ctrl Pts',(-13.3000000097778,-8.70623703068213,55.6670591204041));
#7046=CARTESIAN_POINT('Ctrl Pts',(-13.3000000013682,-8.81240507893658,54.9304455789537));
#7047=CARTESIAN_POINT('Ctrl Pts',(-13.3000000009199,-8.91606179265473,54.2592393998941));
#7048=CARTESIAN_POINT('Ctrl Pts',(-13.3000000003778,-9.05787372547272,53.412129094203));
#7049=CARTESIAN_POINT('Ctrl Pts',(-13.3000000003224,-9.08823333333123,53.2344496777611));
#7050=CARTESIAN_POINT('Ctrl Pts',(-13.3000000002087,-9.22026444753314,52.4779362076546));
#7051=CARTESIAN_POINT('Ctrl Pts',(-13.3000000002835,-9.32792767342707,51.90064626576));
#7052=CARTESIAN_POINT('Ctrl Pts',(-13.3000000013967,-9.47375288897988,51.1770561843101));
#7053=CARTESIAN_POINT('Ctrl Pts',(-13.3000000016865,-9.50414152314447,51.0291176031781));
#7054=CARTESIAN_POINT('Ctrl Pts',(-13.3000000023531,-9.55921664492273,50.7662366221375));
#7055=CARTESIAN_POINT('Ctrl Pts',(-13.3000000026608,-9.58367034492921,50.6512637337218));
#7056=CARTESIAN_POINT('Ctrl Pts',(-13.300000004039,-9.6986005707023,50.1191807970063));
#7057=CARTESIAN_POINT('Ctrl Pts',(-13.3000000049141,-9.79348483187034,49.7031256049135));
#7058=CARTESIAN_POINT('Ctrl Pts',(-13.3000000039415,-9.96145326201824,49.0104556510656));
#7059=CARTESIAN_POINT('Ctrl Pts',(-13.3000000028515,-10.031404865363,48.7331143031429));
#7060=CARTESIAN_POINT('Ctrl Pts',(-13.3000000011189,-10.1399267162565,48.3209683230762));
#7061=CARTESIAN_POINT('Ctrl Pts',(-13.3000000007837,-10.1762927564188,48.1856712238901));
#7062=CARTESIAN_POINT('Ctrl Pts',(-13.3000000002151,-10.2697568819766,47.8453041170505));
#7063=CARTESIAN_POINT('Ctrl Pts',(-13.300000000118,-10.327822381807,47.640452478547));
#7064=CARTESIAN_POINT('Ctrl Pts',(-13.30000000001,-10.4476554424331,47.2318601790647));
#7065=CARTESIAN_POINT('Ctrl Pts',(-13.3000000000075,-10.5094182823869,47.0281184470848));
#7066=CARTESIAN_POINT('Ctrl Pts',(-13.300000000001,-10.6370354333269,46.6218624298374));
#7067=CARTESIAN_POINT('Ctrl Pts',(-13.3000000000018,-10.702884072786,46.4193468496771));
#7068=CARTESIAN_POINT('Ctrl Pts',(-13.300000000004,-10.7881221650711,46.1667634991154));
#7069=CARTESIAN_POINT('Ctrl Pts',(-13.3000000000046,-10.80534309215,46.1161969917697));
#7070=CARTESIAN_POINT('Ctrl Pts',(-13.3000000000052,-10.8227150926703,46.0656654467775));
#7071=CARTESIAN_POINT('',(-14.2999999999981,-8.6337665193888,65.7203327121413));
#7072=CARTESIAN_POINT('Origin',(-14.2999787725785,-7.63044575413926,65.7203326256086));
#7073=CARTESIAN_POINT('Ctrl Pts',(-14.3,-11.8825264172048,46.0656654467775));
#7074=CARTESIAN_POINT('Ctrl Pts',(-14.3,-11.878353637999,46.0773214215736));
#7075=CARTESIAN_POINT('Ctrl Pts',(-14.3,-11.8741898627503,46.0889677718785));
#7076=CARTESIAN_POINT('Ctrl Pts',(-14.3,-11.8700436132639,46.1005887930274));
#7077=CARTESIAN_POINT('Ctrl Pts',(-14.3,-11.8571834752108,46.1366329183949));
#7078=CARTESIAN_POINT('Ctrl Pts',(-14.3,-11.8444938595659,46.1724284807679));
#7079=CARTESIAN_POINT('Ctrl Pts',(-14.2999999999999,-11.8318328786734,46.2083963559338));
#7080=CARTESIAN_POINT('Ctrl Pts',(-14.2999999999999,-11.8274659268602,46.2208021860197));
#7081=CARTESIAN_POINT('Ctrl Pts',(-14.2999999999999,-11.8231022058448,46.2332289748513));
#7082=CARTESIAN_POINT('Ctrl Pts',(-14.2999999999999,-11.8187354093733,46.2456952379471));
#7083=CARTESIAN_POINT('Ctrl Pts',(-14.2999999999999,-11.7939437544738,46.3164700713005));
#7084=CARTESIAN_POINT('Ctrl Pts',(-14.2999999999999,-11.7690530640085,46.3885235861762));
#7085=CARTESIAN_POINT('Ctrl Pts',(-14.2999999999999,-11.744436463642,46.4607660440715));
#7086=CARTESIAN_POINT('Ctrl Pts',(-14.3,-11.7357654599714,46.4862128810945));
#7087=CARTESIAN_POINT('Ctrl Pts',(-14.3,-11.727128370294,46.5116826947868));
#7088=CARTESIAN_POINT('Ctrl Pts',(-14.3,-11.718540996106,46.5371269752067));
#7089=CARTESIAN_POINT('Ctrl Pts',(-14.3,-11.7102377735856,46.5617293178525));
#7090=CARTESIAN_POINT('Ctrl Pts',(-14.3,-11.7019810246655,46.5863077986158));
#7091=CARTESIAN_POINT('Ctrl Pts',(-14.3,-11.6937791010172,46.610834916528));
#7092=CARTESIAN_POINT('Ctrl Pts',(-14.3,-11.68894303188,46.6252967480501));
#7093=CARTESIAN_POINT('Ctrl Pts',(-14.3,-11.6841262493585,46.6397400231645));
#7094=CARTESIAN_POINT('Ctrl Pts',(-14.3,-11.6793296902634,46.6541612706234));
#7095=CARTESIAN_POINT('Ctrl Pts',(-14.3,-11.675541495976,46.6655507867659));
#7096=CARTESIAN_POINT('Ctrl Pts',(-14.3,-11.6717636604914,46.6769333267236));
#7097=CARTESIAN_POINT('Ctrl Pts',(-14.3,-11.6679928380532,46.6883187788724));
#7098=CARTESIAN_POINT('Ctrl Pts',(-14.3,-11.6198549533066,46.8336641490963));
#7099=CARTESIAN_POINT('Ctrl Pts',(-14.3,-11.5730293425344,46.9789733232457));
#7100=CARTESIAN_POINT('Ctrl Pts',(-14.3,-11.5273034689288,47.1245434462616));
#7101=CARTESIAN_POINT('Ctrl Pts',(-14.3,-11.5016254103019,47.2062905591845));
#7102=CARTESIAN_POINT('Ctrl Pts',(-14.3,-11.4762968251109,47.2881114359531));
#7103=CARTESIAN_POINT('Ctrl Pts',(-14.3,-11.451291384489,47.3700411192518));
#7104=CARTESIAN_POINT('Ctrl Pts',(-14.3,-11.4159998751331,47.4856728422987));
#7105=CARTESIAN_POINT('Ctrl Pts',(-14.3,-11.3813575858909,47.6015041112515));
#7106=CARTESIAN_POINT('Ctrl Pts',(-14.3,-11.3473398236298,47.7174808396316));
#7107=CARTESIAN_POINT('Ctrl Pts',(-14.3,-11.2890074030469,47.9163535122598));
#7108=CARTESIAN_POINT('Ctrl Pts',(-14.3,-11.2325110224073,48.1156539648978));
#7109=CARTESIAN_POINT('Ctrl Pts',(-14.3,-11.177661586725,48.3153641964137));
#7110=CARTESIAN_POINT('Ctrl Pts',(-14.3,-11.1413841806975,48.4474525044599));
#7111=CARTESIAN_POINT('Ctrl Pts',(-14.3,-11.1058275041013,48.5797197971796));
#7112=CARTESIAN_POINT('Ctrl Pts',(-14.3,-11.070955704462,48.712134406629));
#7113=CARTESIAN_POINT('Ctrl Pts',(-14.3,-10.999841286735,48.9821688742193));
#7114=CARTESIAN_POINT('Ctrl Pts',(-14.3,-10.9315679885463,49.2528377617726));
#7115=CARTESIAN_POINT('Ctrl Pts',(-14.3,-10.8657928747654,49.5240611938336));
#7116=CARTESIAN_POINT('Ctrl Pts',(-14.3,-10.7721443844736,49.9102203881589));
#7117=CARTESIAN_POINT('Ctrl Pts',(-14.3,-10.6835584991845,50.2975030084605));
#7118=CARTESIAN_POINT('Ctrl Pts',(-14.3,-10.5992306031143,50.6857927545112));
#7119=CARTESIAN_POINT('Ctrl Pts',(-14.3,-10.5947695013792,50.7063340005348));
#7120=CARTESIAN_POINT('Ctrl Pts',(-14.3,-10.5903203267422,50.7268780704159));
#7121=CARTESIAN_POINT('Ctrl Pts',(-14.3,-10.5858829635549,50.7474249486599));
#7122=CARTESIAN_POINT('Ctrl Pts',(-14.3,-10.5058996936206,51.1177814959004));
#7123=CARTESIAN_POINT('Ctrl Pts',(-14.3,-10.4297530384707,51.4890487597165));
#7124=CARTESIAN_POINT('Ctrl Pts',(-14.3,-10.3569695367477,51.8611100407246));
#7125=CARTESIAN_POINT('Ctrl Pts',(-14.3,-10.2680009278396,52.3159078151693));
#7126=CARTESIAN_POINT('Ctrl Pts',(-14.3,-10.1840557727447,52.7718970220522));
#7127=CARTESIAN_POINT('Ctrl Pts',(-14.3,-10.1042931086368,53.228897054627));
#7128=CARTESIAN_POINT('Ctrl Pts',(-14.3,-10.0133641835091,53.7498741585152));
#7129=CARTESIAN_POINT('Ctrl Pts',(-14.3,-9.92786717403046,54.2721757313081));
#7130=CARTESIAN_POINT('Ctrl Pts',(-14.3,-9.84698867312265,54.7953361961308));
#7131=CARTESIAN_POINT('Ctrl Pts',(-14.3,-9.79809757494653,55.1115869841698));
#7132=CARTESIAN_POINT('Ctrl Pts',(-14.3,-9.75089543857454,55.428151286333));
#7133=CARTESIAN_POINT('Ctrl Pts',(-14.2999999999999,-9.70521117465773,55.744928780452));
#7134=CARTESIAN_POINT('Ctrl Pts',(-14.2999999999998,-9.58367595551002,56.5876614605477));
#7135=CARTESIAN_POINT('Ctrl Pts',(-14.2999999999988,-9.47288606689661,57.4318934771162));
#7136=CARTESIAN_POINT('Ctrl Pts',(-14.2999999999987,-9.37027577412242,58.2770908388764));
#7137=CARTESIAN_POINT('Ctrl Pts',(-14.2999999999986,-9.2748909915701,59.062771927836));
#7138=CARTESIAN_POINT('Ctrl Pts',(-14.2999999999993,-9.18657482041384,59.84928814826));
#7139=CARTESIAN_POINT('Ctrl Pts',(-14.2999999999987,-9.10374932913764,60.6363387774383));
#7140=CARTESIAN_POINT('Ctrl Pts',(-14.2999999999987,-9.09734657676276,60.697181039977));
#7141=CARTESIAN_POINT('Ctrl Pts',(-14.2999999999986,-9.09097664481831,60.7580264760346));
#7142=CARTESIAN_POINT('Ctrl Pts',(-14.2999999999986,-9.08463881203964,60.8188749026223));
#7143=CARTESIAN_POINT('Ctrl Pts',(-14.2999999999974,-8.96584077061859,61.959434168637));
#7144=CARTESIAN_POINT('Ctrl Pts',(-14.2999999999904,-8.8583168641058,63.1010345273825));
#7145=CARTESIAN_POINT('Ctrl Pts',(-14.2999999999913,-8.75859116836701,64.2434095145899));
#7146=CARTESIAN_POINT('Ctrl Pts',(-14.2999999999917,-8.71562623299275,64.7355802348334));
#7147=CARTESIAN_POINT('Ctrl Pts',(-14.2999999999936,-8.67410946866407,65.2278948625686));
#7148=CARTESIAN_POINT('Ctrl Pts',(-14.299999999998,-8.63376572737902,65.7203325930268));
#7149=CARTESIAN_POINT('Ctrl Pts',(-17.6525981967243,21.2101844517531,29.4550223460318));
#7150=CARTESIAN_POINT('Ctrl Pts',(-16.8262990983622,21.2101844524328,29.4550223462522));
#7151=CARTESIAN_POINT('Ctrl Pts',(-16.,21.2101844531124,29.4550223464726));
#7152=CARTESIAN_POINT('Ctrl Pts',(-14.9999999998525,21.210184453935,29.4550223467393));
#7153=CARTESIAN_POINT('Ctrl Pts',(-15.,20.5267484151783,28.657460799518));
#7154=CARTESIAN_POINT('Ctrl Pts',(-15.0000000000208,20.4300959636759,28.5446685638272));
#7155=CARTESIAN_POINT('Ctrl Pts',(-15.0000000000417,20.3334435121735,28.4318763281365));
#7156=CARTESIAN_POINT('Ctrl Pts',(-17.6525981966431,19.1651871083206,32.77939385865));
#7157=CARTESIAN_POINT('Ctrl Pts',(-16.8262990983216,19.1651871087736,32.7793938587969));
#7158=CARTESIAN_POINT('Ctrl Pts',(-16.,19.1651871092268,32.7793938589438));
#7159=CARTESIAN_POINT('Ctrl Pts',(-14.9999999999017,19.1651871097751,32.7793938591216));
#7160=CARTESIAN_POINT('Ctrl Pts',(-15.,18.4256476395879,32.0730347035769));
#7161=CARTESIAN_POINT('Ctrl Pts',(-15.0000000000139,18.321060964723,31.9731404338092));
#7162=CARTESIAN_POINT('Ctrl Pts',(-15.0000000000278,18.2164742898581,31.8732461640414));
#7163=CARTESIAN_POINT('Ctrl Pts',(-17.6525981965618,17.120189764888,36.1037653712681));
#7164=CARTESIAN_POINT('Ctrl Pts',(-16.8262990982809,17.1201897651145,36.1037653713416));
#7165=CARTESIAN_POINT('Ctrl Pts',(-16.,17.1201897653411,36.1037653714151));
#7166=CARTESIAN_POINT('Ctrl Pts',(-14.9999999999508,17.1201897656153,36.103765371504));
#7167=CARTESIAN_POINT('Ctrl Pts',(-15.,16.3245468639975,35.4886086076359));
#7168=CARTESIAN_POINT('Ctrl Pts',(-15.0000000000069,16.2120259657701,35.4016123037911));
#7169=CARTESIAN_POINT('Ctrl Pts',(-15.0000000000139,16.0995050675427,35.3146159999463));
#7170=CARTESIAN_POINT('Ctrl Pts',(-17.6525981964806,15.0751924214554,39.4281368838863));
#7171=CARTESIAN_POINT('Ctrl Pts',(-16.8262990982403,15.0751924214554,39.4281368838863));
#7172=CARTESIAN_POINT('Ctrl Pts',(-16.,15.0751924214554,39.4281368838863));
#7173=CARTESIAN_POINT('Ctrl Pts',(-15.,15.0751924214554,39.4281368838863));
#7174=CARTESIAN_POINT('Ctrl Pts',(-15.,14.223446088407,38.9041825116948));
#7175=CARTESIAN_POINT('Ctrl Pts',(-15.,14.1029909668172,38.830084173773));
#7176=CARTESIAN_POINT('Ctrl Pts',(-15.,13.9825358452273,38.7559858358512));
#7177=CARTESIAN_POINT('Ctrl Pts',(-17.6525981964671,14.735446023,39.9804325884098));
#7178=CARTESIAN_POINT('Ctrl Pts',(-16.8262990982335,14.7354460229624,39.9804325883976));
#7179=CARTESIAN_POINT('Ctrl Pts',(-16.,14.7354460229248,39.9804325883854));
#7180=CARTESIAN_POINT('Ctrl Pts',(-15.0000000000082,14.7354460228792,39.9804325883706));
#7181=CARTESIAN_POINT('Ctrl Pts',(-15.,13.8743789252681,39.4716301596288));
#7182=CARTESIAN_POINT('Ctrl Pts',(-14.9999999999988,13.7526056485126,39.3996746300993));
#7183=CARTESIAN_POINT('Ctrl Pts',(-14.9999999999977,13.6308323717571,39.3277191005698));
#7184=CARTESIAN_POINT('Ctrl Pts',(-17.652598196487,14.0860572118755,41.1021516973609));
#7185=CARTESIAN_POINT('Ctrl Pts',(-16.8262990982435,14.0860572118935,41.1021516973667));
#7186=CARTESIAN_POINT('Ctrl Pts',(-16.,14.0860572119114,41.1021516973725));
#7187=CARTESIAN_POINT('Ctrl Pts',(-14.9999999999961,14.0860572119331,41.1021516973795));
#7188=CARTESIAN_POINT('Ctrl Pts',(-15.,13.2069708791731,40.6244444244098));
#7189=CARTESIAN_POINT('Ctrl Pts',(-15.0000000000006,13.0826492977446,40.556886413982));
#7190=CARTESIAN_POINT('Ctrl Pts',(-15.0000000000011,12.958327716316,40.4893284035542));
#7191=CARTESIAN_POINT('Ctrl Pts',(-17.6525981964798,13.3518205979179,42.5460603375516));
#7192=CARTESIAN_POINT('Ctrl Pts',(-16.8262990982399,13.3518205979156,42.5460603375509));
#7193=CARTESIAN_POINT('Ctrl Pts',(-16.,13.3518205979134,42.5460603375502));
#7194=CARTESIAN_POINT('Ctrl Pts',(-15.0000000000005,13.3518205979107,42.5460603375494));
#7195=CARTESIAN_POINT('Ctrl Pts',(-15.,12.4520086885652,42.1091316050277));
#7196=CARTESIAN_POINT('Ctrl Pts',(-14.9999999999999,12.324756067987,42.0473405510955));
#7197=CARTESIAN_POINT('Ctrl Pts',(-14.9999999999998,12.1975034474089,41.9855494971632));
#7198=CARTESIAN_POINT('Ctrl Pts',(-17.6525981964808,12.8124795589926,43.7244782431089));
#7199=CARTESIAN_POINT('Ctrl Pts',(-16.8262990982404,12.812479558993,43.724478243109));
#7200=CARTESIAN_POINT('Ctrl Pts',(-16.,12.8124795589934,43.7244782431091));
#7201=CARTESIAN_POINT('Ctrl Pts',(-14.9999999999999,12.8124795589939,43.7244782431092));
#7202=CARTESIAN_POINT('Ctrl Pts',(-15.,11.8974954687518,43.3206487180777));
#7203=CARTESIAN_POINT('Ctrl Pts',(-15.,11.7680971777741,43.2635385989591));
#7204=CARTESIAN_POINT('Ctrl Pts',(-15.0000000000001,11.6386988867965,43.2064284798405));
#7205=CARTESIAN_POINT('Ctrl Pts',(-17.6525981964805,12.4329144389308,44.6179079460103));
#7206=CARTESIAN_POINT('Ctrl Pts',(-16.8262990982403,12.4329144389306,44.6179079460104));
#7207=CARTESIAN_POINT('Ctrl Pts',(-16.,12.4329144389305,44.6179079460104));
#7208=CARTESIAN_POINT('Ctrl Pts',(-15.,12.4329144389303,44.6179079460105));
#7209=CARTESIAN_POINT('Ctrl Pts',(-15.,11.5069335399518,44.2400736558082));
#7210=CARTESIAN_POINT('Ctrl Pts',(-15.,11.3759800653684,44.1866398180549));
#7211=CARTESIAN_POINT('Ctrl Pts',(-15.,11.2450265907851,44.1332059803015));
#7212=CARTESIAN_POINT('Ctrl Pts',(-17.6525981964806,12.1360356953907,45.3735509706993));
#7213=CARTESIAN_POINT('Ctrl Pts',(-16.8262990982403,12.1360356953909,45.373550970699));
#7214=CARTESIAN_POINT('Ctrl Pts',(-16.,12.136035695391,45.3735509706988));
#7215=CARTESIAN_POINT('Ctrl Pts',(-15.,12.1360356953912,45.3735509706984));
#7216=CARTESIAN_POINT('Ctrl Pts',(-15.,11.2024624298598,45.0148492146135));
#7217=CARTESIAN_POINT('Ctrl Pts',(-15.,11.0704352325015,44.9641211257833));
#7218=CARTESIAN_POINT('Ctrl Pts',(-15.,10.9384080351431,44.9133930369531));
#7219=CARTESIAN_POINT('Ctrl Pts',(-17.6525981964806,11.9134214391946,45.9771377795514));
#7220=CARTESIAN_POINT('Ctrl Pts',(-16.8262990982403,11.9134214391943,45.9771377795519));
#7221=CARTESIAN_POINT('Ctrl Pts',(-16.,11.9134214391941,45.9771377795524));
#7222=CARTESIAN_POINT('Ctrl Pts',(-15.,11.9134214391937,45.977137779553));
#7223=CARTESIAN_POINT('Ctrl Pts',(-15.,10.9719538138949,45.6399662555596));
#7224=CARTESIAN_POINT('Ctrl Pts',(-15.,10.8388101854717,45.5922830013519));
#7225=CARTESIAN_POINT('Ctrl Pts',(-15.,10.7056665570484,45.5445997471441));
#7226=CARTESIAN_POINT('Ctrl Pts',(-17.6525981964806,11.8016134036481,46.2913324731813));
#7227=CARTESIAN_POINT('Ctrl Pts',(-16.8262990982403,11.8016134036487,46.2913324731802));
#7228=CARTESIAN_POINT('Ctrl Pts',(-16.,11.8016134036492,46.2913324731791));
#7229=CARTESIAN_POINT('Ctrl Pts',(-15.,11.8016134036499,46.2913324731777));
#7230=CARTESIAN_POINT('Ctrl Pts',(-15.,10.8603078769928,45.9537766918847));
#7231=CARTESIAN_POINT('Ctrl Pts',(-15.,10.7271871727793,45.9060390954885));
#7232=CARTESIAN_POINT('Ctrl Pts',(-15.,10.5940664685658,45.8583014990923));
#7233=CARTESIAN_POINT('Ctrl Pts',(-17.6525981964806,11.7453954647119,46.4481013971656));
#7234=CARTESIAN_POINT('Ctrl Pts',(-16.8262990982403,11.7453954647119,46.4481013971656));
#7235=CARTESIAN_POINT('Ctrl Pts',(-16.,11.7453954647119,46.4481013971656));
#7236=CARTESIAN_POINT('Ctrl Pts',(-15.,11.7453954647119,46.4481013971656));
#7237=CARTESIAN_POINT('Ctrl Pts',(-15.,10.8040899380551,46.110545615871));
#7238=CARTESIAN_POINT('Ctrl Pts',(-15.,10.6709692338416,46.0628080194746));
#7239=CARTESIAN_POINT('Ctrl Pts',(-15.,10.5378485296282,46.0150704230782));
#7240=CARTESIAN_POINT('Ctrl Pts',(-17.6525981964806,11.7364005944821,46.4731844250031));
#7241=CARTESIAN_POINT('Ctrl Pts',(-16.8262990982403,11.736400594482,46.4731844250032));
#7242=CARTESIAN_POINT('Ctrl Pts',(-16.,11.7364005944819,46.4731844250034));
#7243=CARTESIAN_POINT('Ctrl Pts',(-15.,11.7364005944818,46.4731844250036));
#7244=CARTESIAN_POINT('Ctrl Pts',(-15.,10.7950950678251,46.1356286437088));
#7245=CARTESIAN_POINT('Ctrl Pts',(-15.,10.6619743636116,46.0878910473124));
#7246=CARTESIAN_POINT('Ctrl Pts',(-15.,10.5288536593981,46.040153450916));
#7247=CARTESIAN_POINT('Ctrl Pts',(-17.6525981964806,11.7274057242523,46.4982674528405));
#7248=CARTESIAN_POINT('Ctrl Pts',(-16.8262990982403,11.7274057242522,46.4982674528409));
#7249=CARTESIAN_POINT('Ctrl Pts',(-16.,11.727405724252,46.4982674528412));
#7250=CARTESIAN_POINT('Ctrl Pts',(-15.,11.7274057242518,46.4982674528417));
#7251=CARTESIAN_POINT('Ctrl Pts',(-15.,10.7861001975951,46.1607116715467));
#7252=CARTESIAN_POINT('Ctrl Pts',(-15.,10.6529794933816,46.1129740751502));
#7253=CARTESIAN_POINT('Ctrl Pts',(-15.,10.5198587891681,46.0652364787537));
#7254=CARTESIAN_POINT('Ctrl Pts',(-17.6525981964806,11.7184108540226,46.523350480678));
#7255=CARTESIAN_POINT('Ctrl Pts',(-16.8262990982403,11.7184108540223,46.5233504806785));
#7256=CARTESIAN_POINT('Ctrl Pts',(-16.,11.718410854022,46.5233504806791));
#7257=CARTESIAN_POINT('Ctrl Pts',(-15.,11.7184108540217,46.5233504806797));
#7258=CARTESIAN_POINT('Ctrl Pts',(-15.,10.777105327365,46.1857946993845));
#7259=CARTESIAN_POINT('Ctrl Pts',(-15.,10.6439846231516,46.138057102988));
#7260=CARTESIAN_POINT('Ctrl Pts',(-15.,10.5108639189381,46.0903195065914));
#7261=CARTESIAN_POINT('',(-15.,14.7796567369062,38.));
#7262=CARTESIAN_POINT('',(-16.,15.9537152107143,38.0000000001427));
#7263=CARTESIAN_POINT('Ctrl Pts',(-15.,14.7796567369062,38.));
#7264=CARTESIAN_POINT('Ctrl Pts',(-14.9999999999955,14.8243471603517,38.));
#7265=CARTESIAN_POINT('Ctrl Pts',(-15.0000039949707,14.9744178157493,38.0000000000003));
#7266=CARTESIAN_POINT('Ctrl Pts',(-15.091144671792,15.2880880274804,38.0000000000003));
#7267=CARTESIAN_POINT('Ctrl Pts',(-15.1485136835016,15.4115977549435,37.9999999999998));
#7268=CARTESIAN_POINT('Ctrl Pts',(-15.3050010229225,15.6366906008651,37.9999999999998));
#7269=CARTESIAN_POINT('Ctrl Pts',(-15.4049162229053,15.7361607727395,38.));
#7270=CARTESIAN_POINT('Ctrl Pts',(-15.5966857615972,15.8585792031655,38.));
#7271=CARTESIAN_POINT('Ctrl Pts',(-15.6770408925155,15.8955120525298,38.));
#7272=CARTESIAN_POINT('Ctrl Pts',(-15.8791469272158,15.953715210907,38.));
#7273=CARTESIAN_POINT('Ctrl Pts',(-15.9711005683175,15.953715210894,38.));
#7274=CARTESIAN_POINT('Ctrl Pts',(-16.,15.9537152108899,38.));
#7275=CARTESIAN_POINT('',(-16.,11.8825357474604,46.0656654467775));
#7276=CARTESIAN_POINT('Ctrl Pts',(-16.,11.8825384670343,46.0656654467775));
#7277=CARTESIAN_POINT('Ctrl Pts',(-16.,12.7123102671874,43.7517700119172));
#7278=CARTESIAN_POINT('Ctrl Pts',(-16.,13.7765282520975,41.539260490786));
#7279=CARTESIAN_POINT('Ctrl Pts',(-16.,15.0751924217644,39.4281368833841));
#7280=CARTESIAN_POINT('Ctrl Pts',(-16.,15.3680333514433,38.9520912556548));
#7281=CARTESIAN_POINT('Ctrl Pts',(-16.,15.6608742811222,38.4760456279254));
#7282=CARTESIAN_POINT('Ctrl Pts',(-16.,15.9537152108011,38.0000000001961));
#7283=CARTESIAN_POINT('',(-15.,10.8201841392618,46.0656654467775));
#7284=CARTESIAN_POINT('Ctrl Pts',(-15.0000000000522,10.8201841392618,46.0656654467775));
#7285=CARTESIAN_POINT('Ctrl Pts',(-15.0000013621767,10.9617395717752,46.0656654467775));
#7286=CARTESIAN_POINT('Ctrl Pts',(-15.0266400200469,11.1024447811768,46.0656654467775));
#7287=CARTESIAN_POINT('Ctrl Pts',(-15.1286907805576,11.3587093538906,46.0656654467775));
#7288=CARTESIAN_POINT('Ctrl Pts',(-15.2009232064632,11.4735259291044,46.0656654467775));
#7289=CARTESIAN_POINT('Ctrl Pts',(-15.3831779141901,11.667125489927,46.0656654467775));
#7290=CARTESIAN_POINT('Ctrl Pts',(-15.4908291368682,11.7447874990411,46.0656654467775));
#7291=CARTESIAN_POINT('Ctrl Pts',(-15.6739041782947,11.826979598834,46.0656654467775));
#7292=CARTESIAN_POINT('Ctrl Pts',(-15.739765289695,11.8484401156625,46.0656654467775));
#7293=CARTESIAN_POINT('Ctrl Pts',(-15.9027082584894,11.8824258632002,46.0656654467775));
#7294=CARTESIAN_POINT('Ctrl Pts',(-15.9762363144104,11.8824465230007,46.0656654467775));
#7295=CARTESIAN_POINT('Ctrl Pts',(-16.,11.8824465230007,46.0656654467775));
#7296=CARTESIAN_POINT('Ctrl Pts',(-15.,14.7796567369062,38.));
#7297=CARTESIAN_POINT('Ctrl Pts',(-15.,14.5942531874059,38.3013941705658));
#7298=CARTESIAN_POINT('Ctrl Pts',(-15.,14.4088496379062,38.6027883411307));
#7299=CARTESIAN_POINT('Ctrl Pts',(-15.,13.8764613790487,39.468244898623));
#7300=CARTESIAN_POINT('Ctrl Pts',(-15.0000000001444,13.5446836468829,40.041152516893));
#7301=CARTESIAN_POINT('Ctrl Pts',(-15.0000000000476,13.2266333593819,40.6261990536605));
#7302=CARTESIAN_POINT('Ctrl Pts',(-15.000000000047,13.2247358573852,40.6296908177392));
#7303=CARTESIAN_POINT('Ctrl Pts',(-14.9999999999536,12.9087717412265,41.2113498820623));
#7304=CARTESIAN_POINT('Ctrl Pts',(-14.9999999991698,12.6101862788961,41.7980734337126));
#7305=CARTESIAN_POINT('Ctrl Pts',(-15.0000000008605,12.3243538214486,42.3996510673611));
#7306=CARTESIAN_POINT('Ctrl Pts',(-15.0000000008817,12.3209458220148,42.4068298251105));
#7307=CARTESIAN_POINT('Ctrl Pts',(-15.0000000018444,12.1748159446658,42.7149063376204));
#7308=CARTESIAN_POINT('Ctrl Pts',(-15.0000000065696,12.0362354984072,43.017806687394));
#7309=CARTESIAN_POINT('Ctrl Pts',(-15.0000000134495,11.772276495987,43.6162720138869));
#7310=CARTESIAN_POINT('Ctrl Pts',(-15.0000000101316,11.6466026564838,43.9117104399549));
#7311=CARTESIAN_POINT('Ctrl Pts',(-15.000000003198,11.5202327658864,44.2197581511418));
#7312=CARTESIAN_POINT('Ctrl Pts',(-15.0000000029721,11.5157145448552,44.230787679206));
#7313=CARTESIAN_POINT('Ctrl Pts',(-14.9999999972507,11.3903993562001,44.5371314645859));
#7314=CARTESIAN_POINT('Ctrl Pts',(-14.9999999857239,11.2735367744604,44.8340287471742));
#7315=CARTESIAN_POINT('Ctrl Pts',(-15.0000000166758,11.1559128761341,45.1456009351887));
#7316=CARTESIAN_POINT('Ctrl Pts',(-15.0000000179309,11.151006576419,45.1586184245395));
#7317=CARTESIAN_POINT('Ctrl Pts',(-15.0000000332851,11.0874624795278,45.3274927431376));
#7318=CARTESIAN_POINT('Ctrl Pts',(-15.0000000294754,11.0298167093402,45.4837660837688));
#7319=CARTESIAN_POINT('Ctrl Pts',(-15.0000000096446,10.9216826501761,45.7819771286155));
#7320=CARTESIAN_POINT('Ctrl Pts',(-15.0000000006739,10.8710365877305,45.9238586893765));
#7321=CARTESIAN_POINT('Ctrl Pts',(-15.0000000000522,10.8201841392621,46.0656654467776));
#7322=CARTESIAN_POINT('Ctrl Pts',(-34.4819577068394,-9.05862188726498,46.0790585328343));
#7323=CARTESIAN_POINT('Ctrl Pts',(-34.1901788239673,-11.5902587696566,46.880714424999));
#7324=CARTESIAN_POINT('Ctrl Pts',(-31.6628798444816,-11.8825384672223,46.0656654467775));
#7325=CARTESIAN_POINT('Ctrl Pts',(-34.7167564408693,-9.28995874100383,45.4339543129705));
#7326=CARTESIAN_POINT('Ctrl Pts',(-34.4114448520053,-11.79195450223,46.2727910094302));
#7327=CARTESIAN_POINT('Ctrl Pts',(-31.8976785785461,-12.0958760044301,45.4707539863998));
#7328=CARTESIAN_POINT('Ctrl Pts',(-34.9491944605814,-9.53837954049593,44.7953361023889));
#7329=CARTESIAN_POINT('Ctrl Pts',(-34.6312113951343,-12.0104308979875,45.6689873944513));
#7330=CARTESIAN_POINT('Ctrl Pts',(-32.1301165982208,-12.3248805506888,44.882060174847));
#7331=CARTESIAN_POINT('Ctrl Pts',(-35.1792556269365,-9.80400107992781,44.1632482427347));
#7332=CARTESIAN_POINT('Ctrl Pts',(-34.849423938138,-12.2461325324439,45.0694533599294));
#7333=CARTESIAN_POINT('Ctrl Pts',(-32.3601777645788,-12.5697213963368,44.2994232155066));
#7334=CARTESIAN_POINT('',(-31.6628798444816,-11.8825384672223,46.0656654467775));
#7335=CARTESIAN_POINT('',(-34.4819577068394,-9.05862188726498,46.0790585328343));
#7336=CARTESIAN_POINT('Origin',(-31.6628798444816,-9.05862188726498,45.0529981028573));
#7337=CARTESIAN_POINT('',(-35.1751391094913,-9.79925036966315,44.1745583831517));
#7338=CARTESIAN_POINT('Ctrl Pts',(-35.1751389706981,-9.79925024392247,44.1745586627933));
#7339=CARTESIAN_POINT('Ctrl Pts',(-34.9462315095446,-9.53519743669314,44.8034767434574));
#7340=CARTESIAN_POINT('Ctrl Pts',(-34.7151626712679,-9.2883884700127,45.4383331589622));
#7341=CARTESIAN_POINT('Ctrl Pts',(-34.4819577068394,-9.05862188726499,46.0790585328343));
#7342=CARTESIAN_POINT('',(-32.2000000000136,-12.4022313379389,44.7050975906909));
#7343=CARTESIAN_POINT('Ctrl Pts',(-35.1751389706981,-9.79925024392246,44.1745586627934));
#7344=CARTESIAN_POINT('Ctrl Pts',(-35.165877347674,-9.86606392642945,44.2000047629111));
#7345=CARTESIAN_POINT('Ctrl Pts',(-35.1540956382424,-9.93233502532129,44.2247844148814));
#7346=CARTESIAN_POINT('Ctrl Pts',(-35.1255097074767,-10.0643725399701,44.2732586124942));
#7347=CARTESIAN_POINT('Ctrl Pts',(-35.1086578399032,-10.130128337269,44.2969406314597));
#7348=CARTESIAN_POINT('Ctrl Pts',(-35.0792267736859,-10.2295144275534,44.3320377339688));
#7349=CARTESIAN_POINT('Ctrl Pts',(-35.0684195494678,-10.2635686917935,44.343936314683));
#7350=CARTESIAN_POINT('Ctrl Pts',(-35.0378660191237,-10.353771511305,44.3751107174209));
#7351=CARTESIAN_POINT('Ctrl Pts',(-35.0169410063808,-10.4096293391998,44.3940601794031));
#7352=CARTESIAN_POINT('Ctrl Pts',(-34.9840130979998,-10.4896603781108,44.4206970845618));
#7353=CARTESIAN_POINT('Ctrl Pts',(-34.9735450207369,-10.5141243029538,44.428769229835));
#7354=CARTESIAN_POINT('Ctrl Pts',(-34.9427896580917,-10.583293786323,44.4513903130713));
#7355=CARTESIAN_POINT('Ctrl Pts',(-34.9215959218424,-10.6278479585298,44.4657191280216));
#7356=CARTESIAN_POINT('Ctrl Pts',(-34.8818231903063,-10.7062152370093,44.4904753883824));
#7357=CARTESIAN_POINT('Ctrl Pts',(-34.863709693856,-10.740216341331,44.5010629230567));
#7358=CARTESIAN_POINT('Ctrl Pts',(-34.8124281634425,-10.8320813312201,44.5292528813491));
#7359=CARTESIAN_POINT('Ctrl Pts',(-34.7779808747289,-10.8891334022141,44.5462994000531));
#7360=CARTESIAN_POINT('Ctrl Pts',(-34.7051553889195,-11.0011228767421,44.5788547638087));
#7361=CARTESIAN_POINT('Ctrl Pts',(-34.6667626689238,-11.0560525151009,44.5943579182633));
#7362=CARTESIAN_POINT('Ctrl Pts',(-34.6010664492708,-11.1437114526476,44.6183277443606));
#7363=CARTESIAN_POINT('Ctrl Pts',(-34.5749342361058,-11.1771143185586,44.627270183599));
#7364=CARTESIAN_POINT('Ctrl Pts',(-34.5069006929081,-11.2604567781319,44.6490842003323));
#7365=CARTESIAN_POINT('Ctrl Pts',(-34.4639522228875,-11.3098158437908,44.661536648044));
#7366=CARTESIAN_POINT('Ctrl Pts',(-34.3747716092257,-11.4060257096577,44.6848334389273));
#7367=CARTESIAN_POINT('Ctrl Pts',(-34.3285408634095,-11.4528766930585,44.6956781785661));
#7368=CARTESIAN_POINT('Ctrl Pts',(-34.2459482862207,-11.5315448638758,44.7130044229447));
#7369=CARTESIAN_POINT('Ctrl Pts',(-34.2102475948883,-11.5640369106124,44.7198783873351));
#7370=CARTESIAN_POINT('Ctrl Pts',(-34.1188343470358,-11.6435563744444,44.7359911098852));
#7371=CARTESIAN_POINT('Ctrl Pts',(-34.06226419,-11.6894847918707,44.7446346011076));
#7372=CARTESIAN_POINT('Ctrl Pts',(-33.9458900219666,-11.7776691386449,44.7598731579876));
#7373=CARTESIAN_POINT('Ctrl Pts',(-33.8860755127636,-11.8199138808211,44.7664616952928));
#7374=CARTESIAN_POINT('Ctrl Pts',(-33.796509604257,-11.8787816125653,44.774551242836));
#7375=CARTESIAN_POINT('Ctrl Pts',(-33.7679937482972,-11.8969049867647,44.7768763111452));
#7376=CARTESIAN_POINT('Ctrl Pts',(-33.6841478348099,-11.9484035562821,44.7829868774919));
#7377=CARTESIAN_POINT('Ctrl Pts',(-33.6279288011474,-11.980716414717,44.7861840959291));
#7378=CARTESIAN_POINT('Ctrl Pts',(-33.5133741955001,-12.0421739250582,44.7909104728977));
#7379=CARTESIAN_POINT('Ctrl Pts',(-33.4550330865057,-12.0713078626496,44.7924344042416));
#7380=CARTESIAN_POINT('Ctrl Pts',(-33.3487557917384,-12.1205671170751,44.7936577079693));
#7381=CARTESIAN_POINT('Ctrl Pts',(-33.3010698701371,-12.1413301645457,44.7936613014579));
#7382=CARTESIAN_POINT('Ctrl Pts',(-33.1936103528023,-12.1851922592394,44.792482689979));
#7383=CARTESIAN_POINT('Ctrl Pts',(-33.1336924602979,-12.2076592422746,44.7910207300007));
#7384=CARTESIAN_POINT('Ctrl Pts',(-33.012556905197,-12.2491862470375,44.7864876737996));
#7385=CARTESIAN_POINT('Ctrl Pts',(-32.9513342026055,-12.2682328377176,44.7834100632682));
#7386=CARTESIAN_POINT('Ctrl Pts',(-32.8392063711155,-12.2996089456955,44.7763493827569));
#7387=CARTESIAN_POINT('Ctrl Pts',(-32.78851579856,-12.3125274738794,44.7726433203996));
#7388=CARTESIAN_POINT('Ctrl Pts',(-32.6831973802692,-12.3367318505451,44.763873103166));
#7389=CARTESIAN_POINT('Ctrl Pts',(-32.6284975287535,-12.3478757657585,44.7587359925554));
#7390=CARTESIAN_POINT('Ctrl Pts',(-32.5184502871034,-12.3674145499828,44.747228260825));
#7391=CARTESIAN_POINT('Ctrl Pts',(-32.4631020828387,-12.3758012133944,44.7408542924012));
#7392=CARTESIAN_POINT('Ctrl Pts',(-32.3520300427668,-12.3897664620859,44.7268995855618));
#7393=CARTESIAN_POINT('Ctrl Pts',(-32.2963076381749,-12.3953205313974,44.7193092786947));
#7394=CARTESIAN_POINT('Ctrl Pts',(-32.2272601392954,-12.4004410258394,44.7091877237074));
#7395=CARTESIAN_POINT('Ctrl Pts',(-32.2136177749368,-12.4013664292488,44.707152816702));
#7396=CARTESIAN_POINT('Ctrl Pts',(-32.2000000317678,-12.4022046237161,44.7050867532281));
#7397=CARTESIAN_POINT('Origin',(-27.1519840394129,-49.7636973879862,57.8678496503095));
#7398=CARTESIAN_POINT('Ctrl Pts',(-32.2000000001319,-21.2101844520853,29.4550223467119));
#7399=CARTESIAN_POINT('Ctrl Pts',(-35.1999999996269,-21.2101844529299,29.4550223465566));
#7400=CARTESIAN_POINT('Ctrl Pts',(-35.2,-19.1598763361531,27.0623377050555));
#7401=CARTESIAN_POINT('Ctrl Pts',(-32.2000000000879,-19.1651871083595,32.7793938594472));
#7402=CARTESIAN_POINT('Ctrl Pts',(-35.1999999997513,-19.1651871089225,32.7793938593437));
#7403=CARTESIAN_POINT('Ctrl Pts',(-35.2,-16.9465686979861,30.660316392878));
#7404=CARTESIAN_POINT('Ctrl Pts',(-32.200000000044,-17.1201897646336,36.1037653721825));
#7405=CARTESIAN_POINT('Ctrl Pts',(-35.1999999998756,-17.1201897649151,36.1037653721307));
#7406=CARTESIAN_POINT('Ctrl Pts',(-35.2,-14.7332610598191,34.2582950807004));
#7407=CARTESIAN_POINT('Ctrl Pts',(-32.2,-15.0751924209078,39.4281368849178));
#7408=CARTESIAN_POINT('Ctrl Pts',(-35.2,-15.0751924209078,39.4281368849178));
#7409=CARTESIAN_POINT('Ctrl Pts',(-35.2,-12.5199534216521,37.8562737685229));
#7410=CARTESIAN_POINT('Ctrl Pts',(-32.1999999999756,-13.9401232877816,41.2733184949218));
#7411=CARTESIAN_POINT('Ctrl Pts',(-35.200000000069,-13.9401232876253,41.2733184949505));
#7412=CARTESIAN_POINT('Ctrl Pts',(-35.2,-11.2914642062976,39.853320152335));
#7413=CARTESIAN_POINT('Ctrl Pts',(-32.200000000065,-12.974978175935,43.2137040626352));
#7414=CARTESIAN_POINT('Ctrl Pts',(-35.1999999998159,-12.9749781758714,43.2137040622867));
#7415=CARTESIAN_POINT('Ctrl Pts',(-35.2,-10.2435422732627,41.9596084872915));
#7416=CARTESIAN_POINT('Ctrl Pts',(-32.2,-12.1945843464945,45.2287772096402));
#7417=CARTESIAN_POINT('Ctrl Pts',(-35.2,-12.1945843464945,45.2287772096402));
#7418=CARTESIAN_POINT('Ctrl Pts',(-35.2,-9.39705091866855,44.1453535989521));
#7419=CARTESIAN_POINT('',(-35.2,-12.4319666406815,38.));
#7420=CARTESIAN_POINT('',(-32.2000000000189,-15.9537152102674,38.0000000004641));
#7421=CARTESIAN_POINT('Ctrl Pts',(-35.2,-12.4319666406815,38.));
#7422=CARTESIAN_POINT('Ctrl Pts',(-35.1999999802615,-12.9577520585271,38.));
#7423=CARTESIAN_POINT('Ctrl Pts',(-35.0991904793746,-13.4861509720609,38.));
#7424=CARTESIAN_POINT('Ctrl Pts',(-34.7210846623875,-14.3985878722022,38.));
#7425=CARTESIAN_POINT('Ctrl Pts',(-34.4677175677442,-14.7913996568062,37.9999999999993));
#7426=CARTESIAN_POINT('Ctrl Pts',(-33.8671851727792,-15.3901794659714,37.9999999999993));
#7427=CARTESIAN_POINT('Ctrl Pts',(-33.5451356717893,-15.6111996623188,38.));
#7428=CARTESIAN_POINT('Ctrl Pts',(-32.8725066186673,-15.8862266275092,38.));
#7429=CARTESIAN_POINT('Ctrl Pts',(-32.5392025162336,-15.9537152108504,38.));
#7430=CARTESIAN_POINT('Ctrl Pts',(-32.2000000000189,-15.9537152108383,38.));
#7431=CARTESIAN_POINT('Ctrl Pts',(-32.2000000000136,-12.4022313379389,44.7050975906909));
#7432=CARTESIAN_POINT('Ctrl Pts',(-32.2000000000503,-13.1440217226517,42.8771482540739));
#7433=CARTESIAN_POINT('Ctrl Pts',(-32.1999999999777,-14.0387712936593,41.1129551470014));
#7434=CARTESIAN_POINT('Ctrl Pts',(-32.2000000000063,-15.3680333507633,38.952091256809));
#7435=CARTESIAN_POINT('Ctrl Pts',(-32.2000000000126,-15.6608742806189,38.4760456287003));
#7436=CARTESIAN_POINT('Ctrl Pts',(-32.2000000000189,-15.9537152104744,38.0000000005915));
#7437=CARTESIAN_POINT('',(-35.2,-9.41221829061374,44.1062535467033));
#7438=CARTESIAN_POINT('Origin',(-32.649405758072,-6.71051886868068,51.1139536519604));
#7439=CARTESIAN_POINT('Origin',(-35.1999999999987,-39.7534210662193,53.587364768484));
#7440=CARTESIAN_POINT('Ctrl Pts',(-31.6712270541584,-11.8900671002165,46.0446995210046));
#7441=CARTESIAN_POINT('Ctrl Pts',(-34.1980351492885,-11.5973685748519,46.8591293485797));
#7442=CARTESIAN_POINT('Ctrl Pts',(-34.4904725264565,-9.06702233522696,46.0556642582056));
#7443=CARTESIAN_POINT('Ctrl Pts',(-31.2384473442633,-11.5079633477955,47.1073525668508));
#7444=CARTESIAN_POINT('Ctrl Pts',(-33.795295039851,-11.2409496955666,47.9656487051371));
#7445=CARTESIAN_POINT('Ctrl Pts',(-34.0576937138464,-8.63948824531078,47.2447142734701));
#7446=CARTESIAN_POINT('Ctrl Pts',(-30.3685131384512,-10.8721277302314,49.3116101070326));
#7447=CARTESIAN_POINT('Ctrl Pts',(-32.9733746628891,-10.6521921170977,50.2238563814739));
#7448=CARTESIAN_POINT('Ctrl Pts',(-33.1877610126198,-7.95304886425521,49.6348347265354));
#7449=CARTESIAN_POINT('Ctrl Pts',(-29.0528260660732,-10.1602035112424,52.7490696512627));
#7450=CARTESIAN_POINT('Ctrl Pts',(-31.7092138798682,-9.99151155760746,53.6971095873661));
#7451=CARTESIAN_POINT('Ctrl Pts',(-31.8720756708223,-7.20538196959446,53.2496504942313));
#7452=CARTESIAN_POINT('Ctrl Pts',(-27.7321888648792,-9.61239998939534,56.2587219408942));
#7453=CARTESIAN_POINT('Ctrl Pts',(-30.4240890741038,-9.47987519880874,57.2279609723895));
#7454=CARTESIAN_POINT('Ctrl Pts',(-30.5514396493709,-6.63957671379972,56.8780681424876));
#7455=CARTESIAN_POINT('Ctrl Pts',(-26.4062699900031,-9.1778368589584,59.8196184156309));
#7456=CARTESIAN_POINT('Ctrl Pts',(-29.1231908069803,-9.07099824525609,60.8021495863177));
#7457=CARTESIAN_POINT('Ctrl Pts',(-29.225521599592,-6.19519988122981,60.5209980443026));
#7458=CARTESIAN_POINT('Ctrl Pts',(-25.076702021374,-8.8228400761364,63.4159271712214));
#7459=CARTESIAN_POINT('Ctrl Pts',(-27.8111905404823,-8.73409942460162,64.4068406928395));
#7460=CARTESIAN_POINT('Ctrl Pts',(-27.8959542087879,-5.83472130887052,64.1739544281798));
#7461=CARTESIAN_POINT('Ctrl Pts',(-23.7446524970564,-8.522468796989,67.0380904105192));
#7462=CARTESIAN_POINT('Ctrl Pts',(-26.4909896185464,-8.44590004259399,68.0340629150016));
#7463=CARTESIAN_POINT('Ctrl Pts',(-26.563905075063,-5.53128437067822,67.8337293446932));
#7464=CARTESIAN_POINT('Ctrl Pts',(-22.4110319543286,-8.2567760164232,70.6801251421784));
#7465=CARTESIAN_POINT('Ctrl Pts',(-25.1644764467411,-8.18741762490601,71.6786279011459));
#7466=CARTESIAN_POINT('Ctrl Pts',(-25.2302847696779,-5.26401015731498,71.4978210198649));
#7467=CARTESIAN_POINT('Ctrl Pts',(-21.0766068888433,-8.00838352291345,74.3382931453983));
#7468=CARTESIAN_POINT('Ctrl Pts',(-23.832887418961,-7.94172982267294,75.3371386869652));
#7469=CARTESIAN_POINT('Ctrl Pts',(-23.8958598050249,-5.01507443753246,75.1641234782055));
#7470=CARTESIAN_POINT('Ctrl Pts',(-19.7421393534966,-7.76064956006436,78.0103473011457));
#7471=CARTESIAN_POINT('Ctrl Pts',(-22.4970370672274,-7.69223044145284,79.0073573641235));
#7472=CARTESIAN_POINT('Ctrl Pts',(-22.5613922368051,-4.76771498411003,78.8305429888838));
#7473=CARTESIAN_POINT('Ctrl Pts',(-18.6304637969826,-7.54008223261105,81.0819178583285));
#7474=CARTESIAN_POINT('Ctrl Pts',(-21.3802020594007,-7.46611116015088,82.0758363293842));
#7475=CARTESIAN_POINT('Ctrl Pts',(-21.4497165204777,-4.54836122965585,81.8848469172495));
#7476=CARTESIAN_POINT('Ctrl Pts',(-17.7416371033848,-7.34456666512614,83.5470648487621));
#7477=CARTESIAN_POINT('Ctrl Pts',(-20.4841281470442,-7.26312841888596,84.5377791697458));
#7478=CARTESIAN_POINT('Ctrl Pts',(-20.5608895899722,-4.35466783446515,84.3268788386162));
#7479=CARTESIAN_POINT('Ctrl Pts',(-17.0753657873579,-7.18509755592681,85.4003904456838));
#7480=CARTESIAN_POINT('Ctrl Pts',(-19.811022464111,-7.09641501438228,86.3871218345117));
#7481=CARTESIAN_POINT('Ctrl Pts',(-19.8946180584959,-4.19714564872924,86.1574448265731));
#7482=CARTESIAN_POINT('Ctrl Pts',(-16.409537405151,-7.00895536899207,87.2589556478937));
#7483=CARTESIAN_POINT('Ctrl Pts',(-19.1364660551048,-6.91105194065865,88.2404503364042));
#7484=CARTESIAN_POINT('Ctrl Pts',(-19.2287894005947,-4.02375461167366,87.9867940293823));
#7485=CARTESIAN_POINT('Ctrl Pts',(-15.7443066597871,-6.81138042047991,89.1238270595623));
#7486=CARTESIAN_POINT('Ctrl Pts',(-18.4602116774443,-6.70187902613387,90.0984439688339));
#7487=CARTESIAN_POINT('Ctrl Pts',(-18.5635583063423,-3.83008838744242,89.8145014395598));
#7488=CARTESIAN_POINT('Ctrl Pts',(-15.0797206105989,-6.58619019442077,90.9970828770412));
#7489=CARTESIAN_POINT('Ctrl Pts',(-17.7817186412356,-6.46213959758536,91.9625882650745));
#7490=CARTESIAN_POINT('Ctrl Pts',(-17.8989718160063,-3.61054200458804,91.6404378150327));
#7491=CARTESIAN_POINT('Ctrl Pts',(-14.526951385952,-6.36879027769837,92.5664285947717));
#7492=CARTESIAN_POINT('Ctrl Pts',(-17.2139429757017,-6.22936139654476,93.5225390854445));
#7493=CARTESIAN_POINT('Ctrl Pts',(-17.3462021046714,-3.40008342187826,93.1591601150834));
#7494=CARTESIAN_POINT('Ctrl Pts',(-14.0861839448111,-6.17139384440461,93.827273080606));
#7495=CARTESIAN_POINT('Ctrl Pts',(-16.7584562252301,-6.0170438135905,94.7739786472261));
#7496=CARTESIAN_POINT('Ctrl Pts',(-16.9054341813746,-3.2104662811428,94.3701600315617));
#7497=CARTESIAN_POINT('Ctrl Pts',(-13.7563546938491,-6.00956052714792,94.7765484329982));
#7498=CARTESIAN_POINT('Ctrl Pts',(-16.4162797049399,-5.8426431546485,95.7141009101911));
#7499=CARTESIAN_POINT('Ctrl Pts',(-16.5756045328728,-3.05595322897078,95.276359543087));
#7500=CARTESIAN_POINT('Ctrl Pts',(-13.4274129649984,-5.83148959695834,95.7303706697966));
#7501=CARTESIAN_POINT('Ctrl Pts',(-16.0731337639703,-5.65025091469818,96.6568866345825));
#7502=CARTESIAN_POINT('Ctrl Pts',(-16.246662345642,-2.88719459554448,96.1801207748095));
#7503=CARTESIAN_POINT('Ctrl Pts',(-13.0995114343679,-5.6339641862786,96.6901092699613));
#7504=CARTESIAN_POINT('Ctrl Pts',(-15.7287349071709,-5.43629657597366,97.603114716925));
#7505=CARTESIAN_POINT('Ctrl Pts',(-15.9187602812108,-2.70172701550279,97.0810242926268));
#7506=CARTESIAN_POINT('Ctrl Pts',(-12.7728290609569,-5.41261349801572,97.6578322788498));
#7507=CARTESIAN_POINT('Ctrl Pts',(-15.38264808798,-5.19594030497612,98.5539804378227));
#7508=CARTESIAN_POINT('Ctrl Pts',(-15.5920772779173,-2.49635068756477,97.9785784674955));
#7509=CARTESIAN_POINT('Ctrl Pts',(-12.5018902851496,-5.20329904769019,98.4732415541562));
#7510=CARTESIAN_POINT('Ctrl Pts',(-15.092183433612,-4.96797287370419,99.3520255168483));
#7511=CARTESIAN_POINT('Ctrl Pts',(-15.321137859854,-2.3051494938797,98.7229784006644));
#7512=CARTESIAN_POINT('Ctrl Pts',(-12.2859634598064,-5.01612204244896,99.1339022177508));
#7513=CARTESIAN_POINT('Ctrl Pts',(-14.8579433284192,-4.76370293110361,99.9955949165964));
#7514=CARTESIAN_POINT('Ctrl Pts',(-15.1052104282782,-2.13703189269951,99.3162341431597));
#7515=CARTESIAN_POINT('Ctrl Pts',(-12.1248529400631,-4.86448266223426,99.6334308754505));
#7516=CARTESIAN_POINT('Ctrl Pts',(-14.6817215601573,-4.59823513962496,100.479760245713));
#7517=CARTESIAN_POINT('Ctrl Pts',(-14.9440994115844,-2.00262385364251,99.7588830235512));
#7518=CARTESIAN_POINT('Ctrl Pts',(-11.9651140350428,-4.70001363755844,100.136730696404));
#7519=CARTESIAN_POINT('Ctrl Pts',(-14.5050822282735,-4.418692061735,100.96507282145));
#7520=CARTESIAN_POINT('Ctrl Pts',(-14.7843599490672,-1.85915626382418,100.197763589813));
#7521=CARTESIAN_POINT('Ctrl Pts',(-11.8068297842863,-4.52003227790418,100.645439634894));
#7522=CARTESIAN_POINT('Ctrl Pts',(-14.3277038975875,-4.22223011635082,101.452415779711));
#7523=CARTESIAN_POINT('Ctrl Pts',(-14.6260750662711,-1.70522146327684,100.632647731137));
#7524=CARTESIAN_POINT('Ctrl Pts',(-11.6502687558082,-4.32094666164266,101.161391559112));
#7525=CARTESIAN_POINT('Ctrl Pts',(-14.1493095414725,-4.00510004748754,101.942550244895));
#7526=CARTESIAN_POINT('Ctrl Pts',(-14.4695133121908,-1.53913880222463,101.062797615222));
#7527=CARTESIAN_POINT('Ctrl Pts',(-11.521495810049,-4.13476827054135,101.599793039624));
#7528=CARTESIAN_POINT('Ctrl Pts',(-13.9992868131677,-3.80230053535857,102.354734303318));
#7529=CARTESIAN_POINT('Ctrl Pts',(-14.3407396539141,-1.3887344014392,101.416600333558));
#7530=CARTESIAN_POINT('Ctrl Pts',(-11.4197223432197,-3.96942410279511,101.957967702525));
#7531=CARTESIAN_POINT('Ctrl Pts',(-13.8780897348065,-3.62267370213271,102.687720539419));
#7532=CARTESIAN_POINT('Ctrl Pts',(-14.2389655325185,-1.25960377087699,101.696222433977));
#7533=CARTESIAN_POINT('Ctrl Pts',(-11.3440923388686,-3.83559633908866,102.231251438634));
#7534=CARTESIAN_POINT('Ctrl Pts',(-13.7865625969835,-3.47784526184299,102.939189283855));
#7535=CARTESIAN_POINT('Ctrl Pts',(-14.1633349930021,-1.15780130215675,101.90401563352));
#7536=CARTESIAN_POINT('Ctrl Pts',(-11.2692563388385,-3.68984715870939,102.510392155179));
#7537=CARTESIAN_POINT('Ctrl Pts',(-13.6941215314024,-3.32073524061769,103.193169024169));
#7538=CARTESIAN_POINT('Ctrl Pts',(-14.0884983982891,-1.05038032338826,102.109627487643));
#7539=CARTESIAN_POINT('Ctrl Pts',(-11.1953359963218,-3.52918894335944,102.797102150128));
#7540=CARTESIAN_POINT('Ctrl Pts',(-13.6004872015268,-3.14848610757935,103.450427231188));
#7541=CARTESIAN_POINT('Ctrl Pts',(-14.0145773872998,-0.936479609928906,
102.312723796159));
#7542=CARTESIAN_POINT('Ctrl Pts',(-11.122494517171,-3.34913781757195,103.093931878537));
#7543=CARTESIAN_POINT('Ctrl Pts',(-13.5052425042645,-2.95688837808335,103.712109886239));
#7544=CARTESIAN_POINT('Ctrl Pts',(-13.9417351451696,-0.81494546453159,102.512856211594));
#7545=CARTESIAN_POINT('Ctrl Pts',(-11.0628808803498,-3.17710666266428,103.353003869683));
#7546=CARTESIAN_POINT('Ctrl Pts',(-13.4239216604061,-2.77557885778606,103.935537068471));
#7547=CARTESIAN_POINT('Ctrl Pts',(-13.8821207641394,-0.705968248612254,
102.676645377349));
#7548=CARTESIAN_POINT('Ctrl Pts',(-11.0160190375375,-3.01982522705029,103.570824549184));
#7549=CARTESIAN_POINT('Ctrl Pts',(-13.3571236012543,-2.61171110520543,104.119063227654));
#7550=CARTESIAN_POINT('Ctrl Pts',(-13.8352582346402,-0.612926053947748,
102.805399118967));
#7551=CARTESIAN_POINT('Ctrl Pts',(-10.9813527982145,-2.88916949546671,103.741003083313));
#7552=CARTESIAN_POINT('Ctrl Pts',(-13.3059664169286,-2.47704930296244,104.259616436432));
#7553=CARTESIAN_POINT('Ctrl Pts',(-13.8005914261789,-0.539730109162672,
102.900645392419));
#7554=CARTESIAN_POINT('Ctrl Pts',(-10.9477186261406,-2.74394662234036,103.917554208588));
#7555=CARTESIAN_POINT('Ctrl Pts',(-13.254088358789,-2.32917993308912,104.402150229736));
#7556=CARTESIAN_POINT('Ctrl Pts',(-13.7669566220892,-0.463608314827446,
102.993056257163));
#7557=CARTESIAN_POINT('Ctrl Pts',(-10.9152055393646,-2.57859941165436,104.1032492126));
#7558=CARTESIAN_POINT('Ctrl Pts',(-13.2010285046999,-2.16339827855793,104.547930980724));
#7559=CARTESIAN_POINT('Ctrl Pts',(-13.7344428205114,-0.383912794979641,
103.082387192819));
#7560=CARTESIAN_POINT('Ctrl Pts',(-10.8892527952201,-2.41681722493506,104.268768545942));
#7561=CARTESIAN_POINT('Ctrl Pts',(-13.1553297466494,-2.00424298656363,104.673487286566));
#7562=CARTESIAN_POINT('Ctrl Pts',(-13.7084893858595,-0.313958679946687,
103.153693668482));
#7563=CARTESIAN_POINT('Ctrl Pts',(-10.86935972683,-2.26389035479611,104.411440243216));
#7564=CARTESIAN_POINT('Ctrl Pts',(-13.1173020581441,-1.85690150116763,104.777967502048));
#7565=CARTESIAN_POINT('Ctrl Pts',(-13.6885956807177,-0.255282097036401,
103.208351174148));
#7566=CARTESIAN_POINT('Ctrl Pts',(-10.8549483435913,-2.13307306797757,104.525271003335));
#7567=CARTESIAN_POINT('Ctrl Pts',(-13.0878202299221,-1.73305323065974,104.858968159372));
#7568=CARTESIAN_POINT('Ctrl Pts',(-13.6741837666701,-0.209689487587348,
103.247947582565));
#7569=CARTESIAN_POINT('Ctrl Pts',(-10.8411457839419,-1.97932592794452,104.648484285657));
#7570=CARTESIAN_POINT('Ctrl Pts',(-13.0569488556263,-1.59036900157627,104.943786563157));
#7571=CARTESIAN_POINT('Ctrl Pts',(-13.6603806036321,-0.16220070697107,103.285871461329));
#7572=CARTESIAN_POINT('Ctrl Pts',(-10.8281038892695,-1.78961593914272,104.785432046679));
#7573=CARTESIAN_POINT('Ctrl Pts',(-13.024003407922,-1.41868839265116,105.034303436798));
#7574=CARTESIAN_POINT('Ctrl Pts',(-13.6473380023788,-0.112332618490185,
103.321705713764));
#7575=CARTESIAN_POINT('Ctrl Pts',(-10.8180998503634,-1.57909146132812,104.918219521102));
#7576=CARTESIAN_POINT('Ctrl Pts',(-12.9936499870569,-1.23395960406984,105.117698775229));
#7577=CARTESIAN_POINT('Ctrl Pts',(-13.6373332376023,-0.0681060417375215,
103.349193579074));
#7578=CARTESIAN_POINT('Ctrl Pts',(-10.8111067133017,-1.34628196012343,105.041026329539));
#7579=CARTESIAN_POINT('Ctrl Pts',(-12.9670162463758,-1.03682135580622,105.190874376346));
#7580=CARTESIAN_POINT('Ctrl Pts',(-13.6303393969639,-0.0314012693723911,
103.368408998304));
#7581=CARTESIAN_POINT('Ctrl Pts',(-10.8072597000296,-1.15458245284862,105.127461407198));
#7582=CARTESIAN_POINT('Ctrl Pts',(-12.9490056470778,-0.878864574199038,
105.240358091228));
#7583=CARTESIAN_POINT('Ctrl Pts',(-13.6264918743123,-0.00763893377923436,
103.37897997991));
#7584=CARTESIAN_POINT('Ctrl Pts',(-10.8046216377642,-0.95860543755616,105.200185489197));
#7585=CARTESIAN_POINT('Ctrl Pts',(-12.9342968293619,-0.721164035979517,
105.280770235769));
#7586=CARTESIAN_POINT('Ctrl Pts',(-13.6238533766861,0.0120007390496203,
103.386229192559));
#7587=CARTESIAN_POINT('Ctrl Pts',(-10.8028947516815,-0.789421633459036,
105.253246398553));
#7588=CARTESIAN_POINT('Ctrl Pts',(-12.9237458880518,-0.587085184867078,
105.309758708773));
#7589=CARTESIAN_POINT('Ctrl Pts',(-13.6221261715169,0.0271842956568188,
103.39097464976));
#7590=CARTESIAN_POINT('Ctrl Pts',(-10.8014832592278,-0.61264007040623,105.297870185374));
#7591=CARTESIAN_POINT('Ctrl Pts',(-12.9149507801905,-0.448590154950825,
105.333923069023));
#7592=CARTESIAN_POINT('Ctrl Pts',(-13.6207144115724,0.0425354109962791,
103.394853428329));
#7593=CARTESIAN_POINT('Ctrl Pts',(-10.8003843331363,-0.446967726545058,
105.33017712058));
#7594=CARTESIAN_POINT('Ctrl Pts',(-12.9085763848048,-0.319615185203973,
105.351436576409));
#7595=CARTESIAN_POINT('Ctrl Pts',(-13.6196152940788,0.0579123640596978,
103.397873228824));
#7596=CARTESIAN_POINT('Ctrl Pts',(-10.7995569149187,-0.299901314819286,
105.351620850851));
#7597=CARTESIAN_POINT('Ctrl Pts',(-12.9043098586846,-0.205303361471747,
105.363158760583));
#7598=CARTESIAN_POINT('Ctrl Pts',(-13.618787750952,0.07334569681366,103.400146884879));
#7599=CARTESIAN_POINT('Ctrl Pts',(-10.7990613924673,-0.192517914745977,
105.362823905318));
#7600=CARTESIAN_POINT('Ctrl Pts',(-12.9020531253211,-0.121701252823409,
105.369359084541));
#7601=CARTESIAN_POINT('Ctrl Pts',(-13.6182921644927,0.0862395377860176,
103.401508497485));
#7602=CARTESIAN_POINT('Ctrl Pts',(-10.7987646276278,-0.114287265771599,
105.368980745648));
#7603=CARTESIAN_POINT('Ctrl Pts',(-12.9008015798809,-0.0606500438067439,
105.372797677377));
#7604=CARTESIAN_POINT('Ctrl Pts',(-13.6179953649406,0.096572745723102,103.402323947552));
#7605=CARTESIAN_POINT('Ctrl Pts',(-10.7986178621019,-0.0680752492913555,
105.371849027468));
#7606=CARTESIAN_POINT('Ctrl Pts',(-12.9002144754552,-0.0245225166722532,
105.37441073353));
#7607=CARTESIAN_POINT('Ctrl Pts',(-13.6178485834028,0.103037852908384,103.402727226514));
#7608=CARTESIAN_POINT('Ctrl Pts',(-10.7985340755701,-0.0373837819725453,
105.373410724565));
#7609=CARTESIAN_POINT('Ctrl Pts',(-12.8998929122325,-0.000478176977965651,
105.375294221224));
#7610=CARTESIAN_POINT('Ctrl Pts',(-13.6177647882241,0.107566811559438,103.402957451874));
#7611=CARTESIAN_POINT('Ctrl Pts',(-10.7984914557041,-0.019700629099994,
105.374207622317));
#7612=CARTESIAN_POINT('Ctrl Pts',(-12.8997289138924,0.0133673767023988,
105.375744802959));
#7613=CARTESIAN_POINT('Ctrl Pts',(-13.6177221639438,0.110155723732272,103.403074561122));
#7614=CARTESIAN_POINT('Ctrl Pts',(-10.7984669375869,-0.00998128222392008,
105.374615755428));
#7615=CARTESIAN_POINT('Ctrl Pts',(-12.8996435560846,0.0210264568812237,
105.375979321609));
#7616=CARTESIAN_POINT('Ctrl Pts',(-13.617697643614,0.111774171494136,103.403141930175));
#7617=CARTESIAN_POINT('Ctrl Pts',(-10.7984486634704,0.000430871266416346,
105.375017481551));
#7618=CARTESIAN_POINT('Ctrl Pts',(-12.8995625272616,0.0291192041659041,
105.376201946471));
#7619=CARTESIAN_POINT('Ctrl Pts',(-13.6176793672151,0.113069168324807,103.403192144168));
#7620=CARTESIAN_POINT('Ctrl Pts',(-10.7984309714346,0.000849393824680911,
105.375031375117));
#7621=CARTESIAN_POINT('Ctrl Pts',(-12.8995510326115,0.029760728068713,105.376233527762));
#7622=CARTESIAN_POINT('Ctrl Pts',(-13.6176616754047,0.114364269278933,103.403240752018));
#7623=CARTESIAN_POINT('Ctrl Pts',(-10.7983997586224,0.00365941316026132,
105.37513866115));
#7624=CARTESIAN_POINT('Ctrl Pts',(-12.899515976316,0.0324324447343187,105.376329844142));
#7625=CARTESIAN_POINT('Ctrl Pts',(-13.6176304624527,0.116630651013144,103.403326508898));
#7626=CARTESIAN_POINT('Ctrl Pts',(-10.7983375117093,0.00780460608279499,
105.375294333021));
#7627=CARTESIAN_POINT('Ctrl Pts',(-12.8994564696981,0.0366762467966237,
105.376493337232));
#7628=CARTESIAN_POINT('Ctrl Pts',(-13.6175682156394,0.121163446380158,103.403497530612));
#7629=CARTESIAN_POINT('Ctrl Pts',(-10.7982484943044,0.0144958174792132,
105.375547452842));
#7630=CARTESIAN_POINT('Ctrl Pts',(-12.8993659265951,0.0433125539139152,
105.376742102363));
#7631=CARTESIAN_POINT('Ctrl Pts',(-13.617479198179,0.127638851690034,103.403742104075));
#7632=CARTESIAN_POINT('Ctrl Pts',(-10.7981061185705,0.0247716774954339,
105.375935268733));
#7633=CARTESIAN_POINT('Ctrl Pts',(-12.8992241503443,0.0536099889959948,
105.37713162941));
#7634=CARTESIAN_POINT('Ctrl Pts',(-13.6173368224668,0.137999509487436,103.404133278129));
#7635=CARTESIAN_POINT('Ctrl Pts',(-10.797928131023,0.0377640602627486,105.376425931537));
#7636=CARTESIAN_POINT('Ctrl Pts',(-12.8990458689689,0.0665917960380853,
105.377621453463));
#7637=CARTESIAN_POINT('Ctrl Pts',(-13.6171588349086,0.150950328542922,103.404622294926));
#7638=CARTESIAN_POINT('Ctrl Pts',(-10.7977145536192,0.0532917597258191,
105.377012204517));
#7639=CARTESIAN_POINT('Ctrl Pts',(-12.8988323854757,0.0821228760479684,
105.37820799454));
#7640=CARTESIAN_POINT('Ctrl Pts',(-13.6169452575083,0.166491312775494,103.405209094011));
#7641=CARTESIAN_POINT('Ctrl Pts',(-10.7974297810742,0.0740174217237233,
105.377794782933));
#7642=CARTESIAN_POINT('Ctrl Pts',(-12.8985475821812,0.102847430923112,105.378990485161));
#7643=CARTESIAN_POINT('Ctrl Pts',(-13.6166604849621,0.187212624608409,103.405991500151));
#7644=CARTESIAN_POINT('Ctrl Pts',(-10.7970738163102,0.0999169285119276,
105.378772703606));
#7645=CARTESIAN_POINT('Ctrl Pts',(-12.8981916324947,0.128747480675803,105.379968448887));
#7646=CARTESIAN_POINT('Ctrl Pts',(-13.6163045201987,0.213114264563322,103.406969505301));
#7647=CARTESIAN_POINT('Ctrl Pts',(-10.7966466582002,0.130999581991144,105.379946338019));
#7648=CARTESIAN_POINT('Ctrl Pts',(-12.8977644695392,0.159829959615412,105.381142069461));
#7649=CARTESIAN_POINT('Ctrl Pts',(-13.6158773620885,0.244196232439018,103.408143112563));
#7650=CARTESIAN_POINT('Ctrl Pts',(-10.7962195001954,0.162081367271578,105.381119937759));
#7651=CARTESIAN_POINT('Ctrl Pts',(-12.8973373128249,0.190911791394885,105.382315672888));
#7652=CARTESIAN_POINT('Ctrl Pts',(-13.6154502040838,0.275278200333474,103.409316719535));
#7653=CARTESIAN_POINT('Ctrl Pts',(-10.7956499561523,0.20352405092772,105.382684749526));
#7654=CARTESIAN_POINT('Ctrl Pts',(-12.8967677683592,0.232354459819267,105.383880483447));
#7655=CARTESIAN_POINT('Ctrl Pts',(-13.6148806600407,0.316720824186194,103.410881528933));
#7656=CARTESIAN_POINT('Ctrl Pts',(-10.794938026111,0.255327301378113,105.384640760075));
#7657=CARTESIAN_POINT('Ctrl Pts',(-12.8960558385254,0.284157717751491,105.38583649459));
#7658=CARTESIAN_POINT('Ctrl Pts',(-13.6141687299994,0.368524104004338,103.412837540646));
#7659=CARTESIAN_POINT('Ctrl Pts',(-10.7940837100561,0.317491246770215,105.386987974526));
#7660=CARTESIAN_POINT('Ctrl Pts',(-12.8952015224026,0.346321660694152,105.388183708847));
#7661=CARTESIAN_POINT('Ctrl Pts',(-13.6133144139445,0.430688039785181,103.415184754716));
#7662=CARTESIAN_POINT('Ctrl Pts',(-10.7935141660202,0.35893386848848,105.388552783819));
#7663=CARTESIAN_POINT('Ctrl Pts',(-12.8946319783818,0.387764282956895,105.389748518182));
#7664=CARTESIAN_POINT('Ctrl Pts',(-13.6127448699086,0.472130663639269,103.416749564094));
#7665=CARTESIAN_POINT('Ctrl Pts',(-10.7932293940024,0.379655180415474,105.389335188508));
#7666=CARTESIAN_POINT('Ctrl Pts',(-12.8943472063641,0.408485594883901,105.390530922871));
#7667=CARTESIAN_POINT('Ctrl Pts',(-13.6124600978908,0.492851975566272,103.417531968782));
#7668=CARTESIAN_POINT('',(-10.7985998476963,1.48793507752489E-9,105.375000156599));
#7669=CARTESIAN_POINT('',(-13.6254897337073,-8.06335214167708E-12,103.381733338593));
#7670=CARTESIAN_POINT('Ctrl Pts',(-10.798599847697,4.03896091749556E-12,
105.375000313425));
#7671=CARTESIAN_POINT('Ctrl Pts',(-10.9565632248422,2.85305210068977E-12,
105.374999592653));
#7672=CARTESIAN_POINT('Ctrl Pts',(-11.1142990021369,5.50167831772692E-13,
105.36251379909));
#7673=CARTESIAN_POINT('Ctrl Pts',(-11.4322324866042,3.9458279294479E-13,
105.311860175384));
#7674=CARTESIAN_POINT('Ctrl Pts',(-11.5917500207621,2.89553557873141E-10,
105.272825586939));
#7675=CARTESIAN_POINT('Ctrl Pts',(-12.0682949703685,2.97115130442155E-10,
105.113866593232));
#7676=CARTESIAN_POINT('Ctrl Pts',(-12.3688497706016,-4.27456494067532E-13,
104.95322786311));
#7677=CARTESIAN_POINT('Ctrl Pts',(-12.8637521351196,3.14884651962832E-12,
104.569410754984));
#7678=CARTESIAN_POINT('Ctrl Pts',(-13.0646025442496,4.80750802017585E-13,
104.361216224157));
#7679=CARTESIAN_POINT('Ctrl Pts',(-13.4412726502851,-3.61504427734952E-12,
103.838109697256));
#7680=CARTESIAN_POINT('Ctrl Pts',(-13.5567668289686,1.67550824235384E-9,
103.569175986545));
#7681=CARTESIAN_POINT('Ctrl Pts',(-13.623580193146,-1.15487476433395E-10,
103.386970031495));
#7682=CARTESIAN_POINT('Ctrl Pts',(-13.6245365104747,-1.33755041238078E-11,
103.3843522979));
#7683=CARTESIAN_POINT('Ctrl Pts',(-13.6254897332877,-1.36112713982403E-11,
103.381733339746));
#7684=CARTESIAN_POINT('Ctrl Pts',(-34.4819577068394,-9.05862188726499,46.0790585328343));
#7685=CARTESIAN_POINT('Ctrl Pts',(-34.0553120149592,-8.63826667592318,47.2512579373825));
#7686=CARTESIAN_POINT('Ctrl Pts',(-33.6251586591264,-8.29854733026404,48.4330945688812));
#7687=CARTESIAN_POINT('Ctrl Pts',(-33.1930021727832,-8.00487303614388,49.6204347571492));
#7688=CARTESIAN_POINT('Ctrl Pts',(-33.1896168448727,-8.00257251812343,49.6297358691437));
#7689=CARTESIAN_POINT('Ctrl Pts',(-33.1862313938391,-8.00027483139599,49.6390373194159));
#7690=CARTESIAN_POINT('Ctrl Pts',(-33.1828458204056,-7.99797995935273,49.6483391059792));
#7691=CARTESIAN_POINT('Ctrl Pts',(-32.7540435650802,-7.70732127858444,50.8264636202448));
#7692=CARTESIAN_POINT('Ctrl Pts',(-32.3232782483713,-7.46181514673508,52.0099816007259));
#7693=CARTESIAN_POINT('Ctrl Pts',(-31.8912361039418,-7.24564447124693,53.1970076368585));
#7694=CARTESIAN_POINT('Ctrl Pts',(-31.8844139471782,-7.2422310305563,53.2157513585193));
#7695=CARTESIAN_POINT('Ctrl Pts',(-31.8775914717272,-7.23882491606326,53.2344959557667));
#7696=CARTESIAN_POINT('Ctrl Pts',(-31.8707686803,-7.23542606554084,53.2532414211512));
#7697=CARTESIAN_POINT('Ctrl Pts',(-31.4420976634682,-7.02187876234917,54.4310053603227));
#7698=CARTESIAN_POINT('Ctrl Pts',(-31.012179538503,-6.83700630327438,55.6121957007587));
#7699=CARTESIAN_POINT('Ctrl Pts',(-30.5814130589978,-6.67163349276326,56.7957168763211));
#7700=CARTESIAN_POINT('Ctrl Pts',(-30.5711288466678,-6.66768534642918,56.8239725174761));
#7701=CARTESIAN_POINT('Ctrl Pts',(-30.5608441498033,-6.66374833735829,56.8522294898788));
#7702=CARTESIAN_POINT('Ctrl Pts',(-30.5505589738347,-6.65982234093195,56.8804877786088));
#7703=CARTESIAN_POINT('Ctrl Pts',(-30.1231805216005,-6.49668597055835,58.0547004257371));
#7704=CARTESIAN_POINT('Ctrl Pts',(-29.6949749225014,-6.35256456296454,59.2311856400903));
#7705=CARTESIAN_POINT('Ctrl Pts',(-29.2661910024758,-6.22173974294645,60.4092597782063));
#7706=CARTESIAN_POINT('Ctrl Pts',(-29.25243233807,-6.21754188311423,60.4470613979837));
#7707=CARTESIAN_POINT('Ctrl Pts',(-29.2386730769489,-6.21335773827768,60.4848646572229));
#7708=CARTESIAN_POINT('Ctrl Pts',(-29.2249132273342,-6.20918711980807,60.5226695333347));
#7709=CARTESIAN_POINT('Ctrl Pts',(-28.7995323318188,-6.08025392147049,61.6913939384464));
#7710=CARTESIAN_POINT('Ctrl Pts',(-28.3735890467107,-5.96424812413928,62.861663496225));
#7711=CARTESIAN_POINT('Ctrl Pts',(-27.9472571740826,-5.85717575203784,64.0330006894758));
#7712=CARTESIAN_POINT('Ctrl Pts',(-27.9300189140843,-5.85284639852848,64.0803624195722));
#7713=CARTESIAN_POINT('Ctrl Pts',(-27.9127800172886,-5.84853167733673,64.1277258992552));
#7714=CARTESIAN_POINT('Ctrl Pts',(-27.895540495175,-5.84423132495036,64.1750910969847));
#7715=CARTESIAN_POINT('Ctrl Pts',(-27.4726253096907,-5.7387362703225,65.3370410194558));
#7716=CARTESIAN_POINT('Ctrl Pts',(-27.0493338218823,-5.64188845990428,66.5000248240472));
#7717=CARTESIAN_POINT('Ctrl Pts',(-26.6257982686931,-5.55066074340878,67.6636791927745));
#7718=CARTESIAN_POINT('Ctrl Pts',(-26.6050804826516,-5.54619822238268,67.7206008421048));
#7719=CARTESIAN_POINT('Ctrl Pts',(-26.5843621110657,-5.54174917203337,67.7775241002052));
#7720=CARTESIAN_POINT('Ctrl Pts',(-26.563643169362,-5.5373132385853,67.8344489246913));
#7721=CARTESIAN_POINT('Ctrl Pts',(-26.1435371590196,-5.44736837896544,68.9886807018866));
#7722=CARTESIAN_POINT('Ctrl Pts',(-25.723196760582,-5.3628163199769,70.1435564550753));
#7723=CARTESIAN_POINT('Ctrl Pts',(-25.3027302302518,-5.28113827343563,71.2987787527955));
#7724=CARTESIAN_POINT('Ctrl Pts',(-25.278537442662,-5.27643868503042,71.365247890412));
#7725=CARTESIAN_POINT('Ctrl Pts',(-25.2543442377219,-5.27174862637381,71.4317181746893));
#7726=CARTESIAN_POINT('Ctrl Pts',(-25.2301506361215,-5.26706761906518,71.4981895487819));
#7727=CARTESIAN_POINT('Ctrl Pts',(-24.813126140339,-5.18638121507809,72.6439549343046));
#7728=CARTESIAN_POINT('Ctrl Pts',(-24.3959837922485,-5.10838408699937,73.7900441163818));
#7729=CARTESIAN_POINT('Ctrl Pts',(-23.9788289360233,-5.03077217055064,74.9361676642748));
#7730=CARTESIAN_POINT('Ctrl Pts',(-23.9511702344273,-5.02562625218169,75.012159322361));
#7731=CARTESIAN_POINT('Ctrl Pts',(-23.9235114683301,-5.02048201421159,75.0881511576629));
#7732=CARTESIAN_POINT('Ctrl Pts',(-23.8958526688297,-5.01533878514675,75.1641430847393));
#7733=CARTESIAN_POINT('Ctrl Pts',(-23.482153885384,-4.93841037011996,76.3007711507104));
#7734=CARTESIAN_POINT('Ctrl Pts',(-23.0684476282238,-4.86170766637701,77.4374197505457));
#7735=CARTESIAN_POINT('Ctrl Pts',(-22.6548027350081,-4.78289264494643,78.5738997543302));
#7736=CARTESIAN_POINT('Ctrl Pts',(-22.6236909100443,-4.77696466374447,78.6593787908965));
#7737=CARTESIAN_POINT('Ctrl Pts',(-22.5925794325063,-4.77102474612428,78.744856872918));
#7738=CARTESIAN_POINT('Ctrl Pts',(-22.5614683304526,-4.76507190135555,78.8303339233051));
#7739=CARTESIAN_POINT('Ctrl Pts',(-22.1512895967355,-4.68658768935191,79.9572907321345));
#7740=CARTESIAN_POINT('Ctrl Pts',(-21.7411761427293,-4.60585640947051,81.0840681865102));
#7741=CARTESIAN_POINT('Ctrl Pts',(-21.33120153081,-4.52020027122229,82.2104641751355));
#7742=CARTESIAN_POINT('Ctrl Pts',(-21.2966507447796,-4.51298156348098,82.3053916795638));
#7743=CARTESIAN_POINT('Ctrl Pts',(-21.2621009476237,-4.5057276135021,82.4003164670828));
#7744=CARTESIAN_POINT('Ctrl Pts',(-21.2275521844815,-4.49843683034551,82.495238413674));
#7745=CARTESIAN_POINT('Ctrl Pts',(-21.0053026199358,-4.45153577704062,83.1058640736703));
#7746=CARTESIAN_POINT('Ctrl Pts',(-20.7830958470364,-4.4031104745918,83.7163721646961));
#7747=CARTESIAN_POINT('Ctrl Pts',(-20.5609472933557,-4.35264115090789,84.3267202997577));
#7748=CARTESIAN_POINT('Ctrl Pts',(-20.3767849516748,-4.31080181106667,84.8327021750891));
#7749=CARTESIAN_POINT('Ctrl Pts',(-20.1926626214322,-4.26755771805968,85.3385741198929));
#7750=CARTESIAN_POINT('Ctrl Pts',(-20.0085893000651,-4.22256812937381,85.8443114138865));
#7751=CARTESIAN_POINT('Ctrl Pts',(-19.9706213281358,-4.21328833028262,85.9486275594274));
#7752=CARTESIAN_POINT('Ctrl Pts',(-19.9326554760977,-4.20393434346699,86.0529378806141));
#7753=CARTESIAN_POINT('Ctrl Pts',(-19.8946918038626,-4.19450314221516,86.1572422128407));
#7754=CARTESIAN_POINT('Ctrl Pts',(-19.7123649950978,-4.14920823985656,86.6581810028883));
#7755=CARTESIAN_POINT('Ctrl Pts',(-19.5300884641124,-4.10213235536198,87.1589816558665));
#7756=CARTESIAN_POINT('Ctrl Pts',(-19.3478744352648,-4.05286720989599,87.6596105856285));
#7757=CARTESIAN_POINT('Ctrl Pts',(-19.3082096417513,-4.04214305306417,87.7685887101531));
#7758=CARTESIAN_POINT('Ctrl Pts',(-19.2685477214368,-4.0313148240386,87.8775589406291));
#7759=CARTESIAN_POINT('Ctrl Pts',(-19.2288888973975,-4.02037842499643,87.986520664159));
#7760=CARTESIAN_POINT('Ctrl Pts',(-19.0484266359123,-3.97061377988999,88.4823366526525));
#7761=CARTESIAN_POINT('Ctrl Pts',(-18.8680284945017,-3.91860932215632,88.9779764726956));
#7762=CARTESIAN_POINT('Ctrl Pts',(-18.6877057691642,-3.86387184406001,89.4734090887726));
#7763=CARTESIAN_POINT('Ctrl Pts',(-18.6463547904864,-3.85131963642559,89.5870199689618));
#7764=CARTESIAN_POINT('Ctrl Pts',(-18.6050081787141,-3.83862343285931,89.700618851177));
#7765=CARTESIAN_POINT('Ctrl Pts',(-18.563665663001,-3.82577715503351,89.8142064795618));
#7766=CARTESIAN_POINT('Ctrl Pts',(-18.3851023096786,-3.77029251877651,90.3048052607571));
#7767=CARTESIAN_POINT('Ctrl Pts',(-18.2066153653694,-3.71200857468278,90.7951941099186));
#7768=CARTESIAN_POINT('Ctrl Pts',(-18.0282327991536,-3.6503010777278,91.2852961826157));
#7769=CARTESIAN_POINT('Ctrl Pts',(-17.985208856711,-3.63541789797771,91.4035034929715));
#7770=CARTESIAN_POINT('Ctrl Pts',(-17.9421916302728,-3.62033524334022,91.5216923512573));
#7771=CARTESIAN_POINT('Ctrl Pts',(-17.8991821531807,-3.60504461256267,91.6398599183903));
#7772=CARTESIAN_POINT('Ctrl Pts',(-17.722582266802,-3.54226022548004,92.1250641184933));
#7773=CARTESIAN_POINT('Ctrl Pts',(-17.5461130633138,-3.47596912798002,92.6099092703161));
#7774=CARTESIAN_POINT('Ctrl Pts',(-17.3699317955415,-3.40538383976361,93.0939633252405));
#7775=CARTESIAN_POINT('Ctrl Pts',(-17.3253133398742,-3.3875078953294,93.2165515246746));
#7776=CARTESIAN_POINT('Ctrl Pts',(-17.2807121397908,-3.36935523348813,93.3390923147829));
#7777=CARTESIAN_POINT('Ctrl Pts',(-17.2361305460935,-3.35091306612179,93.4615792367892));
#7778=CARTESIAN_POINT('Ctrl Pts',(-17.1258179986513,-3.30527982841498,93.7646604699685));
#7779=CARTESIAN_POINT('Ctrl Pts',(-17.0156254990717,-3.25787403982522,94.0674118743624));
#7780=CARTESIAN_POINT('Ctrl Pts',(-16.9055583269806,-3.20842075214238,94.3698189443022));
#7781=CARTESIAN_POINT('Ctrl Pts',(-16.8416870664835,-3.17972333255741,94.545303790268));
#7782=CARTESIAN_POINT('Ctrl Pts',(-16.7778580076321,-3.15033644030132,94.720672688164));
#7783=CARTESIAN_POINT('Ctrl Pts',(-16.7140760385055,-3.12019757735469,94.8959122080857));
#7784=CARTESIAN_POINT('Ctrl Pts',(-16.6679432920157,-3.09839849302338,95.022660887348));
#7785=CARTESIAN_POINT('Ctrl Pts',(-16.6218346078222,-3.07620459314553,95.1493434559932));
#7786=CARTESIAN_POINT('Ctrl Pts',(-16.5757517025485,-3.05359186556208,95.2759551976427));
#7787=CARTESIAN_POINT('Ctrl Pts',(-16.4659580587843,-2.99971649155754,95.577610754654));
#7788=CARTESIAN_POINT('Ctrl Pts',(-16.3563107452856,-2.94346368385104,95.8788642725972));
#7789=CARTESIAN_POINT('Ctrl Pts',(-16.2468349099431,-2.88442228550779,96.1796466582099));
#7790=CARTESIAN_POINT('Ctrl Pts',(-16.185011072346,-2.85108007979401,96.3495062560107));
#7791=CARTESIAN_POINT('Ctrl Pts',(-16.1232419221793,-2.81684854773152,96.5192156013396));
#7792=CARTESIAN_POINT('Ctrl Pts',(-16.0615327814173,-2.78163151288293,96.6887600721747));
#7793=CARTESIAN_POINT('Ctrl Pts',(-16.0139722916678,-2.75448902792456,96.8194314438334));
#7794=CARTESIAN_POINT('Ctrl Pts',(-15.966447987539,-2.72676307498858,96.9500033963031));
#7795=CARTESIAN_POINT('Ctrl Pts',(-15.9189633746118,-2.69841008570062,97.0804662980928));
#7796=CARTESIAN_POINT('Ctrl Pts',(-15.8581978921817,-2.6621271096751,97.2474180889527));
#7797=CARTESIAN_POINT('Ctrl Pts',(-15.7974974089755,-2.62481728240786,97.4141912959119));
#7798=CARTESIAN_POINT('Ctrl Pts',(-15.7368737980005,-2.58636206674127,97.5807532981479));
#7799=CARTESIAN_POINT('Ctrl Pts',(-15.6886479100431,-2.55577106610163,97.713252836341));
#7800=CARTESIAN_POINT('Ctrl Pts',(-15.6404688043938,-2.52445199033575,97.845623841203));
#7801=CARTESIAN_POINT('Ctrl Pts',(-15.5923363633326,-2.49234237637868,97.9778666361638));
#7802=CARTESIAN_POINT('Ctrl Pts',(-15.5326807101745,-2.45254551690027,98.141769196161));
#7803=CARTESIAN_POINT('Ctrl Pts',(-15.4730967381384,-2.41153437117386,98.3054748138925));
#7804=CARTESIAN_POINT('Ctrl Pts',(-15.4135775443878,-2.36913064471874,98.4690024547462));
#7805=CARTESIAN_POINT('Ctrl Pts',(-15.3647319032129,-2.33433116111707,98.6032047509131));
#7806=CARTESIAN_POINT('Ctrl Pts',(-15.3159457251113,-2.2986041318663,98.7372436736286));
#7807=CARTESIAN_POINT('Ctrl Pts',(-15.2672246179412,-2.26185771143146,98.8711038154292));
#7808=CARTESIAN_POINT('Ctrl Pts',(-15.2131607284583,-2.22108165914794,99.019643130991));
#7809=CARTESIAN_POINT('Ctrl Pts',(-15.1591769840139,-2.17905034649043,99.1679622498694));
#7810=CARTESIAN_POINT('Ctrl Pts',(-15.1053494303841,-2.13564621482822,99.3158522380121));
#7811=CARTESIAN_POINT('Ctrl Pts',(-15.1008866687345,-2.13204764344328,99.3281135748726));
#7812=CARTESIAN_POINT('Ctrl Pts',(-15.0964249805349,-2.12843963643808,99.3403719624537));
#7813=CARTESIAN_POINT('Ctrl Pts',(-15.0919644198852,-2.12482212748015,99.3526272521169));
#7814=CARTESIAN_POINT('Ctrl Pts',(-15.0426201157371,-2.08480396019175,99.4881996135429));
#7815=CARTESIAN_POINT('Ctrl Pts',(-14.9933826618149,-2.04359845613192,99.623478406386));
#7816=CARTESIAN_POINT('Ctrl Pts',(-14.9443278860016,-2.0011150927087,99.7582552952482));
#7817=CARTESIAN_POINT('Ctrl Pts',(-14.8908612052162,-1.95481084621725,99.9051537933982));
#7818=CARTESIAN_POINT('Ctrl Pts',(-14.8376115667525,-1.90698851612474,100.051455972675));
#7819=CARTESIAN_POINT('Ctrl Pts',(-14.7846013608174,-1.85742103634039,100.197100316434));
#7820=CARTESIAN_POINT('Ctrl Pts',(-14.7810340975985,-1.85408544757275,100.206901291574));
#7821=CARTESIAN_POINT('Ctrl Pts',(-14.777467918518,-1.85074195659185,100.216699288068));
#7822=CARTESIAN_POINT('Ctrl Pts',(-14.7739028397696,-1.84739048062414,100.226494261424));
#7823=CARTESIAN_POINT('Ctrl Pts',(-14.7244867132609,-1.80093513640854,100.36226395311));
#7824=CARTESIAN_POINT('Ctrl Pts',(-14.6752961985058,-1.75295606058065,100.497413781559));
#7825=CARTESIAN_POINT('Ctrl Pts',(-14.6263598142428,-1.70321734200699,100.631865392284));
#7826=CARTESIAN_POINT('Ctrl Pts',(-14.5738837374845,-1.64988089606731,100.77604222821));
#7827=CARTESIAN_POINT('Ctrl Pts',(-14.5216998657982,-1.59452112655177,100.919416237419));
#7828=CARTESIAN_POINT('Ctrl Pts',(-14.4698508123829,-1.53674906062513,101.061870341001));
#7829=CARTESIAN_POINT('Ctrl Pts',(-14.4671675240749,-1.53375924501963,101.069242615043));
#7830=CARTESIAN_POINT('Ctrl Pts',(-14.4644851326432,-1.53076296796597,101.076612424937));
#7831=CARTESIAN_POINT('Ctrl Pts',(-14.4618036474173,-1.5277601532082,101.083979745051));
#7832=CARTESIAN_POINT('Ctrl Pts',(-14.4126749307009,-1.47274421123584,101.218959784968));
#7833=CARTESIAN_POINT('Ctrl Pts',(-14.3638494008185,-1.41554897844134,101.353106825777));
#7834=CARTESIAN_POINT('Ctrl Pts',(-14.3153993136437,-1.35572158178669,101.486222346244));
#7835=CARTESIAN_POINT('Ctrl Pts',(-14.3131520755004,-1.35294663512279,101.492396582298));
#7836=CARTESIAN_POINT('Ctrl Pts',(-14.3109056450118,-1.35016602631989,101.498568599339));
#7837=CARTESIAN_POINT('Ctrl Pts',(-14.3086600317111,-1.34737969339728,101.504738371175));
#7838=CARTESIAN_POINT('Ctrl Pts',(-14.2853761019557,-1.31848924283626,101.568710442404));
#7839=CARTESIAN_POINT('Ctrl Pts',(-14.2621803516806,-1.28898105766616,101.632440242506));
#7840=CARTESIAN_POINT('Ctrl Pts',(-14.239081220816,-1.25878447556176,101.695904582968));
#7841=CARTESIAN_POINT('Ctrl Pts',(-14.2137556406926,-1.22567734421445,101.765486042494));
#7842=CARTESIAN_POINT('Ctrl Pts',(-14.1885462016035,-1.19174273225596,101.834748407158));
#7843=CARTESIAN_POINT('Ctrl Pts',(-14.1634667822001,-1.15686817254167,101.903653545668));
#7844=CARTESIAN_POINT('Ctrl Pts',(-14.161650730465,-1.15434283478717,101.908643106803));
#7845=CARTESIAN_POINT('Ctrl Pts',(-14.1598353605143,-1.15181256814844,101.913630794751));
#7846=CARTESIAN_POINT('Ctrl Pts',(-14.1580206793869,-1.1492773173106,101.918616590172));
#7847=CARTESIAN_POINT('Ctrl Pts',(-14.1347777051705,-1.11680507248021,101.982476136998));
#7848=CARTESIAN_POINT('Ctrl Pts',(-14.1116474147991,-1.08351550485384,102.0460260875));
#7849=CARTESIAN_POINT('Ctrl Pts',(-14.088650595547,-1.04930266607315,102.10920932911));
#7850=CARTESIAN_POINT('Ctrl Pts',(-14.0638523629731,-1.01240982781607,102.177341913145));
#7851=CARTESIAN_POINT('Ctrl Pts',(-14.0392093455098,-0.974443332699933,
102.245048047186));
#7852=CARTESIAN_POINT('Ctrl Pts',(-14.0147541202544,-0.935223687439208,
102.312238226188));
#7853=CARTESIAN_POINT('Ctrl Pts',(-14.0133628589659,-0.932992476169229,
102.316060685153));
#7854=CARTESIAN_POINT('Ctrl Pts',(-14.0119722053228,-0.93075720981678,102.319881474625));
#7855=CARTESIAN_POINT('Ctrl Pts',(-14.0105821672025,-0.928517841765348,
102.323700572961));
#7856=CARTESIAN_POINT('Ctrl Pts',(-13.9875287439738,-0.891378500981784,
102.387039332533));
#7857=CARTESIAN_POINT('Ctrl Pts',(-13.9646454749879,-0.853102274591555,
102.449910597164));
#7858=CARTESIAN_POINT('Ctrl Pts',(-13.9419466750456,-0.813434902411673,
102.512275037473));
#7859=CARTESIAN_POINT('Ctrl Pts',(-13.9179013718678,-0.771414443499358,
102.578338965017));
#7860=CARTESIAN_POINT('Ctrl Pts',(-13.8940629917273,-0.727833426862062,
102.643834376435));
#7861=CARTESIAN_POINT('Ctrl Pts',(-13.8704714853611,-0.682231398988612,
102.708651507644));
#7862=CARTESIAN_POINT('Ctrl Pts',(-13.8694975606732,-0.680348817178365,
102.711327343739));
#7863=CARTESIAN_POINT('Ctrl Pts',(-13.8685240570862,-0.678462788635961,
102.714002022869));
#7864=CARTESIAN_POINT('Ctrl Pts',(-13.86755097953,-0.676573263962108,102.716675531489));
#7865=CARTESIAN_POINT('Ctrl Pts',(-13.8567419056065,-0.655584174502207,
102.746373218094));
#7866=CARTESIAN_POINT('Ctrl Pts',(-13.8460031534971,-0.634204144258102,
102.775877697024));
#7867=CARTESIAN_POINT('Ctrl Pts',(-13.8353375577169,-0.612359891517263,
102.805181180599));
#7868=CARTESIAN_POINT('Ctrl Pts',(-13.8229161754823,-0.586919604962673,
102.839308647811));
#7869=CARTESIAN_POINT('Ctrl Pts',(-13.8105943620446,-0.560850692468827,
102.873162551996));
#7870=CARTESIAN_POINT('Ctrl Pts',(-13.7984744398419,-0.534229098689091,
102.906461764575));
#7871=CARTESIAN_POINT('Ctrl Pts',(-13.7878824060512,-0.510963535085537,
102.935563138243));
#7872=CARTESIAN_POINT('Ctrl Pts',(-13.77743256691,-0.487250060453747,102.964273835325));
#7873=CARTESIAN_POINT('Ctrl Pts',(-13.7671426741338,-0.463015530872718,
102.992545083365));
#7874=CARTESIAN_POINT('Ctrl Pts',(-13.7555484771717,-0.43570913270533,103.024399877703));
#7875=CARTESIAN_POINT('Ctrl Pts',(-13.7441573425657,-0.407741309030556,
103.055696762861));
#7876=CARTESIAN_POINT('Ctrl Pts',(-13.7330244506618,-0.379003953202622,
103.086284131452));
#7877=CARTESIAN_POINT('Ctrl Pts',(-13.7229793458229,-0.353074504270611,
103.113882829697));
#7878=CARTESIAN_POINT('Ctrl Pts',(-13.713145423414,-0.326505538672857,103.140901308588));
#7879=CARTESIAN_POINT('Ctrl Pts',(-13.7035726273047,-0.299110474487555,
103.167202349476));
#7880=CARTESIAN_POINT('Ctrl Pts',(-13.6985268042371,-0.284670529749755,
103.181065634278));
#7881=CARTESIAN_POINT('Ctrl Pts',(-13.6935535506042,-0.270001052602851,
103.194729536391));
#7882=CARTESIAN_POINT('Ctrl Pts',(-13.6886649930691,-0.255061038254369,
103.208160738131));
#7883=CARTESIAN_POINT('Ctrl Pts',(-13.683426775233,-0.239052420360392,103.222552623674));
#7884=CARTESIAN_POINT('Ctrl Pts',(-13.6782857490653,-0.22273333088589,103.236677477615));
#7885=CARTESIAN_POINT('Ctrl Pts',(-13.6732626648375,-0.206035813050137,
103.250478288598));
#7886=CARTESIAN_POINT('Ctrl Pts',(-13.6689163013332,-0.191587820772672,
103.262419824608));
#7887=CARTESIAN_POINT('Ctrl Pts',(-13.6646557644997,-0.176862177939378,
103.274125553346));
#7888=CARTESIAN_POINT('Ctrl Pts',(-13.6605046369961,-0.161810583026998,
103.285530682411));
#7889=CARTESIAN_POINT('Ctrl Pts',(-13.6557714117998,-0.14464835704774,103.298535111741));
#7890=CARTESIAN_POINT('Ctrl Pts',(-13.6511801878876,-0.127061389186184,
103.311149395924));
#7891=CARTESIAN_POINT('Ctrl Pts',(-13.6467894745348,-0.108917049741449,
103.323212780155));
#7892=CARTESIAN_POINT('Ctrl Pts',(-13.6428710551959,-0.09272443481515,103.333978547415));
#7893=CARTESIAN_POINT('Ctrl Pts',(-13.6391146910354,-0.0760026077412718,
103.344299073793));
#7894=CARTESIAN_POINT('Ctrl Pts',(-13.6356539258851,-0.0588455056374958,
103.35380744883));
#7895=CARTESIAN_POINT('Ctrl Pts',(-13.6338262150414,-0.0497844396017262,
103.358829043595));
#7896=CARTESIAN_POINT('Ctrl Pts',(-13.6320809966849,-0.0406020280355392,
103.363623992032));
#7897=CARTESIAN_POINT('Ctrl Pts',(-13.6304382794435,-0.0312456882197216,
103.368137320744));
#7898=CARTESIAN_POINT('Ctrl Pts',(-13.6286493306693,-0.021056465009615,
103.373052417307));
#7899=CARTESIAN_POINT('Ctrl Pts',(-13.6269819078643,-0.0106622537885576,
103.377633623791));
#7900=CARTESIAN_POINT('Ctrl Pts',(-13.6254897339172,-4.38244903691251E-9,
103.381733338017));
#7901=CARTESIAN_POINT('Ctrl Pts',(-10.7985998476948,8.25777464260621E-14,
105.375));
#7902=CARTESIAN_POINT('Ctrl Pts',(-10.7987686889373,-0.079753333077709,
105.371988637496));
#7903=CARTESIAN_POINT('Ctrl Pts',(-10.7990541178546,-0.159489492294267,
105.366276981734));
#7904=CARTESIAN_POINT('Ctrl Pts',(-10.7997910045019,-0.318256050518273,
105.349258896038));
#7905=CARTESIAN_POINT('Ctrl Pts',(-10.8002419702762,-0.397287833416074,
105.337968993141));
#7906=CARTESIAN_POINT('Ctrl Pts',(-10.8008396235506,-0.490993314273266,
105.321107671834));
#7907=CARTESIAN_POINT('Ctrl Pts',(-10.8009378423551,-0.506085384644763,
105.318283868323));
#7908=CARTESIAN_POINT('Ctrl Pts',(-10.8014722299291,-0.586767172556435,
105.302605991191));
#7909=CARTESIAN_POINT('Ctrl Pts',(-10.8019375897188,-0.652048445530868,
105.287854709562));
#7910=CARTESIAN_POINT('Ctrl Pts',(-10.8030030373943,-0.781999831045431,
105.254288246322));
#7911=CARTESIAN_POINT('Ctrl Pts',(-10.8036040621209,-0.846662273422114,
105.235444851049));
#7912=CARTESIAN_POINT('Ctrl Pts',(-10.8047374000033,-0.949735147778266,
105.201964638383));
#7913=CARTESIAN_POINT('Ctrl Pts',(-10.8052061017718,-0.988609724024243,
105.188527937205));
#7914=CARTESIAN_POINT('Ctrl Pts',(-10.8071941842667,-1.13743128022306,105.133992794961));
#7915=CARTESIAN_POINT('Ctrl Pts',(-10.809046242219,-1.24507624430803,105.087940917114));
#7916=CARTESIAN_POINT('Ctrl Pts',(-10.8129673106847,-1.40156636114879,105.011465062707));
#7917=CARTESIAN_POINT('Ctrl Pts',(-10.8144381007728,-1.45225846029875,104.985135462197));
#7918=CARTESIAN_POINT('Ctrl Pts',(-10.8181331454229,-1.56098801097892,104.925331327337));
#7919=CARTESIAN_POINT('Ctrl Pts',(-10.8204426201742,-1.61881830070466,104.891397907275));
#7920=CARTESIAN_POINT('Ctrl Pts',(-10.8258467213217,-1.73375022308409,104.819778348088));
#7921=CARTESIAN_POINT('Ctrl Pts',(-10.8289564754031,-1.79081262261641,104.782029580951));
#7922=CARTESIAN_POINT('Ctrl Pts',(-10.8345482915237,-1.87910879856148,104.720316566586));
#7923=CARTESIAN_POINT('Ctrl Pts',(-10.8367448229614,-1.9111184158073,104.697228090098));
#7924=CARTESIAN_POINT('Ctrl Pts',(-10.8442853205696,-2.01243258474083,104.621935278193));
#7925=CARTESIAN_POINT('Ctrl Pts',(-10.850226698807,-2.0801225584726,104.568227969573));
#7926=CARTESIAN_POINT('Ctrl Pts',(-10.8637069854107,-2.21243735443849,104.456934229346));
#7927=CARTESIAN_POINT('Ctrl Pts',(-10.8712593943086,-2.27703015367084,104.399317762123));
#7928=CARTESIAN_POINT('Ctrl Pts',(-10.8881980496072,-2.40466925219599,104.279273563593));
#7929=CARTESIAN_POINT('Ctrl Pts',(-10.8976292844161,-2.46762317415719,104.216756705481));
#7930=CARTESIAN_POINT('Ctrl Pts',(-10.9174087984551,-2.5856090162647,104.093647838786));
#7931=CARTESIAN_POINT('Ctrl Pts',(-10.927625373181,-2.6408732926934,104.033294503091));
#7932=CARTESIAN_POINT('Ctrl Pts',(-10.9513841496666,-2.7581162074363,103.899735838062));
#7933=CARTESIAN_POINT('Ctrl Pts',(-10.9651968429122,-2.81964333020428,103.82609513876));
#7934=CARTESIAN_POINT('Ctrl Pts',(-10.9915999376189,-2.92706842204213,103.691589202868));
#7935=CARTESIAN_POINT('Ctrl Pts',(-11.003865277823,-2.97359551013196,103.631181921969));
#7936=CARTESIAN_POINT('Ctrl Pts',(-11.0347450476773,-3.0834278405076,103.483736109174));
#7937=CARTESIAN_POINT('Ctrl Pts',(-11.0538629422689,-3.14559017934615,103.396155892304));
#7938=CARTESIAN_POINT('Ctrl Pts',(-11.0855967504559,-3.24105271276899,103.25575992731));
#7939=CARTESIAN_POINT('Ctrl Pts',(-11.0976551319787,-3.27571335149335,103.203450886807));
#7940=CARTESIAN_POINT('Ctrl Pts',(-11.1299574099393,-3.36476081121109,103.065777173971));
#7941=CARTESIAN_POINT('Ctrl Pts',(-11.1506348450356,-3.41804519329,102.980040551502));
#7942=CARTESIAN_POINT('Ctrl Pts',(-11.1936797090236,-3.52245143886118,102.805886842828));
#7943=CARTESIAN_POINT('Ctrl Pts',(-11.2160723531601,-3.57351021270709,102.717449991308));
#7944=CARTESIAN_POINT('Ctrl Pts',(-11.262676985541,-3.67407755008588,102.537203180325));
#7945=CARTESIAN_POINT('Ctrl Pts',(-11.2869221118727,-3.72350452532759,102.445367323442));
#7946=CARTESIAN_POINT('Ctrl Pts',(-11.317908129212,-3.78358278102464,102.33000838167));
#7947=CARTESIAN_POINT('Ctrl Pts',(-11.3241313271085,-3.79549810595387,102.306937544158));
#7948=CARTESIAN_POINT('Ctrl Pts',(-11.3596626383403,-3.86270589083268,102.175740198209));
#7949=CARTESIAN_POINT('Ctrl Pts',(-11.3896652823566,-3.91629219747598,102.066996437652));
#7950=CARTESIAN_POINT('Ctrl Pts',(-11.4518788318928,-4.02182149953405,101.845153285148));
#7951=CARTESIAN_POINT('Ctrl Pts',(-11.4841289631637,-4.07366716614783,101.732020890272));
#7952=CARTESIAN_POINT('Ctrl Pts',(-11.5389981468805,-4.15775621698404,101.542170335094));
#7953=CARTESIAN_POINT('Ctrl Pts',(-11.5612902534406,-4.19083056699816,101.465732054219));
#7954=CARTESIAN_POINT('Ctrl Pts',(-11.6222534352784,-4.27861960191523,101.258313258618));
#7955=CARTESIAN_POINT('Ctrl Pts',(-11.661382596526,-4.33214925489544,101.126878358475));
#7956=CARTESIAN_POINT('Ctrl Pts',(-11.742228821674,-4.43767498663571,100.858503882498));
#7957=CARTESIAN_POINT('Ctrl Pts',(-11.7839886717105,-4.4895603396692,100.721526856475));
#7958=CARTESIAN_POINT('Ctrl Pts',(-11.8695194920003,-4.59117205801687,100.443934214873));
#7959=CARTESIAN_POINT('Ctrl Pts',(-11.9133136687369,-4.64083790726681,100.303298996002));
#7960=CARTESIAN_POINT('Ctrl Pts',(-12.0032434042829,-4.73863629000236,100.017078961457));
#7961=CARTESIAN_POINT('Ctrl Pts',(-12.0494101561788,-4.78668581569852,99.8714664549563));
#7962=CARTESIAN_POINT('Ctrl Pts',(-12.1154345621843,-4.85275847542933,99.6646769094347));
#7963=CARTESIAN_POINT('Ctrl Pts',(-12.1348864445466,-4.87190576964949,99.6039280057661));
#7964=CARTESIAN_POINT('Ctrl Pts',(-12.2178117570653,-4.95225921809787,99.3455938701625));
#7965=CARTESIAN_POINT('Ctrl Pts',(-12.2820326015413,-5.0113057847486,99.1472418324318));
#7966=CARTESIAN_POINT('Ctrl Pts',(-12.3846499366667,-5.10130204766097,98.8326604073187));
#7967=CARTESIAN_POINT('Ctrl Pts',(-12.4226413308919,-5.1336952677219,98.7166958350279));
#7968=CARTESIAN_POINT('Ctrl Pts',(-12.5172899798363,-5.21229253365595,98.4289143290819));
#7969=CARTESIAN_POINT('Ctrl Pts',(-12.5741454210392,-5.25765730382021,98.2570288587892));
#7970=CARTESIAN_POINT('Ctrl Pts',(-12.6790437991441,-5.33835553149996,97.9414701238213));
#7971=CARTESIAN_POINT('Ctrl Pts',(-12.7269882991293,-5.37410645819846,97.7978335843025));
#7972=CARTESIAN_POINT('Ctrl Pts',(-12.8414423379646,-5.45702676842276,97.4561111041161));
#7973=CARTESIAN_POINT('Ctrl Pts',(-12.9081334349035,-5.50342169090054,97.2579042480984));
#7974=CARTESIAN_POINT('Ctrl Pts',(-13.0435358643192,-5.59415765711587,96.8571971541976));
#7975=CARTESIAN_POINT('Ctrl Pts',(-13.1122609277467,-5.63843901375211,96.6546901231867));
#7976=CARTESIAN_POINT('Ctrl Pts',(-13.2522541298722,-5.72545085068197,96.2437212963383));
#7977=CARTESIAN_POINT('Ctrl Pts',(-13.3235396615488,-5.76810335039732,96.0352511231214));
#7978=CARTESIAN_POINT('Ctrl Pts',(-13.4035561188464,-5.81434833943716,95.8019419505209));
#7979=CARTESIAN_POINT('Ctrl Pts',(-13.4120174323795,-5.81921817845083,95.7772793306034));
#7980=CARTESIAN_POINT('Ctrl Pts',(-13.4996312813086,-5.86943640637306,95.5219921438569));
#7981=CARTESIAN_POINT('Ctrl Pts',(-13.5791066570745,-5.91323824594409,95.291161782647));
#7982=CARTESIAN_POINT('Ctrl Pts',(-13.7412390643936,-5.99941643576955,94.8216708868664));
#7983=CARTESIAN_POINT('Ctrl Pts',(-13.82391545457,-6.0416999394281,94.5829999422355));
#7984=CARTESIAN_POINT('Ctrl Pts',(-13.9649236775268,-6.11130781687951,94.1770084948181));
#7985=CARTESIAN_POINT('Ctrl Pts',(-14.0231154417639,-6.13931298701092,94.0097693934446));
#7986=CARTESIAN_POINT('Ctrl Pts',(-14.1742011680309,-6.21030696415857,93.5762239903572));
#7987=CARTESIAN_POINT('Ctrl Pts',(-14.267281423815,-6.25236925251221,93.309790026472));
#7988=CARTESIAN_POINT('Ctrl Pts',(-14.4568641744458,-6.33501239286178,92.7683616116475));
#7989=CARTESIAN_POINT('Ctrl Pts',(-14.5533833827622,-6.37550698120383,92.4933574529632));
#7990=CARTESIAN_POINT('Ctrl Pts',(-14.6844355911621,-6.42859608242952,92.1206834362497));
#7991=CARTESIAN_POINT('Ctrl Pts',(-14.7187621041776,-6.44232631285488,92.0231352738319));
#7992=CARTESIAN_POINT('Ctrl Pts',(-14.8597371449099,-6.49802592496073,91.6227622965199));
#7993=CARTESIAN_POINT('Ctrl Pts',(-14.9666240235468,-6.53864756163258,91.3197467861923));
#7994=CARTESIAN_POINT('Ctrl Pts',(-15.1848152769512,-6.61865390620764,90.7023219722498));
#7995=CARTESIAN_POINT('Ctrl Pts',(-15.2961371298676,-6.65793763956127,90.3879047078985));
#7996=CARTESIAN_POINT('Ctrl Pts',(-15.5253948690534,-6.73605070609602,89.7415228182747));
#7997=CARTESIAN_POINT('Ctrl Pts',(-15.6433550247859,-6.77473389808139,89.4095525733402));
#7998=CARTESIAN_POINT('Ctrl Pts',(-15.8796619074862,-6.84958964004365,88.7455333582368));
#7999=CARTESIAN_POINT('Ctrl Pts',(-15.9980086344539,-6.88576203365074,88.4134839326626));
#8000=CARTESIAN_POINT('Ctrl Pts',(-16.2464702277458,-6.95930105328359,87.7170856676827));
#8001=CARTESIAN_POINT('Ctrl Pts',(-16.3766154345247,-6.99644050891199,87.3527562905655));
#8002=CARTESIAN_POINT('Ctrl Pts',(-16.6406387090796,-7.06934361366139,86.6145813871046));
#8003=CARTESIAN_POINT('Ctrl Pts',(-16.7745255498489,-7.10504596429975,86.2407354178461));
#8004=CARTESIAN_POINT('Ctrl Pts',(-17.0482484450966,-7.17580126035824,85.4773426811327));
#8005=CARTESIAN_POINT('Ctrl Pts',(-17.1880981892071,-7.21076388595702,85.0877957867289));
#8006=CARTESIAN_POINT('Ctrl Pts',(-17.3837713917268,-7.25826989366479,84.5432945133749));
#8007=CARTESIAN_POINT('Ctrl Pts',(-17.4394632818851,-7.27163112101955,84.3883807267467));
#8008=CARTESIAN_POINT('Ctrl Pts',(-17.6510666024859,-7.32183026061222,83.7999785735782));
#8009=CARTESIAN_POINT('Ctrl Pts',(-17.8071394185198,-7.35768578710434,83.3664279607791));
#8010=CARTESIAN_POINT('Ctrl Pts',(-18.1284302836948,-7.42949572451912,82.474837848136));
#8011=CARTESIAN_POINT('Ctrl Pts',(-18.2936675714572,-7.46534155044585,82.0167964071553));
#8012=CARTESIAN_POINT('Ctrl Pts',(-18.600493528696,-7.53028414021321,81.1670960554055));
#8013=CARTESIAN_POINT('Ctrl Pts',(-18.7420385117958,-7.55960568416732,80.7754370313927));
#8014=CARTESIAN_POINT('Ctrl Pts',(-19.0687873626601,-7.62610733079406,79.8719252424619));
#8015=CARTESIAN_POINT('Ctrl Pts',(-19.254065282855,-7.66293810925379,79.3600742320664));
#8016=CARTESIAN_POINT('Ctrl Pts',(-19.6406820454239,-7.73847481721254,78.2929948070799));
#8017=CARTESIAN_POINT('Ctrl Pts',(-19.8420499551487,-7.77707459791844,77.7377699978814));
#8018=CARTESIAN_POINT('Ctrl Pts',(-20.1221056639938,-7.83013642939271,76.9662847735534));
#8019=CARTESIAN_POINT('Ctrl Pts',(-20.200644962419,-7.84494920640508,76.7500042535457));
#8020=CARTESIAN_POINT('Ctrl Pts',(-20.5162548281453,-7.90426925128242,75.8811668875144));
#8021=CARTESIAN_POINT('Ctrl Pts',(-20.7535318977175,-7.9484015012227,75.2286393828984));
#8022=CARTESIAN_POINT('Ctrl Pts',(-21.2205515890449,-8.03521792513454,73.9456372096502));
#8023=CARTESIAN_POINT('Ctrl Pts',(-21.4502802356595,-8.07790036044389,73.3151542251347));
#8024=CARTESIAN_POINT('Ctrl Pts',(-21.955090417397,-8.17250143211852,71.9310499030546));
#8025=CARTESIAN_POINT('Ctrl Pts',(-22.2302493442924,-8.22459018306188,71.1774939539617));
#8026=CARTESIAN_POINT('Ctrl Pts',(-22.6988755865517,-8.31534069874118,69.8956107754745));
#8027=CARTESIAN_POINT('Ctrl Pts',(-22.8922239078605,-8.35337216076621,69.3671597265384));
#8028=CARTESIAN_POINT('Ctrl Pts',(-23.2964113125766,-8.43460898531024,68.2633933331885));
#8029=CARTESIAN_POINT('Ctrl Pts',(-23.5072704373049,-8.47796408422388,67.6882180625265));
#8030=CARTESIAN_POINT('Ctrl Pts',(-23.9061556160525,-8.56245313024884,66.6012711699847));
#8031=CARTESIAN_POINT('Ctrl Pts',(-24.0941538727518,-8.60331051359695,66.0894525110016));
#8032=CARTESIAN_POINT('Ctrl Pts',(-24.4619758130217,-8.68576812973706,65.0889897402294));
#8033=CARTESIAN_POINT('Ctrl Pts',(-24.6417897796246,-8.72725365404246,64.6003306219058));
#8034=CARTESIAN_POINT('Ctrl Pts',(-25.0026821332344,-8.81334726229575,63.6205200581948));
#8035=CARTESIAN_POINT('Ctrl Pts',(-25.1837617621934,-8.85797191137415,63.129369968768));
#8036=CARTESIAN_POINT('Ctrl Pts',(-25.5303620684006,-8.94661520057723,62.1903609109575));
#8037=CARTESIAN_POINT('Ctrl Pts',(-25.6958641951612,-8.99034816678957,61.7424574798948));
#8038=CARTESIAN_POINT('Ctrl Pts',(-25.8772620159382,-9.04005837623121,61.2521845751269));
#8039=CARTESIAN_POINT('Ctrl Pts',(-25.8930625368804,-9.04440311870167,61.2094851532645));
#8040=CARTESIAN_POINT('Ctrl Pts',(-26.0578974876742,-9.08988470171894,60.7640921770571));
#8041=CARTESIAN_POINT('Ctrl Pts',(-26.2070090682789,-9.1323612745446,60.3616422031524));
#8042=CARTESIAN_POINT('Ctrl Pts',(-26.5012355932364,-9.21917534000834,59.5684537646949));
#8043=CARTESIAN_POINT('Ctrl Pts',(-26.646345536375,-9.26342733729635,59.1777026554463));
#8044=CARTESIAN_POINT('Ctrl Pts',(-26.9314872400818,-9.35357485326914,58.4108530225841));
#8045=CARTESIAN_POINT('Ctrl Pts',(-27.0715120779657,-9.39935231168036,58.0347374827029));
#8046=CARTESIAN_POINT('Ctrl Pts',(-27.2502827273758,-9.45995960609976,57.5552591421128));
#8047=CARTESIAN_POINT('Ctrl Pts',(-27.2889357016534,-9.47319280393662,57.4516311564456));
#8048=CARTESIAN_POINT('Ctrl Pts',(-27.4532603938224,-9.53001670887817,57.0112718676514));
#8049=CARTESIAN_POINT('Ctrl Pts',(-27.5790072833808,-9.57490185832459,56.6747945669454));
#8050=CARTESIAN_POINT('Ctrl Pts',(-27.8277253213941,-9.66678294648837,56.0102597410416));
#8051=CARTESIAN_POINT('Ctrl Pts',(-27.9506918543156,-9.7137038828593,55.6821909088015));
#8052=CARTESIAN_POINT('Ctrl Pts',(-28.1923848974524,-9.80920278677596,55.0383948722881));
#8053=CARTESIAN_POINT('Ctrl Pts',(-28.3111036587405,-9.85765915094754,54.7226509669161));
#8054=CARTESIAN_POINT('Ctrl Pts',(-28.5378155462914,-9.9534730344983,54.1207799480009));
#8055=CARTESIAN_POINT('Ctrl Pts',(-28.6457885593438,-10.0005202087902,53.8346060810243));
#8056=CARTESIAN_POINT('Ctrl Pts',(-28.8590044577666,-10.096494420433,53.2706181924388));
#8057=CARTESIAN_POINT('Ctrl Pts',(-28.9642417592009,-10.1453272969225,52.9928331336308));
#8058=CARTESIAN_POINT('Ctrl Pts',(-29.1709572385816,-10.244440554734,52.4483378921909));
#8059=CARTESIAN_POINT('Ctrl Pts',(-29.2724263207345,-10.2945954250317,52.1816078802934));
#8060=CARTESIAN_POINT('Ctrl Pts',(-29.4735365546903,-10.3972990151798,51.6541221759123));
#8061=CARTESIAN_POINT('Ctrl Pts',(-29.5731722427829,-10.4497769611301,51.3933565467037));
#8062=CARTESIAN_POINT('Ctrl Pts',(-29.7695701127483,-10.5566916927757,50.8806368997641));
#8063=CARTESIAN_POINT('Ctrl Pts',(-29.8663230409568,-10.611013283469,50.628666007661));
#8064=CARTESIAN_POINT('Ctrl Pts',(-30.0399402408479,-10.7117511065064,50.1778463329878));
#8065=CARTESIAN_POINT('Ctrl Pts',(-30.1167460308101,-10.7574550052697,49.9788740985458));
#8066=CARTESIAN_POINT('Ctrl Pts',(-30.2780957097217,-10.8560483296519,49.5620335133199));
#8067=CARTESIAN_POINT('Ctrl Pts',(-30.3626615482922,-10.9092092150456,49.3441908772365));
#8068=CARTESIAN_POINT('Ctrl Pts',(-30.529379721757,-11.0172442896675,48.916084437734));
#8069=CARTESIAN_POINT('Ctrl Pts',(-30.6115215782689,-11.0720073031965,48.7058034808197));
#8070=CARTESIAN_POINT('Ctrl Pts',(-30.7699985598816,-11.1809147747503,48.3015441445692));
#8071=CARTESIAN_POINT('Ctrl Pts',(-30.8463067648633,-11.2347972373851,48.1075270259928));
#8072=CARTESIAN_POINT('Ctrl Pts',(-31.006372765603,-11.3511241042958,47.7021282122758));
#8073=CARTESIAN_POINT('Ctrl Pts',(-31.090166379328,-11.4139058350839,47.4907785172658));
#8074=CARTESIAN_POINT('Ctrl Pts',(-31.2131002165691,-11.5090852453787,47.1821826562571));
#8075=CARTESIAN_POINT('Ctrl Pts',(-31.2520900402577,-11.5397230576654,47.0845250907055));
#8076=CARTESIAN_POINT('Ctrl Pts',(-31.3527105652055,-11.6200100958503,46.8331048928684));
#8077=CARTESIAN_POINT('Ctrl Pts',(-31.4143983581243,-11.6704041939968,46.6795560577308));
#8078=CARTESIAN_POINT('Ctrl Pts',(-31.5337803897909,-11.7704104199949,46.3836377390838));
#8079=CARTESIAN_POINT('Ctrl Pts',(-31.5914430033842,-11.8198185455621,46.241258202548));
#8080=CARTESIAN_POINT('Ctrl Pts',(-31.6538970470867,-11.8746328187783,46.0877351962744));
#8081=CARTESIAN_POINT('Ctrl Pts',(-31.6583875133289,-11.8785811929997,46.076700672072));
#8082=CARTESIAN_POINT('Ctrl Pts',(-31.6628798444816,-11.8825384672222,46.0656654467776));
#8083=CARTESIAN_POINT('Ctrl Pts',(-34.481957706826,9.05862188706389,46.0790585328709));
#8084=CARTESIAN_POINT('Ctrl Pts',(-34.1901788239634,11.5902587694768,46.8807144250096));
#8085=CARTESIAN_POINT('Ctrl Pts',(-31.6628798444683,11.8825384670343,46.0656654467775));
#8086=CARTESIAN_POINT('Ctrl Pts',(-34.0519699311309,8.63497386774099,47.2604402372347));
#8087=CARTESIAN_POINT('Ctrl Pts',(-33.789954769599,11.236959136193,47.9803209772615));
#8088=CARTESIAN_POINT('Ctrl Pts',(-31.2328920687923,11.503764045498,47.1219129652794));
#8089=CARTESIAN_POINT('Ctrl Pts',(-33.1848723417114,7.95140731385351,49.6427712846285));
#8090=CARTESIAN_POINT('Ctrl Pts',(-32.9706381385625,10.650592069004,50.2313749201786));
#8091=CARTESIAN_POINT('Ctrl Pts',(-30.3657944793449,10.8705503028757,49.3192168104528));
#8092=CARTESIAN_POINT('Ctrl Pts',(-31.8720756708068,7.20538196947374,53.2496504942739));
#8093=CARTESIAN_POINT('Ctrl Pts',(-31.7092238141832,9.9913416079239,53.6970822930844));
#8094=CARTESIAN_POINT('Ctrl Pts',(-29.0529978084515,10.1601925992778,52.7491309435349));
#8095=CARTESIAN_POINT('Ctrl Pts',(-30.5514396493568,6.63957671370547,56.8780681425262));
#8096=CARTESIAN_POINT('Ctrl Pts',(-30.42409689242,9.47970082666725,57.2279394917357));
#8097=CARTESIAN_POINT('Ctrl Pts',(-27.7323617869985,9.61239147059506,56.258784202057));
#8098=CARTESIAN_POINT('Ctrl Pts',(-29.2255215995787,6.19519988115532,60.5209980443391));
#8099=CARTESIAN_POINT('Ctrl Pts',(-29.1231971175588,9.07082089899521,60.8021322481475));
#8100=CARTESIAN_POINT('Ctrl Pts',(-26.4064437372211,9.17783002088741,59.8196812479472));
#8101=CARTESIAN_POINT('Ctrl Pts',(-27.895954208776,5.83472130881082,64.1739544282125));
#8102=CARTESIAN_POINT('Ctrl Pts',(-27.8111957840818,8.73392006464146,64.4068262861679));
#8103=CARTESIAN_POINT('Ctrl Pts',(-25.0768763464182,8.82283441310329,63.4159903419734));
#8104=CARTESIAN_POINT('Ctrl Pts',(-26.5639050750527,5.53128437062918,67.8337293447213));
#8105=CARTESIAN_POINT('Ctrl Pts',(-26.4909941386147,8.4457193636355,68.0340504962161));
#8106=CARTESIAN_POINT('Ctrl Pts',(-23.744827212695,8.52246392006915,67.0381537715724));
#8107=CARTESIAN_POINT('Ctrl Pts',(-25.2302847696695,5.26401015727329,71.497821019888));
#8108=CARTESIAN_POINT('Ctrl Pts',(-25.1644805312431,8.18723617845477,71.6786166790688));
#8109=CARTESIAN_POINT('Ctrl Pts',(-22.4112069073117,8.25677160361015,70.6801885863426));
#8110=CARTESIAN_POINT('Ctrl Pts',(-23.8958598050185,5.01507443749542,75.164123478223));
#8111=CARTESIAN_POINT('Ctrl Pts',(-23.8328913292189,7.941548092288,75.3371279436199));
#8112=CARTESIAN_POINT('Ctrl Pts',(-21.0767819426608,8.00837928387278,74.3383565825945));
#8113=CARTESIAN_POINT('Ctrl Pts',(-22.5613922368008,4.76771498407546,78.8305429888955));
#8114=CARTESIAN_POINT('Ctrl Pts',(-22.4970410620962,7.69204890095936,79.0073463883119));
#8115=CARTESIAN_POINT('Ctrl Pts',(-19.7423143744431,7.7606452075424,78.0104106416433));
#8116=CARTESIAN_POINT('Ctrl Pts',(-21.4497165204752,4.54836122962193,81.8848469172564));
#8117=CARTESIAN_POINT('Ctrl Pts',(-21.3802063703912,7.46593021359789,82.075824485035));
#8118=CARTESIAN_POINT('Ctrl Pts',(-18.6306386581175,7.54007752286471,81.0819810630939));
#8119=CARTESIAN_POINT('Ctrl Pts',(-20.5608895899712,4.35466783443118,84.3268788386191));
#8120=CARTESIAN_POINT('Ctrl Pts',(-20.4841329013585,7.26294827972294,84.5377661073746));
#8121=CARTESIAN_POINT('Ctrl Pts',(-17.7418117276135,7.34456147389649,83.5471279306251));
#8122=CARTESIAN_POINT('Ctrl Pts',(-19.8946180584959,4.19714564869497,86.157444826573));
#8123=CARTESIAN_POINT('Ctrl Pts',(-19.8110276351858,7.09623567068847,86.3871076271002));
#8124=CARTESIAN_POINT('Ctrl Pts',(-17.0755401961382,7.18509189632286,85.4004533531459));
#8125=CARTESIAN_POINT('Ctrl Pts',(-19.2287894005959,4.02375461163898,87.9867940293791));
#8126=CARTESIAN_POINT('Ctrl Pts',(-19.1364717568572,6.91087362546482,88.2404346709684));
#8127=CARTESIAN_POINT('Ctrl Pts',(-16.4097115382382,7.00894911146533,87.2590183224895));
#8128=CARTESIAN_POINT('Ctrl Pts',(-18.5635583063446,3.83008838740722,89.8145014395536));
#8129=CARTESIAN_POINT('Ctrl Pts',(-18.4602180469407,6.70170203092212,90.0984264687865));
#8130=CARTESIAN_POINT('Ctrl Pts',(-15.7444804439868,6.81137340806032,89.1238894223048));
#8131=CARTESIAN_POINT('Ctrl Pts',(-17.8989718160097,3.61054200455243,91.6404378150232));
#8132=CARTESIAN_POINT('Ctrl Pts',(-17.7817258491207,6.46196430183483,91.962568461573));
#8133=CARTESIAN_POINT('Ctrl Pts',(-15.079893953652,6.58618223047331,90.9971448170148));
#8134=CARTESIAN_POINT('Ctrl Pts',(-17.3462021046757,3.40008342184238,93.159160115072));
#8135=CARTESIAN_POINT('Ctrl Pts',(-17.2139510836578,6.22918795176802,93.5225168090184));
#8136=CARTESIAN_POINT('Ctrl Pts',(-14.527124242318,6.3687813025231,92.5664901013199));
#8137=CARTESIAN_POINT('Ctrl Pts',(-16.9054341813796,3.21046628110696,94.3701600315479));
#8138=CARTESIAN_POINT('Ctrl Pts',(-16.7584652112123,6.01687222427094,94.7739539584429));
#8139=CARTESIAN_POINT('Ctrl Pts',(-14.0863563190218,6.17138388254381,93.8273341466821));
#8140=CARTESIAN_POINT('Ctrl Pts',(-16.5756045328783,3.05595322893506,95.2763595430719));
#8141=CARTESIAN_POINT('Ctrl Pts',(-16.4162894231962,5.84247317638481,95.7140742095012));
#8142=CARTESIAN_POINT('Ctrl Pts',(-13.7565266705205,6.00954972964337,94.7766090491878));
#8143=CARTESIAN_POINT('Ctrl Pts',(-16.2466623456481,2.88719459550909,96.1801207747929));
#8144=CARTESIAN_POINT('Ctrl Pts',(-16.0731443202222,5.65008282995219,96.6568576315189));
#8145=CARTESIAN_POINT('Ctrl Pts',(-13.4275844832903,5.83147784205407,95.7304307334211));
#8146=CARTESIAN_POINT('Ctrl Pts',(-15.9187602812173,2.70172701546792,97.0810242926088));
#8147=CARTESIAN_POINT('Ctrl Pts',(-15.7287464307574,5.43613074529507,97.6030830561311));
#8148=CARTESIAN_POINT('Ctrl Pts',(-13.0996824188596,5.63395132609782,96.690168643639));
#8149=CARTESIAN_POINT('Ctrl Pts',(-15.5920772779244,2.4963506875308,97.978578467476));
#8150=CARTESIAN_POINT('Ctrl Pts',(-15.3826607411449,5.19577720288665,98.5539456735383));
#8151=CARTESIAN_POINT('Ctrl Pts',(-12.7729994155666,5.4125993494613,97.6578907731646));
#8152=CARTESIAN_POINT('Ctrl Pts',(-15.3211378598614,2.30514949384674,98.7229784006437));
#8153=CARTESIAN_POINT('Ctrl Pts',(-15.0921972149094,4.96781259226159,99.3519876530448));
#8154=CARTESIAN_POINT('Ctrl Pts',(-12.5020599975038,5.20328362420988,98.4732991294221));
#8155=CARTESIAN_POINT('Ctrl Pts',(-15.1052104282861,2.13703189266777,99.3162341431381));
#8156=CARTESIAN_POINT('Ctrl Pts',(-14.8579581597567,4.76354538071357,99.9955541678317));
#8157=CARTESIAN_POINT('Ctrl Pts',(-12.2861325659284,5.01610544088356,99.1339588719932));
#8158=CARTESIAN_POINT('Ctrl Pts',(-14.9440994115924,2.0026238536116,99.7588830235295));
#8159=CARTESIAN_POINT('Ctrl Pts',(-14.6817372515051,4.59807991073535,100.479717134088));
#8160=CARTESIAN_POINT('Ctrl Pts',(-12.1250215492346,4.8644650998161,99.6334866838499));
#8161=CARTESIAN_POINT('Ctrl Pts',(-14.7843599490752,1.85915626379438,100.197763589791));
#8162=CARTESIAN_POINT('Ctrl Pts',(-14.5050988749566,4.4185394976004,100.965027085065));
#8163=CARTESIAN_POINT('Ctrl Pts',(-11.9652820867175,4.69999501949283,100.136785500202));
#8164=CARTESIAN_POINT('Ctrl Pts',(-14.6260750662791,1.70522146324834,100.632647731114));
#8165=CARTESIAN_POINT('Ctrl Pts',(-14.3277216153043,4.22208065275325,101.452367100684));
#8166=CARTESIAN_POINT('Ctrl Pts',(-11.8069972039214,4.52001249495364,100.645493227026));
#8167=CARTESIAN_POINT('Ctrl Pts',(-14.469513312199,1.53913880219783,101.0627976152));
#8168=CARTESIAN_POINT('Ctrl Pts',(-14.1493284730166,4.00495425147027,101.942498230905));
#8169=CARTESIAN_POINT('Ctrl Pts',(-11.6504354498413,4.32092558885616,101.161443662935));
#8170=CARTESIAN_POINT('Ctrl Pts',(-14.3407396539224,1.38873440141413,101.416600333535));
#8171=CARTESIAN_POINT('Ctrl Pts',(-13.9993069153011,3.80215844309395,102.35467907316));
#8172=CARTESIAN_POINT('Ctrl Pts',(-11.5216617915647,4.13474599460533,101.599843609309));
#8173=CARTESIAN_POINT('Ctrl Pts',(-14.2389655325267,1.25960377085362,101.696222433955));
#8174=CARTESIAN_POINT('Ctrl Pts',(-13.8781108973333,3.62253512673159,102.687662395854));
#8175=CARTESIAN_POINT('Ctrl Pts',(-11.419887670169,3.96940077900991,101.958016776715));
#8176=CARTESIAN_POINT('Ctrl Pts',(-14.1633349930104,1.1578013021348,101.904015633497));
#8177=CARTESIAN_POINT('Ctrl Pts',(-13.7865846201399,3.47770965034909,102.93912877573));
#8178=CARTESIAN_POINT('Ctrl Pts',(-11.3442571306527,3.83557219739121,102.231299200414));
#8179=CARTESIAN_POINT('Ctrl Pts',(-14.0884983982974,1.05038032336799,102.10962748762));
#8180=CARTESIAN_POINT('Ctrl Pts',(-13.6941445003157,3.3206030128821,103.193105917599));
#8181=CARTESIAN_POINT('Ctrl Pts',(-11.2694205359396,3.68982216033055,102.510438386271));
#8182=CARTESIAN_POINT('Ctrl Pts',(-14.0145773873081,0.936479609910564,102.312723796136));
#8183=CARTESIAN_POINT('Ctrl Pts',(-13.6005112202874,3.14835780309654,103.450361240186));
#8184=CARTESIAN_POINT('Ctrl Pts',(-11.1954995249504,3.5291630547562,102.797146567841));
#8185=CARTESIAN_POINT('Ctrl Pts',(-13.9417351451779,0.814945464515589,102.512856211571));
#8186=CARTESIAN_POINT('Ctrl Pts',(-13.5052677042061,2.95676471779386,103.712040649968));
#8187=CARTESIAN_POINT('Ctrl Pts',(-11.1226572828202,3.34911101890895,103.093974103674));
#8188=CARTESIAN_POINT('Ctrl Pts',(-13.8821207641477,0.705968248598459,102.676645377327));
#8189=CARTESIAN_POINT('Ctrl Pts',(-13.4239479929412,2.7754599180929,103.935464720426));
#8190=CARTESIAN_POINT('Ctrl Pts',(-11.0630429017899,3.17707910474501,103.353043842037));
#8191=CARTESIAN_POINT('Ctrl Pts',(-13.8352582346484,0.612926053936488,102.805399118944));
#8192=CARTESIAN_POINT('Ctrl Pts',(-13.3571509634341,2.6115967209397,104.118988050683));
#8193=CARTESIAN_POINT('Ctrl Pts',(-11.0161803722907,3.01979709853224,103.570862327607));
#8194=CARTESIAN_POINT('Ctrl Pts',(-13.8005914261867,0.539730109152602,102.900645392398));
#8195=CARTESIAN_POINT('Ctrl Pts',(-13.3059946229237,2.47693882739829,104.259538941097));
#8196=CARTESIAN_POINT('Ctrl Pts',(-10.981513563829,2.88914099043212,103.741038946617));
#8197=CARTESIAN_POINT('Ctrl Pts',(-13.7669566220963,0.463608314818265,102.993056257144));
#8198=CARTESIAN_POINT('Ctrl Pts',(-13.2541174901101,2.3290739672306,104.402070192089));
#8199=CARTESIAN_POINT('Ctrl Pts',(-10.9478787597386,2.74391782119388,103.917587851533));
#8200=CARTESIAN_POINT('Ctrl Pts',(-13.7344428205181,0.383912794972198,103.0823871928));
#8201=CARTESIAN_POINT('Ctrl Pts',(-13.2010586677876,2.16329765371325,104.547848108322));
#8202=CARTESIAN_POINT('Ctrl Pts',(-10.9153649581604,2.57857045124236,104.10328022262));
#8203=CARTESIAN_POINT('Ctrl Pts',(-13.7084893858657,0.31395867994085,103.153693668465));
#8204=CARTESIAN_POINT('Ctrl Pts',(-13.1553608909826,2.00414781922785,104.673401718214));
#8205=CARTESIAN_POINT('Ctrl Pts',(-10.889411523508,2.41678832291141,104.268796891375));
#8206=CARTESIAN_POINT('Ctrl Pts',(-13.6885956807237,0.255282097032427,103.208351174132));
#8207=CARTESIAN_POINT('Ctrl Pts',(-13.117334094589,1.85681168721761,104.777879482639));
#8208=CARTESIAN_POINT('Ctrl Pts',(-10.869517818366,2.26386172950163,104.411466016712));
#8209=CARTESIAN_POINT('Ctrl Pts',(-13.6741837666758,0.209689487585184,103.24794758255));
#8210=CARTESIAN_POINT('Ctrl Pts',(-13.0878530010445,1.73296809187687,104.858878121453));
#8211=CARTESIAN_POINT('Ctrl Pts',(-10.8551059043181,2.13304483818515,104.52529454697));
#8212=CARTESIAN_POINT('Ctrl Pts',(-13.6603806036374,0.162200706970647,103.285871461315));
#8213=CARTESIAN_POINT('Ctrl Pts',(-13.0569824515338,1.59028948878999,104.94369425916));
#8214=CARTESIAN_POINT('Ctrl Pts',(-10.8413027412797,1.97929837349491,104.64850520001));
#8215=CARTESIAN_POINT('Ctrl Pts',(-13.647338002384,0.112332618493506,103.32170571375));
#8216=CARTESIAN_POINT('Ctrl Pts',(-13.0240379557261,1.41861598910642,105.034208517487));
#8217=CARTESIAN_POINT('Ctrl Pts',(-10.8282601400263,1.78958954328445,104.785449751688));
#8218=CARTESIAN_POINT('Ctrl Pts',(-13.6373332376063,0.0681060417406013,
103.349193579063));
#8219=CARTESIAN_POINT('Ctrl Pts',(-12.9936854970402,1.23389528774741,105.117601212351));
#8220=CARTESIAN_POINT('Ctrl Pts',(-10.8182553752485,1.57906678672342,104.9182337777));
#8221=CARTESIAN_POINT('Ctrl Pts',(-13.6303393969667,0.0314012693752522,
103.368408998296));
#8222=CARTESIAN_POINT('Ctrl Pts',(-12.9670526742788,1.03676614104404,105.190774291505));
#8223=CARTESIAN_POINT('Ctrl Pts',(-10.811261534609,1.34625973536023,105.041037086727));
#8224=CARTESIAN_POINT('Ctrl Pts',(-13.6264918743144,0.007638933782585,103.378979979904));
#8225=CARTESIAN_POINT('Ctrl Pts',(-12.9490427303677,0.878816886465161,105.240256205726));
#8226=CARTESIAN_POINT('Ctrl Pts',(-10.8074140119567,1.15456258615378,105.127469537524));
#8227=CARTESIAN_POINT('Ctrl Pts',(-13.6238533766877,-0.0120007390458943,
103.386229192554));
#8228=CARTESIAN_POINT('Ctrl Pts',(-12.9343344668108,0.721124018496337,105.280666827728));
#8229=CARTESIAN_POINT('Ctrl Pts',(-10.80477551433,0.958588280508887,105.200191307862));
#8230=CARTESIAN_POINT('Ctrl Pts',(-13.6221261715182,-0.0271842956520864,
103.390974649757));
#8231=CARTESIAN_POINT('Ctrl Pts',(-12.9237839280626,0.587051726466755,105.309654194702));
#8232=CARTESIAN_POINT('Ctrl Pts',(-10.8030483091605,0.789406982698692,105.253250486367));
#8233=CARTESIAN_POINT('Ctrl Pts',(-13.6207144115731,-0.0425354109929175,
103.394853428327));
#8234=CARTESIAN_POINT('Ctrl Pts',(-12.9149891553786,0.448563450627335,105.33381763406));
#8235=CARTESIAN_POINT('Ctrl Pts',(-10.8016365492154,0.612628171161896,105.297872796407));
#8236=CARTESIAN_POINT('Ctrl Pts',(-13.6196152940792,-0.0579123640569653,
103.397873228823));
#8237=CARTESIAN_POINT('Ctrl Pts',(-12.9086149985407,0.319594683251733,105.351330486041));
#8238=CARTESIAN_POINT('Ctrl Pts',(-10.8005374317214,0.446958477557216,105.330178660573));
#8239=CARTESIAN_POINT('Ctrl Pts',(-13.6187877509522,-0.0733456968117356,
103.400146884878));
#8240=CARTESIAN_POINT('Ctrl Pts',(-12.9043486275139,0.205288241534602,105.3630522441));
#8241=CARTESIAN_POINT('Ctrl Pts',(-10.7997098885945,0.299894439011087,105.35162168554));
#8242=CARTESIAN_POINT('Ctrl Pts',(-13.6182921644928,-0.0862395377846722,
103.401508497485));
#8243=CARTESIAN_POINT('Ctrl Pts',(-12.9020919734481,0.121689974341891,105.369252350189));
#8244=CARTESIAN_POINT('Ctrl Pts',(-10.799214302135,0.192512765305053,105.362824376607));
#8245=CARTESIAN_POINT('Ctrl Pts',(-13.6179953649407,-0.0965727457221306,
103.402323947552));
#8246=CARTESIAN_POINT('Ctrl Pts',(-12.9008404709607,0.0606415181448176,
105.372690825014));
#8247=CARTESIAN_POINT('Ctrl Pts',(-10.798917502583,0.114283364643064,105.368981019353));
#8248=CARTESIAN_POINT('Ctrl Pts',(-13.6178485834027,-0.103037852907871,
103.402727226514));
#8249=CARTESIAN_POINT('Ctrl Pts',(-12.9002533863358,0.0245156002230653,
105.374303826764));
#8250=CARTESIAN_POINT('Ctrl Pts',(-10.798770721045,0.0680720812872633,105.371849209903));
#8251=CARTESIAN_POINT('Ctrl Pts',(-13.6177647882242,-0.107566811558976,
103.402957451874));
#8252=CARTESIAN_POINT('Ctrl Pts',(-12.8999318338032,0.000472319001209752,
105.375187285086));
#8253=CARTESIAN_POINT('Ctrl Pts',(-10.7986869258664,0.0373810973224642,
105.373410857677));
#8254=CARTESIAN_POINT('Ctrl Pts',(-13.6177221639438,-0.110155723732043,
103.403074561122));
#8255=CARTESIAN_POINT('Ctrl Pts',(-12.8997678409194,-0.0133726242181568,
105.375637851831));
#8256=CARTESIAN_POINT('Ctrl Pts',(-10.7986443015861,0.019698223538371,105.374207730243));
#8257=CARTESIAN_POINT('Ctrl Pts',(-13.617697643614,-0.111774171493779,103.403141930175));
#8258=CARTESIAN_POINT('Ctrl Pts',(-12.8996824858465,-0.021031376824613,
105.375872362967));
#8259=CARTESIAN_POINT('Ctrl Pts',(-10.7986197812563,0.0099790265052865,
105.374615850725));
#8260=CARTESIAN_POINT('Ctrl Pts',(-13.6176793672152,-0.113069168324688,
103.403192144168));
#8261=CARTESIAN_POINT('Ctrl Pts',(-12.8996014598442,-0.0291237554991228,
105.376094980079));
#8262=CARTESIAN_POINT('Ctrl Pts',(-10.7986015048575,-0.000432958289111007,
105.375017563822));
#8263=CARTESIAN_POINT('Ctrl Pts',(-13.6176616754047,-0.114364269278797,
103.403240752018));
#8264=CARTESIAN_POINT('Ctrl Pts',(-12.8995899649155,-0.0297653148418194,
105.376126562136));
#8265=CARTESIAN_POINT('Ctrl Pts',(-10.798583813047,-0.000851497066612989,
105.375031458674));
#8266=CARTESIAN_POINT('Ctrl Pts',(-13.6176304624527,-0.116630651013156,
103.403326508898));
#8267=CARTESIAN_POINT('Ctrl Pts',(-12.8995549087928,-0.0324370095284656,
105.376222878041));
#8268=CARTESIAN_POINT('Ctrl Pts',(-10.798552600095,-0.00366150634336472,
105.37513874391));
#8269=CARTESIAN_POINT('Ctrl Pts',(-13.6175682156393,-0.121163446380447,
103.403497530612));
#8270=CARTESIAN_POINT('Ctrl Pts',(-12.8994954020517,-0.0366808272615781,
105.376386371469));
#8271=CARTESIAN_POINT('Ctrl Pts',(-10.7984903532816,-0.00780670643817936,
105.375294416349));
#8272=CARTESIAN_POINT('Ctrl Pts',(-13.617479198179,-0.12763885169038,103.403742104075));
#8273=CARTESIAN_POINT('Ctrl Pts',(-12.8994048590173,-0.0433171256540964,
105.376635136411));
#8274=CARTESIAN_POINT('Ctrl Pts',(-10.7984013358213,-0.0144979138413778,
105.375547535854));
#8275=CARTESIAN_POINT('Ctrl Pts',(-13.6173368224668,-0.137999509488448,
103.404133278129));
#8276=CARTESIAN_POINT('Ctrl Pts',(-12.8992630827395,-0.0536145641650654,
105.377024663533));
#8277=CARTESIAN_POINT('Ctrl Pts',(-10.798258960109,-0.024773775427454,105.375935351868));
#8278=CARTESIAN_POINT('Ctrl Pts',(-13.6171588349086,-0.150950328544322,
103.404622294926));
#8279=CARTESIAN_POINT('Ctrl Pts',(-12.8990848013774,-0.0665963695272339,
105.37751448755));
#8280=CARTESIAN_POINT('Ctrl Pts',(-10.7980809725509,-0.0377661574259669,
105.376426014612));
#8281=CARTESIAN_POINT('Ctrl Pts',(-13.6169452575082,-0.166491312777678,
103.405209094011));
#8282=CARTESIAN_POINT('Ctrl Pts',(-12.89887131788,-0.0821274500749529,105.378101028638));
#8283=CARTESIAN_POINT('Ctrl Pts',(-10.7978673951505,-0.053293857135694,
105.377012287612));
#8284=CARTESIAN_POINT('Ctrl Pts',(-13.6166604849621,-0.187212624611454,
103.405991500151));
#8285=CARTESIAN_POINT('Ctrl Pts',(-12.8985865145868,-0.102852004775105,
105.378883519255));
#8286=CARTESIAN_POINT('Ctrl Pts',(-10.7975826226043,-0.074019519053936,
105.377794866021));
#8287=CARTESIAN_POINT('Ctrl Pts',(-13.6163045201986,-0.213114264567423,
103.406969505301));
#8288=CARTESIAN_POINT('Ctrl Pts',(-12.8982305648997,-0.128752054615081,
105.379861482983));
#8289=CARTESIAN_POINT('Ctrl Pts',(-10.7972266578409,-0.0999190258826879,
105.378772786696));
#8290=CARTESIAN_POINT('Ctrl Pts',(-13.6158773620885,-0.244196232444509,
103.408143112563));
#8291=CARTESIAN_POINT('Ctrl Pts',(-12.8978034019444,-0.159834533528367,
105.381035103557));
#8292=CARTESIAN_POINT('Ctrl Pts',(-10.7967994997308,-0.131001679350599,
105.379946421109));
#8293=CARTESIAN_POINT('Ctrl Pts',(-13.6154502040837,-0.275278200340247,
103.409316719536));
#8294=CARTESIAN_POINT('Ctrl Pts',(-12.89737624523,-0.190916365316502,105.382208706985));
#8295=CARTESIAN_POINT('Ctrl Pts',(-10.796372341726,-0.162083464635696,105.38112002085));
#8296=CARTESIAN_POINT('Ctrl Pts',(-13.6148806600406,-0.316720824194844,
103.410881528934));
#8297=CARTESIAN_POINT('Ctrl Pts',(-12.8968067007643,-0.232359033740345,
105.383773517544));
#8298=CARTESIAN_POINT('Ctrl Pts',(-10.7958027976828,-0.203526148292609,
105.382684832616));
#8299=CARTESIAN_POINT('Ctrl Pts',(-13.6141687299992,-0.368524104015215,
103.412837540646));
#8300=CARTESIAN_POINT('Ctrl Pts',(-12.8960947709304,-0.284162291675981,
105.385729528686));
#8301=CARTESIAN_POINT('Ctrl Pts',(-10.7950908676415,-0.25532939874577,105.384640843166));
#8302=CARTESIAN_POINT('Ctrl Pts',(-13.6133144139442,-0.430688039798696,
103.415184754717));
#8303=CARTESIAN_POINT('Ctrl Pts',(-12.8952404548075,-0.346326234620897,
105.388076742945));
#8304=CARTESIAN_POINT('Ctrl Pts',(-10.7942365515865,-0.317493344140343,
105.386988057617));
#8305=CARTESIAN_POINT('Ctrl Pts',(-13.6127448699086,-0.472130663654552,
103.416749564094));
#8306=CARTESIAN_POINT('Ctrl Pts',(-12.894670910787,-0.387768856885482,105.389641552275));
#8307=CARTESIAN_POINT('Ctrl Pts',(-10.7936670075509,-0.358935965860389,
105.388552866909));
#8308=CARTESIAN_POINT('Ctrl Pts',(-13.6124600978906,-0.492851975582441,
103.417531968783));
#8309=CARTESIAN_POINT('Ctrl Pts',(-12.894386138769,-0.408490168813382,105.390423956968));
#8310=CARTESIAN_POINT('Ctrl Pts',(-10.7933822355329,-0.379657277788287,
105.389335271598));
#8311=CARTESIAN_POINT('',(-31.6628798444683,11.8825384670343,46.0656654467775));
#8312=CARTESIAN_POINT('',(-34.481957706826,9.05862188706389,46.0790585328709));
#8313=CARTESIAN_POINT('Origin',(-31.6628798444683,9.05862188706389,45.0529981028939));
#8314=CARTESIAN_POINT('Ctrl Pts',(-13.6254897339171,4.37187025210256E-9,
103.381733338016));
#8315=CARTESIAN_POINT('Ctrl Pts',(-13.6256148675757,0.000894140259646414,
103.381389536115));
#8316=CARTESIAN_POINT('Ctrl Pts',(-13.6257412344228,0.00178629867765684,
103.381042346056));
#8317=CARTESIAN_POINT('Ctrl Pts',(-13.6258688020635,0.00267662323729146,
103.380691856844));
#8318=CARTESIAN_POINT('Ctrl Pts',(-13.62726243514,0.0124031161659823,103.376862881435));
#8319=CARTESIAN_POINT('Ctrl Pts',(-13.6287993504645,0.0219109429246392,
103.37264024129));
#8320=CARTESIAN_POINT('Ctrl Pts',(-13.6304382734914,0.0312456971803404,
103.368137337097));
#8321=CARTESIAN_POINT('Ctrl Pts',(-13.6320809865054,0.0406020379278681,
103.363624019999));
#8322=CARTESIAN_POINT('Ctrl Pts',(-13.6338261989999,0.0497844523441976,
103.358829087667));
#8323=CARTESIAN_POINT('Ctrl Pts',(-13.6356539065526,0.0588455390551307,
103.353807501942));
#8324=CARTESIAN_POINT('Ctrl Pts',(-13.6391185017924,0.0760216993437615,
103.344288603817));
#8325=CARTESIAN_POINT('Ctrl Pts',(-13.6428793606061,0.0927616855029296,
103.333955728476));
#8326=CARTESIAN_POINT('Ctrl Pts',(-13.6468025302355,0.108971333064956,103.323176909906));
#8327=CARTESIAN_POINT('Ctrl Pts',(-13.6470333596412,0.109925067842207,103.322542711409));
#8328=CARTESIAN_POINT('Ctrl Pts',(-13.6472647600873,0.1108772989239,103.321906943985));
#8329=CARTESIAN_POINT('Ctrl Pts',(-13.6474967033961,0.111828006286517,103.321269685053));
#8330=CARTESIAN_POINT('Ctrl Pts',(-13.6516727227339,0.128945000743878,103.309796167507));
#8331=CARTESIAN_POINT('Ctrl Pts',(-13.6560249274832,0.145567684553076,103.297838583126));
#8332=CARTESIAN_POINT('Ctrl Pts',(-13.6605046308355,0.1618105975603,103.285530699338));
#8333=CARTESIAN_POINT('Ctrl Pts',(-13.664665159653,0.17689621871283,103.274099740375));
#8334=CARTESIAN_POINT('Ctrl Pts',(-13.668935586172,0.191654397863717,103.26236683995));
#8335=CARTESIAN_POINT('Ctrl Pts',(-13.6732921814704,0.20613381139879,103.250397192316));
#8336=CARTESIAN_POINT('Ctrl Pts',(-13.6736198221691,0.207222745495957,103.249497006862));
#8337=CARTESIAN_POINT('Ctrl Pts',(-13.6739479670691,0.208310061956996,103.248595436126));
#8338=CARTESIAN_POINT('Ctrl Pts',(-13.674276607477,0.209395789338831,103.247692503993));
#8339=CARTESIAN_POINT('Ctrl Pts',(-13.6789769671416,0.22492433990794,103.23477837147));
#8340=CARTESIAN_POINT('Ctrl Pts',(-13.6837786679844,0.240127835740016,103.221585806265));
#8341=CARTESIAN_POINT('Ctrl Pts',(-13.6886649872148,0.255061054648901,103.208160754215));
#8342=CARTESIAN_POINT('Ctrl Pts',(-13.6935535333109,0.270001079145156,103.194729583901));
#8343=CARTESIAN_POINT('Ctrl Pts',(-13.6985267799717,0.284670579863988,103.181065700941));
#8344=CARTESIAN_POINT('Ctrl Pts',(-13.7035726007823,0.29911055371175,103.167202422339));
#8345=CARTESIAN_POINT('Ctrl Pts',(-13.713166560163,0.326566249773011,103.140843235838));
#8346=CARTESIAN_POINT('Ctrl Pts',(-13.723022818671,0.353192209998603,103.113763389023));
#8347=CARTESIAN_POINT('Ctrl Pts',(-13.7330911008286,0.379176204777792,103.086101011622));
#8348=CARTESIAN_POINT('Ctrl Pts',(-13.7336149535982,0.38052815215252,103.084661737991));
#8349=CARTESIAN_POINT('Ctrl Pts',(-13.7341393797631,0.381878388346527,103.083220888968));
#8350=CARTESIAN_POINT('Ctrl Pts',(-13.7346643712589,0.383226934458289,103.08177848671));
#8351=CARTESIAN_POINT('Ctrl Pts',(-13.7452752227822,0.410483037997599,103.052625412193));
#8352=CARTESIAN_POINT('Ctrl Pts',(-13.7561171326283,0.437048496339817,103.022837509677));
#8353=CARTESIAN_POINT('Ctrl Pts',(-13.7671426662966,0.463015559333427,102.992545104898));
#8354=CARTESIAN_POINT('Ctrl Pts',(-13.7774673599983,0.48733202144841,102.964178242101));
#8355=CARTESIAN_POINT('Ctrl Pts',(-13.7879530461097,0.511123823955594,102.935369056278));
#8356=CARTESIAN_POINT('Ctrl Pts',(-13.798581712728,0.534464712315932,102.906167034743));
#8357=CARTESIAN_POINT('Ctrl Pts',(-13.7993080996086,0.536059880900662,102.904171303191));
#8358=CARTESIAN_POINT('Ctrl Pts',(-13.800035193684,0.537653020906227,102.902173628637));
#8359=CARTESIAN_POINT('Ctrl Pts',(-13.8007629927564,0.539244165164594,102.900174017119));
#8360=CARTESIAN_POINT('Ctrl Pts',(-13.8121438890183,0.564125548540233,102.868905261625));
#8361=CARTESIAN_POINT('Ctrl Pts',(-13.8236971387897,0.588519127644924,102.837162968758));
#8362=CARTESIAN_POINT('Ctrl Pts',(-13.8353375581953,0.61235988954219,102.805181179284));
#8363=CARTESIAN_POINT('Ctrl Pts',(-13.8460519374522,0.634304027106156,102.775743664209));
#8364=CARTESIAN_POINT('Ctrl Pts',(-13.8568401652521,0.655779708258351,102.746103251937));
#8365=CARTESIAN_POINT('Ctrl Pts',(-13.8676992716499,0.676861041120531,102.716268102239));
#8366=CARTESIAN_POINT('Ctrl Pts',(-13.8686229685012,0.678654260569093,102.713730265991));
#8367=CARTESIAN_POINT('Ctrl Pts',(-13.8695470487777,0.680444332005841,102.711191376291));
#8368=CARTESIAN_POINT('Ctrl Pts',(-13.8704715082655,0.682231297682477,102.708651444716));
#8369=CARTESIAN_POINT('Ctrl Pts',(-13.8940631212166,0.727833515147618,102.64383402067));
#8370=CARTESIAN_POINT('Ctrl Pts',(-13.9179014793376,0.771414543354104,102.578338669749));
#8371=CARTESIAN_POINT('Ctrl Pts',(-13.9419466766148,0.813434894760066,102.512275033161));
#8372=CARTESIAN_POINT('Ctrl Pts',(-13.9647213031835,0.85323485150477,102.449702260907));
#8373=CARTESIAN_POINT('Ctrl Pts',(-13.9876815591725,0.891634235914545,102.386619476223));
#8374=CARTESIAN_POINT('Ctrl Pts',(-14.0108130269001,0.928889872873828,102.323066291154));
#8375=CARTESIAN_POINT('Ctrl Pts',(-14.0121261706535,0.931004827598092,102.319458458354));
#8376=CARTESIAN_POINT('Ctrl Pts',(-14.0134398633847,0.933116124757067,102.315849117249));
#8377=CARTESIAN_POINT('Ctrl Pts',(-14.0147540984526,0.935223803640827,102.312238286085));
#8378=CARTESIAN_POINT('Ctrl Pts',(-14.0392092944911,0.974443347804369,102.245048187358));
#8379=CARTESIAN_POINT('Ctrl Pts',(-14.0638523212889,1.01240982139165,102.177342027671));
#8380=CARTESIAN_POINT('Ctrl Pts',(-14.0886505919386,1.04930268683213,102.109209339024));
#8381=CARTESIAN_POINT('Ctrl Pts',(-14.1117514791513,1.08367032220227,102.045740173042));
#8382=CARTESIAN_POINT('Ctrl Pts',(-14.1349870729075,1.1171063556296,101.981900903868));
#8383=CARTESIAN_POINT('Ctrl Pts',(-14.1583362931631,1.14971816269223,101.917749448449));
#8384=CARTESIAN_POINT('Ctrl Pts',(-14.1600458487264,1.15210589536949,101.913052483141));
#8385=CARTESIAN_POINT('Ctrl Pts',(-14.1617560151207,1.15448920784409,101.908353839589));
#8386=CARTESIAN_POINT('Ctrl Pts',(-14.1634667864643,1.15686814635417,101.903653533952));
#8387=CARTESIAN_POINT('Ctrl Pts',(-14.1885462177533,1.19174272215756,101.834748362787));
#8388=CARTESIAN_POINT('Ctrl Pts',(-14.213755652213,1.22567735148717,101.765486010842));
#8389=CARTESIAN_POINT('Ctrl Pts',(-14.2390812185574,1.25878449036261,101.695904589173));
#8390=CARTESIAN_POINT('Ctrl Pts',(-14.2623132617495,1.28915484693677,101.632075075093));
#8391=CARTESIAN_POINT('Ctrl Pts',(-14.2856430318179,1.31882885289581,101.567977058635));
#8392=CARTESIAN_POINT('Ctrl Pts',(-14.3090619478122,1.34787838601751,101.503634115762));
#8393=CARTESIAN_POINT('Ctrl Pts',(-14.3111736809504,1.35049784379932,101.49783217665));
#8394=CARTESIAN_POINT('Ctrl Pts',(-14.3132861362382,1.3531122434483,101.492028253448));
#8395=CARTESIAN_POINT('Ctrl Pts',(-14.3153993057461,1.3557216364918,101.486222367942));
#8396=CARTESIAN_POINT('Ctrl Pts',(-14.3640102668172,1.41574763212767,101.352664850078));
#8397=CARTESIAN_POINT('Ctrl Pts',(-14.4129991997431,1.47312399884534,101.218068863097));
#8398=CARTESIAN_POINT('Ctrl Pts',(-14.4622930892796,1.5283080362643,101.082635014586));
#8399=CARTESIAN_POINT('Ctrl Pts',(-14.4648115389668,1.53112741657862,101.075715630934));
#8400=CARTESIAN_POINT('Ctrl Pts',(-14.467330787242,1.53394103449856,101.068794053179));
#8401=CARTESIAN_POINT('Ctrl Pts',(-14.4698508263882,1.53674895319741,101.061870302524));
#8402=CARTESIAN_POINT('Ctrl Pts',(-14.5216999234868,1.59452109117518,100.919416078923));
#8403=CARTESIAN_POINT('Ctrl Pts',(-14.5738837568334,1.64988090009538,100.776042175049));
#8404=CARTESIAN_POINT('Ctrl Pts',(-14.626359808679,1.70321738883499,100.631865407569));
#8405=CARTESIAN_POINT('Ctrl Pts',(-14.6755163874141,1.75317997588127,100.496808817503));
#8406=CARTESIAN_POINT('Ctrl Pts',(-14.7249294006178,1.80136705060792,100.361047679591));
#8407=CARTESIAN_POINT('Ctrl Pts',(-14.7745700232045,1.84801772525878,100.224661190001));
#8408=CARTESIAN_POINT('Ctrl Pts',(-14.7779128362262,1.85115919437357,100.21547688671));
#8409=CARTESIAN_POINT('Ctrl Pts',(-14.7812566155583,1.85429364814872,100.206289928503));
#8410=CARTESIAN_POINT('Ctrl Pts',(-14.7846013478603,1.85742115482362,100.197100352032));
#8411=CARTESIAN_POINT('Ctrl Pts',(-14.8376115778664,1.90698860393765,100.05145594214));
#8412=CARTESIAN_POINT('Ctrl Pts',(-14.8908612086371,1.95481089280719,99.9051537839994));
#8413=CARTESIAN_POINT('Ctrl Pts',(-14.9443278833395,2.00111511903332,99.7582553025626));
#8414=CARTESIAN_POINT('Ctrl Pts',(-14.9936635362589,2.04384171922886,99.6227067101937));
#8415=CARTESIAN_POINT('Ctrl Pts',(-15.0431839666408,2.08527580109558,99.4866504459171));
#8416=CARTESIAN_POINT('Ctrl Pts',(-15.0928120635985,2.12550947275601,99.3502983701549));
#8417=CARTESIAN_POINT('Ctrl Pts',(-15.0969902133472,2.12889671336048,99.3388189980652));
#8418=CARTESIAN_POINT('Ctrl Pts',(-15.1011693493032,2.13227562112163,99.3273369163932));
#8419=CARTESIAN_POINT('Ctrl Pts',(-15.1053494270176,2.13564625056916,99.3158522472614));
#8420=CARTESIAN_POINT('Ctrl Pts',(-15.1591769758466,2.17905040081903,99.1679622723087));
#8421=CARTESIAN_POINT('Ctrl Pts',(-15.2131607141197,2.22108170055713,99.0196431703858));
#8422=CARTESIAN_POINT('Ctrl Pts',(-15.2672246148494,2.26185774653074,98.8711038239237));
#8423=CARTESIAN_POINT('Ctrl Pts',(-15.3162859869222,2.29886078804588,98.7363088119864));
#8424=CARTESIAN_POINT('Ctrl Pts',(-15.3654133563709,2.33483015475071,98.601332473749));
#8425=CARTESIAN_POINT('Ctrl Pts',(-15.4146010114366,2.36985965939344,98.46619050214));
#8426=CARTESIAN_POINT('Ctrl Pts',(-15.4737797934537,2.41200444992363,98.3035981348374));
#8427=CARTESIAN_POINT('Ctrl Pts',(-15.5330226669316,2.45277358926158,98.1408296776926));
#8428=CARTESIAN_POINT('Ctrl Pts',(-15.5923363676359,2.49234232129424,97.9778666243408));
#8429=CARTESIAN_POINT('Ctrl Pts',(-15.6408679325147,2.52471818830332,97.8445272457033));
#8430=CARTESIAN_POINT('Ctrl Pts',(-15.6894469159338,2.55629035329812,97.7110575856982));
#8431=CARTESIAN_POINT('Ctrl Pts',(-15.7380734117811,2.58712284922416,97.5774573863736));
#8432=CARTESIAN_POINT('Ctrl Pts',(-15.7982981595521,2.62530942339414,97.411991251784));
#8433=CARTESIAN_POINT('Ctrl Pts',(-15.8585986913645,2.66236642322231,97.246316902248));
#8434=CARTESIAN_POINT('Ctrl Pts',(-15.9189633755311,2.69841007259749,97.080466295567));
#8435=CARTESIAN_POINT('Ctrl Pts',(-15.966905985607,2.72703652284012,96.9487450569532));
#8436=CARTESIAN_POINT('Ctrl Pts',(-16.0148890611502,2.75502378192251,96.8169126403817));
#8437=CARTESIAN_POINT('Ctrl Pts',(-16.0629089982497,2.78241669906243,96.6849789475033));
#8438=CARTESIAN_POINT('Ctrl Pts',(-16.1241602875448,2.81735742563805,96.516692413235));
#8439=CARTESIAN_POINT('Ctrl Pts',(-16.185470659088,2.85132793515672,96.3482435518149));
#8440=CARTESIAN_POINT('Ctrl Pts',(-16.2468349099856,2.88442228489546,96.1796466580934));
#8441=CARTESIAN_POINT('Ctrl Pts',(-16.356310736389,2.94346368496047,95.8788642970404));
#8442=CARTESIAN_POINT('Ctrl Pts',(-16.4659580471283,2.99971647439906,95.5776107866789));
#8443=CARTESIAN_POINT('Ctrl Pts',(-16.5757517025436,3.05359186570813,95.2759551976563));
#8444=CARTESIAN_POINT('Ctrl Pts',(-16.6224107931235,3.0764873304197,95.1477603998887));
#8445=CARTESIAN_POINT('Ctrl Pts',(-16.6690963139031,3.09895343506622,95.0194929857484));
#8446=CARTESIAN_POINT('Ctrl Pts',(-16.7158064837541,3.12101510801609,94.8911578488398));
#8447=CARTESIAN_POINT('Ctrl Pts',(-16.7790124951544,3.15086792928449,94.7175007597654));
#8448=CARTESIAN_POINT('Ctrl Pts',(-16.8422646946167,3.17998285866096,94.5437167700155));
#8449=CARTESIAN_POINT('Ctrl Pts',(-16.905558328327,3.20842072658714,94.3698189406034));
#8450=CARTESIAN_POINT('Ctrl Pts',(-17.0156255187894,3.2578739818656,94.0674118201888));
#8451=CARTESIAN_POINT('Ctrl Pts',(-17.1258180139857,3.30527972818244,93.7646604278382));
#8452=CARTESIAN_POINT('Ctrl Pts',(-17.2361305503422,3.35091297837605,93.4615792251167));
#8453=CARTESIAN_POINT('Ctrl Pts',(-17.2814067572776,3.36964249495816,93.3371838689232));
#8454=CARTESIAN_POINT('Ctrl Pts',(-17.326703185212,3.38807342345525,93.2127329559931));
#8455=CARTESIAN_POINT('Ctrl Pts',(-17.3720173728806,3.40621916349976,93.0882332485953));
#8456=CARTESIAN_POINT('Ctrl Pts',(-17.5475054440686,3.47649209753036,92.6060837356331));
#8457=CARTESIAN_POINT('Ctrl Pts',(-17.723278963806,3.54250788745759,92.123149959207));
#8458=CARTESIAN_POINT('Ctrl Pts',(-17.8991821531153,3.60504461418008,91.6398599185698));
#8459=CARTESIAN_POINT('Ctrl Pts',(-17.9430046934559,3.62062431026361,91.5194584785211));
#8460=CARTESIAN_POINT('Ctrl Pts',(-17.9868352798825,3.63598809486619,91.3990349320333));
#8461=CARTESIAN_POINT('Ctrl Pts',(-18.0306728134376,3.65114495939507,91.2785922984674));
#8462=CARTESIAN_POINT('Ctrl Pts',(-18.2082432389049,3.71254008509855,90.7907215641381));
#8463=CARTESIAN_POINT('Ctrl Pts',(-18.3859166206882,3.77054551640655,90.3025679596458));
#8464=CARTESIAN_POINT('Ctrl Pts',(-18.5636656634232,3.82577714344774,89.8142064784022));
#8465=CARTESIAN_POINT('Ctrl Pts',(-18.6059386228605,3.8389125409365,89.6980624768946));
#8466=CARTESIAN_POINT('Ctrl Pts',(-18.6482158618262,3.85189103479216,89.5819067174797));
#8467=CARTESIAN_POINT('Ctrl Pts',(-18.690497673821,3.86471912467608,89.4657383937709));
#8468=CARTESIAN_POINT('Ctrl Pts',(-18.8698904735994,3.91914600118667,88.9728607271693));
#8469=CARTESIAN_POINT('Ctrl Pts',(-19.0493579427741,3.97087056591869,88.4797779080793));
#8470=CARTESIAN_POINT('Ctrl Pts',(-19.228888897313,4.02037842761581,87.986520664391));
#8471=CARTESIAN_POINT('Ctrl Pts',(-19.2695955004573,4.03160377248071,87.8746801914296));
#8472=CARTESIAN_POINT('Ctrl Pts',(-19.3103053669552,4.0427151587929,87.7628307524781));
#8473=CARTESIAN_POINT('Ctrl Pts',(-19.3510182548553,4.05371701784427,87.6509730122929));
#8474=CARTESIAN_POINT('Ctrl Pts',(-19.5321850832154,4.10267379819585,87.1532212422238));
#8475=CARTESIAN_POINT('Ctrl Pts',(-19.7134136194899,4.14946873783043,86.6552999310492));
#8476=CARTESIAN_POINT('Ctrl Pts',(-19.8946918054787,4.19450308656875,86.1572422084007));
#8477=CARTESIAN_POINT('Ctrl Pts',(-19.9338205740867,4.20422371898563,86.0497368001979));
#8478=CARTESIAN_POINT('Ctrl Pts',(-19.9729516559503,4.21386232320208,85.9422250363774));
#8479=CARTESIAN_POINT('Ctrl Pts',(-20.0120849850313,4.22342221300176,85.8347070983764));
#8480=CARTESIAN_POINT('Ctrl Pts',(-20.1949937242273,4.2681050302109,85.3321694676012));
#8481=CARTESIAN_POINT('Ctrl Pts',(-20.3779507382413,4.31106653841072,84.829499202823));
#8482=CARTESIAN_POINT('Ctrl Pts',(-20.5609472958384,4.35264105743129,84.3267202929381));
#8483=CARTESIAN_POINT('Ctrl Pts',(-20.7830957356455,4.40311039225062,83.7163724707414));
#8484=CARTESIAN_POINT('Ctrl Pts',(-21.0053024493247,4.45153576018655,83.1058645424198));
#8485=CARTESIAN_POINT('Ctrl Pts',(-21.2275521818764,4.49843693573543,82.4952384208298));
#8486=CARTESIAN_POINT('Ctrl Pts',(-21.2635005234061,4.50602308424242,82.3964711642224));
#8487=CARTESIAN_POINT('Ctrl Pts',(-21.2994499903657,4.51356935641605,82.2977008155238));
#8488=CARTESIAN_POINT('Ctrl Pts',(-21.3354005326348,4.52107754447471,82.1989275124373));
#8489=CARTESIAN_POINT('Ctrl Pts',(-21.7439768077413,4.60640775971436,81.0763734226296));
#8490=CARTESIAN_POINT('Ctrl Pts',(-22.1526915549486,4.68685604921951,79.9534388836005));
#8491=CARTESIAN_POINT('Ctrl Pts',(-22.5614683310231,4.76507187564123,78.8303339217375));
#8492=CARTESIAN_POINT('Ctrl Pts',(-22.5942132041639,4.77133731796498,78.7403681221801));
#8493=CARTESIAN_POINT('Ctrl Pts',(-22.6269584752571,4.77758843516353,78.6504012292575));
#8494=CARTESIAN_POINT('Ctrl Pts',(-22.6597041097197,4.78382638191354,78.5604333379858));
#8495=CARTESIAN_POINT('Ctrl Pts',(-23.071716165509,4.8623134629109,77.4284395181603));
#8496=CARTESIAN_POINT('Ctrl Pts',(-23.4837856645406,4.93871378068577,76.2962878743241));
#8497=CARTESIAN_POINT('Ctrl Pts',(-23.8958526685493,5.01533879784723,75.1641430855096));
#8498=CARTESIAN_POINT('Ctrl Pts',(-23.9253764643327,5.02082883062482,75.0830271232583));
#8499=CARTESIAN_POINT('Ctrl Pts',(-23.954900247308,5.02632001688199,75.0019111961968));
#8500=CARTESIAN_POINT('Ctrl Pts',(-23.9844239826338,5.03181317369672,74.9207954000514));
#8501=CARTESIAN_POINT('Ctrl Pts',(-24.3996960865733,5.10907828810547,73.77984467155));
#8502=CARTESIAN_POINT('Ctrl Pts',(-24.8149610354136,5.18673622886958,72.63891360152));
#8503=CARTESIAN_POINT('Ctrl Pts',(-25.2301506399452,5.26706744971305,71.4981895382763));
#8504=CARTESIAN_POINT('Ctrl Pts',(-25.2564632031424,5.27215842574443,71.4258963650441));
#8505=CARTESIAN_POINT('Ctrl Pts',(-25.2827754636824,5.27726013964424,71.3536040233554));
#8506=CARTESIAN_POINT('Ctrl Pts',(-25.309087404033,5.28237320901202,71.2813125613801));
#8507=CARTESIAN_POINT('Ctrl Pts',(-25.7273541525043,5.36365291969377,70.1321341146454));
#8508=CARTESIAN_POINT('Ctrl Pts',(-26.1455399185023,5.44779715179368,68.9831781654323));
#8509=CARTESIAN_POINT('Ctrl Pts',(-26.5636431569592,5.53731373332038,67.8344489587664));
#8510=CARTESIAN_POINT('Ctrl Pts',(-26.5868590462173,5.54228429286723,67.7706638272572));
#8511=CARTESIAN_POINT('Ctrl Pts',(-26.6100746808247,5.54727142068871,67.7068793953946));
#8512=CARTESIAN_POINT('Ctrl Pts',(-26.6332900570132,5.55227562038573,67.6430956735322));
#8513=CARTESIAN_POINT('Ctrl Pts',(-27.0542258113212,5.64301059521765,66.4865841935234));
#8514=CARTESIAN_POINT('Ctrl Pts',(-27.4750773266225,5.73934806662898,65.3303041583046));
#8515=CARTESIAN_POINT('Ctrl Pts',(-27.8955404766723,5.8442319585281,64.1750911478183));
#8516=CARTESIAN_POINT('Ctrl Pts',(-27.915891222541,5.8493084210659,64.1191779330745));
#8517=CARTESIAN_POINT('Ctrl Pts',(-27.9362410587281,5.85440490084947,64.0632672176602));
#8518=CARTESIAN_POINT('Ctrl Pts',(-27.9565899466553,5.85952182650625,64.0073591075683));
#8519=CARTESIAN_POINT('Ctrl Pts',(-28.3798835490633,5.96596311716832,62.8443694931359));
#8520=CARTESIAN_POINT('Ctrl Pts',(-28.8027677852395,6.08123479251883,61.6825046032323));
#8521=CARTESIAN_POINT('Ctrl Pts',(-29.2249132087115,6.20918764455662,60.522669584498));
#8522=CARTESIAN_POINT('Ctrl Pts',(-29.2423458432542,6.21447149979761,60.4747738147295));
#8523=CARTESIAN_POINT('Ctrl Pts',(-29.2597772181022,6.21977697353299,60.4268815059436));
#8524=CARTESIAN_POINT('Ctrl Pts',(-29.2772073053754,6.22510444376289,60.3789927347403));
#8525=CARTESIAN_POINT('Ctrl Pts',(-29.7025175395053,6.35509963973004,59.2104624701789));
#8526=CARTESIAN_POINT('Ctrl Pts',(-30.1270623833352,6.49816791706962,58.0440350983026));
#8527=CARTESIAN_POINT('Ctrl Pts',(-30.5505588223647,6.65982573197126,56.8804881947382));
#8528=CARTESIAN_POINT('Ctrl Pts',(-30.5647018415654,6.66522443044756,56.8416305688374));
#8529=CARTESIAN_POINT('Ctrl Pts',(-30.5788436915644,6.67064385697826,56.8027761552918));
#8530=CARTESIAN_POINT('Ctrl Pts',(-30.5929843567532,6.67608433286078,56.763924996985));
#8531=CARTESIAN_POINT('Ctrl Pts',(-30.9308052487426,6.80605745583262,55.8357697243131));
#8532=CARTESIAN_POINT('Ctrl Pts',(-31.2679511973881,6.94801310972874,54.9094688434916));
#8533=CARTESIAN_POINT('Ctrl Pts',(-31.6041711956502,7.10630918223626,53.9857119903058));
#8534=CARTESIAN_POINT('Ctrl Pts',(-31.693103295305,7.14817939271741,53.7413730546417));
#8535=CARTESIAN_POINT('Ctrl Pts',(-31.7819706176187,7.19119255637078,53.4972120932554));
#8536=CARTESIAN_POINT('Ctrl Pts',(-31.8707685278658,7.23542868076703,53.2532418399378));
#8537=CARTESIAN_POINT('Ctrl Pts',(-31.8810938655106,7.24057241578531,53.2248732079083));
#8538=CARTESIAN_POINT('Ctrl Pts',(-31.8914182646512,7.24573268590564,53.1965071543977));
#8539=CARTESIAN_POINT('Ctrl Pts',(-31.9017417141991,7.25090970411586,53.1681437098712));
#8540=CARTESIAN_POINT('Ctrl Pts',(-32.1700970453609,7.38548491851344,52.4308434970428));
#8541=CARTESIAN_POINT('Ctrl Pts',(-32.4378108374253,7.53135507456603,51.6953058985397));
#8542=CARTESIAN_POINT('Ctrl Pts',(-32.7046741241848,7.69223691337755,50.9621050440149));
#8543=CARTESIAN_POINT('Ctrl Pts',(-32.8643836190914,7.7885197611542,50.5233068130434));
#8544=CARTESIAN_POINT('Ctrl Pts',(-33.0237885141562,7.89017842938092,50.0853454632675));
#8545=CARTESIAN_POINT('Ctrl Pts',(-33.18284418983,7.99800050022873,49.6483435853405));
#8546=CARTESIAN_POINT('Ctrl Pts',(-33.1885869845806,8.00189347682225,49.6325653864178));
#8547=CARTESIAN_POINT('Ctrl Pts',(-33.1943293240966,8.00579448726575,49.616788438241));
#8548=CARTESIAN_POINT('Ctrl Pts',(-33.2000712044072,8.0097036115057,49.60101275172));
#8549=CARTESIAN_POINT('Ctrl Pts',(-33.40099335619,8.1464932364017,49.0489836758382));
#8550=CARTESIAN_POINT('Ctrl Pts',(-33.6013540308447,8.29318053875277,48.4984972468335));
#8551=CARTESIAN_POINT('Ctrl Pts',(-33.8009616080206,8.45316314240078,47.9500799363225));
#8552=CARTESIAN_POINT('Ctrl Pts',(-33.9875760432719,8.60273192957926,47.4373609898219));
#8553=CARTESIAN_POINT('Ctrl Pts',(-34.1735322429447,8.76392175685521,46.9264505304547));
#8554=CARTESIAN_POINT('Ctrl Pts',(-34.3586747869071,8.93946252529484,46.4177755715502));
#8555=CARTESIAN_POINT('Ctrl Pts',(-34.3998098202678,8.97846423290553,46.3047579962461));
#8556=CARTESIAN_POINT('Ctrl Pts',(-34.4409046926554,9.01817416011984,46.1918507623051));
#8557=CARTESIAN_POINT('Ctrl Pts',(-34.481957706826,9.05862188706389,46.0790585328709));
#8558=CARTESIAN_POINT('Ctrl Pts',(-31.6628798444683,11.8825384670343,46.0656654467775));
#8559=CARTESIAN_POINT('Ctrl Pts',(-31.6387307125676,11.8612655951329,46.1249868182315));
#8560=CARTESIAN_POINT('Ctrl Pts',(-31.6139514022058,11.8396464171285,46.1859669311415));
#8561=CARTESIAN_POINT('Ctrl Pts',(-31.5891977720026,11.8182641745833,46.2469950239954));
#8562=CARTESIAN_POINT('Ctrl Pts',(-31.5826479287078,11.8126064049223,46.2631431380899));
#8563=CARTESIAN_POINT('Ctrl Pts',(-31.5760998967984,11.8069649895348,46.2792944514732));
#8564=CARTESIAN_POINT('Ctrl Pts',(-31.5695658552881,11.8013502300912,46.2954187814485));
#8565=CARTESIAN_POINT('Ctrl Pts',(-31.5383379027943,11.7745157753525,46.3724813176552));
#8566=CARTESIAN_POINT('Ctrl Pts',(-31.5074290108518,11.7482863578921,46.4489290620062));
#8567=CARTESIAN_POINT('Ctrl Pts',(-31.4765117360549,11.7223650022842,46.5255585297349));
#8568=CARTESIAN_POINT('Ctrl Pts',(-31.4146771864611,11.6705222910684,46.6788174651923));
#8569=CARTESIAN_POINT('Ctrl Pts',(-31.3528091035399,11.6199244038486,46.8328075436899));
#8570=CARTESIAN_POINT('Ctrl Pts',(-31.2911186562114,11.570661088791,46.9869393531659));
#8571=CARTESIAN_POINT('Ctrl Pts',(-31.1990770054407,11.497160619323,47.2169027720549));
#8572=CARTESIAN_POINT('Ctrl Pts',(-31.1074306114539,11.4266205131278,47.4471794587592));
#8573=CARTESIAN_POINT('Ctrl Pts',(-31.0160523465206,11.3586452931337,47.6778879379243));
#8574=CARTESIAN_POINT('Ctrl Pts',(-30.9849389787499,11.3355004236124,47.7564418234168));
#8575=CARTESIAN_POINT('Ctrl Pts',(-30.9538566737838,11.3126532800357,47.8350460351788));
#8576=CARTESIAN_POINT('Ctrl Pts',(-30.9228003480668,11.2900893438922,47.9137060318817));
#8577=CARTESIAN_POINT('Ctrl Pts',(-30.8076072510882,11.2063959376576,48.2054690920414));
#8578=CARTESIAN_POINT('Ctrl Pts',(-30.6927721118978,11.1265968392521,48.4979942493844));
#8579=CARTESIAN_POINT('Ctrl Pts',(-30.5782598084524,11.0501355033401,48.7910624084153));
#8580=CARTESIAN_POINT('Ctrl Pts',(-30.5712276514542,11.0454400417849,48.8090596125888));
#8581=CARTESIAN_POINT('Ctrl Pts',(-30.5641967111859,11.0407571801943,48.8270588742981));
#8582=CARTESIAN_POINT('Ctrl Pts',(-30.5571669792334,11.0360867946047,48.8450601465635));
#8583=CARTESIAN_POINT('Ctrl Pts',(-30.4926040879466,10.9931927555255,49.0103885249629));
#8584=CARTESIAN_POINT('Ctrl Pts',(-30.42814375326,10.9513491373528,49.1758924698027));
#8585=CARTESIAN_POINT('Ctrl Pts',(-30.3637734031639,10.9104604514587,49.3415445671244));
#8586=CARTESIAN_POINT('Ctrl Pts',(-30.3070035556926,10.874399680342,49.487637361155));
#8587=CARTESIAN_POINT('Ctrl Pts',(-30.2503036899542,10.8390817549279,49.6338454826049));
#8588=CARTESIAN_POINT('Ctrl Pts',(-30.1936632436637,10.8044642505063,49.7801760507495));
#8589=CARTESIAN_POINT('Ctrl Pts',(-30.0463917914499,10.7144548935524,50.160651782939));
#8590=CARTESIAN_POINT('Ctrl Pts',(-29.8995306875029,10.6291851206397,50.5419224210428));
#8591=CARTESIAN_POINT('Ctrl Pts',(-29.7530011567986,10.5480108553037,50.9238619853144));
#8592=CARTESIAN_POINT('Ctrl Pts',(-29.6590203200019,10.4959474565746,51.1688296698723));
#8593=CARTESIAN_POINT('Ctrl Pts',(-29.5651758257691,10.4455698086381,51.4140731531188));
#8594=CARTESIAN_POINT('Ctrl Pts',(-29.4714463704188,10.3967174469978,51.6595650420352));
#8595=CARTESIAN_POINT('Ctrl Pts',(-29.3312894506474,10.3236668088022,52.0266576155575));
#8596=CARTESIAN_POINT('Ctrl Pts',(-29.191387105529,10.2540227241767,52.394320610714));
#8597=CARTESIAN_POINT('Ctrl Pts',(-29.0516969911766,10.1872849949245,52.762422820867));
#8598=CARTESIAN_POINT('Ctrl Pts',(-28.9523189581089,10.1398065867691,53.0242972833689));
#8599=CARTESIAN_POINT('Ctrl Pts',(-28.8530483022859,10.0937998084111,53.2863944855776));
#8600=CARTESIAN_POINT('Ctrl Pts',(-28.753866040172,10.0491448037872,53.5487209241886));
#8601=CARTESIAN_POINT('Ctrl Pts',(-28.5521134946385,9.95830939973767,54.0823347541466));
#8602=CARTESIAN_POINT('Ctrl Pts',(-28.3507315315012,9.87307015177146,54.6168640910749));
#8603=CARTESIAN_POINT('Ctrl Pts',(-28.149652988602,9.7925073078034,55.152115014367));
#8604=CARTESIAN_POINT('Ctrl Pts',(-28.0101254340291,9.73660508946508,55.5235233771542));
#8605=CARTESIAN_POINT('Ctrl Pts',(-27.870743917546,9.68295564908182,55.8952797826161));
#8606=CARTESIAN_POINT('Ctrl Pts',(-27.731485364106,9.6312645561608,56.2673262312934));
#8607=CARTESIAN_POINT('Ctrl Pts',(-27.596751519974,9.58125298068058,56.6272843594491));
#8608=CARTESIAN_POINT('Ctrl Pts',(-27.462132765893,9.53307478858337,56.9875141399541));
#8609=CARTESIAN_POINT('Ctrl Pts',(-27.3276034591804,9.4865449295407,57.3480268127376));
#8610=CARTESIAN_POINT('Ctrl Pts',(-27.0704406062458,9.39759961650481,58.0371738076755));
#8611=CARTESIAN_POINT('Ctrl Pts',(-26.8136193844707,9.31468468239734,58.7272799751638));
#8612=CARTESIAN_POINT('Ctrl Pts',(-26.5570875049381,9.23659233655116,59.4181107990295));
#8613=CARTESIAN_POINT('Ctrl Pts',(-26.5066607999185,9.2212416530593,59.5539080427757));
#8614=CARTESIAN_POINT('Ctrl Pts',(-26.456245268407,9.20607746192082,59.6897333551327));
#8615=CARTESIAN_POINT('Ctrl Pts',(-26.4058405037666,9.19109079657331,59.825585050359));
#8616=CARTESIAN_POINT('Ctrl Pts',(-26.2400714941142,9.14180329983824,60.2723682292488));
#8617=CARTESIAN_POINT('Ctrl Pts',(-26.0744189567269,9.09443548869922,60.7194365921624));
#8618=CARTESIAN_POINT('Ctrl Pts',(-25.9088641744387,9.04874889498676,61.1667868254791));
#8619=CARTESIAN_POINT('Ctrl Pts',(-25.6311271469629,8.97210442384668,61.917267858553));
#8620=CARTESIAN_POINT('Ctrl Pts',(-25.3536688547194,8.9001940507987,62.668505678575));
#8621=CARTESIAN_POINT('Ctrl Pts',(-25.0764643747167,8.83193854474385,63.4202999943076));
#8622=CARTESIAN_POINT('Ctrl Pts',(-24.882590566779,8.78420138381687,63.9460967879798));
#8623=CARTESIAN_POINT('Ctrl Pts',(-24.6888408756978,8.73825272417626,64.4721661098404));
#8624=CARTESIAN_POINT('Ctrl Pts',(-24.4952028641726,8.69380020806343,64.9984920735983));
#8625=CARTESIAN_POINT('Ctrl Pts',(-24.244802601353,8.63631706397424,65.6791030683907));
#8626=CARTESIAN_POINT('Ctrl Pts',(-23.9945906555041,8.58133667384606,66.3601304897946));
#8627=CARTESIAN_POINT('Ctrl Pts',(-23.7445672474884,8.52824356269103,67.0414663552896));
#8628=CARTESIAN_POINT('Ctrl Pts',(-23.5247934252685,8.48157402856742,67.6403694282609));
#8629=CARTESIAN_POINT('Ctrl Pts',(-23.3051652679271,8.43636297219063,68.2395109320028));
#8630=CARTESIAN_POINT('Ctrl Pts',(-23.0856797619346,8.39224996805067,68.8388646789314));
#8631=CARTESIAN_POINT('Ctrl Pts',(-22.8606572707653,8.34702412026792,69.4533383892372));
#8632=CARTESIAN_POINT('Ctrl Pts',(-22.6357855819562,8.30295278817268,70.0680310218671));
#8633=CARTESIAN_POINT('Ctrl Pts',(-22.4110741384107,8.2596549021944,70.6828779355899));
#8634=CARTESIAN_POINT('Ctrl Pts',(-22.1672532146758,8.21267496032575,71.3500114829255));
#8635=CARTESIAN_POINT('Ctrl Pts',(-21.9236209516068,8.16660557646011,72.0173266919173));
#8636=CARTESIAN_POINT('Ctrl Pts',(-21.680189050154,8.12098550681597,72.6847830843627));
#8637=CARTESIAN_POINT('Ctrl Pts',(-21.4789108337818,8.08326519902578,73.2366599393514));
#8638=CARTESIAN_POINT('Ctrl Pts',(-21.277768310168,8.0458518433247,73.7886382069063));
#8639=CARTESIAN_POINT('Ctrl Pts',(-21.0767763296194,8.00848895462818,74.3406714653499));
#8640=CARTESIAN_POINT('Ctrl Pts',(-20.8106487301071,7.95901784711183,75.0716025478714));
#8641=CARTESIAN_POINT('Ctrl Pts',(-20.5447850598824,7.90963491067111,75.802630088222));
#8642=CARTESIAN_POINT('Ctrl Pts',(-20.2792101830171,7.85971685517614,76.5337247543411));
#8643=CARTESIAN_POINT('Ctrl Pts',(-20.100134351827,7.82605735626318,77.0266982861724));
#8644=CARTESIAN_POINT('Ctrl Pts',(-19.921190642704,7.79215454764229,77.5197045547175));
#8645=CARTESIAN_POINT('Ctrl Pts',(-19.7423925159268,7.75782063228239,78.0127164489865));
#8646=CARTESIAN_POINT('Ctrl Pts',(-19.455764115113,7.70278048487888,78.8030558858901));
#8647=CARTESIAN_POINT('Ctrl Pts',(-19.1695098665729,7.64663152773283,79.5934099407312));
#8648=CARTESIAN_POINT('Ctrl Pts',(-18.8836880942308,7.58845224005288,80.3837550054592));
#8649=CARTESIAN_POINT('Ctrl Pts',(-18.7251459024235,7.55618082940775,80.8221507155526));
#8650=CARTESIAN_POINT('Ctrl Pts',(-18.5667370504364,7.52328461996692,81.2605485458735));
#8651=CARTESIAN_POINT('Ctrl Pts',(-18.4084777653307,7.48960993446741,81.6989264228128));
#8652=CARTESIAN_POINT('Ctrl Pts',(-18.1859647281528,7.44226322402639,82.3152870538127));
#8653=CARTESIAN_POINT('Ctrl Pts',(-17.9637473758139,7.39337705990629,82.9316083591206));
#8654=CARTESIAN_POINT('Ctrl Pts',(-17.7418740358006,7.34242259163014,83.5478736598569));
#8655=CARTESIAN_POINT('Ctrl Pts',(-17.6595950373826,7.32352675396693,83.7764080646725));
#8656=CARTESIAN_POINT('Ctrl Pts',(-17.5773633449973,7.30434658225706,84.0049347476554));
#8657=CARTESIAN_POINT('Ctrl Pts',(-17.495181433002,7.28485093533399,84.2334549276975));
#8658=CARTESIAN_POINT('Ctrl Pts',(-17.3551738796941,7.25163757049998,84.6227687135708));
#8659=CARTESIAN_POINT('Ctrl Pts',(-17.2153107668129,7.21750810705293,85.0120671977571));
#8660=CARTESIAN_POINT('Ctrl Pts',(-17.0756151760917,7.18231299032646,85.4013270325082));
#8661=CARTESIAN_POINT('Ctrl Pts',(-16.8532221362567,7.12628295419048,86.0210221674014));
#8662=CARTESIAN_POINT('Ctrl Pts',(-16.6312537144948,7.067550655125,86.6406197191198));
#8663=CARTESIAN_POINT('Ctrl Pts',(-16.4098126449601,7.00537690365956,87.26006988935));
#8664=CARTESIAN_POINT('Ctrl Pts',(-16.3119385890408,6.97789691884724,87.53385876116));
#8665=CARTESIAN_POINT('Ctrl Pts',(-16.2141675411084,6.94974495046074,87.8076187713698));
#8666=CARTESIAN_POINT('Ctrl Pts',(-16.1165067866367,6.92083861328121,88.0813595984853));
#8667=CARTESIAN_POINT('Ctrl Pts',(-15.992345733796,6.88408852592636,88.4293801465957));
#8668=CARTESIAN_POINT('Ctrl Pts',(-15.8683685668753,6.8461210951844,88.7773497536076));
#8669=CARTESIAN_POINT('Ctrl Pts',(-15.7445908265647,6.80677070918585,89.1252878644329));
#8670=CARTESIAN_POINT('Ctrl Pts',(-15.6403677860425,6.77363699011647,89.4182578906491));
#8671=CARTESIAN_POINT('Ctrl Pts',(-15.5362861486222,6.73952278280069,89.7112055574876));
#8672=CARTESIAN_POINT('Ctrl Pts',(-15.4323649916578,6.70429891605643,90.0041330694064));
#8673=CARTESIAN_POINT('Ctrl Pts',(-15.3147183768974,6.66442283305001,90.3357491825647));
#8674=CARTESIAN_POINT('Ctrl Pts',(-15.1972792042276,6.62312431507436,90.6673385010991));
#8675=CARTESIAN_POINT('Ctrl Pts',(-15.0801068436394,6.58023379583922,90.9988055067222));
#8676=CARTESIAN_POINT('Ctrl Pts',(-14.9708552799675,6.54024265569646,91.3078654973906));
#8677=CARTESIAN_POINT('Ctrl Pts',(-14.8618357141964,6.49886736774263,91.616819116195));
#8678=CARTESIAN_POINT('Ctrl Pts',(-14.7531160028823,6.45591461194617,91.9255713448364));
#8679=CARTESIAN_POINT('Ctrl Pts',(-14.6407638235351,6.41152674828858,92.2446393900591));
#8680=CARTESIAN_POINT('Ctrl Pts',(-14.5287180099402,6.3654483092021,92.563534063717));
#8681=CARTESIAN_POINT('Ctrl Pts',(-14.417054695549,6.31747546233574,92.8821490644135));
#8682=CARTESIAN_POINT('Ctrl Pts',(-14.3064741524785,6.26996779620524,93.1976745348826));
#8683=CARTESIAN_POINT('Ctrl Pts',(-14.1962686633618,6.22060192577441,93.5129260986477));
#8684=CARTESIAN_POINT('Ctrl Pts',(-14.0864808125666,6.16908619477697,93.8279411641878));
#8685=CARTESIAN_POINT('Ctrl Pts',(-14.0847966846083,6.16829595175611,93.8327734445843));
#8686=CARTESIAN_POINT('Ctrl Pts',(-14.0831126549156,6.16750520317179,93.8376056692055));
#8687=CARTESIAN_POINT('Ctrl Pts',(-14.0814287237123,6.16671394776066,93.8424378381429));
#8688=CARTESIAN_POINT('Ctrl Pts',(-13.9727316421874,6.11563872939066,94.1543523984808));
#8689=CARTESIAN_POINT('Ctrl Pts',(-13.8644523907458,6.06245253727066,94.4660176515882));
#8690=CARTESIAN_POINT('Ctrl Pts',(-13.756677454914,6.0068432594593,94.7773678599187));
#8691=CARTESIAN_POINT('Ctrl Pts',(-13.6464805915565,5.94998432522669,95.0957147566151));
#8692=CARTESIAN_POINT('Ctrl Pts',(-13.536810996119,5.89059124998896,95.4137327461921));
#8693=CARTESIAN_POINT('Ctrl Pts',(-13.4277613008623,5.82823516571111,95.7314179850236));
#8694=CARTESIAN_POINT('Ctrl Pts',(-13.4253357381748,5.8268481963023,95.7384841713147));
#8695=CARTESIAN_POINT('Ctrl Pts',(-13.4229104820943,5.82545976263907,95.7455501923597));
#8696=CARTESIAN_POINT('Ctrl Pts',(-13.4204855336765,5.82406985814202,95.7526160492954));
#8697=CARTESIAN_POINT('Ctrl Pts',(-13.3237057386994,5.76859871027262,96.0346147015283));
#8698=CARTESIAN_POINT('Ctrl Pts',(-13.227418779991,5.71078069338674,96.316354550524));
#8699=CARTESIAN_POINT('Ctrl Pts',(-13.1317420191845,5.65024943650468,96.5977533778983));
#8700=CARTESIAN_POINT('Ctrl Pts',(-13.1211158680996,5.64352665162396,96.6290063846847));
#8701=CARTESIAN_POINT('Ctrl Pts',(-13.1104972415192,5.63677044838064,96.6602551650901));
#8702=CARTESIAN_POINT('Ctrl Pts',(-13.0998862984721,5.62998036290423,96.6914995911039));
#8703=CARTESIAN_POINT('Ctrl Pts',(-13.0132866686463,5.57456409253773,96.9464963161728));
#8704=CARTESIAN_POINT('Ctrl Pts',(-12.9271990285688,5.51688719140468,97.2012045997873));
#8705=CARTESIAN_POINT('Ctrl Pts',(-12.8417216358526,5.45658655198317,97.4556041152621));
#8706=CARTESIAN_POINT('Ctrl Pts',(-12.8194849894127,5.44089955035259,97.5217852644564));
#8707=CARTESIAN_POINT('Ctrl Pts',(-12.7972896286106,5.42503523398024,97.5879454126272));
#8708=CARTESIAN_POINT('Ctrl Pts',(-12.775137253693,5.40898775464682,97.6540839727359));
#8709=CARTESIAN_POINT('Ctrl Pts',(-12.7745117805696,5.4085346534756,97.6559513974214));
#8710=CARTESIAN_POINT('Ctrl Pts',(-12.7738863418438,5.408081406534,97.6578188039232));
#8711=CARTESIAN_POINT('Ctrl Pts',(-12.7732609375721,5.40762801370513,97.6596861921794));
#8712=CARTESIAN_POINT('Ctrl Pts',(-12.7022688352129,5.35616160778048,97.8716607888072));
#8713=CARTESIAN_POINT('Ctrl Pts',(-12.6317207791431,5.30281175027174,98.0834021993269));
#8714=CARTESIAN_POINT('Ctrl Pts',(-12.5616873912013,5.24726048548195,98.2949537368588));
#8715=CARTESIAN_POINT('Ctrl Pts',(-12.5279366114904,5.22048899040399,98.3969055280053));
#8716=CARTESIAN_POINT('Ctrl Pts',(-12.4943053474801,5.19320686730347,98.4988128777796));
#8717=CARTESIAN_POINT('Ctrl Pts',(-12.4608014099361,5.16538240378245,98.6006785640114));
#8718=CARTESIAN_POINT('Ctrl Pts',(-12.4565823143994,5.16187851503212,98.6135063416885));
#8719=CARTESIAN_POINT('Ctrl Pts',(-12.4523652982271,5.1583660448013,98.6263334001871));
#8720=CARTESIAN_POINT('Ctrl Pts',(-12.4481503862969,5.15484494629918,98.6391596953461));
#8721=CARTESIAN_POINT('Ctrl Pts',(-12.3938080482549,5.10944785894633,98.8045275319451));
#8722=CARTESIAN_POINT('Ctrl Pts',(-12.3398159451943,5.06261391259641,98.9697688594078));
#8723=CARTESIAN_POINT('Ctrl Pts',(-12.2862943289621,5.01422709390397,99.1346386363574));
#8724=CARTESIAN_POINT('Ctrl Pts',(-12.2419960616133,4.9741787474322,99.2710965008839));
#8725=CARTESIAN_POINT('Ctrl Pts',(-12.1980200934186,4.93306698629261,99.4072996695354));
#8726=CARTESIAN_POINT('Ctrl Pts',(-12.1544416400522,4.8908275774932,99.5430954932485));
#8727=CARTESIAN_POINT('Ctrl Pts',(-12.1446987063135,4.88138401698783,99.5734556738017));
#8728=CARTESIAN_POINT('Ctrl Pts',(-12.1349750967248,4.87188313419616,99.603798796041));
#8729=CARTESIAN_POINT('Ctrl Pts',(-12.1252719436517,4.86232453455229,99.6341224026429));
#8730=CARTESIAN_POINT('Ctrl Pts',(-12.0785104205386,4.81625964463365,99.7802582020378));
#8731=CARTESIAN_POINT('Ctrl Pts',(-12.0322242119281,4.76885061176911,99.9259425530682));
#8732=CARTESIAN_POINT('Ctrl Pts',(-11.9864873685679,4.71995546069257,100.071101088468));
#8733=CARTESIAN_POINT('Ctrl Pts',(-11.9794897974607,4.71247467996266,100.093309817769));
#8734=CARTESIAN_POINT('Ctrl Pts',(-11.9725050802845,4.70495920188604,100.115506195709));
#8735=CARTESIAN_POINT('Ctrl Pts',(-11.965533476169,4.69740861740459,100.137689907698));
#8736=CARTESIAN_POINT('Ctrl Pts',(-11.9235978431151,4.65199029833307,100.271129499268));
#8737=CARTESIAN_POINT('Ctrl Pts',(-11.8821369826832,4.60529799134839,100.404112500477));
#8738=CARTESIAN_POINT('Ctrl Pts',(-11.8412205779297,4.55719331539245,100.53657483917));
#8739=CARTESIAN_POINT('Ctrl Pts',(-11.8298688049908,4.54384724156111,100.573324949569));
#8740=CARTESIAN_POINT('Ctrl Pts',(-11.8185589173256,4.53039273233447,100.610034857083));
#8741=CARTESIAN_POINT('Ctrl Pts',(-11.8072923498464,4.51682748882251,100.64670289292));
#8742=CARTESIAN_POINT('Ctrl Pts',(-11.7706584587308,4.47271932059022,100.765931117021));
#8743=CARTESIAN_POINT('Ctrl Pts',(-11.7344828090313,4.42743690942878,100.884718424331));
#8744=CARTESIAN_POINT('Ctrl Pts',(-11.6988151659304,4.38083607160024,101.003053543727));
#8745=CARTESIAN_POINT('Ctrl Pts',(-11.6827031764785,4.35978527759573,101.056508553079));
#8746=CARTESIAN_POINT('Ctrl Pts',(-11.6666948073303,4.33846606371494,101.109870980501));
#8747=CARTESIAN_POINT('Ctrl Pts',(-11.65079443476,4.31686827448871,101.163138192776));
#8748=CARTESIAN_POINT('Ctrl Pts',(-11.6282571300432,4.28625540961086,101.238639530191));
#8749=CARTESIAN_POINT('Ctrl Pts',(-11.605936833078,4.25508220113262,101.313949944072));
#8750=CARTESIAN_POINT('Ctrl Pts',(-11.583847450618,4.22328415261888,101.389083114343));
#8751=CARTESIAN_POINT('Ctrl Pts',(-11.5542465879888,4.18067319834547,101.489765270402));
#8752=CARTESIAN_POINT('Ctrl Pts',(-11.5250626607619,4.13694796479583,101.590105634286));
#8753=CARTESIAN_POINT('Ctrl Pts',(-11.4963563210399,4.09203822388502,101.690018395928));
#8754=CARTESIAN_POINT('Ctrl Pts',(-11.4705123113558,4.05160646594408,101.77996878335));
#8755=CARTESIAN_POINT('Ctrl Pts',(-11.4450554031072,4.01021400844904,101.86957301268));
#8756=CARTESIAN_POINT('Ctrl Pts',(-11.4200306143325,3.96776045779989,101.958799997479));
#8757=CARTESIAN_POINT('Ctrl Pts',(-11.3976191984087,3.92974038939482,102.038708886459));
#8758=CARTESIAN_POINT('Ctrl Pts',(-11.3755543505441,3.89086916084384,102.118315306168));
#8759=CARTESIAN_POINT('Ctrl Pts',(-11.3538680439708,3.85106105192175,102.197606013481));
#8760=CARTESIAN_POINT('Ctrl Pts',(-11.3507050891748,3.84525502641857,102.209170588672));
#8761=CARTESIAN_POINT('Ctrl Pts',(-11.3475501828001,3.83942915052848,102.220728404236));
#8762=CARTESIAN_POINT('Ctrl Pts',(-11.34440341989,3.83358324022013,102.232279373869));
#8763=CARTESIAN_POINT('Ctrl Pts',(-11.3397171286757,3.8248772655725,102.249481561975));
#8764=CARTESIAN_POINT('Ctrl Pts',(-11.335048898706,3.81612685013116,102.266668571172));
#8765=CARTESIAN_POINT('Ctrl Pts',(-11.3303990691148,3.80733052750984,102.283840610557));
#8766=CARTESIAN_POINT('Ctrl Pts',(-11.3114748037327,3.77153051798145,102.353728812717));
#8767=CARTESIAN_POINT('Ctrl Pts',(-11.2928543293579,3.73496399668881,102.423375982327));
#8768=CARTESIAN_POINT('Ctrl Pts',(-11.2745694592613,3.69757906986982,102.492741676078));
#8769=CARTESIAN_POINT('Ctrl Pts',(-11.2729029083307,3.69417166887377,102.499063922879));
#8770=CARTESIAN_POINT('Ctrl Pts',(-11.2712391438344,3.69075750066916,102.505383814055));
#8771=CARTESIAN_POINT('Ctrl Pts',(-11.2695781889574,3.68733654505355,102.511701308437));
#8772=CARTESIAN_POINT('Ctrl Pts',(-11.2530251206151,3.65324331778793,102.574661427161));
#8773=CARTESIAN_POINT('Ctrl Pts',(-11.2367512603184,3.61847226310736,102.6373855484));
#8774=CARTESIAN_POINT('Ctrl Pts',(-11.2207806162308,3.58295299178643,102.699861252439));
#8775=CARTESIAN_POINT('Ctrl Pts',(-11.2123288469958,3.56415596125006,102.732923803357));
#8776=CARTESIAN_POINT('Ctrl Pts',(-11.2039619651064,3.54515013572431,102.765916365488));
#8777=CARTESIAN_POINT('Ctrl Pts',(-11.1956833146567,3.52593026657884,102.798834211237));
#8778=CARTESIAN_POINT('Ctrl Pts',(-11.181587027781,3.49320406430266,102.854884336779));
#8779=CARTESIAN_POINT('Ctrl Pts',(-11.1677466470786,3.45985442736006,102.910719430821));
#8780=CARTESIAN_POINT('Ctrl Pts',(-11.1541795147207,3.42580684388584,102.966342866432));
#8781=CARTESIAN_POINT('Ctrl Pts',(-11.1435795395321,3.39920553046634,103.009801352855));
#8782=CARTESIAN_POINT('Ctrl Pts',(-11.1331463306471,3.37217904628541,103.053130151154));
#8783=CARTESIAN_POINT('Ctrl Pts',(-11.1228874676528,3.3447112174852,103.096320082998));
#8784=CARTESIAN_POINT('Ctrl Pts',(-11.1185578474786,3.33311877631702,103.114547834001));
#8785=CARTESIAN_POINT('Ctrl Pts',(-11.1142592742273,3.32144790201256,103.132750751115));
#8786=CARTESIAN_POINT('Ctrl Pts',(-11.1099924041847,3.30969272512076,103.150930573945));
#8787=CARTESIAN_POINT('Ctrl Pts',(-11.0993196313782,3.28028936129394,103.196403981101));
#8788=CARTESIAN_POINT('Ctrl Pts',(-11.0888472732059,3.25037109217288,103.241710260422));
#8789=CARTESIAN_POINT('Ctrl Pts',(-11.0785950748866,3.21990240265431,103.28682215694));
#8790=CARTESIAN_POINT('Ctrl Pts',(-11.0693477243118,3.19242003792035,103.32751250541));
#8791=CARTESIAN_POINT('Ctrl Pts',(-11.0602794744481,3.1644903631504,103.368044435322));
#8792=CARTESIAN_POINT('Ctrl Pts',(-11.0514038028084,3.1361192873201,103.408380502749));
#8793=CARTESIAN_POINT('Ctrl Pts',(-11.0427137766509,3.10834162709479,103.447872892199));
#8794=CARTESIAN_POINT('Ctrl Pts',(-11.0342083781595,3.08013948520215,103.487178225894));
#8795=CARTESIAN_POINT('Ctrl Pts',(-11.0259006460054,3.05147228643032,103.526284442527));
#8796=CARTESIAN_POINT('Ctrl Pts',(-11.022781025659,3.0407075223641,103.540969141892));
#8797=CARTESIAN_POINT('Ctrl Pts',(-11.019689265577,3.02987764570054,103.555625516323));
#8798=CARTESIAN_POINT('Ctrl Pts',(-11.0166260131852,3.01898218309345,103.570252029996));
#8799=CARTESIAN_POINT('Ctrl Pts',(-11.0165041319897,3.01854867261573,103.570833992154));
#8800=CARTESIAN_POINT('Ctrl Pts',(-11.0163822928552,3.01811504903239,103.57141591959));
#8801=CARTESIAN_POINT('Ctrl Pts',(-11.0162604958231,3.01768131232522,103.571997812192));
#8802=CARTESIAN_POINT('Ctrl Pts',(-11.0071171516313,2.9851205517497,103.615680685633));
#8803=CARTESIAN_POINT('Ctrl Pts',(-10.9982120526223,2.95191802932645,103.659167082216));
#8804=CARTESIAN_POINT('Ctrl Pts',(-10.989596148019,2.91817239954318,103.702250643954));
#8805=CARTESIAN_POINT('Ctrl Pts',(-10.9869315883439,2.90773620642475,103.715574691347));
#8806=CARTESIAN_POINT('Ctrl Pts',(-10.9842946030683,2.8972484361373,103.728860226709));
#8807=CARTESIAN_POINT('Ctrl Pts',(-10.9816864703842,2.88671298627281,103.742101196137));
#8808=CARTESIAN_POINT('Ctrl Pts',(-10.9750454383426,2.85988679734909,103.775816391214));
#8809=CARTESIAN_POINT('Ctrl Pts',(-10.9685914978866,2.83274778961245,103.809244596537));
#8810=CARTESIAN_POINT('Ctrl Pts',(-10.9623290268546,2.80526575188488,103.842380764032));
#8811=CARTESIAN_POINT('Ctrl Pts',(-10.9574608797007,2.78390252272779,103.868139244775));
#8812=CARTESIAN_POINT('Ctrl Pts',(-10.9527084119025,2.76233297108284,103.893720780086));
#8813=CARTESIAN_POINT('Ctrl Pts',(-10.948073275076,2.74056240619802,103.919113373981));
#8814=CARTESIAN_POINT('Ctrl Pts',(-10.9448598000968,2.72546918065631,103.936717701143));
#8815=CARTESIAN_POINT('Ctrl Pts',(-10.9417027205555,2.71027953516869,103.95423109075));
#8816=CARTESIAN_POINT('Ctrl Pts',(-10.9386031029735,2.69498804746757,103.971651096332));
#8817=CARTESIAN_POINT('Ctrl Pts',(-10.9330803751299,2.66774251712043,104.002689102574));
#8818=CARTESIAN_POINT('Ctrl Pts',(-10.9277454884747,2.6402053206794,104.033392742727));
#8819=CARTESIAN_POINT('Ctrl Pts',(-10.9225980152147,2.61236991638166,104.063754680715));
#8820=CARTESIAN_POINT('Ctrl Pts',(-10.9202299259275,2.59956426992345,104.077722656157));
#8821=CARTESIAN_POINT('Ctrl Pts',(-10.9179014833702,2.5866961972396,104.091618012521));
#8822=CARTESIAN_POINT('Ctrl Pts',(-10.915612556999,2.57376841252616,104.10543857683));
#8823=CARTESIAN_POINT('Ctrl Pts',(-10.9113675661811,2.54979283686147,104.131069881237));
#8824=CARTESIAN_POINT('Ctrl Pts',(-10.9072585509938,2.52560832252781,104.156445405837));
#8825=CARTESIAN_POINT('Ctrl Pts',(-10.9032853265572,2.5011616591753,104.18157872547));
#8826=CARTESIAN_POINT('Ctrl Pts',(-10.8991683240952,2.47583035085954,104.207621537917));
#8827=CARTESIAN_POINT('Ctrl Pts',(-10.8951971145971,2.4502176845288,104.233404253223));
#8828=CARTESIAN_POINT('Ctrl Pts',(-10.891370533894,2.42431687900605,104.25892026348));
#8829=CARTESIAN_POINT('Ctrl Pts',(-10.8890357492907,2.40851352696945,104.274488833049));
#8830=CARTESIAN_POINT('Ctrl Pts',(-10.8867547889304,2.39260391861488,104.289957693823));
#8831=CARTESIAN_POINT('Ctrl Pts',(-10.8845272323122,2.37659522764394,104.30532173945));
#8832=CARTESIAN_POINT('Ctrl Pts',(-10.8813040030407,2.35343097632223,104.327553202027));
#8833=CARTESIAN_POINT('Ctrl Pts',(-10.8781926339272,2.33005606634493,104.349566409192));
#8834=CARTESIAN_POINT('Ctrl Pts',(-10.8751924981713,2.30643655041174,104.371364649339));
#8835=CARTESIAN_POINT('Ctrl Pts',(-10.8732883560414,2.29144559032327,104.385199672418));
#8836=CARTESIAN_POINT('Ctrl Pts',(-10.8714290053372,2.27635715765247,104.3989476931));
#8837=CARTESIAN_POINT('Ctrl Pts',(-10.8696141344441,2.26117264128669,104.412605683923));
#8838=CARTESIAN_POINT('Ctrl Pts',(-10.866922716746,2.23865430334802,104.432860214623));
#8839=CARTESIAN_POINT('Ctrl Pts',(-10.8643291583857,2.21592158477207,104.452917869827));
#8840=CARTESIAN_POINT('Ctrl Pts',(-10.8618326528013,2.19294995920438,104.472778100428));
#8841=CARTESIAN_POINT('Ctrl Pts',(-10.8595451362057,2.1719013482807,104.490975779366));
#8842=CARTESIAN_POINT('Ctrl Pts',(-10.85733909091,2.15065305664654,104.50900736787));
#8843=CARTESIAN_POINT('Ctrl Pts',(-10.8552134316813,2.12922215640359,104.526859138713));
#8844=CARTESIAN_POINT('Ctrl Pts',(-10.8531588090907,2.10850744767662,104.544114327673));
#8845=CARTESIAN_POINT('Ctrl Pts',(-10.8511793018976,2.08762032469975,104.561202001755));
#8846=CARTESIAN_POINT('Ctrl Pts',(-10.8492742017873,2.06652965082256,104.578121076244));
#8847=CARTESIAN_POINT('Ctrl Pts',(-10.8472848986149,2.04450679531733,104.595787952841));
#8848=CARTESIAN_POINT('Ctrl Pts',(-10.84537672249,2.02226216349394,104.613270937025));
#8849=CARTESIAN_POINT('Ctrl Pts',(-10.8435483213467,1.99981467139959,104.63055108339));
#8850=CARTESIAN_POINT('Ctrl Pts',(-10.8428309488671,1.99100740658023,104.637330942116));
#8851=CARTESIAN_POINT('Ctrl Pts',(-10.8421258513156,1.98216947038701,104.644079395522));
#8852=CARTESIAN_POINT('Ctrl Pts',(-10.8414329271617,1.97330404578931,104.650794637721));
#8853=CARTESIAN_POINT('Ctrl Pts',(-10.8406386227514,1.96314153980912,104.658492372697));
#8854=CARTESIAN_POINT('Ctrl Pts',(-10.8398603163817,1.95294269649248,104.666146534841));
#8855=CARTESIAN_POINT('Ctrl Pts',(-10.8390979452187,1.94270213867063,104.673757531016));
#8856=CARTESIAN_POINT('Ctrl Pts',(-10.8375406508151,1.92178376693681,104.689304501211));
#8857=CARTESIAN_POINT('Ctrl Pts',(-10.8360516954339,1.90071154068399,104.704654975009));
#8858=CARTESIAN_POINT('Ctrl Pts',(-10.8346278211057,1.87946127735797,104.719817556341));
#8859=CARTESIAN_POINT('Ctrl Pts',(-10.8330734901361,1.85626404587184,104.736369346957));
#8860=CARTESIAN_POINT('Ctrl Pts',(-10.8315967062924,1.83285501987236,104.752697110421));
#8861=CARTESIAN_POINT('Ctrl Pts',(-10.8301928305409,1.80926343950622,104.768793760859));
#8862=CARTESIAN_POINT('Ctrl Pts',(-10.8295963686805,1.79924013231446,104.775632712281));
#8863=CARTESIAN_POINT('Ctrl Pts',(-10.8290130635736,1.78918453937374,104.782429745568));
#8864=CARTESIAN_POINT('Ctrl Pts',(-10.8284425445247,1.77910151752801,104.789183543127));
#8865=CARTESIAN_POINT('Ctrl Pts',(-10.8273581745572,1.75993699341285,104.802020301609));
#8866=CARTESIAN_POINT('Ctrl Pts',(-10.8263200581659,1.74066928625318,104.81470126482));
#8867=CARTESIAN_POINT('Ctrl Pts',(-10.8253272955125,1.72124993298552,104.827219038727));
#8868=CARTESIAN_POINT('Ctrl Pts',(-10.8242395007409,1.69997166382422,104.840935075448));
#8869=CARTESIAN_POINT('Ctrl Pts',(-10.8232061545009,1.6785115582535,104.854455110933));
#8870=CARTESIAN_POINT('Ctrl Pts',(-10.822225160551,1.65686893144289,104.867762635049));
#8871=CARTESIAN_POINT('Ctrl Pts',(-10.8211192236829,1.63246982182851,104.882765053307));
#8872=CARTESIAN_POINT('Ctrl Pts',(-10.820079818573,1.60783905314007,104.897497256156));
#8873=CARTESIAN_POINT('Ctrl Pts',(-10.8191029001379,1.58304829800004,104.911928936233));
#8874=CARTESIAN_POINT('Ctrl Pts',(-10.818219498768,1.56063067717939,104.924979120865));
#8875=CARTESIAN_POINT('Ctrl Pts',(-10.8173871672231,1.538084034147,104.937783354904));
#8876=CARTESIAN_POINT('Ctrl Pts',(-10.8166024041123,1.51549753705024,104.95031691743));
#8877=CARTESIAN_POINT('Ctrl Pts',(-10.8164506823335,1.51113078806737,104.952740087397));
#8878=CARTESIAN_POINT('Ctrl Pts',(-10.8163007375141,1.50676261496159,104.95515313885));
#8879=CARTESIAN_POINT('Ctrl Pts',(-10.8161525430069,1.50239241819818,104.957556068328));
#8880=CARTESIAN_POINT('Ctrl Pts',(-10.8154467836035,1.4815798555854,104.968999745334));
#8881=CARTESIAN_POINT('Ctrl Pts',(-10.8147816988525,1.46072187760456,104.980211431667));
#8882=CARTESIAN_POINT('Ctrl Pts',(-10.8141533355856,1.43976255505408,104.991204327333));
#8883=CARTESIAN_POINT('Ctrl Pts',(-10.8134127456277,1.41505986375306,105.004160571862));
#8884=CARTESIAN_POINT('Ctrl Pts',(-10.8127231515374,1.39021719316765,105.016812672057));
#8885=CARTESIAN_POINT('Ctrl Pts',(-10.8120782312681,1.36521903331915,105.029177435711));
#8886=CARTESIAN_POINT('Ctrl Pts',(-10.8118362779006,1.35584052679073,105.033816297825));
#8887=CARTESIAN_POINT('Ctrl Pts',(-10.8116006149245,1.34644072994343,105.038414694165));
#8888=CARTESIAN_POINT('Ctrl Pts',(-10.8113709190851,1.33702052244379,105.042973484511));
#8889=CARTESIAN_POINT('Ctrl Pts',(-10.8107192580702,1.31029482294215,105.055907048966));
#8890=CARTESIAN_POINT('Ctrl Pts',(-10.8101156410519,1.28340110515558,105.068518227836));
#8891=CARTESIAN_POINT('Ctrl Pts',(-10.8095540025196,1.25632569853801,105.080768502426));
#8892=CARTESIAN_POINT('Ctrl Pts',(-10.8089042868362,1.22500427861951,105.09493988681));
#8893=CARTESIAN_POINT('Ctrl Pts',(-10.8083107095708,1.19344366807484,105.108628215865));
#8894=CARTESIAN_POINT('Ctrl Pts',(-10.8077640458644,1.16165586658773,105.121833266335));
#8895=CARTESIAN_POINT('Ctrl Pts',(-10.8074236927367,1.14186476369751,105.130054738104));
#8896=CARTESIAN_POINT('Ctrl Pts',(-10.8071015314075,1.12198589020759,105.138090037485));
#8897=CARTESIAN_POINT('Ctrl Pts',(-10.8067954583646,1.10201707604632,105.145948181454));
#8898=CARTESIAN_POINT('Ctrl Pts',(-10.8064363314316,1.07858692055477,105.155168435274));
#8899=CARTESIAN_POINT('Ctrl Pts',(-10.8060993452511,1.05503568767025,105.164142900711));
#8900=CARTESIAN_POINT('Ctrl Pts',(-10.805781347159,1.03139594673208,105.172844665845));
#8901=CARTESIAN_POINT('Ctrl Pts',(-10.8057623653966,1.02998485667367,105.173364086693));
#8902=CARTESIAN_POINT('Ctrl Pts',(-10.8057434513721,1.02857343851928,105.17388254424));
#8903=CARTESIAN_POINT('Ctrl Pts',(-10.8057246044467,1.0271616943879,105.174400035788));
#8904=CARTESIAN_POINT('Ctrl Pts',(-10.8054045823713,1.00319018305248,105.183187077459));
#8905=CARTESIAN_POINT('Ctrl Pts',(-10.8051040941915,0.979124367998627,105.191695902141));
#8906=CARTESIAN_POINT('Ctrl Pts',(-10.8048196337999,0.954887944225764,105.199944365223));
#8907=CARTESIAN_POINT('Ctrl Pts',(-10.804579733033,0.934448062890326,105.206900738331));
#8908=CARTESIAN_POINT('Ctrl Pts',(-10.8043512447129,0.913888223302323,105.213671960154));
#8909=CARTESIAN_POINT('Ctrl Pts',(-10.8041326295552,0.893266808097473,105.220243662539));
#8910=CARTESIAN_POINT('Ctrl Pts',(-10.8038804359893,0.869478026533414,105.227824751955));
#8911=CARTESIAN_POINT('Ctrl Pts',(-10.8036413666792,0.845606766802138,105.235141009247));
#8912=CARTESIAN_POINT('Ctrl Pts',(-10.8034134591151,0.821669991224125,105.242180158877));
#8913=CARTESIAN_POINT('Ctrl Pts',(-10.8033071955047,0.810509290157212,105.245462215164));
#8914=CARTESIAN_POINT('Ctrl Pts',(-10.8032033651029,0.799333465411221,105.248684084506));
#8915=CARTESIAN_POINT('Ctrl Pts',(-10.8031018073049,0.788140642453989,105.251844366463));
#8916=CARTESIAN_POINT('Ctrl Pts',(-10.802840908595,0.759386641016331,105.259963028956));
#8917=CARTESIAN_POINT('Ctrl Pts',(-10.8025949140316,0.730521696295902,105.267678034111));
#8918=CARTESIAN_POINT('Ctrl Pts',(-10.8023606070801,0.701568419807519,105.275008378534));
#8919=CARTESIAN_POINT('Ctrl Pts',(-10.8021625416474,0.677093502609601,105.281204899085));
#8920=CARTESIAN_POINT('Ctrl Pts',(-10.8019728494303,0.652552290723999,105.287126538194));
#8921=CARTESIAN_POINT('Ctrl Pts',(-10.8017903151418,0.627974224565873,105.292758243609));
#8922=CARTESIAN_POINT('Ctrl Pts',(-10.8017569154731,0.623476991336019,105.293788719016));
#8923=CARTESIAN_POINT('Ctrl Pts',(-10.8017237572791,0.618978636926041,105.294809405271));
#8924=CARTESIAN_POINT('Ctrl Pts',(-10.8016908355817,0.614479521318956,105.295820093472));
#8925=CARTESIAN_POINT('Ctrl Pts',(-10.8015182344945,0.590891665731846,105.301118905372));
#8926=CARTESIAN_POINT('Ctrl Pts',(-10.8013520943705,0.567279446733006,105.306144478293));
#8927=CARTESIAN_POINT('Ctrl Pts',(-10.8011915536136,0.543589019324688,105.310916456314));
#8928=CARTESIAN_POINT('Ctrl Pts',(-10.801140937489,0.536119778186771,105.312420990358));
#8929=CARTESIAN_POINT('Ctrl Pts',(-10.8010908816256,0.528643105027267,105.313900167892));
#8930=CARTESIAN_POINT('Ctrl Pts',(-10.8010413689244,0.521158361235537,105.315354201645));
#8931=CARTESIAN_POINT('Ctrl Pts',(-10.8008934153039,0.498792485084291,105.319699138457));
#8932=CARTESIAN_POINT('Ctrl Pts',(-10.8007499042754,0.476373605940557,105.323815955192));
#8933=CARTESIAN_POINT('Ctrl Pts',(-10.8006109181392,0.453942251156643,105.327698490126));
#8934=CARTESIAN_POINT('Ctrl Pts',(-10.8006028983272,0.452647911636208,105.327922521106));
#8935=CARTESIAN_POINT('Ctrl Pts',(-10.800594893654,0.451353544946678,105.328145768936));
#8936=CARTESIAN_POINT('Ctrl Pts',(-10.8005869041619,0.450059164348055,105.328368231305));
#8937=CARTESIAN_POINT('Ctrl Pts',(-10.8004278258641,0.424286829836777,105.332797666192));
#8938=CARTESIAN_POINT('Ctrl Pts',(-10.8002747306305,0.398504908826903,105.336916162036));
#8939=CARTESIAN_POINT('Ctrl Pts',(-10.8001282263645,0.37268587965499,105.340730245199));
#8940=CARTESIAN_POINT('Ctrl Pts',(-10.7999964236553,0.349457764264875,105.344161588928));
#8941=CARTESIAN_POINT('Ctrl Pts',(-10.7998699643283,0.32620002681413,105.347346081871));
#8942=CARTESIAN_POINT('Ctrl Pts',(-10.7997495549391,0.302928738420355,105.350288391182));
#8943=CARTESIAN_POINT('Ctrl Pts',(-10.7996793022596,0.289351139732626,105.352005077184));
#8944=CARTESIAN_POINT('Ctrl Pts',(-10.7996111130272,0.275769814572099,105.35363939121));
#8945=CARTESIAN_POINT('Ctrl Pts',(-10.7995451837568,0.262181962100196,105.355190920384));
#8946=CARTESIAN_POINT('Ctrl Pts',(-10.7994228839365,0.236976284812315,105.358069031089));
#8947=CARTESIAN_POINT('Ctrl Pts',(-10.7993080736144,0.211752613527341,105.360661576718));
#8948=CARTESIAN_POINT('Ctrl Pts',(-10.7992014817419,0.186383218690544,105.362983328602));
#8949=CARTESIAN_POINT('Ctrl Pts',(-10.799183588955,0.182124646570023,105.363373063868));
#8950=CARTESIAN_POINT('Ctrl Pts',(-10.7991659294209,0.177862087300085,105.363755174023));
#8951=CARTESIAN_POINT('Ctrl Pts',(-10.7991485085385,0.173595073477575,105.364129745064));
#8952=CARTESIAN_POINT('Ctrl Pts',(-10.7990914393142,0.159616724818997,105.365356805683));
#8953=CARTESIAN_POINT('Ctrl Pts',(-10.7990369259504,0.145590736386029,105.366502919521));
#8954=CARTESIAN_POINT('Ctrl Pts',(-10.7989852467596,0.131486095077056,105.367567608971));
#8955=CARTESIAN_POINT('Ctrl Pts',(-10.7989650512648,0.12597420130415,105.367983674507));
#8956=CARTESIAN_POINT('Ctrl Pts',(-10.7989452088249,0.12041173151446,105.368390185428));
#8957=CARTESIAN_POINT('Ctrl Pts',(-10.7989258084903,0.114819768669902,105.368785078136));
#8958=CARTESIAN_POINT('Ctrl Pts',(-10.7988764712693,0.100598781689707,105.36978933446));
#8959=CARTESIAN_POINT('Ctrl Pts',(-10.7988300500361,0.0861896725080644,
105.370716964015));
#8960=CARTESIAN_POINT('Ctrl Pts',(-10.7987874684097,0.0719889728577957,
105.371544842035));
#8961=CARTESIAN_POINT('Ctrl Pts',(-10.7987748833851,0.0677919477494555,
105.37178952187));
#8962=CARTESIAN_POINT('Ctrl Pts',(-10.7987626284121,0.0636128249235496,
105.372025630094));
#8963=CARTESIAN_POINT('Ctrl Pts',(-10.7987507140354,0.0594609878409605,
105.372252912947));
#8964=CARTESIAN_POINT('Ctrl Pts',(-10.7987251165022,0.0505409418705611,
105.372741220523));
#8965=CARTESIAN_POINT('Ctrl Pts',(-10.7987010989159,0.0417471289797444,
105.373188629653));
#8966=CARTESIAN_POINT('Ctrl Pts',(-10.7986786890958,0.0329482475970571,
105.373602119282));
#8967=CARTESIAN_POINT('Ctrl Pts',(-10.7986674249433,0.0285255462317183,
105.373809957195));
#8968=CARTESIAN_POINT('Ctrl Pts',(-10.7986565650548,0.0241026671926902,
105.374009222133));
#8969=CARTESIAN_POINT('Ctrl Pts',(-10.7986460942001,0.019964721768737,105.374189746205));
#8970=CARTESIAN_POINT('Ctrl Pts',(-10.7986380108567,0.0167702897498453,
105.374329108091));
#8971=CARTESIAN_POINT('Ctrl Pts',(-10.7986301592863,0.0137427472950794,
105.374457412844));
#8972=CARTESIAN_POINT('Ctrl Pts',(-10.7986225462225,0.0103743493426721,
105.374593847704));
#8973=CARTESIAN_POINT('Ctrl Pts',(-10.7986201077608,0.00929545262090668,
105.374637547744));
#8974=CARTESIAN_POINT('Ctrl Pts',(-10.7986177228854,0.00823759264681396,
105.37467982703));
#8975=CARTESIAN_POINT('Ctrl Pts',(-10.7986154645814,0.0071563093409738,
105.374722547139));
#8976=CARTESIAN_POINT('Ctrl Pts',(-10.7986140900984,0.00649820238126252,
105.374748548097));
#8977=CARTESIAN_POINT('Ctrl Pts',(-10.7986127626441,0.00583144387401423,
105.374774708771));
#8978=CARTESIAN_POINT('Ctrl Pts',(-10.7986114990999,0.00517721782474865,
105.374800262388));
#8979=CARTESIAN_POINT('Ctrl Pts',(-10.7986102448268,0.00452779214050596,
105.374825628505));
#8980=CARTESIAN_POINT('Ctrl Pts',(-10.7986089847079,0.00388231362309535,
105.374850726279));
#8981=CARTESIAN_POINT('Ctrl Pts',(-10.798607617838,0.00323190165850461,
105.374875924816));
#8982=CARTESIAN_POINT('Ctrl Pts',(-10.7986071650234,0.00301643413973717,
105.374884272551));
#8983=CARTESIAN_POINT('Ctrl Pts',(-10.7986067005299,0.00280076087603479,
105.37489261801));
#8984=CARTESIAN_POINT('Ctrl Pts',(-10.798606220797,0.00258604092328075,
105.374900916716));
#8985=CARTESIAN_POINT('Ctrl Pts',(-10.7986053812727,0.00221028463747485,
105.374915439312));
#8986=CARTESIAN_POINT('Ctrl Pts',(-10.7986044994436,0.00183615788324058,
105.374929869351));
#8987=CARTESIAN_POINT('Ctrl Pts',(-10.7986034850198,0.00145957180879775,
105.374944361929));
#8988=CARTESIAN_POINT('Ctrl Pts',(-10.7986033346976,0.00140376747837301,
105.374946509509));
#8989=CARTESIAN_POINT('Ctrl Pts',(-10.7986031814688,0.00134800241676509,
105.374948654851));
#8990=CARTESIAN_POINT('Ctrl Pts',(-10.7986030250448,0.00129237709789199,
105.37495079407));
#8991=CARTESIAN_POINT('Ctrl Pts',(-10.7986025702935,0.00113066475023794,
105.374957013146));
#8992=CARTESIAN_POINT('Ctrl Pts',(-10.798602138086,0.000975415011234299,
105.374962977724));
#8993=CARTESIAN_POINT('Ctrl Pts',(-10.7986017270698,0.000816220403868176,
105.37496908662));
#8994=CARTESIAN_POINT('Ctrl Pts',(-10.798601165347,0.000598654170445117,
105.374977435454));
#8995=CARTESIAN_POINT('Ctrl Pts',(-10.798600643085,0.000371754386033792,
105.374986129959));
#8996=CARTESIAN_POINT('Ctrl Pts',(-10.7986001657802,0.000148675611692367,
105.374994644569));
#8997=CARTESIAN_POINT('Ctrl Pts',(-10.7986000615025,9.9939152893345E-5,
105.374996504772));
#8998=CARTESIAN_POINT('Ctrl Pts',(-10.7985999545994,4.99755822344333E-5,
105.374998410081));
#8999=CARTESIAN_POINT('Ctrl Pts',(-10.7985998476962,1.19197550819611E-8,
105.375000312971));
#9000=CARTESIAN_POINT('Ctrl Pts',(-31.6628798444683,11.8825384670343,46.0656654467775));
#9001=CARTESIAN_POINT('Ctrl Pts',(-34.1901788239634,11.5902587694768,46.8807144250096));
#9002=CARTESIAN_POINT('Ctrl Pts',(-34.4819577068261,9.05862188706389,46.0790585328709));
#9003=CARTESIAN_POINT('Ctrl Pts',(-31.8976785785395,12.0958760042439,45.4707539863704));
#9004=CARTESIAN_POINT('Ctrl Pts',(-34.4114448519948,11.7919545020449,46.2727910094111));
#9005=CARTESIAN_POINT('Ctrl Pts',(-34.7167564408702,9.28995874080502,45.4339543129681));
#9006=CARTESIAN_POINT('Ctrl Pts',(-32.1301165982046,12.3248805504814,44.8820601748612));
#9007=CARTESIAN_POINT('Ctrl Pts',(-34.6312113951114,12.010430897786,45.6689873944868));
#9008=CARTESIAN_POINT('Ctrl Pts',(-34.9491944605672,9.53837954028014,44.7953361024279));
#9009=CARTESIAN_POINT('Ctrl Pts',(-32.3601777645793,12.5697213961361,44.2994232155043));
#9010=CARTESIAN_POINT('Ctrl Pts',(-34.8494239381387,12.2461325322434,45.0694533599275));
#9011=CARTESIAN_POINT('Ctrl Pts',(-35.179255626937,9.80400107972673,44.1632482427334));
#9012=CARTESIAN_POINT('',(-32.1999999999995,12.4022313377418,44.7050975906821));
#9013=CARTESIAN_POINT('',(-35.1751391094927,9.79925036946286,44.1745583831486));
#9014=CARTESIAN_POINT('Ctrl Pts',(-35.1751389706985,9.7992502437213,44.1745586627923));
#9015=CARTESIAN_POINT('Ctrl Pts',(-35.1658773476745,9.86606392622862,44.2000047629099));
#9016=CARTESIAN_POINT('Ctrl Pts',(-35.1540956382428,9.9323350251208,44.2247844148801));
#9017=CARTESIAN_POINT('Ctrl Pts',(-35.1255097074772,10.0643725397701,44.2732586124926));
#9018=CARTESIAN_POINT('Ctrl Pts',(-35.1086578399037,10.1301283370691,44.2969406314579));
#9019=CARTESIAN_POINT('Ctrl Pts',(-35.0792267736865,10.2295144273534,44.3320377339667));
#9020=CARTESIAN_POINT('Ctrl Pts',(-35.0684195494685,10.2635686915934,44.3439363146807));
#9021=CARTESIAN_POINT('Ctrl Pts',(-35.0378660191236,10.3537715111076,44.3751107174193));
#9022=CARTESIAN_POINT('Ctrl Pts',(-35.0169410063796,10.4096293390051,44.3940601794021));
#9023=CARTESIAN_POINT('Ctrl Pts',(-34.9840130979984,10.4896603779162,44.4206970845606));
#9024=CARTESIAN_POINT('Ctrl Pts',(-34.9735450207366,10.5141243027566,44.4287692298328));
#9025=CARTESIAN_POINT('Ctrl Pts',(-34.9427896580923,10.5832937861242,44.4513903130683));
#9026=CARTESIAN_POINT('Ctrl Pts',(-34.9215959218426,10.6278479583318,44.4657191280187));
#9027=CARTESIAN_POINT('Ctrl Pts',(-34.8818231903064,10.7062152368114,44.4904753883793));
#9028=CARTESIAN_POINT('Ctrl Pts',(-34.8637096938565,10.7402163411323,44.5010629230532));
#9029=CARTESIAN_POINT('Ctrl Pts',(-34.8124281634435,10.8320813310206,44.5292528813452));
#9030=CARTESIAN_POINT('Ctrl Pts',(-34.77798087473,10.8891334020146,44.5462994000489));
#9031=CARTESIAN_POINT('Ctrl Pts',(-34.7051553889209,11.0011228765425,44.5788547638041));
#9032=CARTESIAN_POINT('Ctrl Pts',(-34.6667626689253,11.0560525149013,44.5943579182585));
#9033=CARTESIAN_POINT('Ctrl Pts',(-34.6010664492723,11.1437114524482,44.6183277443556));
#9034=CARTESIAN_POINT('Ctrl Pts',(-34.5749342361071,11.1771143183596,44.6272701835939));
#9035=CARTESIAN_POINT('Ctrl Pts',(-34.5069006929092,11.2604567779332,44.6490842003271));
#9036=CARTESIAN_POINT('Ctrl Pts',(-34.4639522228887,11.3098158435922,44.6615366480386));
#9037=CARTESIAN_POINT('Ctrl Pts',(-34.3747716092271,11.406025709459,44.6848334389216));
#9038=CARTESIAN_POINT('Ctrl Pts',(-34.328540863411,11.4528766928598,44.6956781785602));
#9039=CARTESIAN_POINT('Ctrl Pts',(-34.2459482862221,11.5315448636773,44.7130044229386));
#9040=CARTESIAN_POINT('Ctrl Pts',(-34.2102475948894,11.5640369104142,44.719878387329));
#9041=CARTESIAN_POINT('Ctrl Pts',(-34.1188343470374,11.6435563742458,44.7359911098788));
#9042=CARTESIAN_POINT('Ctrl Pts',(-34.0622641900023,11.6894847916717,44.744634601101));
#9043=CARTESIAN_POINT('Ctrl Pts',(-33.9458900219704,11.777669138445,44.7598731579807));
#9044=CARTESIAN_POINT('Ctrl Pts',(-33.8860755127682,11.8199138806207,44.7664616952857));
#9045=CARTESIAN_POINT('Ctrl Pts',(-33.7965096042609,11.8787816123656,44.7745512428288));
#9046=CARTESIAN_POINT('Ctrl Pts',(-33.7679937482996,11.8969049865661,44.7768763111381));
#9047=CARTESIAN_POINT('Ctrl Pts',(-33.6841478348119,11.9484035560838,44.7829868774846));
#9048=CARTESIAN_POINT('Ctrl Pts',(-33.6279288011507,11.9807164145181,44.7861840959214));
#9049=CARTESIAN_POINT('Ctrl Pts',(-33.513374195506,12.0421739248584,44.7909104728896));
#9050=CARTESIAN_POINT('Ctrl Pts',(-33.4550330865129,12.0713078624492,44.7924344042334));
#9051=CARTESIAN_POINT('Ctrl Pts',(-33.3487557917444,12.1205671168757,44.7936577079612));
#9052=CARTESIAN_POINT('Ctrl Pts',(-33.3010698701404,12.1413301643475,44.7936613014499));
#9053=CARTESIAN_POINT('Ctrl Pts',(-33.1936103528076,12.18519225904,44.7924826899714));
#9054=CARTESIAN_POINT('Ctrl Pts',(-33.133692460308,12.2076592420733,44.7910207299938));
#9055=CARTESIAN_POINT('Ctrl Pts',(-33.012556905217,12.249186246833,44.786487673794));
#9056=CARTESIAN_POINT('Ctrl Pts',(-32.9513342026306,12.2682328375119,44.7834100632632));
#9057=CARTESIAN_POINT('Ctrl Pts',(-32.839206371136,12.2996089454924,44.7763493827516));
#9058=CARTESIAN_POINT('Ctrl Pts',(-32.7885157985705,12.3125274736793,44.7726433203932));
#9059=CARTESIAN_POINT('Ctrl Pts',(-32.6831973802733,12.3367318503473,44.7638731031572));
#9060=CARTESIAN_POINT('Ctrl Pts',(-32.6284975287615,12.3478757655607,44.7587359925454));
#9061=CARTESIAN_POINT('Ctrl Pts',(-32.518450287119,12.3674145497852,44.7472282608134));
#9062=CARTESIAN_POINT('Ctrl Pts',(-32.463102082858,12.3758012131969,44.740854292389));
#9063=CARTESIAN_POINT('Ctrl Pts',(-32.3520300427927,12.3897664618883,44.7268995855504));
#9064=CARTESIAN_POINT('Ctrl Pts',(-32.2963076382036,12.3953205311996,44.7193092786847));
#9065=CARTESIAN_POINT('Ctrl Pts',(-32.227260139315,12.4004410256415,44.7091877236995));
#9066=CARTESIAN_POINT('Ctrl Pts',(-32.213617774945,12.4013664290514,44.7071528166932));
#9067=CARTESIAN_POINT('Ctrl Pts',(-32.2000000317647,12.4022046235191,44.7050867532184));
#9068=CARTESIAN_POINT('Ctrl Pts',(-34.4819577068261,9.05862188706389,46.0790585328709));
#9069=CARTESIAN_POINT('Ctrl Pts',(-34.7151626712597,9.28838846980722,45.4383331589848));
#9070=CARTESIAN_POINT('Ctrl Pts',(-34.9462315095409,9.5351974364876,44.8034767434675));
#9071=CARTESIAN_POINT('Ctrl Pts',(-35.1751389706985,9.79925024372131,44.1745586627923));
#9072=CARTESIAN_POINT('Origin',(-27.1519840579995,49.7636973798109,57.867849654221));
#9073=CARTESIAN_POINT('Origin',(-26.9390913480097,-24.,51.27801411863));
#9074=CARTESIAN_POINT('',(-26.3918947388871,-10.5870201724064,50.7421596089054));
#9075=CARTESIAN_POINT('',(-26.3918947388871,10.5870201722741,50.7421596089054));
#9076=CARTESIAN_POINT('',(-26.3918947388871,-10.5870201724064,50.7421596089054));
#9077=CARTESIAN_POINT('',(-26.9390913480097,-10.4740240409331,51.27801411863));
#9078=CARTESIAN_POINT('Ctrl Pts',(-26.3918947388872,-10.5870201724064,50.7421596089054));
#9079=CARTESIAN_POINT('Ctrl Pts',(-26.4830423512314,-10.567737498061,50.8314179455088));
#9080=CARTESIAN_POINT('Ctrl Pts',(-26.5742266779272,-10.5486833827006,50.9207122354615));
#9081=CARTESIAN_POINT('Ctrl Pts',(-26.7566187912868,-10.5110251099785,51.0993237890651));
#9082=CARTESIAN_POINT('Ctrl Pts',(-26.8478497218204,-10.492416175143,51.1886637168675));
#9083=CARTESIAN_POINT('Ctrl Pts',(-26.9390913480097,-10.4740240409332,51.27801411863));
#9084=CARTESIAN_POINT('',(-26.9390913480097,10.4740240408058,51.27801411863));
#9085=CARTESIAN_POINT('',(-26.9390913480097,-10.4740240409331,51.27801411863));
#9086=CARTESIAN_POINT('Ctrl Pts',(-26.3918947388871,10.5870201722741,50.7421596089054));
#9087=CARTESIAN_POINT('Ctrl Pts',(-26.4830423512329,10.5677374979291,50.8314179455103));
#9088=CARTESIAN_POINT('Ctrl Pts',(-26.5742266779303,10.5486833825692,50.9207122354646));
#9089=CARTESIAN_POINT('Ctrl Pts',(-26.7566187912875,10.5110251098494,51.0993237890657));
#9090=CARTESIAN_POINT('Ctrl Pts',(-26.8478497218217,10.4924161750146,51.1886637168688));
#9091=CARTESIAN_POINT('Ctrl Pts',(-26.9390913480097,10.4740240408058,51.27801411863));
#9092=CARTESIAN_POINT('Origin',(-26.3918947388871,-24.,50.7421596089054));
#9093=CARTESIAN_POINT('',(-26.9390913480097,-10.7056990794301,50.2063050991808));
#9094=CARTESIAN_POINT('',(-26.9390913480097,10.7056990792925,50.2063050991808));
#9095=CARTESIAN_POINT('',(-26.9390913480097,-10.7056990794301,50.2063050991808));
#9096=CARTESIAN_POINT('Ctrl Pts',(-26.9390913480096,-10.7056990794301,50.2063050991808));
#9097=CARTESIAN_POINT('Ctrl Pts',(-26.847950583817,-10.6854327352774,50.2955567295786));
#9098=CARTESIAN_POINT('Ctrl Pts',(-26.7567686742704,-10.6654136021911,50.3848486524841));
#9099=CARTESIAN_POINT('Ctrl Pts',(-26.5743770440144,-10.625861942947,50.5634597329975));
#9100=CARTESIAN_POINT('Ctrl Pts',(-26.4831422327294,-10.6063239771178,50.6528034611126));
#9101=CARTESIAN_POINT('Ctrl Pts',(-26.3918947388871,-10.5870201724064,50.7421596089054));
#9102=CARTESIAN_POINT('Ctrl Pts',(-26.9390913480097,10.7056990792925,50.2063050991808));
#9103=CARTESIAN_POINT('Ctrl Pts',(-26.8479505838185,10.685432735141,50.2955567295772));
#9104=CARTESIAN_POINT('Ctrl Pts',(-26.7567686742734,10.6654136020559,50.3848486524811));
#9105=CARTESIAN_POINT('Ctrl Pts',(-26.5743770440147,10.6258619428129,50.5634597329973));
#9106=CARTESIAN_POINT('Ctrl Pts',(-26.4831422327299,10.6063239769847,50.6528034611122));
#9107=CARTESIAN_POINT('Ctrl Pts',(-26.3918947388871,10.5870201722741,50.7421596089054));
#9108=CARTESIAN_POINT('Origin',(-27.4638388533947,-24.,50.7421596089054));
#9109=CARTESIAN_POINT('Ctrl Pts',(-26.9390913480097,-10.4740240409331,51.27801411863));
#9110=CARTESIAN_POINT('Ctrl Pts',(-26.977169626854,-10.4663483687146,51.3153031242655));
#9111=CARTESIAN_POINT('Ctrl Pts',(-27.019197588605,-10.4595511684937,51.348508796974));
#9112=CARTESIAN_POINT('Ctrl Pts',(-27.0645067901454,-10.4537358052394,51.3770091212003));
#9113=CARTESIAN_POINT('Ctrl Pts',(-27.1053206762457,-10.4484974085026,51.4026818090264));
#9114=CARTESIAN_POINT('Ctrl Pts',(-27.1485806697437,-10.4440833982928,51.4243999785639));
#9115=CARTESIAN_POINT('Ctrl Pts',(-27.1937040971043,-10.4405488106453,51.4418218227229));
#9116=CARTESIAN_POINT('Ctrl Pts',(-27.2592322459688,-10.4354158896973,51.4671217891554));
#9117=CARTESIAN_POINT('Ctrl Pts',(-27.3279312795355,-10.432194977848,51.4830673974311));
#9118=CARTESIAN_POINT('Ctrl Pts',(-27.397767328424,-10.4309474579119,51.4892436427249));
#9119=CARTESIAN_POINT('Ctrl Pts',(-27.4244074994597,-10.430471569814,51.4915996785203));
#9120=CARTESIAN_POINT('Ctrl Pts',(-27.4512133118527,-10.4302830373257,51.4925343409824));
#9121=CARTESIAN_POINT('Ctrl Pts',(-27.4780718848943,-10.4303860107282,51.4920245439533));
#9122=CARTESIAN_POINT('Ctrl Pts',(-27.5370918799735,-10.4306122881891,51.4909042976132));
#9123=CARTESIAN_POINT('Ctrl Pts',(-27.5956016610084,-10.4322423639814,51.4828238748538));
#9124=CARTESIAN_POINT('Ctrl Pts',(-27.6524102228631,-10.4352299427794,51.4680665165849));
#9125=CARTESIAN_POINT('Ctrl Pts',(-27.6637399076959,-10.4358257742014,51.4651233648365));
#9126=CARTESIAN_POINT('Ctrl Pts',(-27.6750020671009,-10.4364756000418,51.4619146112535));
#9127=CARTESIAN_POINT('Ctrl Pts',(-27.6861873480742,-10.4371790530613,51.458442476852));
#9128=CARTESIAN_POINT('Ctrl Pts',(-27.7070128182022,-10.4384887867979,51.4519778353798));
#9129=CARTESIAN_POINT('Ctrl Pts',(-27.7275713301769,-10.4399845610957,51.4446003105478));
#9130=CARTESIAN_POINT('Ctrl Pts',(-27.7478017885574,-10.4416643685685,51.4363246119513));
#9131=CARTESIAN_POINT('Ctrl Pts',(-27.7982909797628,-10.4458566670864,51.4156709361455));
#9132=CARTESIAN_POINT('Ctrl Pts',(-27.8461800766963,-10.4511478946106,51.3896513957829));
#9133=CARTESIAN_POINT('Ctrl Pts',(-27.8906909059592,-10.4574448756019,51.3588421246471));
#9134=CARTESIAN_POINT('Ctrl Pts',(-27.9189581513503,-10.461443864384,51.3392762517586));
#9135=CARTESIAN_POINT('Ctrl Pts',(-27.9458644640713,-10.4658484804369,51.317777709564));
#9136=CARTESIAN_POINT('Ctrl Pts',(-27.9712144087441,-10.4706348590965,51.2944910726424));
#9137=CARTESIAN_POINT('Ctrl Pts',(-28.0087754736148,-10.4777268461463,51.2599872150868));
#9138=CARTESIAN_POINT('Ctrl Pts',(-28.0425455740042,-10.4855869224952,51.2219020486833));
#9139=CARTESIAN_POINT('Ctrl Pts',(-28.0721115973599,-10.4940977740678,51.180912693167));
#9140=CARTESIAN_POINT('Ctrl Pts',(-28.0975337491219,-10.5014157741147,51.1456682639778));
#9141=CARTESIAN_POINT('Ctrl Pts',(-28.1198496812372,-10.5092149123103,51.1082743605874));
#9142=CARTESIAN_POINT('Ctrl Pts',(-28.1388047836374,-10.517420611073,51.0691473655748));
#9143=CARTESIAN_POINT('Ctrl Pts',(-28.141440161858,-10.5185614711617,51.0637074355591));
#9144=CARTESIAN_POINT('Ctrl Pts',(-28.1440105437606,-10.5197101827866,51.0582340587016));
#9145=CARTESIAN_POINT('Ctrl Pts',(-28.146515240116,-10.5208665420114,51.0527283629893));
#9146=CARTESIAN_POINT('Ctrl Pts',(-28.1716256595341,-10.5324594303354,50.9975319204237));
#9147=CARTESIAN_POINT('Ctrl Pts',(-28.189904386894,-10.5447156292162,50.939593840791));
#9148=CARTESIAN_POINT('Ctrl Pts',(-28.2010261516936,-10.5573863340277,50.8801990497432));
#9149=CARTESIAN_POINT('Ctrl Pts',(-28.2096350321825,-10.567194182458,50.8342240928));
#9150=CARTESIAN_POINT('Ctrl Pts',(-28.2139186157272,-10.5772078686644,50.7875746946237));
#9151=CARTESIAN_POINT('Ctrl Pts',(-28.2138377290618,-10.5873007398108,50.7408609565061));
#9152=CARTESIAN_POINT('Ctrl Pts',(-28.213755866902,-10.5975153311435,50.693583849965));
#9153=CARTESIAN_POINT('Ctrl Pts',(-28.2092039303671,-10.6077734812213,50.6464148108782));
#9154=CARTESIAN_POINT('Ctrl Pts',(-28.2002396542412,-10.6179359393243,50.5999841521183));
#9155=CARTESIAN_POINT('Ctrl Pts',(-28.1883954206569,-10.6313632954065,50.5386366924795));
#9156=CARTESIAN_POINT('Ctrl Pts',(-28.168915496285,-10.6445479768449,50.4789266344572));
#9157=CARTESIAN_POINT('Ctrl Pts',(-28.1421947325306,-10.6571561710299,50.4222638426911));
#9158=CARTESIAN_POINT('Ctrl Pts',(-28.112462569459,-10.6711852941863,50.359215219517));
#9159=CARTESIAN_POINT('Ctrl Pts',(-28.0740631012078,-10.6843604430212,50.3005729693499));
#9160=CARTESIAN_POINT('Ctrl Pts',(-28.0280771662667,-10.6962370611522,50.2480592888413));
#9161=CARTESIAN_POINT('Ctrl Pts',(-28.0195527447476,-10.6984386321174,50.2383248178831));
#9162=CARTESIAN_POINT('Ctrl Pts',(-28.0107677277191,-10.7005955828308,50.2288010358891));
#9163=CARTESIAN_POINT('Ctrl Pts',(-28.0017292633046,-10.7027050815972,50.2194991962788));
#9164=CARTESIAN_POINT('Ctrl Pts',(-27.9896411863605,-10.7055263333311,50.2070588803387));
#9165=CARTESIAN_POINT('Ctrl Pts',(-27.9770992719969,-10.7082626420703,50.1950149664555));
#9166=CARTESIAN_POINT('Ctrl Pts',(-27.964119711047,-10.7109071461651,50.1833939483046));
#9167=CARTESIAN_POINT('Ctrl Pts',(-27.9196903705256,-10.7199593454953,50.1436149315392));
#9168=CARTESIAN_POINT('Ctrl Pts',(-27.8706436569813,-10.7278307590309,50.1092479711227));
#9169=CARTESIAN_POINT('Ctrl Pts',(-27.8179952767009,-10.7343114505734,50.0810444692883));
#9170=CARTESIAN_POINT('Ctrl Pts',(-27.792060032708,-10.737503919468,50.0671510750825));
#9171=CARTESIAN_POINT('Ctrl Pts',(-27.7652506980169,-10.7403589060865,50.0547535318525));
#9172=CARTESIAN_POINT('Ctrl Pts',(-27.7376936345833,-10.7428513144986,50.0439450581976));
#9173=CARTESIAN_POINT('Ctrl Pts',(-27.6746467078931,-10.7485536162268,50.019216695983));
#9174=CARTESIAN_POINT('Ctrl Pts',(-27.6085705445899,-10.7522750477108,50.003152838173));
#9175=CARTESIAN_POINT('Ctrl Pts',(-27.5412691945382,-10.7538936388881,49.9961672883884));
#9176=CARTESIAN_POINT('Ctrl Pts',(-27.5167545939808,-10.7544832127398,49.9936227931812));
#9177=CARTESIAN_POINT('Ctrl Pts',(-27.492077601455,-10.7547939600954,49.992282780982));
#9178=CARTESIAN_POINT('Ctrl Pts',(-27.4673254155349,-10.7548206261408,49.9921677130262));
#9179=CARTESIAN_POINT('Ctrl Pts',(-27.4089662062724,-10.7548834977324,49.9918964127486));
#9180=CARTESIAN_POINT('Ctrl Pts',(-27.3509743465968,-10.7533651945466,49.9984374721543));
#9181=CARTESIAN_POINT('Ctrl Pts',(-27.2944972090185,-10.7503377188859,50.0115274117775));
#9182=CARTESIAN_POINT('Ctrl Pts',(-27.2851973565603,-10.7498391972155,50.0136828770224));
#9183=CARTESIAN_POINT('Ctrl Pts',(-27.2759384664763,-10.7492997546016,50.0160159458065));
#9184=CARTESIAN_POINT('Ctrl Pts',(-27.2667255880441,-10.7487197125261,50.018525474399));
#9185=CARTESIAN_POINT('Ctrl Pts',(-27.2389560301193,-10.7469713434218,50.026089722655));
#9186=CARTESIAN_POINT('Ctrl Pts',(-27.2116055414263,-10.7448543545386,50.0352568586812));
#9187=CARTESIAN_POINT('Ctrl Pts',(-27.1848132429201,-10.7423785738341,50.0459953260675));
#9188=CARTESIAN_POINT('Ctrl Pts',(-27.1378596581231,-10.738039760603,50.0648145228935));
#9189=CARTESIAN_POINT('Ctrl Pts',(-27.0931498664553,-10.7326489396969,50.0882469762157));
#9190=CARTESIAN_POINT('Ctrl Pts',(-27.0512930800785,-10.7263348013769,50.1158162646293));
#9191=CARTESIAN_POINT('Ctrl Pts',(-27.0177789506949,-10.7212791612544,50.1378905990179));
#9192=CARTESIAN_POINT('Ctrl Pts',(-26.9860916652298,-10.7156315845952,50.1626182828133));
#9193=CARTESIAN_POINT('Ctrl Pts',(-26.9565337980383,-10.7094581303793,50.1897633916756));
#9194=CARTESIAN_POINT('Ctrl Pts',(-26.9506338972938,-10.7082258774942,50.1951816935763));
#9195=CARTESIAN_POINT('Ctrl Pts',(-26.9448189360296,-10.7069726837363,50.2006962305965));
#9196=CARTESIAN_POINT('Ctrl Pts',(-26.9390913480097,-10.7056990794301,50.2063050991808));
#9197=CARTESIAN_POINT('Ctrl Pts',(-26.9390913480097,10.4740240408058,51.27801411863));
#9198=CARTESIAN_POINT('Ctrl Pts',(-26.9771696268538,10.4663483685876,51.3153031242653));
#9199=CARTESIAN_POINT('Ctrl Pts',(-27.0191975886045,10.4595511683671,51.3485087969736));
#9200=CARTESIAN_POINT('Ctrl Pts',(-27.0645067901446,10.453735805113,51.3770091211998));
#9201=CARTESIAN_POINT('Ctrl Pts',(-27.1053206762449,10.4484974083765,51.4026818090259));
#9202=CARTESIAN_POINT('Ctrl Pts',(-27.1485806697426,10.4440833981669,51.4243999785634));
#9203=CARTESIAN_POINT('Ctrl Pts',(-27.1937040971028,10.4405488105195,51.4418218227223));
#9204=CARTESIAN_POINT('Ctrl Pts',(-27.2592322459672,10.4354158895718,51.4671217891549));
#9205=CARTESIAN_POINT('Ctrl Pts',(-27.327931279534,10.4321949777226,51.4830673974308));
#9206=CARTESIAN_POINT('Ctrl Pts',(-27.3977673284226,10.4309474577865,51.4892436427248));
#9207=CARTESIAN_POINT('Ctrl Pts',(-27.4244074994583,10.4304715696886,51.4915996785202));
#9208=CARTESIAN_POINT('Ctrl Pts',(-27.4512133118515,10.4302830372003,51.4925343409824));
#9209=CARTESIAN_POINT('Ctrl Pts',(-27.4780718848932,10.4303860106028,51.4920245439533));
#9210=CARTESIAN_POINT('Ctrl Pts',(-27.537091879981,10.4306122880637,51.4909042976131));
#9211=CARTESIAN_POINT('Ctrl Pts',(-27.5956016610246,10.4322423638564,51.4828238748516));
#9212=CARTESIAN_POINT('Ctrl Pts',(-27.6524102228872,10.435229942655,51.4680665165786));
#9213=CARTESIAN_POINT('Ctrl Pts',(-27.6637399077111,10.4358257740767,51.4651233648321));
#9214=CARTESIAN_POINT('Ctrl Pts',(-27.6750020671073,10.4364755999166,51.4619146112514));
#9215=CARTESIAN_POINT('Ctrl Pts',(-27.686187348072,10.4371790529355,51.4584424768527));
#9216=CARTESIAN_POINT('Ctrl Pts',(-27.7070128182005,10.438488786672,51.4519778353804));
#9217=CARTESIAN_POINT('Ctrl Pts',(-27.7275713301758,10.4399845609698,51.4446003105482));
#9218=CARTESIAN_POINT('Ctrl Pts',(-27.7478017885569,10.4416643684426,51.4363246119516));
#9219=CARTESIAN_POINT('Ctrl Pts',(-27.7982909797597,10.44585666696,51.4156709361468));
#9220=CARTESIAN_POINT('Ctrl Pts',(-27.8461800766908,10.4511478944837,51.3896513957859));
#9221=CARTESIAN_POINT('Ctrl Pts',(-27.8906909059519,10.4574448754742,51.3588421246522));
#9222=CARTESIAN_POINT('Ctrl Pts',(-27.9189581513454,10.4614438642564,51.3392762517625));
#9223=CARTESIAN_POINT('Ctrl Pts',(-27.9458644640688,10.4658484803094,51.3177777095663));
#9224=CARTESIAN_POINT('Ctrl Pts',(-27.9712144087436,10.4706348589693,51.2944910726429));
#9225=CARTESIAN_POINT('Ctrl Pts',(-28.008775473615,10.4777268460189,51.2599872150867));
#9226=CARTESIAN_POINT('Ctrl Pts',(-28.0425455740049,10.4855869223675,51.2219020486826));
#9227=CARTESIAN_POINT('Ctrl Pts',(-28.0721115973609,10.4940977739398,51.1809126931656));
#9228=CARTESIAN_POINT('Ctrl Pts',(-28.0975337491233,10.5014157739865,51.1456682639757));
#9229=CARTESIAN_POINT('Ctrl Pts',(-28.1198496812389,10.509214912182,51.1082743605844));
#9230=CARTESIAN_POINT('Ctrl Pts',(-28.1388047836392,10.5174206109446,51.0691473655709));
#9231=CARTESIAN_POINT('Ctrl Pts',(-28.1414401618591,10.5185614710329,51.0637074355568));
#9232=CARTESIAN_POINT('Ctrl Pts',(-28.1440105437609,10.5197101826575,51.0582340587008));
#9233=CARTESIAN_POINT('Ctrl Pts',(-28.1465152401156,10.520866541882,51.05272836299));
#9234=CARTESIAN_POINT('Ctrl Pts',(-28.1716256595339,10.5324594302054,50.9975319204243));
#9235=CARTESIAN_POINT('Ctrl Pts',(-28.1899043868939,10.5447156290856,50.9395938407915));
#9236=CARTESIAN_POINT('Ctrl Pts',(-28.2010261516935,10.5573863338965,50.8801990497436));
#9237=CARTESIAN_POINT('Ctrl Pts',(-28.2096350321824,10.5671941823265,50.8342240928003));
#9238=CARTESIAN_POINT('Ctrl Pts',(-28.2139186157272,10.5772078685325,50.7875746946238));
#9239=CARTESIAN_POINT('Ctrl Pts',(-28.2138377290618,10.5873007396785,50.7408609565062));
#9240=CARTESIAN_POINT('Ctrl Pts',(-28.213755866902,10.5975153310107,50.6935838499651));
#9241=CARTESIAN_POINT('Ctrl Pts',(-28.2092039303671,10.607773481088,50.6464148108782));
#9242=CARTESIAN_POINT('Ctrl Pts',(-28.2002396542412,10.6179359391905,50.5999841521182));
#9243=CARTESIAN_POINT('Ctrl Pts',(-28.1883954206569,10.6313632952722,50.5386366924793));
#9244=CARTESIAN_POINT('Ctrl Pts',(-28.1689154962849,10.6445479767101,50.4789266344569));
#9245=CARTESIAN_POINT('Ctrl Pts',(-28.1421947325304,10.6571561708945,50.4222638426908));
#9246=CARTESIAN_POINT('Ctrl Pts',(-28.1124625694565,10.6711852940514,50.3592152195119));
#9247=CARTESIAN_POINT('Ctrl Pts',(-28.0740631012017,10.6843604428866,50.3005729693407));
#9248=CARTESIAN_POINT('Ctrl Pts',(-28.028077166256,10.6962370610178,50.2480592888291));
#9249=CARTESIAN_POINT('Ctrl Pts',(-28.01955274474,10.6984386319819,50.2383248178748));
#9250=CARTESIAN_POINT('Ctrl Pts',(-28.0107677277148,10.7005955826944,50.2288010358847));
#9251=CARTESIAN_POINT('Ctrl Pts',(-28.0017292633038,10.7027050814599,50.2194991962781));
#9252=CARTESIAN_POINT('Ctrl Pts',(-27.98964118636,10.7055263331936,50.2070588803382));
#9253=CARTESIAN_POINT('Ctrl Pts',(-27.9770992719966,10.7082626419327,50.1950149664552));
#9254=CARTESIAN_POINT('Ctrl Pts',(-27.9641197110469,10.7109071460273,50.1833939483045));
#9255=CARTESIAN_POINT('Ctrl Pts',(-27.9196903705237,10.7199593453575,50.1436149315375));
#9256=CARTESIAN_POINT('Ctrl Pts',(-27.8706436569772,10.727830758893,50.1092479711198));
#9257=CARTESIAN_POINT('Ctrl Pts',(-27.8179952766943,10.7343114504353,50.0810444692847));
#9258=CARTESIAN_POINT('Ctrl Pts',(-27.7920600327033,10.7375039193295,50.0671510750804));
#9259=CARTESIAN_POINT('Ctrl Pts',(-27.7652506980144,10.7403589059476,50.0547535318515));
#9260=CARTESIAN_POINT('Ctrl Pts',(-27.7376936345831,10.7428513143594,50.0439450581975));
#9261=CARTESIAN_POINT('Ctrl Pts',(-27.6746467078931,10.7485536160873,50.0192166959831));
#9262=CARTESIAN_POINT('Ctrl Pts',(-27.60857054459,10.7522750475712,50.003152838173));
#9263=CARTESIAN_POINT('Ctrl Pts',(-27.5412691945385,10.7538936387483,49.9961672883884));
#9264=CARTESIAN_POINT('Ctrl Pts',(-27.5167545939808,10.7544832126,49.9936227931812));
#9265=CARTESIAN_POINT('Ctrl Pts',(-27.4920776014547,10.7547939599557,49.992282780982));
#9266=CARTESIAN_POINT('Ctrl Pts',(-27.4673254155342,10.7548206260011,49.9921677130262));
#9267=CARTESIAN_POINT('Ctrl Pts',(-27.4089662062733,10.7548834975926,49.9918964127487));
#9268=CARTESIAN_POINT('Ctrl Pts',(-27.3509743465994,10.753365194407,49.998437472154));
#9269=CARTESIAN_POINT('Ctrl Pts',(-27.2944972090225,10.7503377187465,50.0115274117766));
#9270=CARTESIAN_POINT('Ctrl Pts',(-27.2851973565629,10.7498391970761,50.0136828770217));
#9271=CARTESIAN_POINT('Ctrl Pts',(-27.2759384664775,10.7492997544622,50.0160159458062));
#9272=CARTESIAN_POINT('Ctrl Pts',(-27.266725588044,10.7487197123867,50.0185254743991));
#9273=CARTESIAN_POINT('Ctrl Pts',(-27.2389560301188,10.7469713432824,50.0260897226551));
#9274=CARTESIAN_POINT('Ctrl Pts',(-27.2116055414255,10.7448543543992,50.0352568586815));
#9275=CARTESIAN_POINT('Ctrl Pts',(-27.1848132429189,10.7423785736947,50.0459953260679));
#9276=CARTESIAN_POINT('Ctrl Pts',(-27.1378596581201,10.7380397604636,50.0648145228947));
#9277=CARTESIAN_POINT('Ctrl Pts',(-27.0931498664506,10.7326489395575,50.0882469762181));
#9278=CARTESIAN_POINT('Ctrl Pts',(-27.0512930800724,10.7263348012374,50.1158162646334));
#9279=CARTESIAN_POINT('Ctrl Pts',(-27.0177789506922,10.7212791611156,50.1378905990201));
#9280=CARTESIAN_POINT('Ctrl Pts',(-26.9860916652302,10.7156315844572,50.1626182828132));
#9281=CARTESIAN_POINT('Ctrl Pts',(-26.9565337980414,10.7094581302422,50.1897633916728));
#9282=CARTESIAN_POINT('Ctrl Pts',(-26.9506338972958,10.7082258773569,50.1951816935744));
#9283=CARTESIAN_POINT('Ctrl Pts',(-26.9448189360306,10.7069726835989,50.2006962305955));
#9284=CARTESIAN_POINT('Ctrl Pts',(-26.9390913480097,10.7056990792925,50.2063050991808));
#9285=CARTESIAN_POINT('Origin',(-23.5188899147531,-24.,60.6749403264891));
#9286=CARTESIAN_POINT('',(-22.9716933056305,-9.15682391940901,60.1390858167645));
#9287=CARTESIAN_POINT('',(-22.9716933056305,9.15682391933908,60.1390858167645));
#9288=CARTESIAN_POINT('',(-22.9716933056305,-9.15682391940901,60.1390858167645));
#9289=CARTESIAN_POINT('',(-23.5188899147531,-9.09968826699892,60.6749403264891));
#9290=CARTESIAN_POINT('Origin',(-40.9752478079779,-341.766834538608,77.7694689550404));
#9291=CARTESIAN_POINT('',(-23.5188899147531,9.09968826693128,60.6749403264891));
#9292=CARTESIAN_POINT('',(-23.5188899147531,-9.09968826699892,60.6749403264891));
#9293=CARTESIAN_POINT('Origin',(-40.9752478034677,341.766834560788,77.76946896063));
#9294=CARTESIAN_POINT('Origin',(-22.9716933056305,-24.,60.1390858167645));
#9295=CARTESIAN_POINT('',(-23.518889914753,-9.21578558095345,59.6032313070399));
#9296=CARTESIAN_POINT('',(-23.518889914753,9.21578558088112,59.6032313070399));
#9297=CARTESIAN_POINT('',(-23.518889914753,-9.21578558095345,59.6032313070399));
#9298=CARTESIAN_POINT('Origin',(-5.98049974381556,-323.066401395195,76.7780918674608));
#9299=CARTESIAN_POINT('Origin',(-5.98049974639704,323.066401414656,76.7780918707183));
#9300=CARTESIAN_POINT('Origin',(-24.0436374201381,-24.,60.1390858167645));
#9301=CARTESIAN_POINT('Ctrl Pts',(-23.5188899147531,-9.09968826699892,60.6749403264892));
#9302=CARTESIAN_POINT('Ctrl Pts',(-23.5644437448844,-9.09500484290091,60.7195499328064));
#9303=CARTESIAN_POINT('Ctrl Pts',(-23.6155310298632,-9.09096495647576,60.7581987880802));
#9304=CARTESIAN_POINT('Ctrl Pts',(-23.6709332236245,-9.08765586281384,60.7899249534958));
#9305=CARTESIAN_POINT('Ctrl Pts',(-23.7200005456537,-9.08472514196488,60.818023443276));
#9306=CARTESIAN_POINT('Ctrl Pts',(-23.7721100822075,-9.08238802773883,60.8404955636134));
#9307=CARTESIAN_POINT('Ctrl Pts',(-23.8262738767726,-9.08068379609244,60.8568971359951));
#9308=CARTESIAN_POINT('Ctrl Pts',(-23.9114594439894,-9.07800348278293,60.8826925452312));
#9309=CARTESIAN_POINT('Ctrl Pts',(-24.0005097839215,-9.07692538637829,60.8931036607741));
#9310=CARTESIAN_POINT('Ctrl Pts',(-24.0892435433383,-9.07748616531973,60.8876979202778));
#9311=CARTESIAN_POINT('Ctrl Pts',(-24.0979847626171,-9.0775414080112,60.8871653973311));
#9312=CARTESIAN_POINT('Ctrl Pts',(-24.1067229107642,-9.07761257145647,60.8864793931142));
#9313=CARTESIAN_POINT('Ctrl Pts',(-24.1154539847164,-9.07769970166962,60.8856394860021));
#9314=CARTESIAN_POINT('Ctrl Pts',(-24.2072233794412,-9.07861549816465,60.8768115035889));
#9315=CARTESIAN_POINT('Ctrl Pts',(-24.2965350454966,-9.08127678328256,60.851143021483));
#9316=CARTESIAN_POINT('Ctrl Pts',(-24.3789208427476,-9.0855663622591,60.8099695820497));
#9317=CARTESIAN_POINT('Ctrl Pts',(-24.4400645159448,-9.08874992816301,60.7794121873396));
#9318=CARTESIAN_POINT('Ctrl Pts',(-24.4966213847148,-9.09279075526402,60.7407013045647));
#9319=CARTESIAN_POINT('Ctrl Pts',(-24.5470876015984,-9.09758367017007,60.6949976036404));
#9320=CARTESIAN_POINT('Ctrl Pts',(-24.5610297970211,-9.09890779867407,60.6823711384688));
#9321=CARTESIAN_POINT('Ctrl Pts',(-24.5745073329193,-9.10028932948926,60.6692108001092));
#9322=CARTESIAN_POINT('Ctrl Pts',(-24.5874883057283,-9.10172604494458,60.655541249733));
#9323=CARTESIAN_POINT('Ctrl Pts',(-24.6296702739291,-9.10639468469457,60.6111217329704));
#9324=CARTESIAN_POINT('Ctrl Pts',(-24.666127192216,-9.11159312387561,60.5618333075351));
#9325=CARTESIAN_POINT('Ctrl Pts',(-24.6961524803415,-9.1172091692842,60.5088480325299));
#9326=CARTESIAN_POINT('Ctrl Pts',(-24.7147760053657,-9.12069258505581,60.4759833156005));
#9327=CARTESIAN_POINT('Ctrl Pts',(-24.7309263131547,-9.12433666401267,60.441694451556));
#9328=CARTESIAN_POINT('Ctrl Pts',(-24.7444350808728,-9.12811463354807,60.4062611126074));
#9329=CARTESIAN_POINT('Ctrl Pts',(-24.7630433107043,-9.13331875925944,60.3574519444723));
#9330=CARTESIAN_POINT('Ctrl Pts',(-24.7764952118716,-9.13873645554312,60.306848784166));
#9331=CARTESIAN_POINT('Ctrl Pts',(-24.7845823544377,-9.14428351760401,60.2552779177685));
#9332=CARTESIAN_POINT('Ctrl Pts',(-24.7906114782742,-9.14841896146696,60.2168308226018));
#9333=CARTESIAN_POINT('Ctrl Pts',(-24.7936383295013,-9.15261216796886,60.1779768943069));
#9334=CARTESIAN_POINT('Ctrl Pts',(-24.7936374199332,-9.15682581813934,60.1390682839857));
#9335=CARTESIAN_POINT('Ctrl Pts',(-24.7936365077659,-9.1610515095822,60.1000484852279));
#9336=CARTESIAN_POINT('Ctrl Pts',(-24.7905905079863,-9.16528549380063,60.0610870019841));
#9337=CARTESIAN_POINT('Ctrl Pts',(-24.7845266191362,-9.16948884769148,60.0225388528059));
#9338=CARTESIAN_POINT('Ctrl Pts',(-24.7763465165894,-9.17515911420161,59.9705379304499));
#9339=CARTESIAN_POINT('Ctrl Pts',(-24.7627122936326,-9.18074759726243,59.919529042328));
#9340=CARTESIAN_POINT('Ctrl Pts',(-24.7438414165323,-9.18615781462808,59.8703585136604));
#9341=CARTESIAN_POINT('Ctrl Pts',(-24.7130169051635,-9.19499509896888,59.7900412336592));
#9342=CARTESIAN_POINT('Ctrl Pts',(-24.6686154480854,-9.20324483424786,59.7156564613801));
#9343=CARTESIAN_POINT('Ctrl Pts',(-24.6126071121287,-9.21051496608513,59.6504412735676));
#9344=CARTESIAN_POINT('Ctrl Pts',(-24.6034435239917,-9.2117044407003,59.63977134183));
#9345=CARTESIAN_POINT('Ctrl Pts',(-24.5939693049529,-9.21286769269522,59.6293469652632));
#9346=CARTESIAN_POINT('Ctrl Pts',(-24.5841934018863,-9.21400300501183,59.6191827194509));
#9347=CARTESIAN_POINT('Ctrl Pts',(-24.5318953877483,-9.22007656969223,59.5648071934694));
#9348=CARTESIAN_POINT('Ctrl Pts',(-24.4716954368648,-9.22526325105946,59.5186368484797));
#9349=CARTESIAN_POINT('Ctrl Pts',(-24.4056277525741,-9.22936387071968,59.4822273851197));
#9350=CARTESIAN_POINT('Ctrl Pts',(-24.3952867275193,-9.23000570660513,59.4765285146828));
#9351=CARTESIAN_POINT('Ctrl Pts',(-24.3848020112899,-9.2306209350248,59.471068822484));
#9352=CARTESIAN_POINT('Ctrl Pts',(-24.3741816178447,-9.23120879220314,59.4658544053148));
#9353=CARTESIAN_POINT('Ctrl Pts',(-24.3005918930827,-9.23528211097203,59.4297232086457));
#9354=CARTESIAN_POINT('Ctrl Pts',(-24.2216003722583,-9.23797787398627,59.4059136896933));
#9355=CARTESIAN_POINT('Ctrl Pts',(-24.1403565783288,-9.23917440548268,59.3953483601046));
#9356=CARTESIAN_POINT('Ctrl Pts',(-24.1302353962479,-9.23932346687623,59.3940321534217));
#9357=CARTESIAN_POINT('Ctrl Pts',(-24.1200793197894,-9.23944926071273,59.3929215048137));
#9358=CARTESIAN_POINT('Ctrl Pts',(-24.1098945990091,-9.23955155174347,59.3920182252789));
#9359=CARTESIAN_POINT('Ctrl Pts',(-24.044679885854,-9.24020654075812,59.3862343538277));
#9360=CARTESIAN_POINT('Ctrl Pts',(-23.9791378034036,-9.23988921914695,59.3890274734974));
#9361=CARTESIAN_POINT('Ctrl Pts',(-23.914930140275,-9.23862359414682,59.4002120548063));
#9362=CARTESIAN_POINT('Ctrl Pts',(-23.8949965372633,-9.23823067428204,59.4036843662533));
#9363=CARTESIAN_POINT('Ctrl Pts',(-23.8751911836903,-9.23774635463007,59.4079654810631));
#9364=CARTESIAN_POINT('Ctrl Pts',(-23.8555639081336,-9.23717135354571,59.4130497611293));
#9365=CARTESIAN_POINT('Ctrl Pts',(-23.8439339079697,-9.23683064081225,59.4160624145071));
#9366=CARTESIAN_POINT('Ctrl Pts',(-23.8323664237371,-9.23645812169997,59.4193570639134));
#9367=CARTESIAN_POINT('Ctrl Pts',(-23.8208717599302,-9.23605397695391,59.4229325785311));
#9368=CARTESIAN_POINT('Ctrl Pts',(-23.7676342300662,-9.23418218075791,59.4394925727542));
#9369=CARTESIAN_POINT('Ctrl Pts',(-23.7164365807556,-9.23164876688379,59.4619286588041));
#9370=CARTESIAN_POINT('Ctrl Pts',(-23.6682191228703,-9.22851024894978,59.4898084476251));
#9371=CARTESIAN_POINT('Ctrl Pts',(-23.6138544985062,-9.22497160639112,59.5212425860696));
#9372=CARTESIAN_POINT('Ctrl Pts',(-23.5636929490195,-9.22069091452,59.5593569343542));
#9373=CARTESIAN_POINT('Ctrl Pts',(-23.5188899147531,-9.21578558095345,59.6032313070399));
#9374=CARTESIAN_POINT('Ctrl Pts',(-23.5188899147531,9.09968826693128,60.6749403264891));
#9375=CARTESIAN_POINT('Ctrl Pts',(-23.5644437448844,9.09500484283346,60.7195499328064));
#9376=CARTESIAN_POINT('Ctrl Pts',(-23.6155310298632,9.09096495640847,60.7581987880802));
#9377=CARTESIAN_POINT('Ctrl Pts',(-23.6709332236245,9.08765586274668,60.7899249534958));
#9378=CARTESIAN_POINT('Ctrl Pts',(-23.7200005456537,9.08472514189784,60.818023443276));
#9379=CARTESIAN_POINT('Ctrl Pts',(-23.7721100822075,9.08238802767188,60.8404955636134));
#9380=CARTESIAN_POINT('Ctrl Pts',(-23.8262738767726,9.08068379602556,60.8568971359951));
#9381=CARTESIAN_POINT('Ctrl Pts',(-23.9114594439895,9.07800348271615,60.8826925452312));
#9382=CARTESIAN_POINT('Ctrl Pts',(-24.0005097839217,9.07692538631156,60.8931036607741));
#9383=CARTESIAN_POINT('Ctrl Pts',(-24.0892435433385,9.07748616525297,60.8876979202778));
#9384=CARTESIAN_POINT('Ctrl Pts',(-24.0979847626172,9.07754140794444,60.8871653973311));
#9385=CARTESIAN_POINT('Ctrl Pts',(-24.1067229107644,9.0776125713897,60.8864793931142));
#9386=CARTESIAN_POINT('Ctrl Pts',(-24.1154539847166,9.07769970160285,60.8856394860021));
#9387=CARTESIAN_POINT('Ctrl Pts',(-24.2072233794414,9.07861549809784,60.8768115035889));
#9388=CARTESIAN_POINT('Ctrl Pts',(-24.2965350454968,9.08127678321567,60.8511430214829));
#9389=CARTESIAN_POINT('Ctrl Pts',(-24.3789208427478,9.08556636219204,60.8099695820497));
#9390=CARTESIAN_POINT('Ctrl Pts',(-24.4400645159815,9.08874992809773,60.7794121873212));
#9391=CARTESIAN_POINT('Ctrl Pts',(-24.4966213847827,9.09279075520151,60.7407013045182));
#9392=CARTESIAN_POINT('Ctrl Pts',(-24.5470876016893,9.09758367011115,60.6949976035582));
#9393=CARTESIAN_POINT('Ctrl Pts',(-24.5610297970797,9.09890779861247,60.6823711384116));
#9394=CARTESIAN_POINT('Ctrl Pts',(-24.5745073329476,9.10028932942473,60.6692108000795));
#9395=CARTESIAN_POINT('Ctrl Pts',(-24.5874883057285,9.10172604487688,60.6555412497329));
#9396=CARTESIAN_POINT('Ctrl Pts',(-24.6296702739208,9.10639468462576,60.6111217329791));
#9397=CARTESIAN_POINT('Ctrl Pts',(-24.6661271922017,9.11159312380545,60.5618333075544));
#9398=CARTESIAN_POINT('Ctrl Pts',(-24.6961524803238,9.11720916921255,60.5088480325611));
#9399=CARTESIAN_POINT('Ctrl Pts',(-24.7147760053555,9.12069258498503,60.4759833156221));
#9400=CARTESIAN_POINT('Ctrl Pts',(-24.7309263131504,9.12433666394285,60.4416944515671));
#9401=CARTESIAN_POINT('Ctrl Pts',(-24.7444350808729,9.1281146334793,60.4062611126073));
#9402=CARTESIAN_POINT('Ctrl Pts',(-24.7630433107044,9.13331875919046,60.3574519444723));
#9403=CARTESIAN_POINT('Ctrl Pts',(-24.7764952118716,9.13873645547393,60.3068487841659));
#9404=CARTESIAN_POINT('Ctrl Pts',(-24.7845823544377,9.14428351753459,60.2552779177685));
#9405=CARTESIAN_POINT('Ctrl Pts',(-24.7906114782742,9.14841896139736,60.2168308226019));
#9406=CARTESIAN_POINT('Ctrl Pts',(-24.7936383295013,9.15261216789908,60.177976894307));
#9407=CARTESIAN_POINT('Ctrl Pts',(-24.7936374199332,9.1568258180694,60.1390682839856));
#9408=CARTESIAN_POINT('Ctrl Pts',(-24.7936365077659,9.16105150951207,60.100048485228));
#9409=CARTESIAN_POINT('Ctrl Pts',(-24.7905905079863,9.16528549373036,60.0610870019842));
#9410=CARTESIAN_POINT('Ctrl Pts',(-24.7845266191362,9.16948884762104,60.0225388528059));
#9411=CARTESIAN_POINT('Ctrl Pts',(-24.7763465165894,9.17515911413095,59.9705379304498));
#9412=CARTESIAN_POINT('Ctrl Pts',(-24.7627122936325,9.18074759719153,59.919529042328));
#9413=CARTESIAN_POINT('Ctrl Pts',(-24.7438414165323,9.18615781455695,59.8703585136604));
#9414=CARTESIAN_POINT('Ctrl Pts',(-24.7130169051504,9.19499509890115,59.7900412336252));
#9415=CARTESIAN_POINT('Ctrl Pts',(-24.6686154480478,9.20324483418302,59.7156564613171));
#9416=CARTESIAN_POINT('Ctrl Pts',(-24.6126071120575,9.21051496602223,59.6504412734847));
#9417=CARTESIAN_POINT('Ctrl Pts',(-24.6034435239427,9.21170444063414,59.6397713417761));
#9418=CARTESIAN_POINT('Ctrl Pts',(-24.5939693049276,9.21286769262594,59.6293469652369));
#9419=CARTESIAN_POINT('Ctrl Pts',(-24.5841934018863,9.21400300493956,59.6191827194509));
#9420=CARTESIAN_POINT('Ctrl Pts',(-24.5318953877483,9.22007656961971,59.5648071934694));
#9421=CARTESIAN_POINT('Ctrl Pts',(-24.4716954368649,9.22526325098674,59.5186368484797));
#9422=CARTESIAN_POINT('Ctrl Pts',(-24.4056277525742,9.22936387064679,59.4822273851197));
#9423=CARTESIAN_POINT('Ctrl Pts',(-24.3952867275193,9.23000570653222,59.4765285146828));
#9424=CARTESIAN_POINT('Ctrl Pts',(-24.3848020112899,9.23062093495186,59.471068822484));
#9425=CARTESIAN_POINT('Ctrl Pts',(-24.3741816178447,9.23120879213017,59.4658544053148));
#9426=CARTESIAN_POINT('Ctrl Pts',(-24.3005918930215,9.23528211090228,59.4297232086157));
#9427=CARTESIAN_POINT('Ctrl Pts',(-24.221600372127,9.23797787391752,59.4059136896537));
#9428=CARTESIAN_POINT('Ctrl Pts',(-24.140356578126,9.23917440541238,59.3953483600782));
#9429=CARTESIAN_POINT('Ctrl Pts',(-24.1302353961122,9.23932346680462,59.3940321534069));
#9430=CARTESIAN_POINT('Ctrl Pts',(-24.1200793197214,9.23944926064011,59.3929215048077));
#9431=CARTESIAN_POINT('Ctrl Pts',(-24.1098945990091,9.23955155167017,59.3920182252789));
#9432=CARTESIAN_POINT('Ctrl Pts',(-24.0446798858876,9.24020654068446,59.3862343538307));
#9433=CARTESIAN_POINT('Ctrl Pts',(-23.9791378034712,9.23988921907396,59.3890274734945));
#9434=CARTESIAN_POINT('Ctrl Pts',(-23.9149301403745,9.23862359407552,59.400212054789));
#9435=CARTESIAN_POINT('Ctrl Pts',(-23.8949965373289,9.2382306742104,59.4036843662391));
#9436=CARTESIAN_POINT('Ctrl Pts',(-23.8751911837224,9.23774635455777,59.4079654810547));
#9437=CARTESIAN_POINT('Ctrl Pts',(-23.8555639081328,9.23717135347247,59.4130497611295));
#9438=CARTESIAN_POINT('Ctrl Pts',(-23.8439339079692,9.23683064073903,59.4160624145073));
#9439=CARTESIAN_POINT('Ctrl Pts',(-23.8323664237367,9.23645812162677,59.4193570639135));
#9440=CARTESIAN_POINT('Ctrl Pts',(-23.8208717599301,9.23605397688074,59.4229325785312));
#9441=CARTESIAN_POINT('Ctrl Pts',(-23.7676342300661,9.23418218068482,59.4394925727543));
#9442=CARTESIAN_POINT('Ctrl Pts',(-23.7164365807557,9.23164876681081,59.461928658804));
#9443=CARTESIAN_POINT('Ctrl Pts',(-23.6682191228703,9.22851024887692,59.4898084476251));
#9444=CARTESIAN_POINT('Ctrl Pts',(-23.6138544985061,9.22497160631841,59.5212425860696));
#9445=CARTESIAN_POINT('Ctrl Pts',(-23.5636929490194,9.22069091444745,59.5593569343542));
#9446=CARTESIAN_POINT('Ctrl Pts',(-23.5188899147531,9.21578558088112,59.6032313070399));
#9447=CARTESIAN_POINT('Origin',(-20.0986884814964,-24.,70.0718665343483));
#9448=CARTESIAN_POINT('',(-19.5514918723739,-8.34142469282548,69.5360120246236));
#9449=CARTESIAN_POINT('',(-19.5514918723739,8.34142469278309,69.5360120246236));
#9450=CARTESIAN_POINT('',(-19.5514918723739,-8.34142469282548,69.5360120246236));
#9451=CARTESIAN_POINT('',(-20.0986884814964,-8.30295727623164,70.0718665343483));
#9452=CARTESIAN_POINT('Ctrl Pts',(-19.5514918723739,-8.34142469282549,69.5360120246236));
#9453=CARTESIAN_POINT('Ctrl Pts',(-19.7338877650486,-8.32851926177276,69.7146272792059));
#9454=CARTESIAN_POINT('Ctrl Pts',(-19.9162867460957,-8.31569989219613,69.8932455581459));
#9455=CARTESIAN_POINT('Ctrl Pts',(-20.0986884814964,-8.30295727623166,70.0718665343482));
#9456=CARTESIAN_POINT('',(-20.0986884814964,8.30295727619017,70.0718665343483));
#9457=CARTESIAN_POINT('',(-20.0986884814964,-8.30295727623164,70.0718665343483));
#9458=CARTESIAN_POINT('Ctrl Pts',(-19.5514918723739,8.34142469278311,69.5360120246236));
#9459=CARTESIAN_POINT('Ctrl Pts',(-19.7338877650486,8.32851926173069,69.7146272792059));
#9460=CARTESIAN_POINT('Ctrl Pts',(-19.9162867460957,8.31569989215437,69.8932455581459));
#9461=CARTESIAN_POINT('Ctrl Pts',(-20.0986884814964,8.30295727619017,70.0718665343483));
#9462=CARTESIAN_POINT('Origin',(-19.5514918723739,-24.,69.5360120246236));
#9463=CARTESIAN_POINT('',(-20.0986884814964,-8.38040995659319,69.000157514899));
#9464=CARTESIAN_POINT('',(-20.0986884814964,8.38040995654984,69.000157514899));
#9465=CARTESIAN_POINT('',(-20.0986884814964,-8.38040995659319,69.000157514899));
#9466=CARTESIAN_POINT('Ctrl Pts',(-20.0986884814964,-8.3804099565932,69.000157514899));
#9467=CARTESIAN_POINT('Ctrl Pts',(-19.9162929711866,-8.36732249821458,69.1787723950419));
#9468=CARTESIAN_POINT('Ctrl Pts',(-19.7338939867791,-8.35433056409709,69.3573906772726));
#9469=CARTESIAN_POINT('Ctrl Pts',(-19.5514918723739,-8.34142469282549,69.5360120246236));
#9470=CARTESIAN_POINT('Ctrl Pts',(-20.0986884814964,8.38040995654985,69.000157514899));
#9471=CARTESIAN_POINT('Ctrl Pts',(-19.9162929711866,8.36732249817157,69.1787723950419));
#9472=CARTESIAN_POINT('Ctrl Pts',(-19.7338939867792,8.3543305640544,69.3573906772727));
#9473=CARTESIAN_POINT('Ctrl Pts',(-19.5514918723739,8.34142469278311,69.5360120246237));
#9474=CARTESIAN_POINT('Origin',(-20.6234359868814,-24.,69.5360120246236));
#9475=CARTESIAN_POINT('Ctrl Pts',(-20.0986884814964,-8.30295727623164,70.0718665343483));
#9476=CARTESIAN_POINT('Ctrl Pts',(-20.1476562615222,-8.29953637886901,70.119819327404));
#9477=CARTESIAN_POINT('Ctrl Pts',(-20.2029827333906,-8.29661477266582,70.1608499691717));
#9478=CARTESIAN_POINT('Ctrl Pts',(-20.2631317189559,-8.29427075358166,70.1937968180893));
#9479=CARTESIAN_POINT('Ctrl Pts',(-20.3160883942096,-8.29220702039877,70.2228040500876));
#9480=CARTESIAN_POINT('Ctrl Pts',(-20.3723656989711,-8.29060725868393,70.2453162843136));
#9481=CARTESIAN_POINT('Ctrl Pts',(-20.4307434769719,-8.28950472564231,70.2608358629628));
#9482=CARTESIAN_POINT('Ctrl Pts',(-20.52497558915,-8.28772504130325,70.2858872219955));
#9483=CARTESIAN_POINT('Ctrl Pts',(-20.623200823191,-8.28726832580039,70.2923251077726));
#9484=CARTESIAN_POINT('Ctrl Pts',(-20.7199075774355,-8.28815906693958,70.2797816342582));
#9485=CARTESIAN_POINT('Ctrl Pts',(-20.8108841579407,-8.2889970289164,70.2679814002733));
#9486=CARTESIAN_POINT('Ctrl Pts',(-20.8989036418256,-8.29101278036804,70.2395921511638));
#9487=CARTESIAN_POINT('Ctrl Pts',(-20.9795971625693,-8.29411050301301,70.1960493091255));
#9488=CARTESIAN_POINT('Ctrl Pts',(-21.0556838244994,-8.2970313741495,70.1549923633991));
#9489=CARTESIAN_POINT('Ctrl Pts',(-21.1240686158317,-8.30086881203734,70.1011046650829));
#9490=CARTESIAN_POINT('Ctrl Pts',(-21.1817503364669,-8.30546012406758,70.0367964962747));
#9491=CARTESIAN_POINT('Ctrl Pts',(-21.2244881534278,-8.30886194098633,69.9891489795685));
#9492=CARTESIAN_POINT('Ctrl Pts',(-21.2608486809667,-8.31263780278882,69.9363410140189));
#9493=CARTESIAN_POINT('Ctrl Pts',(-21.2900429326845,-8.31669496943875,69.8797200108664));
#9494=CARTESIAN_POINT('Ctrl Pts',(-21.3050738566537,-8.31878383830359,69.8505681764));
#9495=CARTESIAN_POINT('Ctrl Pts',(-21.3182058288229,-8.32094727540546,69.8204044304326));
#9496=CARTESIAN_POINT('Ctrl Pts',(-21.3293307799013,-8.3231726237015,69.7894139606608));
#9497=CARTESIAN_POINT('Ctrl Pts',(-21.3460851100032,-8.32652402899584,69.74274188481));
#9498=CARTESIAN_POINT('Ctrl Pts',(-21.3581672948401,-8.32999171018505,69.6945290623063));
#9499=CARTESIAN_POINT('Ctrl Pts',(-21.3654035123295,-8.33352574811767,69.6454843552852));
#9500=CARTESIAN_POINT('Ctrl Pts',(-21.3707417143519,-8.33613282957521,69.609303774119));
#9501=CARTESIAN_POINT('Ctrl Pts',(-21.3734261779794,-8.33876794791339,69.5727823995353));
#9502=CARTESIAN_POINT('Ctrl Pts',(-21.3734359600497,-8.34141019767138,69.5362126426509));
#9503=CARTESIAN_POINT('Ctrl Pts',(-21.3734457419473,-8.34405240078407,69.4996435313558));
#9504=CARTESIAN_POINT('Ctrl Pts',(-21.3707809110871,-8.34669481123824,69.4631218826228));
#9505=CARTESIAN_POINT('Ctrl Pts',(-21.3654624763371,-8.34931623868941,69.4269400807236));
#9506=CARTESIAN_POINT('Ctrl Pts',(-21.3582540869097,-8.35286921448246,69.3779007429235));
#9507=CARTESIAN_POINT('Ctrl Pts',(-21.3462012186411,-8.35636879220236,69.3296910878602));
#9508=CARTESIAN_POINT('Ctrl Pts',(-21.3294776394452,-8.35976277593466,69.2830195645681));
#9509=CARTESIAN_POINT('Ctrl Pts',(-21.300890350133,-8.36556445234257,69.203239254183));
#9510=CARTESIAN_POINT('Ctrl Pts',(-21.2590066812372,-8.37098675722783,69.1289329938061));
#9511=CARTESIAN_POINT('Ctrl Pts',(-21.2056534628015,-8.37579252292096,69.0632300339204));
#9512=CARTESIAN_POINT('Ctrl Pts',(-21.1980871154701,-8.37647405804655,69.0539122939645));
#9513=CARTESIAN_POINT('Ctrl Pts',(-21.1902901351811,-8.37714319344892,69.0447676287316));
#9514=CARTESIAN_POINT('Ctrl Pts',(-21.1822678973031,-8.37779925268316,69.0358051715173));
#9515=CARTESIAN_POINT('Ctrl Pts',(-21.1246531566029,-8.3825109906345,68.9714378894339));
#9516=CARTESIAN_POINT('Ctrl Pts',(-21.0563238166181,-8.38647313484266,68.9174787929938));
#9517=CARTESIAN_POINT('Ctrl Pts',(-20.9802776061669,-8.38949759346666,68.8763423658202));
#9518=CARTESIAN_POINT('Ctrl Pts',(-20.8996430764223,-8.39270453563289,68.832723933806));
#9519=CARTESIAN_POINT('Ctrl Pts',(-20.8116682164556,-8.39480354664131,68.8042454677814));
#9520=CARTESIAN_POINT('Ctrl Pts',(-20.7207170600941,-8.39568035269313,68.7923478579498));
#9521=CARTESIAN_POINT('Ctrl Pts',(-20.6240594811542,-8.39661217097405,68.7797037728442));
#9522=CARTESIAN_POINT('Ctrl Pts',(-20.5258644221332,-8.39614568981667,68.7860253917817));
#9523=CARTESIAN_POINT('Ctrl Pts',(-20.431636727506,-8.39430971267386,68.810951307095));
#9524=CARTESIAN_POINT('Ctrl Pts',(-20.3731001383286,-8.3931691579763,68.8264359060799));
#9525=CARTESIAN_POINT('Ctrl Pts',(-20.3166668012223,-8.39151153970239,68.848948878766));
#9526=CARTESIAN_POINT('Ctrl Pts',(-20.2635656762216,-8.38937647876313,68.8779897153471));
#9527=CARTESIAN_POINT('Ctrl Pts',(-20.203248655042,-8.38695128502398,68.9109769026263));
#9528=CARTESIAN_POINT('Ctrl Pts',(-20.1477738764693,-8.38393198990742,68.9520895447776));
#9529=CARTESIAN_POINT('Ctrl Pts',(-20.0986884814964,-8.38040995659319,69.000157514899));
#9530=CARTESIAN_POINT('Ctrl Pts',(-20.0986884814964,8.30295727619017,70.0718665343483));
#9531=CARTESIAN_POINT('Ctrl Pts',(-20.1476562615223,8.29953637882761,70.119819327404));
#9532=CARTESIAN_POINT('Ctrl Pts',(-20.2029827333907,8.29661477262449,70.1608499691718));
#9533=CARTESIAN_POINT('Ctrl Pts',(-20.263131718956,8.29427075354038,70.1937968180894));
#9534=CARTESIAN_POINT('Ctrl Pts',(-20.3160883942096,8.29220702035754,70.2228040500876));
#9535=CARTESIAN_POINT('Ctrl Pts',(-20.3723656989712,8.29060725864273,70.2453162843137));
#9536=CARTESIAN_POINT('Ctrl Pts',(-20.4307434769722,8.28950472560114,70.2608358629629));
#9537=CARTESIAN_POINT('Ctrl Pts',(-20.5249755891504,8.28772504126211,70.2858872219955));
#9538=CARTESIAN_POINT('Ctrl Pts',(-20.6232008231913,8.28726832575927,70.2923251077726));
#9539=CARTESIAN_POINT('Ctrl Pts',(-20.7199075774358,8.28815906689843,70.2797816342581));
#9540=CARTESIAN_POINT('Ctrl Pts',(-20.810884157941,8.28899702887524,70.2679814002733));
#9541=CARTESIAN_POINT('Ctrl Pts',(-20.8989036418259,8.29101278032685,70.2395921511637));
#9542=CARTESIAN_POINT('Ctrl Pts',(-20.9795971625695,8.29411050297175,70.1960493091254));
#9543=CARTESIAN_POINT('Ctrl Pts',(-21.0556838244997,8.29703137410817,70.1549923633989));
#9544=CARTESIAN_POINT('Ctrl Pts',(-21.124068615832,8.30086881199593,70.1011046650825));
#9545=CARTESIAN_POINT('Ctrl Pts',(-21.1817503364671,8.30546012402607,70.0367964962745));
#9546=CARTESIAN_POINT('Ctrl Pts',(-21.2244881533939,8.30886194094203,69.9891489796063));
#9547=CARTESIAN_POINT('Ctrl Pts',(-21.2608486809089,8.31263780274112,69.9363410141029));
#9548=CARTESIAN_POINT('Ctrl Pts',(-21.2900429326148,8.31669496938727,69.8797200110015));
#9549=CARTESIAN_POINT('Ctrl Pts',(-21.3050738566132,8.31878383825507,69.8505681764931));
#9550=CARTESIAN_POINT('Ctrl Pts',(-21.3182058288058,8.32094727536014,69.8204044304803));
#9551=CARTESIAN_POINT('Ctrl Pts',(-21.3293307799014,8.32317262365958,69.7894139606606));
#9552=CARTESIAN_POINT('Ctrl Pts',(-21.3460851100032,8.32652402895383,69.7427418848099));
#9553=CARTESIAN_POINT('Ctrl Pts',(-21.3581672948401,8.32999171014296,69.6945290623063));
#9554=CARTESIAN_POINT('Ctrl Pts',(-21.3654035123295,8.33352574807549,69.6454843552851));
#9555=CARTESIAN_POINT('Ctrl Pts',(-21.370741714352,8.33613282953298,69.6093037741188));
#9556=CARTESIAN_POINT('Ctrl Pts',(-21.3734261779794,8.33876794787109,69.5727823995351));
#9557=CARTESIAN_POINT('Ctrl Pts',(-21.3734359600497,8.34141019762901,69.5362126426509));
#9558=CARTESIAN_POINT('Ctrl Pts',(-21.3734457419473,8.34405240074162,69.4996435313558));
#9559=CARTESIAN_POINT('Ctrl Pts',(-21.3707809110871,8.34669481119573,69.4631218826228));
#9560=CARTESIAN_POINT('Ctrl Pts',(-21.3654624763371,8.34931623864684,69.4269400807237));
#9561=CARTESIAN_POINT('Ctrl Pts',(-21.3582540869097,8.3528692144398,69.3779007429235));
#9562=CARTESIAN_POINT('Ctrl Pts',(-21.3462012186411,8.35636879215961,69.3296910878603));
#9563=CARTESIAN_POINT('Ctrl Pts',(-21.3294776394453,8.35976277589183,69.2830195645682));
#9564=CARTESIAN_POINT('Ctrl Pts',(-21.3008903501331,8.36556445229959,69.2032392541832));
#9565=CARTESIAN_POINT('Ctrl Pts',(-21.2590066812373,8.37098675718472,69.1289329938063));
#9566=CARTESIAN_POINT('Ctrl Pts',(-21.2056534628016,8.37579252287773,69.0632300339206));
#9567=CARTESIAN_POINT('Ctrl Pts',(-21.1980871154703,8.3764740580033,69.0539122939647));
#9568=CARTESIAN_POINT('Ctrl Pts',(-21.1902901351813,8.37714319340566,69.0447676287318));
#9569=CARTESIAN_POINT('Ctrl Pts',(-21.1822678973032,8.37779925263988,69.0358051715175));
#9570=CARTESIAN_POINT('Ctrl Pts',(-21.124653156603,8.3825109905911,68.9714378894341));
#9571=CARTESIAN_POINT('Ctrl Pts',(-21.0563238166183,8.38647313479915,68.9174787929939));
#9572=CARTESIAN_POINT('Ctrl Pts',(-20.9802776061671,8.38949759342308,68.8763423658203));
#9573=CARTESIAN_POINT('Ctrl Pts',(-20.8996430764227,8.39270453558923,68.8327239338062));
#9574=CARTESIAN_POINT('Ctrl Pts',(-20.8116682164559,8.39480354659761,68.8042454677814));
#9575=CARTESIAN_POINT('Ctrl Pts',(-20.7207170600943,8.39568035264941,68.7923478579499));
#9576=CARTESIAN_POINT('Ctrl Pts',(-20.6240594811543,8.39661217093031,68.7797037728442));
#9577=CARTESIAN_POINT('Ctrl Pts',(-20.5258644221332,8.39614568977292,68.7860253917817));
#9578=CARTESIAN_POINT('Ctrl Pts',(-20.4316367275063,8.39430971263017,68.810951307095));
#9579=CARTESIAN_POINT('Ctrl Pts',(-20.3731001383289,8.39316915793264,68.8264359060798));
#9580=CARTESIAN_POINT('Ctrl Pts',(-20.3166668012225,8.39151153965878,68.8489488787659));
#9581=CARTESIAN_POINT('Ctrl Pts',(-20.2635656762217,8.38937647871957,68.877989715347));
#9582=CARTESIAN_POINT('Ctrl Pts',(-20.2032486550423,8.38695128498048,68.9109769026261));
#9583=CARTESIAN_POINT('Ctrl Pts',(-20.1477738764696,8.38393198986401,68.9520895447773));
#9584=CARTESIAN_POINT('Ctrl Pts',(-20.0986884814964,8.38040995654985,69.000157514899));
#9585=CARTESIAN_POINT('Origin',(-16.6784870482398,-24.,79.4687927422074));
#9586=CARTESIAN_POINT('',(-16.1312904391172,-7.69316881908231,78.9329382324828));
#9587=CARTESIAN_POINT('',(-16.1312904391172,7.69316881904854,78.9329382324828));
#9588=CARTESIAN_POINT('',(-16.1312904391172,-7.69316881908231,78.9329382324828));
#9589=CARTESIAN_POINT('',(-16.6784870482398,-7.65493276717979,79.4687927422074));
#9590=CARTESIAN_POINT('Ctrl Pts',(-16.1312904391172,-7.6931688190823,78.9329382324828));
#9591=CARTESIAN_POINT('Ctrl Pts',(-16.3136920826743,-7.68050123305997,79.1115591187452));
#9592=CARTESIAN_POINT('Ctrl Pts',(-16.4960910734211,-7.66775927574889,79.2901774071837));
#9593=CARTESIAN_POINT('Ctrl Pts',(-16.6784870482398,-7.65493276717979,79.4687927422074));
#9594=CARTESIAN_POINT('',(-16.6784870482398,7.65493276714614,79.4687927422074));
#9595=CARTESIAN_POINT('',(-16.6784870482398,-7.65493276717979,79.4687927422074));
#9596=CARTESIAN_POINT('Ctrl Pts',(-16.1312904391172,7.69316881904855,78.9329382324828));
#9597=CARTESIAN_POINT('Ctrl Pts',(-16.3136920826743,7.68050123302626,79.1115591187452));
#9598=CARTESIAN_POINT('Ctrl Pts',(-16.4960910734211,7.66775927571521,79.2901774071838));
#9599=CARTESIAN_POINT('Ctrl Pts',(-16.6784870482398,7.65493276714614,79.4687927422074));
#9600=CARTESIAN_POINT('Origin',(-16.1312904391172,-24.,78.9329382324828));
#9601=CARTESIAN_POINT('',(-16.6784870482398,-7.73095729602017,78.3970837227582));
#9602=CARTESIAN_POINT('',(-16.6784870482398,7.73095729598626,78.3970837227582));
#9603=CARTESIAN_POINT('',(-16.6784870482398,-7.73095729602017,78.3970837227582));
#9604=CARTESIAN_POINT('Ctrl Pts',(-16.6784870482398,-7.73095729602017,78.3970837227582));
#9605=CARTESIAN_POINT('Ctrl Pts',(-16.4960857901999,-7.71842888676351,78.5757042314942));
#9606=CARTESIAN_POINT('Ctrl Pts',(-16.3136868037824,-7.70583603849161,78.7543225156933));
#9607=CARTESIAN_POINT('Ctrl Pts',(-16.1312904391172,-7.6931688190823,78.9329382324828));
#9608=CARTESIAN_POINT('Ctrl Pts',(-16.6784870482398,7.73095729598627,78.3970837227582));
#9609=CARTESIAN_POINT('Ctrl Pts',(-16.4960857901999,7.71842888672966,78.5757042314942));
#9610=CARTESIAN_POINT('Ctrl Pts',(-16.3136868037824,7.70583603845781,78.7543225156933));
#9611=CARTESIAN_POINT('Ctrl Pts',(-16.1312904391172,7.69316881904855,78.9329382324828));
#9612=CARTESIAN_POINT('Origin',(-17.2032345536248,-24.,78.9329382324828));
#9613=CARTESIAN_POINT('Ctrl Pts',(-16.6784870482398,-7.65493276717979,79.4687927422074));
#9614=CARTESIAN_POINT('Ctrl Pts',(-16.7263103932827,-7.65156971848574,79.5156248217272));
#9615=CARTESIAN_POINT('Ctrl Pts',(-16.7802039032748,-7.64867462603751,79.5558596459726));
#9616=CARTESIAN_POINT('Ctrl Pts',(-16.8387399634539,-7.64633014181606,79.5884103476305));
#9617=CARTESIAN_POINT('Ctrl Pts',(-16.8903817222894,-7.6442617879093,79.6171272698114));
#9618=CARTESIAN_POINT('Ctrl Pts',(-16.9452475387812,-7.6426376302882,79.6396469126953));
#9619=CARTESIAN_POINT('Ctrl Pts',(-17.0021982351616,-7.64149440647048,79.6554923125756));
#9620=CARTESIAN_POINT('Ctrl Pts',(-17.0963056227469,-7.6396053021443,79.6816758236256));
#9621=CARTESIAN_POINT('Ctrl Pts',(-17.1946347995432,-7.63905966573652,79.6892255988956));
#9622=CARTESIAN_POINT('Ctrl Pts',(-17.2916497104224,-7.63989108201915,79.6777085058211));
#9623=CARTESIAN_POINT('Ctrl Pts',(-17.3829380525932,-7.6406734216967,79.6668712404579));
#9624=CARTESIAN_POINT('Ctrl Pts',(-17.4714356917039,-7.64266084611881,79.6393450410709));
#9625=CARTESIAN_POINT('Ctrl Pts',(-17.5527322453914,-7.64574540380067,79.5965279878663));
#9626=CARTESIAN_POINT('Ctrl Pts',(-17.6294333257037,-7.64865559981456,79.5561312663863));
#9627=CARTESIAN_POINT('Ctrl Pts',(-17.6985200459918,-7.65249625512815,79.5027584301779));
#9628=CARTESIAN_POINT('Ctrl Pts',(-17.7569438693531,-7.65708507492316,79.4388097514239));
#9629=CARTESIAN_POINT('Ctrl Pts',(-17.7995678238191,-7.66043291549131,79.3921550579349));
#9630=CARTESIAN_POINT('Ctrl Pts',(-17.8360195800906,-7.66413963244258,79.340415672569));
#9631=CARTESIAN_POINT('Ctrl Pts',(-17.8655298197945,-7.6681098703141,79.2848828025633));
#9632=CARTESIAN_POINT('Ctrl Pts',(-17.8817655917731,-7.6702941926859,79.254330051255));
#9633=CARTESIAN_POINT('Ctrl Pts',(-17.8959010435316,-7.67255828063461,79.2226276883659));
#9634=CARTESIAN_POINT('Ctrl Pts',(-17.9078076792824,-7.67488625431752,79.1899921385048));
#9635=CARTESIAN_POINT('Ctrl Pts',(-17.9250581676259,-7.67825905279072,79.1427093304766));
#9636=CARTESIAN_POINT('Ctrl Pts',(-17.9375033654953,-7.68174115803811,79.093815288358));
#9637=CARTESIAN_POINT('Ctrl Pts',(-17.9449582730991,-7.68527916049792,79.0440504458948));
#9638=CARTESIAN_POINT('Ctrl Pts',(-17.9504552798284,-7.6878879685964,79.0073554674394));
#9639=CARTESIAN_POINT('Ctrl Pts',(-17.9532215063043,-7.69051887479253,78.9703038894378));
#9640=CARTESIAN_POINT('Ctrl Pts',(-17.9532345075792,-7.69315018093217,78.9332010412986));
#9641=CARTESIAN_POINT('Ctrl Pts',(-17.9532474836731,-7.69577639073262,78.8961700543147));
#9642=CARTESIAN_POINT('Ctrl Pts',(-17.9505178542492,-7.69839592999924,78.859187689383));
#9643=CARTESIAN_POINT('Ctrl Pts',(-17.9450674888028,-7.70098748436527,78.8225575444743));
#9644=CARTESIAN_POINT('Ctrl Pts',(-17.9377058361251,-7.7044878227051,78.7730822557062));
#9645=CARTESIAN_POINT('Ctrl Pts',(-17.9254122028197,-7.70792211687032,78.7244612027948));
#9646=CARTESIAN_POINT('Ctrl Pts',(-17.9083667929891,-7.7112399515797,78.6774220392405));
#9647=CARTESIAN_POINT('Ctrl Pts',(-17.8794573977592,-7.71686707324322,78.5976425687555));
#9648=CARTESIAN_POINT('Ctrl Pts',(-17.8372380975846,-7.72208957370928,78.5234009463653));
#9649=CARTESIAN_POINT('Ctrl Pts',(-17.7835557078435,-7.72669404106284,78.4578304994724));
#9650=CARTESIAN_POINT('Ctrl Pts',(-17.775874294158,-7.72735289434256,78.44844802357));
#9651=CARTESIAN_POINT('Ctrl Pts',(-17.7679582171417,-7.72799909354821,78.4392431341029));
#9652=CARTESIAN_POINT('Ctrl Pts',(-17.7598130583346,-7.72863201344001,78.4302252247985));
#9653=CARTESIAN_POINT('Ctrl Pts',(-17.7018306248867,-7.73313754075671,78.366029996876));
#9654=CARTESIAN_POINT('Ctrl Pts',(-17.6331537147239,-7.73689873024651,78.3123222121799));
#9655=CARTESIAN_POINT('Ctrl Pts',(-17.5568053677862,-7.73975451494167,78.2715097183006));
#9656=CARTESIAN_POINT('Ctrl Pts',(-17.4758634299897,-7.7427821213854,78.2282416912457));
#9657=CARTESIAN_POINT('Ctrl Pts',(-17.3876425005479,-7.74474205551896,78.200186133565));
#9658=CARTESIAN_POINT('Ctrl Pts',(-17.2965301828299,-7.74554011408242,78.1887635718209));
#9659=CARTESIAN_POINT('Ctrl Pts',(-17.1996893821511,-7.74638834879108,78.1766228420841));
#9660=CARTESIAN_POINT('Ctrl Pts',(-17.1014097556081,-7.74590813131893,78.1835018482014));
#9661=CARTESIAN_POINT('Ctrl Pts',(-17.0072149234193,-7.74412550237768,78.2090070861891));
#9662=CARTESIAN_POINT('Ctrl Pts',(-16.949400840148,-7.74303137592025,78.2246614689043));
#9663=CARTESIAN_POINT('Ctrl Pts',(-16.8936814300738,-7.74145696073758,78.247182046912));
#9664=CARTESIAN_POINT('Ctrl Pts',(-16.8412446505841,-7.73943473416241,78.2760795642013));
#9665=CARTESIAN_POINT('Ctrl Pts',(-16.7817454238718,-7.73714014401727,78.3088691433735));
#9666=CARTESIAN_POINT('Ctrl Pts',(-16.7269954546337,-7.73428914347755,78.3495807815989));
#9667=CARTESIAN_POINT('Ctrl Pts',(-16.6784870482398,-7.73095729602017,78.3970837227582));
#9668=CARTESIAN_POINT('Ctrl Pts',(-16.6784870482398,7.65493276714614,79.4687927422074));
#9669=CARTESIAN_POINT('Ctrl Pts',(-16.7263103932826,7.6515697184521,79.5156248217271));
#9670=CARTESIAN_POINT('Ctrl Pts',(-16.7802039032748,7.64867462600386,79.5558596459727));
#9671=CARTESIAN_POINT('Ctrl Pts',(-16.8387399634541,7.64633014178241,79.5884103476306));
#9672=CARTESIAN_POINT('Ctrl Pts',(-16.8903817222897,7.64426178787566,79.6171272698115));
#9673=CARTESIAN_POINT('Ctrl Pts',(-16.9452475387815,7.64263763025456,79.6396469126954));
#9674=CARTESIAN_POINT('Ctrl Pts',(-17.002198235162,7.64149440643684,79.6554923125757));
#9675=CARTESIAN_POINT('Ctrl Pts',(-17.0963056227472,7.63960530211067,79.6816758236257));
#9676=CARTESIAN_POINT('Ctrl Pts',(-17.1946347995436,7.6390596657029,79.6892255988956));
#9677=CARTESIAN_POINT('Ctrl Pts',(-17.2916497104228,7.63989108198552,79.6777085058211));
#9678=CARTESIAN_POINT('Ctrl Pts',(-17.3829380525936,7.64067342166307,79.6668712404578));
#9679=CARTESIAN_POINT('Ctrl Pts',(-17.4714356917043,7.64266084608519,79.6393450410708));
#9680=CARTESIAN_POINT('Ctrl Pts',(-17.5527322453917,7.64574540376705,79.5965279878661));
#9681=CARTESIAN_POINT('Ctrl Pts',(-17.629433325704,7.64865559978094,79.5561312663861));
#9682=CARTESIAN_POINT('Ctrl Pts',(-17.6985200459921,7.65249625509452,79.5027584301777));
#9683=CARTESIAN_POINT('Ctrl Pts',(-17.7569438693532,7.65708507488952,79.4388097514237));
#9684=CARTESIAN_POINT('Ctrl Pts',(-17.7995678238214,7.66043291545783,79.3921550579323));
#9685=CARTESIAN_POINT('Ctrl Pts',(-17.8360195800944,7.66413963240931,79.3404156725635));
#9686=CARTESIAN_POINT('Ctrl Pts',(-17.8655298197992,7.66810987028105,79.2848828025546));
#9687=CARTESIAN_POINT('Ctrl Pts',(-17.8817655917758,7.67029419265265,79.2543300512489));
#9688=CARTESIAN_POINT('Ctrl Pts',(-17.8959010435328,7.67255828060115,79.2226276883626));
#9689=CARTESIAN_POINT('Ctrl Pts',(-17.9078076792824,7.67488625428383,79.1899921385046));
#9690=CARTESIAN_POINT('Ctrl Pts',(-17.925058167626,7.67825905275702,79.1427093304764));
#9691=CARTESIAN_POINT('Ctrl Pts',(-17.9375033654953,7.6817411580044,79.0938152883579));
#9692=CARTESIAN_POINT('Ctrl Pts',(-17.9449582730991,7.68527916046419,79.0440504458947));
#9693=CARTESIAN_POINT('Ctrl Pts',(-17.9504552798284,7.68788796856265,79.0073554674394));
#9694=CARTESIAN_POINT('Ctrl Pts',(-17.9532215063043,7.69051887475877,78.9703038894378));
#9695=CARTESIAN_POINT('Ctrl Pts',(-17.9532345075792,7.6931501808984,78.9332010412987));
#9696=CARTESIAN_POINT('Ctrl Pts',(-17.9532474836731,7.69577639069884,78.8961700543148));
#9697=CARTESIAN_POINT('Ctrl Pts',(-17.9505178542492,7.69839592996544,78.8591876893831));
#9698=CARTESIAN_POINT('Ctrl Pts',(-17.9450674888028,7.70098748433147,78.8225575444744));
#9699=CARTESIAN_POINT('Ctrl Pts',(-17.9377058361252,7.70448782267128,78.7730822557065));
#9700=CARTESIAN_POINT('Ctrl Pts',(-17.9254122028198,7.70792211683648,78.7244612027951));
#9701=CARTESIAN_POINT('Ctrl Pts',(-17.9083667929893,7.71123995154585,78.6774220392408));
#9702=CARTESIAN_POINT('Ctrl Pts',(-17.8794573978823,7.71686707318541,78.5976425690954));
#9703=CARTESIAN_POINT('Ctrl Pts',(-17.8372380979442,7.72208957363095,78.5234009469976));
#9704=CARTESIAN_POINT('Ctrl Pts',(-17.7835557085292,7.72669404097014,78.45783050031));
#9705=CARTESIAN_POINT('Ctrl Pts',(-17.7758742946293,7.7273528942702,78.448448024118));
#9706=CARTESIAN_POINT('Ctrl Pts',(-17.7679582173843,7.72799909349546,78.4392431343715));
#9707=CARTESIAN_POINT('Ctrl Pts',(-17.759813058335,7.72863201340608,78.4302252247989));
#9708=CARTESIAN_POINT('Ctrl Pts',(-17.7018306248872,7.73313754072276,78.3660299968764));
#9709=CARTESIAN_POINT('Ctrl Pts',(-17.6331537147244,7.73689873021256,78.3123222121802));
#9710=CARTESIAN_POINT('Ctrl Pts',(-17.5568053677867,7.73975451490772,78.2715097183008));
#9711=CARTESIAN_POINT('Ctrl Pts',(-17.47586342999,7.74278212135144,78.2282416912458));
#9712=CARTESIAN_POINT('Ctrl Pts',(-17.3876425005483,7.74474205548498,78.2001861335651));
#9713=CARTESIAN_POINT('Ctrl Pts',(-17.2965301828304,7.74554011404845,78.188763571821));
#9714=CARTESIAN_POINT('Ctrl Pts',(-17.1996893821517,7.7463883487571,78.1766228420841));
#9715=CARTESIAN_POINT('Ctrl Pts',(-17.1014097556089,7.74590813128497,78.1835018482013));
#9716=CARTESIAN_POINT('Ctrl Pts',(-17.0072149234199,7.74412550234372,78.2090070861889));
#9717=CARTESIAN_POINT('Ctrl Pts',(-16.9494008401484,7.7430313758863,78.2246614689041));
#9718=CARTESIAN_POINT('Ctrl Pts',(-16.8936814300742,7.74145696070364,78.2471820469118));
#9719=CARTESIAN_POINT('Ctrl Pts',(-16.8412446505844,7.73943473412848,78.2760795642011));
#9720=CARTESIAN_POINT('Ctrl Pts',(-16.7817454238719,7.73714014398335,78.3088691433734));
#9721=CARTESIAN_POINT('Ctrl Pts',(-16.7269954546337,7.73428914344363,78.3495807815988));
#9722=CARTESIAN_POINT('Ctrl Pts',(-16.6784870482398,7.73095729598626,78.3970837227581));
#9723=CARTESIAN_POINT('Origin',(-13.2582856149832,-24.,88.8657189500665));
#9724=CARTESIAN_POINT('',(-12.7110890058606,-6.8943827971163,88.3298644403419));
#9725=CARTESIAN_POINT('',(-12.7110890058606,6.89438279708081,88.3298644403419));
#9726=CARTESIAN_POINT('',(-12.7110890058606,-6.8943827971163,88.3298644403419));
#9727=CARTESIAN_POINT('',(-13.2582856149832,-6.83587131870527,88.8657189500665));
#9728=CARTESIAN_POINT('Origin',(2.65139073676482,279.591518566836,73.2858127906931));
#9729=CARTESIAN_POINT('',(-13.2582856149832,6.83587131866952,88.8657189500665));
#9730=CARTESIAN_POINT('',(-13.2582856149832,-6.83587131870527,88.8657189500665));
#9731=CARTESIAN_POINT('Origin',(2.65139073987747,-279.591518566355,73.2858127939112));
#9732=CARTESIAN_POINT('Origin',(-12.7110890058606,-24.,88.3298644403419));
#9733=CARTESIAN_POINT('',(-13.2582856149831,-6.95090435586909,87.7940099306173));
#9734=CARTESIAN_POINT('',(-13.2582856149831,6.95090435583384,87.7940099306173));
#9735=CARTESIAN_POINT('',(-13.2582856149831,-6.95090435586909,87.7940099306173));
#9736=CARTESIAN_POINT('Origin',(-29.1653564848561,299.947398084793,72.2166552488997));
#9737=CARTESIAN_POINT('Origin',(-29.1653564842823,-299.947398084175,72.2166552481428));
#9738=CARTESIAN_POINT('Origin',(-13.7830331203682,-24.,88.3298644403419));
#9739=CARTESIAN_POINT('Ctrl Pts',(-13.2582856149832,-6.83587131870527,88.8657189500665));
#9740=CARTESIAN_POINT('Ctrl Pts',(-13.3008095096328,-6.83124330581292,88.9073614243421));
#9741=CARTESIAN_POINT('Ctrl Pts',(-13.3481684662074,-6.82717188913126,88.9438226891885));
#9742=CARTESIAN_POINT('Ctrl Pts',(-13.3993792200693,-6.82375890691907,88.9743096938627));
#9743=CARTESIAN_POINT('Ctrl Pts',(-13.4450525213421,-6.82071497272439,89.001500118615));
#9744=CARTESIAN_POINT('Ctrl Pts',(-13.4935096257936,-6.81821357532527,89.0237715488161));
#9745=CARTESIAN_POINT('Ctrl Pts',(-13.5439400604633,-6.81630621057048,89.040733281061));
#9746=CARTESIAN_POINT('Ctrl Pts',(-13.6111789028235,-6.81376312326793,89.0633483397659));
#9747=CARTESIAN_POINT('Ctrl Pts',(-13.6811708312671,-6.81230571776625,89.0762707403863));
#9748=CARTESIAN_POINT('Ctrl Pts',(-13.7518081229683,-6.81197353653791,89.0792141581222));
#9749=CARTESIAN_POINT('Ctrl Pts',(-13.7602403154321,-6.81193388303502,89.079565523021));
#9750=CARTESIAN_POINT('Ctrl Pts',(-13.7686817338354,-6.81191026390706,89.0797746980224));
#9751=CARTESIAN_POINT('Ctrl Pts',(-13.7771287716259,-6.81190274641811,89.0798411990924));
#9752=CARTESIAN_POINT('Ctrl Pts',(-13.7958150842443,-6.81188611642875,89.0799883109931));
#9753=CARTESIAN_POINT('Ctrl Pts',(-13.8145288453675,-6.8119482179196,89.0794372354198));
#9754=CARTESIAN_POINT('Ctrl Pts',(-13.8332313005324,-6.81208965509041,89.0781826498679));
#9755=CARTESIAN_POINT('Ctrl Pts',(-13.8994700953196,-6.81259058545759,89.0737392634686));
#9756=CARTESIAN_POINT('Ctrl Pts',(-13.9646839106797,-6.81408069616141,89.0605307128602));
#9757=CARTESIAN_POINT('Ctrl Pts',(-14.0271904214389,-6.81650017576331,89.0390098502078));
#9758=CARTESIAN_POINT('Ctrl Pts',(-14.0416246960712,-6.81705889248924,89.0340401592416));
#9759=CARTESIAN_POINT('Ctrl Pts',(-14.0559147706043,-6.81766716878749,89.0286271713478));
#9760=CARTESIAN_POINT('Ctrl Pts',(-14.0700398856412,-6.81832426812308,89.0227764958638));
#9761=CARTESIAN_POINT('Ctrl Pts',(-14.08015054408,-6.81879461522647,89.0185886233189));
#9762=CARTESIAN_POINT('Ctrl Pts',(-14.0901766918877,-6.81928995533357,89.014176496089));
#9763=CARTESIAN_POINT('Ctrl Pts',(-14.1001107669043,-6.81980999874362,89.0095421331251));
#9764=CARTESIAN_POINT('Ctrl Pts',(-14.1601144033999,-6.82295115639402,88.9815497301882));
#9765=CARTESIAN_POINT('Ctrl Pts',(-14.2160160803496,-6.82695474156845,88.9457965200355));
#9766=CARTESIAN_POINT('Ctrl Pts',(-14.2664241286117,-6.8316890271595,88.9033041783697));
#9767=CARTESIAN_POINT('Ctrl Pts',(-14.2829672695472,-6.83324274638613,88.8893588497745));
#9768=CARTESIAN_POINT('Ctrl Pts',(-14.2989190447138,-6.83487516575719,88.8746874439862));
#9769=CARTESIAN_POINT('Ctrl Pts',(-14.3142300415751,-6.83658162909637,88.8593262717333));
#9770=CARTESIAN_POINT('Ctrl Pts',(-14.3572182404059,-6.84137281192964,88.8161971970517));
#9771=CARTESIAN_POINT('Ctrl Pts',(-14.3946654087105,-6.84669179844217,88.7681228581538));
#9772=CARTESIAN_POINT('Ctrl Pts',(-14.4258510173082,-6.85240124039734,88.7162388072113));
#9773=CARTESIAN_POINT('Ctrl Pts',(-14.4459752584979,-6.85608557404133,88.6827577496973));
#9774=CARTESIAN_POINT('Ctrl Pts',(-14.4634934284333,-6.85993250076631,88.6476882162739));
#9775=CARTESIAN_POINT('Ctrl Pts',(-14.478212356851,-6.86390511270439,88.611335272158));
#9776=CARTESIAN_POINT('Ctrl Pts',(-14.4989050115943,-6.86949002248388,88.5602283640908));
#9777=CARTESIAN_POINT('Ctrl Pts',(-14.5138931796743,-6.87527723627178,88.5070094416398));
#9778=CARTESIAN_POINT('Ctrl Pts',(-14.5229146675353,-6.88115667986385,88.4526459379777));
#9779=CARTESIAN_POINT('Ctrl Pts',(-14.5296305463135,-6.88553352224903,88.4121760392008));
#9780=CARTESIAN_POINT('Ctrl Pts',(-14.5330144829808,-6.88994503900985,88.3712245607999));
#9781=CARTESIAN_POINT('Ctrl Pts',(-14.5330330435953,-6.89434638659599,88.3302037918415));
#9782=CARTESIAN_POINT('Ctrl Pts',(-14.5330515114139,-6.89872572915609,88.2893881107731));
#9783=CARTESIAN_POINT('Ctrl Pts',(-14.5297381112006,-6.90308102509052,88.2486341654412));
#9784=CARTESIAN_POINT('Ctrl Pts',(-14.5231235441346,-6.90736977557227,88.2083483317417));
#9785=CARTESIAN_POINT('Ctrl Pts',(-14.5143260628763,-6.91307388312889,88.1547675208718));
#9786=CARTESIAN_POINT('Ctrl Pts',(-14.4997327325356,-6.91863182204767,88.1022811432121));
#9787=CARTESIAN_POINT('Ctrl Pts',(-14.4795883952719,-6.92395087751758,88.0518163347847));
#9788=CARTESIAN_POINT('Ctrl Pts',(-14.4477815849039,-6.93234937613546,87.9721351533746));
#9789=CARTESIAN_POINT('Ctrl Pts',(-14.4025500192844,-6.94004300560358,87.8985297485472));
#9790=CARTESIAN_POINT('Ctrl Pts',(-14.3458862401936,-6.94673253894782,87.8341867572627));
#9791=CARTESIAN_POINT('Ctrl Pts',(-14.336749154092,-6.94781123230585,87.8238113911851));
#9792=CARTESIAN_POINT('Ctrl Pts',(-14.3273148777731,-6.94886381730017,87.8136769637183));
#9793=CARTESIAN_POINT('Ctrl Pts',(-14.3175920707628,-6.94988903932499,87.8037972121732));
#9794=CARTESIAN_POINT('Ctrl Pts',(-14.2634521174918,-6.95559783025927,87.7487833374338));
#9795=CARTESIAN_POINT('Ctrl Pts',(-14.2011469536375,-6.96037616044257,87.7024592713572));
#9796=CARTESIAN_POINT('Ctrl Pts',(-14.1328799634144,-6.96408002673418,87.6664586923937));
#9797=CARTESIAN_POINT('Ctrl Pts',(-14.1236826192079,-6.96457903413244,87.6616084753961));
#9798=CARTESIAN_POINT('Ctrl Pts',(-14.1143771178331,-6.96505853881036,87.6569456780785));
#9799=CARTESIAN_POINT('Ctrl Pts',(-14.104968995506,-6.96551818861847,87.6524743811446));
#9800=CARTESIAN_POINT('Ctrl Pts',(-14.0287907176137,-6.96924000787194,87.6162699517663));
#9801=CARTESIAN_POINT('Ctrl Pts',(-13.9470682723082,-6.97160249062011,87.5931836954972));
#9802=CARTESIAN_POINT('Ctrl Pts',(-13.8632544800013,-6.97252543344466,87.5841670932508));
#9803=CARTESIAN_POINT('Ctrl Pts',(-13.8551562660523,-6.97261460956055,87.5832958956582));
#9804=CARTESIAN_POINT('Ctrl Pts',(-13.8470385215158,-6.97269033505922,87.582556041875));
#9805=CARTESIAN_POINT('Ctrl Pts',(-13.8389043610977,-6.97275253001509,87.5819483992922));
#9806=CARTESIAN_POINT('Ctrl Pts',(-13.7751212015791,-6.97324022519044,87.5771836341791));
#9807=CARTESIAN_POINT('Ctrl Pts',(-13.7111390487088,-6.97289055700943,87.5806084444599));
#9808=CARTESIAN_POINT('Ctrl Pts',(-13.6485060200295,-6.97172072561696,87.5920281039674));
#9809=CARTESIAN_POINT('Ctrl Pts',(-13.6305341016998,-6.97138505425174,87.5953048605342));
#9810=CARTESIAN_POINT('Ctrl Pts',(-13.6126729692535,-6.97098185512836,87.5992398771398));
#9811=CARTESIAN_POINT('Ctrl Pts',(-13.594959188141,-6.97051153460142,87.6038284935619));
#9812=CARTESIAN_POINT('Ctrl Pts',(-13.5796437093006,-6.97010489165868,87.6077958485424));
#9813=CARTESIAN_POINT('Ctrl Pts',(-13.5644384493034,-6.96964802831301,87.6122517770308));
#9814=CARTESIAN_POINT('Ctrl Pts',(-13.5493670761139,-6.96914114510434,87.6171932821191));
#9815=CARTESIAN_POINT('Ctrl Pts',(-13.4980077688154,-6.96741381938882,87.6340326420871));
#9816=CARTESIAN_POINT('Ctrl Pts',(-13.448641044257,-6.96512033876683,87.6563673341305));
#9817=CARTESIAN_POINT('Ctrl Pts',(-13.4021207508664,-6.96229531179887,87.683794965161));
#9818=CARTESIAN_POINT('Ctrl Pts',(-13.349865133924,-6.95912199718001,87.7146040524712));
#9819=CARTESIAN_POINT('Ctrl Pts',(-13.3015731403185,-6.95530051216131,87.751619653925));
#9820=CARTESIAN_POINT('Ctrl Pts',(-13.2582856149832,-6.95090435586909,87.7940099306173));
#9821=CARTESIAN_POINT('Ctrl Pts',(-13.2582856149832,6.83587131866952,88.8657189500665));
#9822=CARTESIAN_POINT('Ctrl Pts',(-13.3008095096329,6.83124330577713,88.9073614243422));
#9823=CARTESIAN_POINT('Ctrl Pts',(-13.3481684662075,6.82717188909546,88.9438226891886));
#9824=CARTESIAN_POINT('Ctrl Pts',(-13.3993792200695,6.82375890688326,88.9743096938628));
#9825=CARTESIAN_POINT('Ctrl Pts',(-13.4450525213425,6.82071497268854,89.0015001186152));
#9826=CARTESIAN_POINT('Ctrl Pts',(-13.4935096257941,6.81821357528943,89.0237715488163));
#9827=CARTESIAN_POINT('Ctrl Pts',(-13.5439400604638,6.81630621053463,89.0407332810612));
#9828=CARTESIAN_POINT('Ctrl Pts',(-13.6111789028892,6.8137631232296,89.063348339788));
#9829=CARTESIAN_POINT('Ctrl Pts',(-13.6811708314035,6.81230571772756,89.0762707404114));
#9830=CARTESIAN_POINT('Ctrl Pts',(-13.7518081231745,6.81197353650108,89.0792141581308));
#9831=CARTESIAN_POINT('Ctrl Pts',(-13.76024031557,6.81193388299878,89.0795655230244));
#9832=CARTESIAN_POINT('Ctrl Pts',(-13.7686817339049,6.81191026387114,89.079774698023));
#9833=CARTESIAN_POINT('Ctrl Pts',(-13.7771287716268,6.81190274638225,89.0798411990924));
#9834=CARTESIAN_POINT('Ctrl Pts',(-13.7958150842451,6.81188611639289,89.079988310993));
#9835=CARTESIAN_POINT('Ctrl Pts',(-13.8145288453681,6.81194821788374,89.0794372354198));
#9836=CARTESIAN_POINT('Ctrl Pts',(-13.8332313005329,6.81208965505456,89.0781826498679));
#9837=CARTESIAN_POINT('Ctrl Pts',(-13.8994700952429,6.81259058542116,89.0737392634737));
#9838=CARTESIAN_POINT('Ctrl Pts',(-13.9646839105282,6.81408069612212,89.0605307128909));
#9839=CARTESIAN_POINT('Ctrl Pts',(-14.0271904212206,6.81650017571902,89.039009850283));
#9840=CARTESIAN_POINT('Ctrl Pts',(-14.0416246959282,6.81705889244732,89.0340401592958));
#9841=CARTESIAN_POINT('Ctrl Pts',(-14.0559147705353,6.81766716874844,89.0286271713765));
#9842=CARTESIAN_POINT('Ctrl Pts',(-14.0700398856444,6.81832426808741,89.0227764958625));
#9843=CARTESIAN_POINT('Ctrl Pts',(-14.0801505440822,6.81879461519076,89.018588623318));
#9844=CARTESIAN_POINT('Ctrl Pts',(-14.090176691889,6.81928995529783,89.0141764960884));
#9845=CARTESIAN_POINT('Ctrl Pts',(-14.1001107669048,6.81980999870783,89.0095421331249));
#9846=CARTESIAN_POINT('Ctrl Pts',(-14.1601144034204,6.8229511563593,88.9815497301786));
#9847=CARTESIAN_POINT('Ctrl Pts',(-14.2160160803874,6.82695474153538,88.9457965200112));
#9848=CARTESIAN_POINT('Ctrl Pts',(-14.2664241286628,6.83168902712854,88.9033041783266));
#9849=CARTESIAN_POINT('Ctrl Pts',(-14.2829672695801,6.83324274635374,88.8893588497442));
#9850=CARTESIAN_POINT('Ctrl Pts',(-14.2989190447297,6.83487516572321,88.8746874439702));
#9851=CARTESIAN_POINT('Ctrl Pts',(-14.3142300415754,6.83658162906066,88.859326271733));
#9852=CARTESIAN_POINT('Ctrl Pts',(-14.3572182404187,6.84137281189535,88.8161971970388));
#9853=CARTESIAN_POINT('Ctrl Pts',(-14.3946654087327,6.84669179840962,88.7681228581253));
#9854=CARTESIAN_POINT('Ctrl Pts',(-14.4258510173358,6.85240124036672,88.7162388071653));
#9855=CARTESIAN_POINT('Ctrl Pts',(-14.445975258514,6.8560855740092,88.6827577496651));
#9856=CARTESIAN_POINT('Ctrl Pts',(-14.4634934284401,6.8599325007325,88.6476882162571));
#9857=CARTESIAN_POINT('Ctrl Pts',(-14.4782123568511,6.8639051126688,88.6113352721577));
#9858=CARTESIAN_POINT('Ctrl Pts',(-14.4989050115944,6.86949002244831,88.5602283640904));
#9859=CARTESIAN_POINT('Ctrl Pts',(-14.5138931796743,6.87527723623624,88.5070094416395));
#9860=CARTESIAN_POINT('Ctrl Pts',(-14.5229146675353,6.88115667982832,88.4526459379776));
#9861=CARTESIAN_POINT('Ctrl Pts',(-14.5296305463135,6.88553352221351,88.4121760392008));
#9862=CARTESIAN_POINT('Ctrl Pts',(-14.5330144829807,6.88994503897432,88.3712245608));
#9863=CARTESIAN_POINT('Ctrl Pts',(-14.5330330435953,6.89434638656049,88.3302037918415));
#9864=CARTESIAN_POINT('Ctrl Pts',(-14.5330515114139,6.8987257291206,88.2893881107731));
#9865=CARTESIAN_POINT('Ctrl Pts',(-14.5297381112006,6.90308102505504,88.2486341654414));
#9866=CARTESIAN_POINT('Ctrl Pts',(-14.5231235441346,6.9073697755368,88.2083483317418));
#9867=CARTESIAN_POINT('Ctrl Pts',(-14.5143260628763,6.91307388309344,88.154767520872));
#9868=CARTESIAN_POINT('Ctrl Pts',(-14.4997327325357,6.91863182201224,88.1022811432122));
#9869=CARTESIAN_POINT('Ctrl Pts',(-14.479588395272,6.92395087748217,88.051816334785));
#9870=CARTESIAN_POINT('Ctrl Pts',(-14.447781584911,6.93234937609827,87.9721351533922));
#9871=CARTESIAN_POINT('Ctrl Pts',(-14.4025500193043,6.9400430055649,87.8985297485795));
#9872=CARTESIAN_POINT('Ctrl Pts',(-14.3458862402308,6.94673253890816,87.8341867573048));
#9873=CARTESIAN_POINT('Ctrl Pts',(-14.3367491541177,6.94781123226772,87.8238113912127));
#9874=CARTESIAN_POINT('Ctrl Pts',(-14.3273148777864,6.9488638172635,87.8136769637319));
#9875=CARTESIAN_POINT('Ctrl Pts',(-14.317592070763,6.94988903928971,87.8037972121734));
#9876=CARTESIAN_POINT('Ctrl Pts',(-14.2634521175282,6.9555978302202,87.7487833374708));
#9877=CARTESIAN_POINT('Ctrl Pts',(-14.2011469537212,6.96037616040093,87.7024592714194));
#9878=CARTESIAN_POINT('Ctrl Pts',(-14.1328799635518,6.96408002669152,87.6664586924662));
#9879=CARTESIAN_POINT('Ctrl Pts',(-14.1236826193008,6.96457903409245,87.6616084754426));
#9880=CARTESIAN_POINT('Ctrl Pts',(-14.1143771178802,6.96505853877286,87.6569456781009));
#9881=CARTESIAN_POINT('Ctrl Pts',(-14.1049689955064,6.96551818858326,87.6524743811448));
#9882=CARTESIAN_POINT('Ctrl Pts',(-14.0287907176137,6.96924000783676,87.6162699517663));
#9883=CARTESIAN_POINT('Ctrl Pts',(-13.9470682723075,6.97160249058497,87.5931836954969));
#9884=CARTESIAN_POINT('Ctrl Pts',(-13.8632544799999,6.97252543340951,87.5841670932507));
#9885=CARTESIAN_POINT('Ctrl Pts',(-13.8551562660515,6.97261460952539,87.5832958956582));
#9886=CARTESIAN_POINT('Ctrl Pts',(-13.8470385215156,6.97269033502405,87.582556041875));
#9887=CARTESIAN_POINT('Ctrl Pts',(-13.8389043610981,6.97275252997992,87.5819483992923));
#9888=CARTESIAN_POINT('Ctrl Pts',(-13.7751212015925,6.97324022515519,87.5771836341801));
#9889=CARTESIAN_POINT('Ctrl Pts',(-13.7111390487352,6.97289055697443,87.5806084444585));
#9890=CARTESIAN_POINT('Ctrl Pts',(-13.6485060200682,6.97172072558253,87.5920281039604));
#9891=CARTESIAN_POINT('Ctrl Pts',(-13.6305341017254,6.97138505421715,87.5953048605286));
#9892=CARTESIAN_POINT('Ctrl Pts',(-13.6126729692662,6.97098185509353,87.5992398771366));
#9893=CARTESIAN_POINT('Ctrl Pts',(-13.5949591881409,6.97051153456625,87.603828493562));
#9894=CARTESIAN_POINT('Ctrl Pts',(-13.5796437093007,6.97010489162351,87.6077958485424));
#9895=CARTESIAN_POINT('Ctrl Pts',(-13.5644384493037,6.96964802827783,87.6122517770307));
#9896=CARTESIAN_POINT('Ctrl Pts',(-13.5493670761143,6.96914114506917,87.617193282119));
#9897=CARTESIAN_POINT('Ctrl Pts',(-13.4980077688159,6.96741381935365,87.6340326420869));
#9898=CARTESIAN_POINT('Ctrl Pts',(-13.4486410442575,6.96512033873166,87.6563673341302));
#9899=CARTESIAN_POINT('Ctrl Pts',(-13.4021207508666,6.96229531176367,87.6837949651608));
#9900=CARTESIAN_POINT('Ctrl Pts',(-13.349865133924,6.95912199714479,87.7146040524712));
#9901=CARTESIAN_POINT('Ctrl Pts',(-13.3015731403184,6.95530051212606,87.7516196539251));
#9902=CARTESIAN_POINT('Ctrl Pts',(-13.2582856149831,6.95090435583383,87.7940099306173));
#9903=CARTESIAN_POINT('Origin',(30.,0.,39.1062535461604));
#9904=CARTESIAN_POINT('',(-15.,-9.18485099360513E-17,38.3562535461604));
#9905=CARTESIAN_POINT('Origin',(-15.,0.,39.1062535461604));
#9906=CARTESIAN_POINT('',(-35.2,-9.18485099360513E-17,38.3562535461604));
#9907=CARTESIAN_POINT('',(30.,-9.18485099360514E-17,38.3562535461604));
#9908=CARTESIAN_POINT('Origin',(-35.2,0.,39.1062535461604));
#9909=CARTESIAN_POINT('Origin',(-50.6203667298486,0.,55.0396968996736));
#9910=CARTESIAN_POINT('',(-15.,-9.1848509936053E-17,41.2768103470059));
#9911=CARTESIAN_POINT('Origin',(-15.,0.,42.0749436763628));
#9912=CARTESIAN_POINT('',(-33.7464143908664,0.,48.0999471845007));
#9913=CARTESIAN_POINT('',(-50.8768818373429,-9.18485099360528E-17,54.3349274340842));
#9914=CARTESIAN_POINT('Origin',(-33.4898992833722,0.,48.8047166500901));
#9915=CARTESIAN_POINT('Origin',(-49.8411324392319,0.,65.3978565371287));
#9916=CARTESIAN_POINT('',(-13.3,-9.18485099360514E-17,51.2998386735125));
#9917=CARTESIAN_POINT('Origin',(-13.3,0.,52.0979720028694));
#9918=CARTESIAN_POINT('',(-30.3262129576097,0.,57.4968733923598));
#9919=CARTESIAN_POINT('',(-50.0976475467261,-9.18485099360505E-17,64.6930870715393));
#9920=CARTESIAN_POINT('Origin',(-30.0696978501155,0.,58.2016428579492));
#9921=CARTESIAN_POINT('Origin',(-26.6494964168585,0.,67.5985690658082));
#9922=CARTESIAN_POINT('',(-26.3929813093646,-9.18485099360522E-17,68.3033385313977));
#9923=CARTESIAN_POINT('Origin',(-26.6494964168588,0.,67.5985690658083));
#9924=CARTESIAN_POINT('',(-13.3,-9.18485099360518E-17,63.5378830569854));
#9925=CARTESIAN_POINT('',(-26.3929813093643,-9.18485099360522E-17,68.3033385313977));
#9926=CARTESIAN_POINT('Origin',(-13.3,0.,62.7397497276285));
#9927=CARTESIAN_POINT('Origin',(-45.7492689859949,0.,85.1920954869869));
#9928=CARTESIAN_POINT('',(-11.6,-9.18485099360506E-17,71.9646447247781));
#9929=CARTESIAN_POINT('Origin',(-11.6,0.,72.762778054135));
#9930=CARTESIAN_POINT('',(-23.4858100910964,0.,76.290725808078));
#9931=CARTESIAN_POINT('',(-46.0057840934892,-9.18485099360508E-17,84.4873260213975));
#9932=CARTESIAN_POINT('Origin',(-23.2292949836021,0.,76.9954952736674));
#9933=CARTESIAN_POINT('Origin',(-42.6673221752035,0.,94.7121363090263));
#9934=CARTESIAN_POINT('',(-11.6,-9.18485099360514E-17,82.6064224495372));
#9935=CARTESIAN_POINT('Origin',(-11.6,0.,83.4045557788941));
#9936=CARTESIAN_POINT('',(-20.0656086578397,0.,85.687652015937));
#9937=CARTESIAN_POINT('',(-42.9238372826978,-9.18485099360526E-17,94.0073668434369));
#9938=CARTESIAN_POINT('Origin',(-19.8090935503454,0.,86.3924214815265));
#9939=CARTESIAN_POINT('Origin',(-10.7507363923733,0.,93.7372268294313));
#9940=CARTESIAN_POINT('',(-11.0072514998676,-9.18485099360521E-17,93.0324573638419));
#9941=CARTESIAN_POINT('Origin',(-10.7507363923733,0.,93.7372268294313));
#9942=CARTESIAN_POINT('Origin',(-39.9064196252751,0.,104.349027685902));
#9943=CARTESIAN_POINT('',(-16.645407224583,0.,95.0845782237959));
#9944=CARTESIAN_POINT('',(-40.1629347327694,-9.18485099360521E-17,103.644258220313));
#9945=CARTESIAN_POINT('Origin',(-16.3888921170888,0.,95.7893476893854));
#9946=CARTESIAN_POINT('Origin',(-14.9,-6.12323399875818E-16,90.3750000024672));
#9947=CARTESIAN_POINT('',(-14.9,-7.04171909811869E-16,91.1250000024671));
#9948=CARTESIAN_POINT('Origin',(-14.9,-6.12323399875818E-16,90.3750000024672));
#9949=CARTESIAN_POINT('Origin',(-14.9,-6.12323399875818E-16,90.3750000024672));
#9950=CARTESIAN_POINT('',(-9.90000000000001,-7.04171909811869E-16,91.1250000024671));
#9951=CARTESIAN_POINT('',(-14.9,-7.0417190981187E-16,91.1250000024672));
#9952=CARTESIAN_POINT('Origin',(-9.90000000000001,-6.12323399875818E-16,
90.3750000024672));
#9953=CARTESIAN_POINT('Ctrl Pts',(-31.7994571235485,8.32569676744041E-14,
105.375));
#9954=CARTESIAN_POINT('Ctrl Pts',(1.17576113436137,8.32569676744041E-14,
105.375));
#9955=CARTESIAN_POINT('Ctrl Pts',(-31.7994571235485,-10.0248789451985,104.996476076377));
#9956=CARTESIAN_POINT('Ctrl Pts',(1.17576113436137,-10.0248789451985,104.996476076377));
#9957=CARTESIAN_POINT('Ctrl Pts',(-31.7994571235485,-5.97482171768213,62.539880181633));
#9958=CARTESIAN_POINT('Ctrl Pts',(1.17576113436137,-5.97482171768213,62.539880181633));
#9959=CARTESIAN_POINT('Ctrl Pts',(-31.7994571235485,-11.8825384672223,46.0656654467776));
#9960=CARTESIAN_POINT('Ctrl Pts',(1.17576113436137,-11.8825384672223,46.0656654467776));
#9961=CARTESIAN_POINT('',(-16.,-11.8825357476484,46.0656654467775));
#9962=CARTESIAN_POINT('',(-16.,-11.8825384672223,46.0656654467775));
#9963=CARTESIAN_POINT('',(-14.3,-8.63376731858299,65.7203327233887));
#9964=CARTESIAN_POINT('',(-12.6,-7.18469173094998,85.3750000000013));
#9965=CARTESIAN_POINT('',(-10.9,-5.8969457903185,95.375));
#9966=CARTESIAN_POINT('',(-10.7985998476948,8.32569676744041E-14,105.375));
#9967=CARTESIAN_POINT('',(-31.6628798444816,-11.8825384672223,46.0656654467775));
#9968=CARTESIAN_POINT('Ctrl Pts',(-31.7994571235351,8.32569676744041E-14,
105.375));
#9969=CARTESIAN_POINT('Ctrl Pts',(1.17576113435547,8.32569676744041E-14,
105.375));
#9970=CARTESIAN_POINT('Ctrl Pts',(-31.7994571235351,10.0248789450923,104.996476076381));
#9971=CARTESIAN_POINT('Ctrl Pts',(1.17576113435547,10.0248789450923,104.996476076381));
#9972=CARTESIAN_POINT('Ctrl Pts',(-31.7994571235351,5.97482171776828,62.5398801815415));
#9973=CARTESIAN_POINT('Ctrl Pts',(1.17576113435547,5.97482171776828,62.5398801815415));
#9974=CARTESIAN_POINT('Ctrl Pts',(-31.7994571235351,11.8825384670343,46.0656654467775));
#9975=CARTESIAN_POINT('Ctrl Pts',(1.17576113435547,11.8825384670343,46.0656654467775));
#9976=CARTESIAN_POINT('',(-10.9,5.89694579027996,95.375));
#9977=CARTESIAN_POINT('',(-12.6,7.18469173091569,85.3750000000013));
#9978=CARTESIAN_POINT('',(-14.3,8.63376731853234,65.7203327233887));
#9979=CARTESIAN_POINT('',(-16.,11.8825384670343,46.0656654467775));
#9980=CARTESIAN_POINT('',(-31.6628798444683,11.8825384670343,46.0656654467775));
#9981=CARTESIAN_POINT('Origin',(-13.3,16.,46.0656654467775));
#9982=CARTESIAN_POINT('',(-13.3,10.822715092487,46.0656654467775));
#9983=CARTESIAN_POINT('',(-15.,-10.8201841394448,46.0656654467775));
#9984=CARTESIAN_POINT('Ctrl Pts',(-16.,-11.8824465231887,46.0656654467775));
#9985=CARTESIAN_POINT('Ctrl Pts',(-15.9762363143462,-11.8824465231887,46.0656654467775));
#9986=CARTESIAN_POINT('Ctrl Pts',(-15.9027082582091,-11.8824258633882,46.0656654467775));
#9987=CARTESIAN_POINT('Ctrl Pts',(-15.7397652889542,-11.8484401156544,46.0656654467775));
#9988=CARTESIAN_POINT('Ctrl Pts',(-15.6739041773739,-11.8269795987007,46.0656654467775));
#9989=CARTESIAN_POINT('Ctrl Pts',(-15.4908291358167,-11.7447874985809,46.0656654467775));
#9990=CARTESIAN_POINT('Ctrl Pts',(-15.3831779131986,-11.6671254893048,46.0656654467775));
#9991=CARTESIAN_POINT('Ctrl Pts',(-15.2009232056786,-11.4735259282081,46.0656654467775));
#9992=CARTESIAN_POINT('Ctrl Pts',(-15.1286907799087,-11.3587093528927,46.0656654467775));
#9993=CARTESIAN_POINT('Ctrl Pts',(-15.0266400198763,-11.1024447804616,46.0656654467775));
#9994=CARTESIAN_POINT('Ctrl Pts',(-15.0000001075018,-10.9617295715112,46.0656654467775));
#9995=CARTESIAN_POINT('Ctrl Pts',(-15.0000000000003,-10.8201741394448,46.0656654467775));
#9996=CARTESIAN_POINT('',(-15.,10.8201841392618,46.0656654467775));
#9997=CARTESIAN_POINT('Origin',(-13.3,16.,65.7203327233887));
#9998=CARTESIAN_POINT('',(-13.3,7.63042669941779,65.7203327233887));
#9999=CARTESIAN_POINT('Origin',(-11.6,16.,65.7203327233887));
#10000=CARTESIAN_POINT('',(-11.6,7.63042669941779,65.7203327233887));
#10001=CARTESIAN_POINT('Origin',(-11.6,16.,85.375));
#10002=CARTESIAN_POINT('',(-11.6,6.18060452508051,85.375));
#10003=CARTESIAN_POINT('Origin',(-9.89999999999999,16.,85.375));
#10004=CARTESIAN_POINT('',(-9.89999999999999,6.18060452508051,85.375));
#10005=CARTESIAN_POINT('Origin',(-9.89999999999999,16.,95.375));
#10006=CARTESIAN_POINT('',(-9.89999999999999,4.87884116850038,95.375));
#10007=CARTESIAN_POINT('Origin',(-7.89999999999999,16.,95.375));
#10008=CARTESIAN_POINT('',(-7.89999999999999,4.87884116850039,95.375));
#10009=CARTESIAN_POINT('Origin',(-7.89999999999999,16.,105.375));
#10010=CARTESIAN_POINT('Origin',(-12.9,16.,105.375));
#10011=CARTESIAN_POINT('',(-35.2,9.41221829041667,44.1062535467033));
#10012=CARTESIAN_POINT('',(-35.2,9.41221806248894,44.1062535461621));
#10013=CARTESIAN_POINT('Origin',(-32.649405733303,6.71051883953293,51.1139537200174));
#10014=CARTESIAN_POINT('Origin',(-15.,16.,46.0656654467775));
#10015=CARTESIAN_POINT('',(-15.,-14.7796567369426,38.));
#10016=CARTESIAN_POINT('Ctrl Pts',(-15.0000000000522,-10.8201841394448,
46.0656654467775));
#10017=CARTESIAN_POINT('Ctrl Pts',(-15.0000000006739,-10.8710365879137,
45.923858689381));
#10018=CARTESIAN_POINT('Ctrl Pts',(-15.0000000096446,-10.9216826503606,
45.7819771286244));
#10019=CARTESIAN_POINT('Ctrl Pts',(-15.0000000294754,-11.0298167095255,
45.4837660837869));
#10020=CARTESIAN_POINT('Ctrl Pts',(-15.0000000332851,-11.0874624797125,
45.3274927431606));
#10021=CARTESIAN_POINT('Ctrl Pts',(-15.0000000179309,-11.1510065766032,
45.1586184245673));
#10022=CARTESIAN_POINT('Ctrl Pts',(-15.0000000166758,-11.1559128763183,
45.1456009352169));
#10023=CARTESIAN_POINT('Ctrl Pts',(-14.9999999857239,-11.2735367746439,
44.8340287472115));
#10024=CARTESIAN_POINT('Ctrl Pts',(-14.9999999972508,-11.390399356382,44.5371314646317));
#10025=CARTESIAN_POINT('Ctrl Pts',(-15.0000000029721,-11.5157145450341,
44.23078767926));
#10026=CARTESIAN_POINT('Ctrl Pts',(-15.000000003198,-11.5202327660652,44.2197581511961));
#10027=CARTESIAN_POINT('Ctrl Pts',(-15.0000000101316,-11.6466026566595,
43.9117104400175));
#10028=CARTESIAN_POINT('Ctrl Pts',(-15.0000000134495,-11.7722764961585,
43.6162720139569));
#10029=CARTESIAN_POINT('Ctrl Pts',(-15.0000000065696,-12.0362354985682,
43.0178066874782));
#10030=CARTESIAN_POINT('Ctrl Pts',(-15.0000000018444,-12.1748159448202,
42.7149063377114));
#10031=CARTESIAN_POINT('Ctrl Pts',(-15.0000000008817,-12.3209458221612,
42.4068298252077));
#10032=CARTESIAN_POINT('Ctrl Pts',(-15.0000000008605,-12.3243538215949,
42.3996510674584));
#10033=CARTESIAN_POINT('Ctrl Pts',(-14.9999999991698,-12.6101862790267,
41.7980734338221));
#10034=CARTESIAN_POINT('Ctrl Pts',(-14.9999999999536,-12.9087717413362,
41.2113498821808));
#10035=CARTESIAN_POINT('Ctrl Pts',(-15.000000000047,-13.2247358574714,40.6296908178648));
#10036=CARTESIAN_POINT('Ctrl Pts',(-15.0000000000476,-13.226633359468,40.6261990537862));
#10037=CARTESIAN_POINT('Ctrl Pts',(-15.0000000001444,-13.5446836469454,
40.0411525170258));
#10038=CARTESIAN_POINT('Ctrl Pts',(-15.,-13.8764613790828,39.4682448987598));
#10039=CARTESIAN_POINT('Ctrl Pts',(-15.,-14.4088496379198,38.6027883412225));
#10040=CARTESIAN_POINT('Ctrl Pts',(-15.,-14.594253187431,38.3013941706116));
#10041=CARTESIAN_POINT('Ctrl Pts',(-15.,-14.7796567369426,38.));
#10042=CARTESIAN_POINT('',(-15.,-14.9846801099064,38.));
#10043=CARTESIAN_POINT('Ctrl Pts',(-35.2,19.1598763364566,27.0623377052675));
#10044=CARTESIAN_POINT('Ctrl Pts',(-35.1999999995647,21.2101844529923,29.4550223471535));
#10045=CARTESIAN_POINT('Ctrl Pts',(-32.2000000001319,21.2101844522433,29.4550223472173));
#10046=CARTESIAN_POINT('Ctrl Pts',(-35.2,16.9465686982018,30.6603163929504));
#10047=CARTESIAN_POINT('Ctrl Pts',(-35.1999999997098,19.1651871089564,32.7793938597072));
#10048=CARTESIAN_POINT('Ctrl Pts',(-32.2000000000879,19.165187108457,32.7793938597497));
#10049=CARTESIAN_POINT('Ctrl Pts',(-35.2,14.7332610599471,34.2582950806334));
#10050=CARTESIAN_POINT('Ctrl Pts',(-35.1999999998549,17.1201897649204,36.1037653722609));
#10051=CARTESIAN_POINT('Ctrl Pts',(-32.200000000044,17.1201897646707,36.1037653722821));
#10052=CARTESIAN_POINT('Ctrl Pts',(-35.2,12.5199534216923,37.8562737683163));
#10053=CARTESIAN_POINT('Ctrl Pts',(-35.2,15.0751924208844,39.4281368848145));
#10054=CARTESIAN_POINT('Ctrl Pts',(-32.2,15.0751924208844,39.4281368848145));
#10055=CARTESIAN_POINT('Ctrl Pts',(-35.2,11.2914642062041,39.8533201521891));
#10056=CARTESIAN_POINT('Ctrl Pts',(-35.2000000000805,13.9401232875076,41.2733184948452));
#10057=CARTESIAN_POINT('Ctrl Pts',(-32.1999999999756,13.9401232876462,41.2733184948334));
#10058=CARTESIAN_POINT('Ctrl Pts',(-35.2,10.2435422731003,41.9596084872658));
#10059=CARTESIAN_POINT('Ctrl Pts',(-35.2,12.9749781757594,43.2137040626102));
#10060=CARTESIAN_POINT('Ctrl Pts',(-32.2,12.9749781757379,43.2137040625944));
#10061=CARTESIAN_POINT('Ctrl Pts',(-35.2,9.39705091847031,44.1453535989539));
#10062=CARTESIAN_POINT('Ctrl Pts',(-35.2,12.1945843463034,45.2287772096235));
#10063=CARTESIAN_POINT('Ctrl Pts',(-32.2,12.1945843463034,45.2287772096235));
#10064=CARTESIAN_POINT('',(-32.2000000000189,15.9537152102601,38.000000000464));
#10065=CARTESIAN_POINT('',(-35.2,12.4319666405881,38.));
#10066=CARTESIAN_POINT('Ctrl Pts',(-35.2,12.4319666405881,38.));
#10067=CARTESIAN_POINT('Ctrl Pts',(-35.1999999895657,12.7099142222468,38.));
#10068=CARTESIAN_POINT('Ctrl Pts',(-35.1718284803545,12.9888474891061,38.0000000000005));
#10069=CARTESIAN_POINT('Ctrl Pts',(-35.056168372163,13.5489108497396,38.0000000000005));
#10070=CARTESIAN_POINT('Ctrl Pts',(-34.9654916457082,13.8298920656967,37.9999999999868));
#10071=CARTESIAN_POINT('Ctrl Pts',(-34.6676631898349,14.4816259441522,37.9999999999868));
#10072=CARTESIAN_POINT('Ctrl Pts',(-34.4273002384181,14.8357449022761,37.9999999999997));
#10073=CARTESIAN_POINT('Ctrl Pts',(-33.8598875297109,15.3936716668142,37.9999999999997));
#10074=CARTESIAN_POINT('Ctrl Pts',(-33.5498636414152,15.6061067291002,38.));
#10075=CARTESIAN_POINT('Ctrl Pts',(-32.8861680838255,15.883411673901,38.));
#10076=CARTESIAN_POINT('Ctrl Pts',(-32.546215207516,15.9537152108427,38.));
#10077=CARTESIAN_POINT('Ctrl Pts',(-32.2000000000189,15.953715210831,38.));
#10078=CARTESIAN_POINT('Origin',(-35.1999999999996,39.7534209451802,53.5873647500423));
#10079=CARTESIAN_POINT('Ctrl Pts',(-32.1999999999995,12.4022313377418,44.7050975906821));
#10080=CARTESIAN_POINT('Ctrl Pts',(-32.1999999999961,13.1440217224609,42.8771482540346));
#10081=CARTESIAN_POINT('Ctrl Pts',(-32.1999999999777,14.0387712935309,41.1129551469162));
#10082=CARTESIAN_POINT('Ctrl Pts',(-32.2000000000063,15.3680333507454,38.9520912567401));
#10083=CARTESIAN_POINT('Ctrl Pts',(-32.2000000000126,15.6608742806063,38.4760456286658));
#10084=CARTESIAN_POINT('Ctrl Pts',(-32.2000000000189,15.9537152104672,38.0000000005914));
#10085=CARTESIAN_POINT('Ctrl Pts',(-38.7227971532561,11.8825384670343,46.0656654467775));
#10086=CARTESIAN_POINT('Ctrl Pts',(-11.4554405693488,11.8825384670343,46.0656654467775));
#10087=CARTESIAN_POINT('Ctrl Pts',(-38.7227971532561,12.7123102671874,43.7517700119172));
#10088=CARTESIAN_POINT('Ctrl Pts',(-11.4554405693488,12.7123102671874,43.7517700119172));
#10089=CARTESIAN_POINT('Ctrl Pts',(-38.7227971532561,13.7765282520975,41.539260490786));
#10090=CARTESIAN_POINT('Ctrl Pts',(-11.4554405693488,13.7765282520975,41.539260490786));
#10091=CARTESIAN_POINT('Ctrl Pts',(-38.7227971532561,15.0751924217644,39.4281368833841));
#10092=CARTESIAN_POINT('Ctrl Pts',(-11.4554405693488,15.0751924217644,39.4281368833841));
#10093=CARTESIAN_POINT('Ctrl Pts',(-38.7227971532561,23.2551817975221,26.1306508336313));
#10094=CARTESIAN_POINT('Ctrl Pts',(-11.4554405693488,23.2551817975221,26.1306508336313));
#10095=CARTESIAN_POINT('Ctrl Pts',(-38.7227971532561,31.4351711732799,12.8331647838786));
#10096=CARTESIAN_POINT('Ctrl Pts',(-11.4554405693488,31.4351711732799,12.8331647838786));
#10097=CARTESIAN_POINT('Ctrl Pts',(-38.7227971532561,39.6151605490376,-0.464321265874124));
#10098=CARTESIAN_POINT('Ctrl Pts',(-11.4554405693488,39.6151605490376,-0.464321265874124));
#10099=CARTESIAN_POINT('',(-19.2799544774313,15.9537152109217,38.));
#10100=CARTESIAN_POINT('',(-19.2799544774313,15.9537152109217,38.));
#10101=CARTESIAN_POINT('',(-24.5695357077974,15.9537152109217,38.));
#10102=CARTESIAN_POINT('Ctrl Pts',(-38.7227971535698,-11.8825384672223,
46.0656654467775));
#10103=CARTESIAN_POINT('Ctrl Pts',(-11.455440569286,-11.8825384672223,46.0656654467775));
#10104=CARTESIAN_POINT('Ctrl Pts',(-38.7227971535698,-12.7123102673864,
43.7517700119809));
#10105=CARTESIAN_POINT('Ctrl Pts',(-11.455440569286,-12.7123102673864,43.7517700119809));
#10106=CARTESIAN_POINT('Ctrl Pts',(-38.7227971535698,-13.7765282522416,
41.5392604908842));
#10107=CARTESIAN_POINT('Ctrl Pts',(-11.455440569286,-13.7765282522416,41.5392604908842));
#10108=CARTESIAN_POINT('Ctrl Pts',(-38.7227971535698,-15.0751924217877,
39.4281368834874));
#10109=CARTESIAN_POINT('Ctrl Pts',(-11.455440569286,-15.0751924217877,39.4281368834874));
#10110=CARTESIAN_POINT('Ctrl Pts',(-38.7227971535698,-17.1201897656667,
36.1037653708463));
#10111=CARTESIAN_POINT('Ctrl Pts',(-11.455440569286,-17.1201897656667,36.1037653708463));
#10112=CARTESIAN_POINT('Ctrl Pts',(-38.7227971535698,-19.1651871095457,
32.7793938582052));
#10113=CARTESIAN_POINT('Ctrl Pts',(-11.455440569286,-19.1651871095457,32.7793938582052));
#10114=CARTESIAN_POINT('Ctrl Pts',(-38.7227971535698,-21.2101844534247,
29.4550223455641));
#10115=CARTESIAN_POINT('Ctrl Pts',(-11.455440569286,-21.2101844534247,29.4550223455641));
#10116=CARTESIAN_POINT('',(-16.,-15.9537152107216,38.0000000001427));
#10117=CARTESIAN_POINT('',(-19.9098619869289,-15.953715210929,38.));
#10118=CARTESIAN_POINT('',(-28.5402463009341,-15.953715210929,38.));
#10119=CARTESIAN_POINT('Ctrl Pts',(-16.,-15.9537152108083,38.0000000001961));
#10120=CARTESIAN_POINT('Ctrl Pts',(-16.,-15.6608742811348,38.4760456279599));
#10121=CARTESIAN_POINT('Ctrl Pts',(-16.,-15.3680333514612,38.9520912557236));
#10122=CARTESIAN_POINT('Ctrl Pts',(-16.,-15.0751924217877,39.4281368834874));
#10123=CARTESIAN_POINT('Ctrl Pts',(-16.,-13.7765282522416,41.5392604908842));
#10124=CARTESIAN_POINT('Ctrl Pts',(-16.,-12.7123102673864,43.7517700119809));
#10125=CARTESIAN_POINT('Ctrl Pts',(-16.,-11.8825384672223,46.0656654467775));
#10126=CARTESIAN_POINT('',(-28.5402463009341,-15.953715210929,38.));
#10127=CARTESIAN_POINT('Ctrl Pts',(-15.,-20.3334435117784,28.4318763276431));
#10128=CARTESIAN_POINT('Ctrl Pts',(-15.,-20.4300959633086,28.5446685633661));
#10129=CARTESIAN_POINT('Ctrl Pts',(-15.,-20.5267484148389,28.6574607990892));
#10130=CARTESIAN_POINT('Ctrl Pts',(-15.,-21.2101844537923,29.4550223465387));
#10131=CARTESIAN_POINT('Ctrl Pts',(-16.,-21.2101844529544,29.4550223459671));
#10132=CARTESIAN_POINT('Ctrl Pts',(-16.8262990982677,-21.210184452262,29.4550223454948));
#10133=CARTESIAN_POINT('Ctrl Pts',(-17.6525981965354,-21.2101844515696,
29.4550223450224));
#10134=CARTESIAN_POINT('Ctrl Pts',(-15.,-18.2164742895934,31.8732461637616));
#10135=CARTESIAN_POINT('Ctrl Pts',(-15.,-18.3210609644778,31.9731404335493));
#10136=CARTESIAN_POINT('Ctrl Pts',(-15.,-18.4256476393623,32.073034703337));
#10137=CARTESIAN_POINT('Ctrl Pts',(-15.,-19.1651871096878,32.7793938590223));
#10138=CARTESIAN_POINT('Ctrl Pts',(-16.,-19.1651871091291,32.7793938586413));
#10139=CARTESIAN_POINT('Ctrl Pts',(-16.8262990982677,-19.1651871086676,
32.7793938583264));
#10140=CARTESIAN_POINT('Ctrl Pts',(-17.6525981965354,-19.165187108206,32.7793938580115));
#10141=CARTESIAN_POINT('Ctrl Pts',(-15.,-16.0995050674084,35.3146159998802));
#10142=CARTESIAN_POINT('Ctrl Pts',(-15.,-16.2120259656471,35.4016123037324));
#10143=CARTESIAN_POINT('Ctrl Pts',(-15.,-16.3245468638857,35.4886086075847));
#10144=CARTESIAN_POINT('Ctrl Pts',(-15.,-17.1201897655832,36.103765371506));
#10145=CARTESIAN_POINT('Ctrl Pts',(-16.,-17.1201897653039,36.1037653713154));
#10146=CARTESIAN_POINT('Ctrl Pts',(-16.8262990982677,-17.1201897650731,
36.103765371158));
#10147=CARTESIAN_POINT('Ctrl Pts',(-17.6525981965354,-17.1201897648424,
36.1037653710006));
#10148=CARTESIAN_POINT('Ctrl Pts',(-15.,-13.9825358452234,38.7559858359987));
#10149=CARTESIAN_POINT('Ctrl Pts',(-15.,-14.1029909668163,38.8300841739156));
#10150=CARTESIAN_POINT('Ctrl Pts',(-15.,-14.2234460884091,38.9041825118325));
#10151=CARTESIAN_POINT('Ctrl Pts',(-15.,-15.0751924214787,39.4281368839896));
#10152=CARTESIAN_POINT('Ctrl Pts',(-16.,-15.0751924214787,39.4281368839896));
#10153=CARTESIAN_POINT('Ctrl Pts',(-16.8262990982677,-15.0751924214787,
39.4281368839896));
#10154=CARTESIAN_POINT('Ctrl Pts',(-17.6525981965354,-15.0751924214787,
39.4281368839896));
#10155=CARTESIAN_POINT('Ctrl Pts',(-15.,-13.6308323717909,39.3277191007269));
#10156=CARTESIAN_POINT('Ctrl Pts',(-15.,-13.7526056485479,39.3996746302496));
#10157=CARTESIAN_POINT('Ctrl Pts',(-15.,-13.874378925305,39.4716301597723));
#10158=CARTESIAN_POINT('Ctrl Pts',(-15.,-14.7354460229271,39.9804325884657));
#10159=CARTESIAN_POINT('Ctrl Pts',(-16.,-14.7354460229735,39.9804325884974));
#10160=CARTESIAN_POINT('Ctrl Pts',(-16.8262990982677,-14.7354460230118,
39.9804325885235));
#10161=CARTESIAN_POINT('Ctrl Pts',(-17.6525981965354,-14.7354460230502,
39.9804325885497));
#10162=CARTESIAN_POINT('Ctrl Pts',(-15.,-12.9583277164014,40.4893284036843));
#10163=CARTESIAN_POINT('Ctrl Pts',(-15.,-13.0826492978323,40.5568864141099));
#10164=CARTESIAN_POINT('Ctrl Pts',(-15.,-13.2069708792631,40.6244444245354));
#10165=CARTESIAN_POINT('Ctrl Pts',(-15.,-14.0860572120393,41.1021516974893));
#10166=CARTESIAN_POINT('Ctrl Pts',(-16.,-14.0860572120172,41.1021516974743));
#10167=CARTESIAN_POINT('Ctrl Pts',(-16.8262990982677,-14.086057211999,41.1021516974618));
#10168=CARTESIAN_POINT('Ctrl Pts',(-17.6525981965354,-14.0860572119807,
41.1021516974493));
#10169=CARTESIAN_POINT('Ctrl Pts',(-15.,-12.1975034475486,41.9855494972724));
#10170=CARTESIAN_POINT('Ctrl Pts',(-15.,-12.3247560681276,42.0473405512025));
#10171=CARTESIAN_POINT('Ctrl Pts',(-15.,-12.4520086887066,42.1091316051326));
#10172=CARTESIAN_POINT('Ctrl Pts',(-15.,-13.3518205980584,42.5460603376391));
#10173=CARTESIAN_POINT('Ctrl Pts',(-16.,-13.3518205980611,42.5460603376411));
#10174=CARTESIAN_POINT('Ctrl Pts',(-16.8262990982677,-13.3518205980634,
42.5460603376427));
#10175=CARTESIAN_POINT('Ctrl Pts',(-17.6525981965355,-13.3518205980656,
42.5460603376443));
#10176=CARTESIAN_POINT('Ctrl Pts',(-15.,-11.6386988869635,43.2064284799194));
#10177=CARTESIAN_POINT('Ctrl Pts',(-15.,-11.7680971779414,43.2635385990373));
#10178=CARTESIAN_POINT('Ctrl Pts',(-15.,-11.8974954689194,43.3206487181552));
#10179=CARTESIAN_POINT('Ctrl Pts',(-15.,-12.812479559164,43.7244782431815));
#10180=CARTESIAN_POINT('Ctrl Pts',(-16.,-12.8124795591635,43.724478243181));
#10181=CARTESIAN_POINT('Ctrl Pts',(-16.8262990982677,-12.8124795591631,
43.7244782431806));
#10182=CARTESIAN_POINT('Ctrl Pts',(-17.6525981965354,-12.8124795591627,
43.7244782431801));
#10183=CARTESIAN_POINT('Ctrl Pts',(-15.,-11.2450265909656,44.1332059803556));
#10184=CARTESIAN_POINT('Ctrl Pts',(-15.,-11.3759800655489,44.186639818109));
#10185=CARTESIAN_POINT('Ctrl Pts',(-15.,-11.5069335401322,44.2400736558624));
#10186=CARTESIAN_POINT('Ctrl Pts',(-14.9999999999999,-12.4329144391101,
44.617907946065));
#10187=CARTESIAN_POINT('Ctrl Pts',(-16.,-12.4329144391103,44.6179079460657));
#10188=CARTESIAN_POINT('Ctrl Pts',(-16.8262990982678,-12.4329144391104,
44.6179079460662));
#10189=CARTESIAN_POINT('Ctrl Pts',(-17.6525981965357,-12.4329144391105,
44.6179079460667));
#10190=CARTESIAN_POINT('Ctrl Pts',(-14.9999999999999,-10.9384080353282,
44.9133930369832));
#10191=CARTESIAN_POINT('Ctrl Pts',(-14.9999999999999,-11.0704352326862,
44.9641211258146));
#10192=CARTESIAN_POINT('Ctrl Pts',(-15.,-11.2024624300442,45.014849214646));
#10193=CARTESIAN_POINT('Ctrl Pts',(-15.0000000000004,-12.1360356955732,
45.3735509707392));
#10194=CARTESIAN_POINT('Ctrl Pts',(-16.,-12.1360356955732,45.3735509707375));
#10195=CARTESIAN_POINT('Ctrl Pts',(-16.8262990982674,-12.1360356955732,
45.3735509707362));
#10196=CARTESIAN_POINT('Ctrl Pts',(-17.6525981965347,-12.1360356955732,
45.3735509707348));
#10197=CARTESIAN_POINT('Ctrl Pts',(-15.0000000000002,-10.7056665572349,
45.5445997471551));
#10198=CARTESIAN_POINT('Ctrl Pts',(-15.0000000000001,-10.8388101856576,
45.592283001364));
#10199=CARTESIAN_POINT('Ctrl Pts',(-15.,-10.9719538140802,45.6399662555728));
#10200=CARTESIAN_POINT('Ctrl Pts',(-14.9999999999993,-11.9134214393748,
45.9771377795741));
#10201=CARTESIAN_POINT('Ctrl Pts',(-16.,-11.9134214393748,45.9771377795768));
#10202=CARTESIAN_POINT('Ctrl Pts',(-16.8262990982683,-11.9134214393748,
45.9771377795791));
#10203=CARTESIAN_POINT('Ctrl Pts',(-17.6525981965366,-11.9134214393748,
45.9771377795814));
#10204=CARTESIAN_POINT('Ctrl Pts',(-14.9999999999995,-10.5940664687491,
45.8583014990905));
#10205=CARTESIAN_POINT('Ctrl Pts',(-14.9999999999998,-10.727187172962,45.9060390954896));
#10206=CARTESIAN_POINT('Ctrl Pts',(-15.,-10.860307877175,45.9537766918886));
#10207=CARTESIAN_POINT('Ctrl Pts',(-15.0000000000016,-11.801613403828,46.2913324732017));
#10208=CARTESIAN_POINT('Ctrl Pts',(-16.,-11.801613403828,46.2913324731956));
#10209=CARTESIAN_POINT('Ctrl Pts',(-16.8262990982664,-11.801613403828,46.2913324731905));
#10210=CARTESIAN_POINT('Ctrl Pts',(-17.6525981965327,-11.8016134038281,
46.2913324731854));
#10211=CARTESIAN_POINT('Ctrl Pts',(-15.,-10.5378485298123,46.0150704230734));
#10212=CARTESIAN_POINT('Ctrl Pts',(-15.,-10.6709692340251,46.0628080194715));
#10213=CARTESIAN_POINT('Ctrl Pts',(-15.,-10.804089938238,46.1105456158696));
#10214=CARTESIAN_POINT('Ctrl Pts',(-15.,-11.7453954648904,46.4481013971764));
#10215=CARTESIAN_POINT('Ctrl Pts',(-16.,-11.7453954648904,46.4481013971764));
#10216=CARTESIAN_POINT('Ctrl Pts',(-16.8262990982677,-11.7453954648904,
46.4481013971764));
#10217=CARTESIAN_POINT('Ctrl Pts',(-17.6525981965354,-11.7453954648904,
46.4481013971764));
#10218=CARTESIAN_POINT('Ctrl Pts',(-15.0000000000001,-10.5288536595824,
46.0401534509106));
#10219=CARTESIAN_POINT('Ctrl Pts',(-15.,-10.6619743637952,46.0878910473086));
#10220=CARTESIAN_POINT('Ctrl Pts',(-15.,-10.7950950680081,46.1356286437066));
#10221=CARTESIAN_POINT('Ctrl Pts',(-14.9999999999997,-11.7364005946604,
46.4731844250123));
#10222=CARTESIAN_POINT('Ctrl Pts',(-16.,-11.7364005946604,46.4731844250133));
#10223=CARTESIAN_POINT('Ctrl Pts',(-16.8262990982679,-11.7364005946604,
46.4731844250141));
#10224=CARTESIAN_POINT('Ctrl Pts',(-17.6525981965359,-11.7364005946604,
46.4731844250149));
#10225=CARTESIAN_POINT('Ctrl Pts',(-15.0000000000001,-10.5198587893525,
46.0652364787479));
#10226=CARTESIAN_POINT('Ctrl Pts',(-15.0000000000001,-10.6529794935653,
46.1129740751457));
#10227=CARTESIAN_POINT('Ctrl Pts',(-15.,-10.7861001977782,46.1607116715436));
#10228=CARTESIAN_POINT('Ctrl Pts',(-14.9999999999995,-11.7274057244304,
46.4982674528483));
#10229=CARTESIAN_POINT('Ctrl Pts',(-16.,-11.7274057244304,46.4982674528502));
#10230=CARTESIAN_POINT('Ctrl Pts',(-16.8262990982681,-11.7274057244304,
46.4982674528519));
#10231=CARTESIAN_POINT('Ctrl Pts',(-17.6525981965363,-11.7274057244304,
46.4982674528535));
#10232=CARTESIAN_POINT('Ctrl Pts',(-15.0000000000002,-10.5108639191226,
46.0903195065851));
#10233=CARTESIAN_POINT('Ctrl Pts',(-15.0000000000001,-10.6439846233354,
46.1380571029828));
#10234=CARTESIAN_POINT('Ctrl Pts',(-15.,-10.7771053275482,46.1857946993805));
#10235=CARTESIAN_POINT('Ctrl Pts',(-14.9999999999992,-11.7184108542004,
46.5233504806842));
#10236=CARTESIAN_POINT('Ctrl Pts',(-16.,-11.7184108542004,46.5233504806872));
#10237=CARTESIAN_POINT('Ctrl Pts',(-16.8262990982684,-11.7184108542003,
46.5233504806896));
#10238=CARTESIAN_POINT('Ctrl Pts',(-17.6525981965367,-11.7184108542003,
46.523350480692));
#10239=CARTESIAN_POINT('Ctrl Pts',(-15.,-14.7796567369426,38.));
#10240=CARTESIAN_POINT('Ctrl Pts',(-14.9999999999961,-14.8275307616707,
38.));
#10241=CARTESIAN_POINT('Ctrl Pts',(-15.0000044056057,-14.9918712210276,
38.0000000000005));
#10242=CARTESIAN_POINT('Ctrl Pts',(-15.1080340929597,-15.3312789515258,
38.0000000000005));
#10243=CARTESIAN_POINT('Ctrl Pts',(-15.1765167069154,-15.4641562815918,
37.9999999999014));
#10244=CARTESIAN_POINT('Ctrl Pts',(-15.3523886889585,-15.6859914059454,
37.9999999999014));
#10245=CARTESIAN_POINT('Ctrl Pts',(-15.4553935588154,-15.7762812696656,
38.));
#10246=CARTESIAN_POINT('Ctrl Pts',(-15.6416769628959,-15.879270864138,38.));
#10247=CARTESIAN_POINT('Ctrl Pts',(-15.7135957584525,-15.9081303778527,
38.));
#10248=CARTESIAN_POINT('Ctrl Pts',(-15.8930673432269,-15.9537152109153,
38.));
#10249=CARTESIAN_POINT('Ctrl Pts',(-15.9741738843803,-15.9537152109015,
38.));
#10250=CARTESIAN_POINT('Ctrl Pts',(-16.,-15.9537152108971,38.));
#10251=CARTESIAN_POINT('Origin',(-9.74148236131323,9.48851978293663,14.0997064534786));
#10252=CARTESIAN_POINT('',(-11.2006733189733,23.7669478951248,15.5286518127442));
#10253=CARTESIAN_POINT('Origin',(-10.7136601228343,15.7817855206464,15.0517332553266));
#10254=CARTESIAN_POINT('',(-9.74148236131323,17.9817855206464,14.0997064534786));
#10255=CARTESIAN_POINT('',(-9.74148236131323,17.9817855206464,14.0997064534786));
#10256=CARTESIAN_POINT('',(-11.2006733189733,17.9817855206464,15.5286518127442));
#10257=CARTESIAN_POINT('',(-9.74148236131323,17.9817855206464,14.0997064534786));
#10258=CARTESIAN_POINT('',(-11.2006733189733,17.9817855206464,15.5286518127442));
#10259=CARTESIAN_POINT('Origin',(-12.6000000000001,9.48851978293663,14.0997064534786));
#10260=CARTESIAN_POINT('',(-11.2006733189733,23.7669478951248,12.670761094213));
#10261=CARTESIAN_POINT('Ctrl Pts',(-11.2006733189733,23.7669478951249,12.670761094213));
#10262=CARTESIAN_POINT('Ctrl Pts',(-11.3777055849512,23.7561507383946,12.4973982909545));
#10263=CARTESIAN_POINT('Ctrl Pts',(-11.5994439784124,23.7363012919471,12.3485897639602));
#10264=CARTESIAN_POINT('Ctrl Pts',(-12.0867047243424,23.6670215785479,12.1483503654326));
#10265=CARTESIAN_POINT('Ctrl Pts',(-12.3532316391539,23.6160873279435,12.0997064534786));
#10266=CARTESIAN_POINT('Ctrl Pts',(-12.8593902137724,23.4932760840234,12.0997064534786));
#10267=CARTESIAN_POINT('Ctrl Pts',(-13.1318574744436,23.4121054839539,12.1529250034196));
#10268=CARTESIAN_POINT('Ctrl Pts',(-13.6288209994889,23.2364014209417,12.3635159105672));
#10269=CARTESIAN_POINT('Ctrl Pts',(-13.8535862154786,23.142422737633,12.5207159689871));
#10270=CARTESIAN_POINT('Ctrl Pts',(-14.1997243952638,22.9846764906762,12.8753434206162));
#10271=CARTESIAN_POINT('Ctrl Pts',(-14.3487797732886,22.9091077619241,13.0943665568334));
#10272=CARTESIAN_POINT('Ctrl Pts',(-14.5490130021343,22.8033869197803,13.5798156823116));
#10273=CARTESIAN_POINT('Ctrl Pts',(-14.6000000000001,22.774378913598,13.8465688077577));
#10274=CARTESIAN_POINT('Ctrl Pts',(-14.6000000000001,22.774378913598,14.0997064534786));
#10275=CARTESIAN_POINT('Ctrl Pts',(-14.6000000000001,22.774378913598,14.3528440991995));
#10276=CARTESIAN_POINT('Ctrl Pts',(-14.5490130021343,22.8033869197803,14.6195972246456));
#10277=CARTESIAN_POINT('Ctrl Pts',(-14.3487797732886,22.9091077619241,15.1050463501238));
#10278=CARTESIAN_POINT('Ctrl Pts',(-14.1997243952638,22.9846764906762,15.324069486341));
#10279=CARTESIAN_POINT('Ctrl Pts',(-13.8535862154786,23.142422737633,15.6786969379701));
#10280=CARTESIAN_POINT('Ctrl Pts',(-13.6288209994889,23.2364014209417,15.83589699639));
#10281=CARTESIAN_POINT('Ctrl Pts',(-13.1318574744436,23.4121054839539,16.0464879035376));
#10282=CARTESIAN_POINT('Ctrl Pts',(-12.8593902137724,23.4932760840234,16.0997064534786));
#10283=CARTESIAN_POINT('Ctrl Pts',(-12.3532316391539,23.6160873279435,16.0997064534786));
#10284=CARTESIAN_POINT('Ctrl Pts',(-12.0867047243424,23.6670215785479,16.0510625415246));
#10285=CARTESIAN_POINT('Ctrl Pts',(-11.5994439784124,23.7363012919471,15.850823142997));
#10286=CARTESIAN_POINT('Ctrl Pts',(-11.3777055849512,23.7561507383946,15.7020146160027));
#10287=CARTESIAN_POINT('Ctrl Pts',(-11.2006733189733,23.7669478951249,15.5286518127442));
#10288=CARTESIAN_POINT('',(-11.2006733189733,17.9817855206464,12.670761094213));
#10289=CARTESIAN_POINT('Origin',(-12.6000000000001,17.9817855206464,14.0997064534786));
#10290=CARTESIAN_POINT('',(-11.2006733189733,17.9817855206464,12.670761094213));
#10291=CARTESIAN_POINT('Origin',(-11.2006733189733,9.48851978293663,12.670761094213));
#10292=CARTESIAN_POINT('Origin',(-10.7136601228343,15.7817855206464,13.1476796516306));
#10293=CARTESIAN_POINT('',(-11.2006733189733,17.9817855206464,12.670761094213));
#10294=CARTESIAN_POINT('Origin',(-5.75436083365417,40.7817855206464,38.9497064534786));
#10295=CARTESIAN_POINT('',(-5.40869595329743,18.6090236415401,38.));
#10296=CARTESIAN_POINT('',(-2.45731310728927,20.7817855206464,29.8911422744268));
#10297=CARTESIAN_POINT('',(2.11069262214862,24.1446798757063,17.3406496808567));
#10298=CARTESIAN_POINT('',(-5.40869595329742,-16.2182144793536,38.));
#10299=CARTESIAN_POINT('',(-5.40869595329742,8.28177302064636,38.));
#10300=CARTESIAN_POINT('',(-5.28706328571903,-16.2182144793536,37.6658169923603));
#10301=CARTESIAN_POINT('',(-5.28706328571903,-16.2182144793536,37.6658169923603));
#10302=CARTESIAN_POINT('',(-5.28706328571904,15.7817855206464,37.6658169923603));
#10303=CARTESIAN_POINT('',(-5.28706328571903,-16.2182144793536,37.6658169923603));
#10304=CARTESIAN_POINT('',(-4.05576773953918,15.7817855206464,34.2828602825561));
#10305=CARTESIAN_POINT('',(-7.47660356087416,15.7817855206464,43.6815294573355));
#10306=CARTESIAN_POINT('',(-4.05576773953918,17.6817855206464,34.2828602825561));
#10307=CARTESIAN_POINT('',(-4.05576773953918,16.7817855206464,34.2828602825561));
#10308=CARTESIAN_POINT('',(3.07914081354421,17.6817855206464,14.6798601430856));
#10309=CARTESIAN_POINT('',(-1.1005134746528,17.6817855206464,26.1633659210337));
#10310=CARTESIAN_POINT('',(3.07914081354421,15.7817855206464,14.6798601430856));
#10311=CARTESIAN_POINT('',(3.07914081354421,29.2317855206464,14.6798601430856));
#10312=CARTESIAN_POINT('',(3.27210097614758,15.7817855206464,14.1497064534786));
#10313=CARTESIAN_POINT('',(-3.126089417646,20.7817855206464,31.7285900857981));
#10314=CARTESIAN_POINT('Origin',(-9.74148236131324,9.48851978293663,34.5997064534786));
#10315=CARTESIAN_POINT('',(-9.74148236131324,22.3510260289917,34.5997064534786));
#10316=CARTESIAN_POINT('',(-11.2006733189733,22.7339107840351,33.170761094213));
#10317=CARTESIAN_POINT('',(-9.74148236131324,22.3510260289917,34.5997064534786));
#10318=CARTESIAN_POINT('',(-11.2006733189733,17.9817855206464,33.170761094213));
#10319=CARTESIAN_POINT('',(-11.2006733189733,17.9817855206464,33.170761094213));
#10320=CARTESIAN_POINT('',(-9.74148236131324,17.9817855206464,34.5997064534786));
#10321=CARTESIAN_POINT('',(-11.2006733189733,17.9817855206464,33.170761094213));
#10322=CARTESIAN_POINT('',(-9.74148236131324,17.9817855206464,34.5997064534786));
#10323=CARTESIAN_POINT('Origin',(-35.2000000000001,17.9817855206464,38.9497064534786));
#10324=CARTESIAN_POINT('',(-11.9003366594867,17.9817855206464,14.8141791331114));
#10325=CARTESIAN_POINT('',(-11.9003366594867,17.9817855206464,13.3852337738458));
#10326=CARTESIAN_POINT('Origin',(-12.6000000000001,17.9817855206464,14.0997064534786));
#10327=CARTESIAN_POINT('',(-11.1707411806567,17.9817855206464,14.0997064534786));
#10328=CARTESIAN_POINT('',(-11.9003366594867,17.9817855206464,13.3852337738458));
#10329=CARTESIAN_POINT('',(-11.1707411806567,17.9817855206464,14.0997064534786));
#10330=CARTESIAN_POINT('Origin',(16.,-16.2182144793536,38.9497064534786));
#10331=CARTESIAN_POINT('',(1.67287259440327,-16.2182144793536,37.9999999999526));
#10332=CARTESIAN_POINT('',(-8.8919723698309,-16.2182144793536,38.));
#10333=CARTESIAN_POINT('',(4.37321297765709,-16.2182144793536,32.0258861790545));
#10334=CARTESIAN_POINT('Ctrl Pts',(4.3732129776571,-16.2182144793536,32.0258861790545));
#10335=CARTESIAN_POINT('Ctrl Pts',(3.50407137102138,-16.2182144793536,33.8521686692639));
#10336=CARTESIAN_POINT('Ctrl Pts',(2.62820908256769,-16.2182144793536,35.7851839853697));
#10337=CARTESIAN_POINT('Ctrl Pts',(1.67287259440327,-16.2182144793536,37.9999999999053));
#10338=CARTESIAN_POINT('',(3.69703325208113,-16.2182144793536,31.3497064534786));
#10339=CARTESIAN_POINT('',(9.01086480184883,-16.2182144793536,36.6635380032463));
#10340=CARTESIAN_POINT('',(-15.0000000000001,-16.2182144793536,31.3497064534786));
#10341=CARTESIAN_POINT('',(3.58781277625556,-16.2182144793536,31.3497064534786));
#10342=CARTESIAN_POINT('',(-15.,-16.2182144793536,36.6997064534786));
#10343=CARTESIAN_POINT('',(-15.0000000000001,-16.2182144793536,36.6997064534786));
#10344=CARTESIAN_POINT('',(-6.25317382460077,-16.2182144793536,36.6997064534786));
#10345=CARTESIAN_POINT('',(-15.,-16.2182144793536,36.6997064534786));
#10346=CARTESIAN_POINT('',(-6.25317382460077,-16.2182144793536,36.6997064534786));
#10347=CARTESIAN_POINT('',(-8.10033665948668,-16.2182144793536,35.3141791331114));
#10348=CARTESIAN_POINT('',(-7.37074118065663,-16.2182144793536,34.5997064534786));
#10349=CARTESIAN_POINT('',(-8.10033665948668,-16.2182144793536,35.3141791331114));
#10350=CARTESIAN_POINT('',(-8.10033665948669,-16.2182144793536,33.8852337738458));
#10351=CARTESIAN_POINT('Origin',(-8.80000000000005,-16.2182144793536,34.5997064534786));
#10352=CARTESIAN_POINT('',(-7.37074118065663,-16.2182144793536,34.5997064534786));
#10353=CARTESIAN_POINT('Origin',(-6.25317382460076,-26.1883518713672,36.6997064534786));
#10354=CARTESIAN_POINT('',(-6.25317382460078,15.7817855206464,36.6997064534786));
#10355=CARTESIAN_POINT('',(-6.25317382460078,15.7817855206464,36.6997064534786));
#10356=CARTESIAN_POINT('',(-6.25317382460077,-16.2182144793536,36.6997064534786));
#10357=CARTESIAN_POINT('Origin',(-35.2000000000001,15.7817855206464,38.9497064534786));
#10358=CARTESIAN_POINT('',(-15.0000000000001,15.7817855206464,36.6997064534786));
#10359=CARTESIAN_POINT('',(-15.0000000000001,15.7817855206464,36.6997064534786));
#10360=CARTESIAN_POINT('',(2.40813074188137,15.7817855206464,15.1497064534786));
#10361=CARTESIAN_POINT('',(-15.6330050859867,15.7817855206464,27.782245758017));
#10362=CARTESIAN_POINT('',(-10.0000000000001,15.7817855206464,15.1497064534786));
#10363=CARTESIAN_POINT('',(1.90813074188137,15.7817855206464,15.1497064534786));
#10364=CARTESIAN_POINT('',(-10.0000000000001,15.7817855206464,33.5497064534786));
#10365=CARTESIAN_POINT('',(-10.0000000000001,15.7817855206464,33.5497064534786));
#10366=CARTESIAN_POINT('',(-4.78892156861667,15.7817855206464,33.5497064534786));
#10367=CARTESIAN_POINT('',(-4.85309934109262,15.7817855206464,33.5497064534786));
#10368=CARTESIAN_POINT('',(-10.6751142619239,15.7817855206464,27.6635137601715));
#10369=CARTESIAN_POINT('',(-15.0000000000001,15.7817855206464,36.6997064534786));
#10370=CARTESIAN_POINT('',(-11.9003366594867,15.7817855206464,33.8852337738458));
#10371=CARTESIAN_POINT('',(-11.1707411806567,15.7817855206464,34.5997064534786));
#10372=CARTESIAN_POINT('',(-11.9003366594867,15.7817855206464,33.8852337738458));
#10373=CARTESIAN_POINT('',(-11.9003366594867,15.7817855206464,35.3141791331114));
#10374=CARTESIAN_POINT('Origin',(-12.6000000000001,15.7817855206464,34.5997064534786));
#10375=CARTESIAN_POINT('',(-11.1707411806567,15.7817855206464,34.5997064534786));
#10376=CARTESIAN_POINT('',(-11.9003366594867,15.7817855206464,13.3852337738458));
#10377=CARTESIAN_POINT('',(-11.1707411806567,15.7817855206464,14.0997064534786));
#10378=CARTESIAN_POINT('',(-11.9003366594867,15.7817855206464,13.3852337738458));
#10379=CARTESIAN_POINT('',(-11.9003366594867,15.7817855206464,14.8141791331114));
#10380=CARTESIAN_POINT('Origin',(-12.6000000000001,15.7817855206464,14.0997064534786));
#10381=CARTESIAN_POINT('',(-11.1707411806567,15.7817855206464,14.0997064534786));
#10382=CARTESIAN_POINT('Origin',(-4.05576773953918,40.7817855206464,34.2828602825561));
#10383=CARTESIAN_POINT('',(-4.78892156861667,17.6817855206464,33.5497064534786));
#10384=CARTESIAN_POINT('',(-4.78892156861667,17.7420928998605,33.5497064534786));
#10385=CARTESIAN_POINT('',(11.5192156380749,17.6817855206464,49.8578436601699));
#10386=CARTESIAN_POINT('Origin',(58.9773195999936,17.6817855206464,33.5497064534786));
#10387=CARTESIAN_POINT('',(-10.0000000000001,17.6817855206464,15.1497064534786));
#10388=CARTESIAN_POINT('',(2.40813074188137,17.6817855206464,15.1497064534786));
#10389=CARTESIAN_POINT('',(30.9427251709375,17.6817855206464,15.1497064534786));
#10390=CARTESIAN_POINT('',(17.2325449389772,17.6817855206464,4.76953988312916));
#10391=CARTESIAN_POINT('',(-10.0000000000001,17.6817855206464,33.5497064534786));
#10392=CARTESIAN_POINT('',(-4.85309934109259,17.6817855206464,33.5497064534786));
#10393=CARTESIAN_POINT('',(-10.0000000000001,17.6817855206464,15.1497064534786));
#10394=CARTESIAN_POINT('Origin',(2.74363577771278,29.2317855206464,14.9147832982821));
#10395=CARTESIAN_POINT('',(2.40813074188136,29.2317855206464,15.1497064534786));
#10396=CARTESIAN_POINT('Origin',(-35.2000000000001,17.9817855206464,38.9497064534786));
#10397=CARTESIAN_POINT('',(-11.2006733189733,17.9817855206464,36.0286518127442));
#10398=CARTESIAN_POINT('Origin',(-12.6000000000001,17.9817855206464,34.5997064534786));
#10399=CARTESIAN_POINT('',(-9.74148236131324,17.9817855206464,34.5997064534786));
#10400=CARTESIAN_POINT('',(-11.9003366594867,17.9817855206464,35.3141791331114));
#10401=CARTESIAN_POINT('',(-11.9003366594867,17.9817855206464,33.8852337738458));
#10402=CARTESIAN_POINT('Origin',(-12.6000000000001,17.9817855206464,34.5997064534786));
#10403=CARTESIAN_POINT('',(-11.1707411806567,17.9817855206464,34.5997064534786));
#10404=CARTESIAN_POINT('',(-11.9003366594867,17.9817855206464,33.8852337738458));
#10405=CARTESIAN_POINT('',(-11.1707411806567,17.9817855206464,34.5997064534786));
#10406=CARTESIAN_POINT('Origin',(-5.82311976415895E-14,-0.218214479353636,
9.9497064534786));
#10407=CARTESIAN_POINT('',(-11.2426406871193,-0.218214479353641,9.94970645347859));
#10408=CARTESIAN_POINT('Origin',(-5.82311976415895E-14,-0.218214479353636,
9.94970645347859));
#10409=CARTESIAN_POINT('',(-11.2426406871194,-0.218214479353641,9.9497064534786));
#10410=CARTESIAN_POINT('Origin',(16.,-16.2182144793536,38.9497064534786));
#10411=CARTESIAN_POINT('',(-15.0000000000001,-16.2182144793536,17.3497064534786));
#10412=CARTESIAN_POINT('',(-15.0000000000001,-16.2182144793536,17.3497064534786));
#10413=CARTESIAN_POINT('',(11.1577015458232,-16.2182144793536,17.3497064534786));
#10414=CARTESIAN_POINT('',(11.0567306175525,-16.2182144793536,17.3497064534786));
#10415=CARTESIAN_POINT('',(12.1141507150909,-16.2182144793536,17.2033236768399));
#10416=CARTESIAN_POINT('',(12.6022504197032,-16.2182144793536,17.1286209196695));
#10417=CARTESIAN_POINT('',(12.1141507150909,-16.2182144793536,17.2033236768399));
#10418=CARTESIAN_POINT('',(-8.10033665948668,-16.2182144793536,14.8141791331114));
#10419=CARTESIAN_POINT('',(-7.37074118065663,-16.2182144793536,14.0997064534786));
#10420=CARTESIAN_POINT('',(-8.10033665948668,-16.2182144793536,14.8141791331114));
#10421=CARTESIAN_POINT('',(-8.10033665948669,-16.2182144793536,13.3852337738458));
#10422=CARTESIAN_POINT('Origin',(-8.80000000000005,-16.2182144793536,14.0997064534786));
#10423=CARTESIAN_POINT('',(-7.37074118065663,-16.2182144793536,14.0997064534786));
#10424=CARTESIAN_POINT('Origin',(19.9999993294477,-14.2182144793536,8.94970645347859));
#10425=CARTESIAN_POINT('',(26.9999993294477,-14.2182144793536,5.94970645347859));
#10426=CARTESIAN_POINT('',(29.9999993294477,-14.2182144793536,8.94970645347859));
#10427=CARTESIAN_POINT('Origin',(26.9999993294477,-14.2182144793536,8.94970645347859));
#10428=CARTESIAN_POINT('Origin',(26.9999993294477,-14.2182144793536,8.94970371021658));
#10429=CARTESIAN_POINT('',(19.9999993294477,-21.2182144793536,5.94970490327504));
#10430=CARTESIAN_POINT('Origin',(19.9999993294477,-21.2182144793536,8.94970371021658));
#10431=CARTESIAN_POINT('Origin',(19.9999993294477,-14.2182144793536,5.94970645347859));
#10432=CARTESIAN_POINT('Origin',(26.9999993294477,24.0620760878916,8.94970371021658));
#10433=CARTESIAN_POINT('',(29.9999993294477,13.7817855206464,8.94970645347859));
#10434=CARTESIAN_POINT('Origin',(26.9999993294477,13.7817855206464,8.94970371021658));
#10435=CARTESIAN_POINT('',(29.9999993294477,11.7817855206464,8.94970645347859));
#10436=CARTESIAN_POINT('Origin',(19.9999993294477,13.7817855206464,8.94970645347859));
#10437=CARTESIAN_POINT('',(19.9999993294477,20.7817855206464,5.94970645347859));
#10438=CARTESIAN_POINT('',(19.9999993294477,23.7817855206464,8.94970645347859));
#10439=CARTESIAN_POINT('Origin',(19.9999993294477,20.7817855206464,8.94970645347859));
#10440=CARTESIAN_POINT('Origin',(19.9999993294477,20.7817855206464,8.94970371021658));
#10441=CARTESIAN_POINT('',(26.9999993294477,13.7817855206464,5.94970645347859));
#10442=CARTESIAN_POINT('Origin',(26.9999993294477,13.7817855206464,8.94970645347859));
#10443=CARTESIAN_POINT('Origin',(19.9999993294477,13.7817855206464,5.94970645347859));
#10444=CARTESIAN_POINT('Origin',(-17.8026541067606,20.7817855206464,8.94970371021658));
#10445=CARTESIAN_POINT('',(-17.5000000000001,23.7817855206464,8.94970645347859));
#10446=CARTESIAN_POINT('Origin',(-15.0000000000001,15.7817855206464,47.0153719002561));
#10447=CARTESIAN_POINT('',(-15.0000000000001,-17.4182144793536,31.3497064534786));
#10448=CARTESIAN_POINT('',(-15.0000000000001,-17.4182144793536,17.3497064534786));
#10449=CARTESIAN_POINT('',(-15.0000000000001,-17.4182144793536,31.3497064534786));
#10450=CARTESIAN_POINT('',(-15.0000000000001,-17.4182144793536,17.3497064534786));
#10451=CARTESIAN_POINT('',(-15.,-16.2182144793536,36.6997064534786));
#10452=CARTESIAN_POINT('',(-15.0000000000001,-16.2182144793536,31.3497064534786));
#10453=CARTESIAN_POINT('',(-15.0000000000001,0.131785520646355,29.3497064534786));
#10454=CARTESIAN_POINT('Origin',(-15.0000000000001,0.131785520646356,24.3497064534786));
#10455=CARTESIAN_POINT('Origin',(-10.7136601228343,20.7817855206464,5.94970645347859));
#10456=CARTESIAN_POINT('',(-10.7136601228343,15.7817855206464,2.64970645347859));
#10457=CARTESIAN_POINT('',(-10.7136601228343,21.0807421228419,2.64970645347859));
#10458=CARTESIAN_POINT('',(-10.7136601228343,20.0158929037469,2.64970645347859));
#10459=CARTESIAN_POINT('',(-10.7136601228343,23.4334317340399,7.5465748822221));
#10460=CARTESIAN_POINT('Ctrl Pts',(-10.7136601228343,23.4334325962112,7.546574426005));
#10461=CARTESIAN_POINT('Ctrl Pts',(-10.7136601228343,23.0098398685258,6.74605757112232));
#10462=CARTESIAN_POINT('Ctrl Pts',(-10.7136601228343,22.6017868924855,5.93731799083532));
#10463=CARTESIAN_POINT('Ctrl Pts',(-10.7136601228343,21.8173576566008,4.30461984160383));
#10464=CARTESIAN_POINT('Ctrl Pts',(-10.7136601228343,21.4409813896279,3.48066124949522));
#10465=CARTESIAN_POINT('Ctrl Pts',(-10.7136601228343,21.0807421228179,2.64970645348899));
#10466=CARTESIAN_POINT('',(-10.7136601228343,20.7817855206464,5.94970645347859));
#10467=CARTESIAN_POINT('Origin',(-10.7136601228343,20.7817855206464,8.94970645347859));
#10468=CARTESIAN_POINT('',(-10.7136601228343,15.7817855206464,5.94970645260735));
#10469=CARTESIAN_POINT('',(-10.7136601228343,10.2817855206464,5.94970645347859));
#10470=CARTESIAN_POINT('',(-10.7136601228343,15.7817855206464,5.94970645347859));
#10471=CARTESIAN_POINT('Origin',(-12.6000000000001,40.7817855206464,14.0997064534786));
#10472=CARTESIAN_POINT('',(-11.9003366594867,17.9817855206464,14.8141791331114));
#10473=CARTESIAN_POINT('',(-11.9003366594867,17.9817855206464,13.3852337738458));
#10474=CARTESIAN_POINT('Origin',(-11.1707411806567,40.7817855206464,14.0997064534786));
#10475=CARTESIAN_POINT('',(-11.1707411806567,17.9817855206464,14.0997064534786));
#10476=CARTESIAN_POINT('Origin',(-11.9003366594867,40.7817855206464,14.8141791331114));
#10477=CARTESIAN_POINT('Origin',(-35.2000000000001,0.13178552064635,24.3497064534786));
#10478=CARTESIAN_POINT('',(-35.2000000000001,0.131785520646349,29.3497064534786));
#10479=CARTESIAN_POINT('Origin',(-35.2000000000001,0.13178552064635,24.3497064534786));
#10480=CARTESIAN_POINT('',(-35.2000000000001,0.131785520646349,29.3497064534786));
#10481=CARTESIAN_POINT('Origin',(4.3732129776571,-16.8182144793536,32.0258861790545));
#10482=CARTESIAN_POINT('',(4.3732129776571,-17.4182144793536,32.0258861790545));
#10483=CARTESIAN_POINT('',(4.3732129776571,-17.2182144793537,32.0258861790545));
#10484=CARTESIAN_POINT('',(3.69703325208113,-17.4182144793536,31.3497064534786));
#10485=CARTESIAN_POINT('',(14.3551947018473,-17.4182144793536,42.0078679032447));
#10486=CARTESIAN_POINT('',(3.69703325208113,-16.3167462307722,31.3497064534786));
#10487=CARTESIAN_POINT('Origin',(58.9773195999936,-17.4182144793536,31.3497064534786));
#10488=CARTESIAN_POINT('',(3.58781410659451,-17.4182144793536,31.3497064534786));
#10489=CARTESIAN_POINT('Origin',(-15.,-26.1883518713673,36.6997064534786));
#10490=CARTESIAN_POINT('Origin',(-8.10033665948667,-41.2182144793536,35.3141791331114));
#10491=CARTESIAN_POINT('',(-8.10033665948668,-18.4182144793536,35.3141791331114));
#10492=CARTESIAN_POINT('',(-7.37074118065663,-18.4182144793536,34.5997064534786));
#10493=CARTESIAN_POINT('',(-8.10033665948668,-18.4182144793536,35.3141791331114));
#10494=CARTESIAN_POINT('',(-8.10033665948668,-18.4182144793536,35.3141791331114));
#10495=CARTESIAN_POINT('',(-7.37074118065663,-18.4182144793536,34.5997064534786));
#10496=CARTESIAN_POINT('Origin',(-8.80000000000004,-41.2182144793536,34.5997064534786));
#10497=CARTESIAN_POINT('',(-8.10033665948668,-18.4182144793536,33.8852337738458));
#10498=CARTESIAN_POINT('Origin',(-8.80000000000005,-18.4182144793536,34.5997064534786));
#10499=CARTESIAN_POINT('',(-8.10033665948668,-18.4182144793536,33.8852337738458));
#10500=CARTESIAN_POINT('Origin',(-7.37074118065662,-41.2182144793536,34.5997064534786));
#10501=CARTESIAN_POINT('',(-7.37074118065663,-18.4182144793536,34.5997064534786));
#10502=CARTESIAN_POINT('Origin',(-11.1707411806567,40.7817855206464,34.5997064534786));
#10503=CARTESIAN_POINT('',(-11.9003366594867,17.9817855206464,33.8852337738458));
#10504=CARTESIAN_POINT('',(-11.1707411806567,17.9817855206464,34.5997064534786));
#10505=CARTESIAN_POINT('Origin',(-12.6000000000001,40.7817855206464,34.5997064534786));
#10506=CARTESIAN_POINT('',(-11.9003366594867,17.9817855206464,35.3141791331114));
#10507=CARTESIAN_POINT('Origin',(-11.9003366594867,40.7817855206464,35.3141791331114));
#10508=CARTESIAN_POINT('Origin',(58.9773195999936,17.6817855206464,15.1497064534786));
#10509=CARTESIAN_POINT('',(-10.0000000000001,15.7817855206464,15.1497064534786));
#10510=CARTESIAN_POINT('Origin',(-10.0000000000001,-0.218214479353639,0.949706453478587));
#10511=CARTESIAN_POINT('',(-10.0000000000001,17.6817855206464,33.5497064534786));
#10512=CARTESIAN_POINT('Origin',(58.9773195999936,15.7817855206464,33.5497064534786));
#10513=CARTESIAN_POINT('Origin',(-5.82311976415895E-14,-0.218214479353636,
9.94970645347859));
#10514=CARTESIAN_POINT('',(7.04873748984585,-7.3113799865579,9.94970645347859));
#10515=CARTESIAN_POINT('',(7.04873748984585,-3.02454390876107,9.94970645347859));
#10516=CARTESIAN_POINT('Origin',(4.94974746830576,-5.16796194765949,9.94970645347859));
#10517=CARTESIAN_POINT('',(9.237523926336,-5.16796194765948,9.94970645347859));
#10518=CARTESIAN_POINT('',(7.04873748984585,-3.02454390876107,9.94970645347859));
#10519=CARTESIAN_POINT('',(9.237523926336,-5.16796194765948,9.94970645347859));
#10520=CARTESIAN_POINT('',(-2.85075744676575,2.58811495005383,9.94970645347859));
#10521=CARTESIAN_POINT('',(-2.85075744676575,6.87495102785066,9.94970645347859));
#10522=CARTESIAN_POINT('Origin',(-4.94974746830584,4.73153298895225,9.94970645347859));
#10523=CARTESIAN_POINT('',(-0.661971010275597,4.73153298895225,9.94970645347859));
#10524=CARTESIAN_POINT('',(-2.85075744676575,6.87495102785066,9.94970645347859));
#10525=CARTESIAN_POINT('',(-0.661971010275597,4.73153298895225,9.94970645347859));
#10526=CARTESIAN_POINT('',(-2.8507574467658,-7.31137998655788,9.94970645347859));
#10527=CARTESIAN_POINT('',(-2.8507574467658,-3.02454390876095,9.94970645347859));
#10528=CARTESIAN_POINT('Origin',(-4.94974746830589,-5.16796194765947,9.94970645347859));
#10529=CARTESIAN_POINT('',(-0.661971010275594,-5.16796194765941,9.94970645347859));
#10530=CARTESIAN_POINT('',(-2.8507574467658,-3.02454390876095,9.94970645347859));
#10531=CARTESIAN_POINT('',(-0.661971010275594,-5.16796194765941,9.94970645347859));
#10532=CARTESIAN_POINT('',(7.04873748984587,2.58811495005379,9.94970645347859));
#10533=CARTESIAN_POINT('',(7.04873748984587,6.87495102785062,9.94970645347859));
#10534=CARTESIAN_POINT('Origin',(4.94974746830577,4.7315329889522,9.94970645347859));
#10535=CARTESIAN_POINT('',(9.23752392633602,4.7315329889522,9.94970645347859));
#10536=CARTESIAN_POINT('',(7.04873748984587,6.87495102785062,9.94970645347859));
#10537=CARTESIAN_POINT('',(9.23752392633602,4.7315329889522,9.94970645347859));
#10538=CARTESIAN_POINT('',(3.85899881222716,-0.218214479353635,9.94970645347859));
#10539=CARTESIAN_POINT('',(1.88909101938603,1.71086175565494,9.94970645347859));
#10540=CARTESIAN_POINT('',(3.85899881222716,-0.218214479353635,9.94970645347859));
#10541=CARTESIAN_POINT('',(1.88909101938603,-2.14729071436221,9.94970645347859));
#10542=CARTESIAN_POINT('',(1.88909101938603,-2.14729071436221,9.94970645347859));
#10543=CARTESIAN_POINT('Origin',(-5.82311976415895E-14,-0.218214479353636,
9.94970645347859));
#10544=CARTESIAN_POINT('Origin',(-8.10033665948667,-41.2182144793536,14.8141791331114));
#10545=CARTESIAN_POINT('',(-8.10033665948668,-18.4182144793536,14.8141791331114));
#10546=CARTESIAN_POINT('',(-7.37074118065663,-18.4182144793536,14.0997064534786));
#10547=CARTESIAN_POINT('',(-8.10033665948668,-18.4182144793536,14.8141791331114));
#10548=CARTESIAN_POINT('',(-8.10033665948668,-18.4182144793536,14.8141791331114));
#10549=CARTESIAN_POINT('',(-7.37074118065663,-18.4182144793536,14.0997064534786));
#10550=CARTESIAN_POINT('Origin',(-8.80000000000004,-41.2182144793536,14.0997064534786));
#10551=CARTESIAN_POINT('',(-8.10033665948668,-18.4182144793536,13.3852337738458));
#10552=CARTESIAN_POINT('Origin',(-8.80000000000005,-18.4182144793536,14.0997064534786));
#10553=CARTESIAN_POINT('',(-8.10033665948668,-18.4182144793536,13.3852337738458));
#10554=CARTESIAN_POINT('Origin',(-7.37074118065662,-41.2182144793536,14.0997064534786));
#10555=CARTESIAN_POINT('',(-7.37074118065663,-18.4182144793536,14.0997064534786));
#10556=CARTESIAN_POINT('Origin',(58.9773195999936,-16.2182144793536,17.3497064534786));
#10557=CARTESIAN_POINT('',(11.1577015458232,-17.4182144793536,17.3497064534786));
#10558=CARTESIAN_POINT('',(11.0567306175525,-17.4182144793536,17.3497064534786));
#10559=CARTESIAN_POINT('',(11.1577015458232,-17.4983289136267,17.3497064534786));
#10560=CARTESIAN_POINT('Origin',(12.5455067757801,23.7817855206464,17.1373054294385));
#10561=CARTESIAN_POINT('',(12.1141507150909,-17.4182144793536,17.2033236768399));
#10562=CARTESIAN_POINT('',(12.1141507150909,-17.4182144793536,17.2033236768399));
#10563=CARTESIAN_POINT('',(35.2141744976006,-17.4182144793536,13.6679077547449));
#10564=CARTESIAN_POINT('Origin',(58.9773195999936,-17.4182144793536,17.3497064534786));
#10565=CARTESIAN_POINT('Ctrl Pts',(4.37321297763932,-17.4182144793536,32.0258861790919));
#10566=CARTESIAN_POINT('Ctrl Pts',(6.32818886836883,-17.4182144793536,27.9179960369512));
#10567=CARTESIAN_POINT('Ctrl Pts',(8.24916192898229,-17.4182144793536,24.3501133292988));
#10568=CARTESIAN_POINT('Ctrl Pts',(10.9640868943678,-17.4182144793536,19.3299182592493));
#10569=CARTESIAN_POINT('Ctrl Pts',(11.3474415012755,-17.4182144793536,18.6210533984462));
#10570=CARTESIAN_POINT('Ctrl Pts',(11.7307961081832,-17.4182144793536,17.9121885376431));
#10571=CARTESIAN_POINT('Ctrl Pts',(12.114150715091,-17.4182144793536,17.2033236768399));
#10572=CARTESIAN_POINT('Origin',(26.9999993294477,11.7817855206464,8.94970645347859));
#10573=CARTESIAN_POINT('',(26.9999993294477,11.7817855206464,5.94970645347859));
#10574=CARTESIAN_POINT('Origin',(-17.5000000000001,20.7817855206464,8.94970645347859));
#10575=CARTESIAN_POINT('',(-17.5000000000001,20.7817855206464,5.94970645347859));
#10576=CARTESIAN_POINT('Origin',(-10.7136601228343,15.7817855206464,5.94970645347859));
#10577=CARTESIAN_POINT('',(-16.2136601228343,15.7817855206464,2.64970645347859));
#10578=CARTESIAN_POINT('',(-12.2318301638626,15.7817855206464,2.64970645347859));
#10579=CARTESIAN_POINT('',(-19.5136601220851,15.7817855206464,5.94970645316828));
#10580=CARTESIAN_POINT('',(-5.35683006141716,15.7817855206464,5.94970645347859));
#10581=CARTESIAN_POINT('',(-16.3636601228343,15.7817855206464,2.79970645347859));
#10582=CARTESIAN_POINT('Origin',(-7.69602820475285,-8.07713973038205,15.5431299863781));
#10583=CARTESIAN_POINT('',(-11.1231477139544,-4.72105635238806,5.94970645260735));
#10584=CARTESIAN_POINT('',(-11.1231477139544,-4.72105635238806,0.949706453478587));
#10585=CARTESIAN_POINT('',(-11.1231477139544,-4.72105635238806,5.94970645347859));
#10586=CARTESIAN_POINT('',(-4.26890869555129,-11.433223108376,0.949706453478587));
#10587=CARTESIAN_POINT('',(-11.1231477139544,-4.72105635238806,0.949706453478587));
#10588=CARTESIAN_POINT('',(-4.2689086955513,-11.433223108376,5.94970645260735));
#10589=CARTESIAN_POINT('',(-4.26890869555129,-11.433223108376,5.94970645347859));
#10590=CARTESIAN_POINT('',(-11.1231477139544,-4.72105635238806,5.94970645347859));
#10591=CARTESIAN_POINT('Origin',(-5.80091530366645E-14,-0.218214479353636,
5.94970645347859));
#10592=CARTESIAN_POINT('',(-3.07715510295707,-11.816969432897,-0.0502935465214131));
#10593=CARTESIAN_POINT('Origin',(-5.75327541323409E-14,-0.218214479353636,
-2.63233325848793));
#10594=CARTESIAN_POINT('',(-3.07715510295708,11.3805404741897,-0.0502935465214131));
#10595=CARTESIAN_POINT('Origin',(-5.76760861292769E-14,-0.218214479353636,
-0.050293546521413));
#10596=CARTESIAN_POINT('',(-4.26890869555129,10.9967941496688,0.949706453478587));
#10597=CARTESIAN_POINT('Origin',(-5.75327541323409E-14,-0.218214479353636,
-2.63233325848793));
#10598=CARTESIAN_POINT('',(-4.26890869555129,10.9967941496688,5.94970645260735));
#10599=CARTESIAN_POINT('',(-4.26890869555129,10.9967941496688,5.94970645347859));
#10600=CARTESIAN_POINT('Origin',(-5.80091530366645E-14,-0.218214479353636,
5.94970645347859));
#10601=CARTESIAN_POINT('Origin',(-7.69602820475285,7.64071077167477,15.5431299863781));
#10602=CARTESIAN_POINT('',(-11.1231477139544,4.28462739368078,0.949706453478587));
#10603=CARTESIAN_POINT('',(-4.26890869555129,10.9967941496688,0.949706453478587));
#10604=CARTESIAN_POINT('',(-11.1231477139544,4.28462739368078,5.94970645260735));
#10605=CARTESIAN_POINT('',(-11.1231477139544,4.28462739368078,5.94970645347859));
#10606=CARTESIAN_POINT('',(-4.26890869555129,10.9967941496688,5.94970645347859));
#10607=CARTESIAN_POINT('Origin',(-5.90872789911717E-14,4.28462739368079,
0.949706453478587));
#10608=CARTESIAN_POINT('',(-16.6762102870656,4.28462739368078,5.94970645308135));
#10609=CARTESIAN_POINT('',(-16.6762102881004,4.28462739368078,5.94970645347859));
#10610=CARTESIAN_POINT('',(-11.1231477139544,4.28462739368078,0.949706453478587));
#10611=CARTESIAN_POINT('Origin',(-11.1231477139544,4.28462739368078,0.949706453478587));
#10612=CARTESIAN_POINT('',(-11.1231477139544,4.28462739368078,0.949706453478587));
#10613=CARTESIAN_POINT('',(-16.6762102870656,-4.72105635238806,5.94970645308135));
#10614=CARTESIAN_POINT('',(-11.1231477139544,-4.72105635238806,0.949706453478587));
#10615=CARTESIAN_POINT('',(-16.6762102881004,4.28462739368078,5.94970645347859));
#10616=CARTESIAN_POINT('Origin',(-5.63759155698447E-14,-4.72105635238805,
0.949706453478587));
#10617=CARTESIAN_POINT('',(-16.6762102881004,-4.72105635238806,5.94970645347859));
#10618=CARTESIAN_POINT('Origin',(16.,-18.4182144793536,38.9497064534786));
#10619=CARTESIAN_POINT('',(-7.40067331897333,-18.4182144793536,33.170761094213));
#10620=CARTESIAN_POINT('',(-7.40067331897333,-18.4182144793536,36.0286518127442));
#10621=CARTESIAN_POINT('Origin',(-8.80000000000005,-18.4182144793536,34.5997064534786));
#10622=CARTESIAN_POINT('',(-5.94148236131322,-18.4182144793536,34.5997064534786));
#10623=CARTESIAN_POINT('',(-5.94148236131322,-18.4182144793536,34.5997064534786));
#10624=CARTESIAN_POINT('',(-7.40067331897333,-18.4182144793536,36.0286518127442));
#10625=CARTESIAN_POINT('Origin',(4.94974746830576,-5.16796194765949,-7.53557492075998));
#10626=CARTESIAN_POINT('',(7.04873748984585,-7.3113799865579,3.94970645347859));
#10627=CARTESIAN_POINT('',(7.04873748984585,-7.3113799865579,3.94970645347859));
#10628=CARTESIAN_POINT('',(7.04873748984585,-3.02454390876107,3.94970645347859));
#10629=CARTESIAN_POINT('Origin',(4.94974746830576,-5.16796194765949,3.94970645347859));
#10630=CARTESIAN_POINT('',(7.04873748984585,-3.02454390876107,3.94970645347859));
#10631=CARTESIAN_POINT('Origin',(9.237523926336,-5.16796194765948,-0.863582403681859));
#10632=CARTESIAN_POINT('',(9.237523926336,-5.16796194765948,3.94970645347859));
#10633=CARTESIAN_POINT('',(7.04873748984585,-3.02454390876107,3.94970645347859));
#10634=CARTESIAN_POINT('',(9.237523926336,-5.16796194765948,3.94970645347859));
#10635=CARTESIAN_POINT('Origin',(7.04873748984585,-7.3113799865579,-0.863582403681859));
#10636=CARTESIAN_POINT('',(9.237523926336,-5.16796194765948,3.94970645347859));
#10637=CARTESIAN_POINT('Origin',(-4.94974746830584,4.73153298895225,-7.53557492075998));
#10638=CARTESIAN_POINT('',(-2.85075744676575,2.58811495005383,3.94970645347859));
#10639=CARTESIAN_POINT('',(-2.85075744676575,2.58811495005383,3.94970645347859));
#10640=CARTESIAN_POINT('',(-2.85075744676575,6.87495102785066,3.94970645347859));
#10641=CARTESIAN_POINT('Origin',(-4.94974746830584,4.73153298895225,3.94970645347859));
#10642=CARTESIAN_POINT('',(-2.85075744676575,6.87495102785066,3.94970645347859));
#10643=CARTESIAN_POINT('Origin',(-2.85075744676575,6.87495102785066,-0.86358240368186));
#10644=CARTESIAN_POINT('',(-0.661971010275596,4.73153298895225,3.94970645347859));
#10645=CARTESIAN_POINT('',(-2.85075744676575,6.87495102785066,3.94970645347859));
#10646=CARTESIAN_POINT('',(-0.661971010275596,4.73153298895225,3.94970645347859));
#10647=CARTESIAN_POINT('Origin',(-0.661971010275596,4.73153298895225,-0.86358240368186));
#10648=CARTESIAN_POINT('',(-0.661971010275596,4.73153298895225,3.94970645347859));
#10649=CARTESIAN_POINT('Origin',(-4.94974746830589,-5.16796194765947,-7.53557492075998));
#10650=CARTESIAN_POINT('',(-2.8507574467658,-7.31137998655788,3.94970645347859));
#10651=CARTESIAN_POINT('',(-2.8507574467658,-7.31137998655788,3.94970645347859));
#10652=CARTESIAN_POINT('',(-2.85075744676575,-3.024543908761,3.94970645347859));
#10653=CARTESIAN_POINT('Origin',(-4.94974746830589,-5.16796194765947,3.94970645347859));
#10654=CARTESIAN_POINT('',(-2.8507574467658,-3.02454390876095,3.94970645347859));
#10655=CARTESIAN_POINT('Origin',(-2.8507574467658,-3.02454390876095,-0.86358240368186));
#10656=CARTESIAN_POINT('',(-0.661971010275593,-5.16796194765941,3.94970645347859));
#10657=CARTESIAN_POINT('',(-2.85075744676574,-3.024543908761,3.94970645347859));
#10658=CARTESIAN_POINT('',(-0.661971010275593,-5.16796194765941,3.94970645347859));
#10659=CARTESIAN_POINT('Origin',(-0.661971010275593,-5.16796194765941,-0.86358240368186));
#10660=CARTESIAN_POINT('',(-0.661971010275593,-5.16796194765941,3.94970645347859));
#10661=CARTESIAN_POINT('Origin',(4.94974746830577,4.7315329889522,-7.53557492075998));
#10662=CARTESIAN_POINT('',(7.04873748984587,2.58811495005379,3.94970645347859));
#10663=CARTESIAN_POINT('',(7.04873748984587,2.58811495005379,3.94970645347859));
#10664=CARTESIAN_POINT('',(7.04873748984587,6.87495102785061,3.94970645347859));
#10665=CARTESIAN_POINT('Origin',(4.94974746830577,4.7315329889522,3.94970645347859));
#10666=CARTESIAN_POINT('',(7.04873748984587,6.87495102785061,3.94970645347859));
#10667=CARTESIAN_POINT('Origin',(7.04873748984587,6.87495102785061,-0.863582403681859));
#10668=CARTESIAN_POINT('',(9.23752392633602,4.7315329889522,3.94970645347859));
#10669=CARTESIAN_POINT('',(7.04873748984587,6.87495102785061,3.94970645347859));
#10670=CARTESIAN_POINT('',(9.23752392633602,4.7315329889522,3.94970645347859));
#10671=CARTESIAN_POINT('Origin',(9.23752392633602,4.7315329889522,-0.863582403681859));
#10672=CARTESIAN_POINT('',(9.23752392633602,4.7315329889522,3.94970645347859));
#10673=CARTESIAN_POINT('Origin',(3.85899881222716,-0.218214479353635,20.4456151993867));
#10674=CARTESIAN_POINT('',(3.85899881222716,-0.218214479353635,0.949706453478584));
#10675=CARTESIAN_POINT('',(3.85899881222716,-0.218214479353635,9.94970645347859));
#10676=CARTESIAN_POINT('',(1.88909101938603,1.71086175565494,0.949706453478587));
#10677=CARTESIAN_POINT('',(1.88909101938603,1.71086175565494,9.94970645347859));
#10678=CARTESIAN_POINT('',(1.88909101938603,1.71086175565494,0.949706453478587));
#10679=CARTESIAN_POINT('Origin',(1.88909101938603,-2.14729071436221,20.4456151993867));
#10680=CARTESIAN_POINT('',(1.88909101938603,-2.14729071436221,0.949706453478587));
#10681=CARTESIAN_POINT('',(1.88909101938603,-2.14729071436221,9.94970645347859));
#10682=CARTESIAN_POINT('',(3.85899881222716,-0.218214479353634,0.949706453478587));
#10683=CARTESIAN_POINT('Origin',(-5.88138376192931E-14,-0.218214479353636,
20.4456151993867));
#10684=CARTESIAN_POINT('Origin',(-5.77315972805082E-14,-0.218214479353636,
0.949706453478587));
#10685=CARTESIAN_POINT('Origin',(16.,-18.4182144793536,38.9497064534786));
#10686=CARTESIAN_POINT('',(-7.40067331897333,-18.4182144793536,12.670761094213));
#10687=CARTESIAN_POINT('',(-7.40067331897333,-18.4182144793536,15.5286518127442));
#10688=CARTESIAN_POINT('Origin',(-8.80000000000005,-18.4182144793536,14.0997064534786));
#10689=CARTESIAN_POINT('',(-5.94148236131323,-18.4182144793536,14.0997064534786));
#10690=CARTESIAN_POINT('',(-5.94148236131323,-18.4182144793536,14.0997064534786));
#10691=CARTESIAN_POINT('',(-7.40067331897333,-18.4182144793536,15.5286518127442));
#10692=CARTESIAN_POINT('Origin',(-8.80000000000006,-9.92494874164392,34.5997064534786));
#10693=CARTESIAN_POINT('',(-10.4171758818432,-22.4721455928101,35.7764571353075));
#10694=CARTESIAN_POINT('',(-7.40067331897332,-22.3925014408347,36.0286518127442));
#10695=CARTESIAN_POINT('Ctrl Pts',(-10.4171758818432,-22.4721455928101,
35.7764571353075));
#10696=CARTESIAN_POINT('Ctrl Pts',(-10.3574613388588,-22.4501565987252,
35.8585211784399));
#10697=CARTESIAN_POINT('Ctrl Pts',(-10.2924915894788,-22.4260253057877,
35.9345571613392));
#10698=CARTESIAN_POINT('Ctrl Pts',(-10.0480015185071,-22.3379598644791,
36.1826771518373));
#10699=CARTESIAN_POINT('Ctrl Pts',(-9.82499895590445,-22.2621610671876,
36.3378755279897));
#10700=CARTESIAN_POINT('Ctrl Pts',(-9.33112083456873,-22.1478237349125,
36.5464378115051));
#10701=CARTESIAN_POINT('Ctrl Pts',(-9.05951912080711,-22.1122686759624,
36.5997064534786));
#10702=CARTESIAN_POINT('Ctrl Pts',(-8.80000000000005,-22.1122686759624,
36.5997064534786));
#10703=CARTESIAN_POINT('Ctrl Pts',(-8.54048087919298,-22.1122686759624,
36.5997064534786));
#10704=CARTESIAN_POINT('Ctrl Pts',(-8.26887916543136,-22.1478237349125,
36.5464378115051));
#10705=CARTESIAN_POINT('Ctrl Pts',(-7.78664064887637,-22.2594663915139,
36.3427908754154));
#10706=CARTESIAN_POINT('Ctrl Pts',(-7.57294457166834,-22.3309237832622,
36.1973522873333));
#10707=CARTESIAN_POINT('Ctrl Pts',(-7.40067331897331,-22.3925014408347,
36.0286518127442));
#10708=CARTESIAN_POINT('',(-7.40067331897332,-23.1703397427424,33.170761094213));
#10709=CARTESIAN_POINT('Origin',(-8.80000000000005,-22.787454987699,34.5997064534786));
#10710=CARTESIAN_POINT('',(-7.40067331897333,-18.4182144793536,33.170761094213));
#10711=CARTESIAN_POINT('',(-7.40067331897333,-18.4182144793536,36.0286518127442));
#10712=CARTESIAN_POINT('Origin',(-5.94148236131323,-9.92494874164392,34.5997064534786));
#10713=CARTESIAN_POINT('',(-7.14314059352696,-22.4721455928101,35.7764571353075));
#10714=CARTESIAN_POINT('Origin',(-6.35024867256944,-19.5743681139429,35.));
#10715=CARTESIAN_POINT('',(-5.94148236131322,-22.787454987699,34.5997064534786));
#10716=CARTESIAN_POINT('',(-5.94148236131322,-18.4182144793536,34.5997064534786));
#10717=CARTESIAN_POINT('',(-5.94148236131322,-22.787454987699,34.5997064534786));
#10718=CARTESIAN_POINT('Origin',(-7.40067331897333,-9.92494874164392,33.170761094213));
#10719=CARTESIAN_POINT('',(-7.40067331897332,-23.1703397427424,33.170761094213));
#10720=CARTESIAN_POINT('Origin',(-8.80000000000006,-9.92494874164392,14.0997064534786));
#10721=CARTESIAN_POINT('',(-7.40067331897332,-18.4182144793536,15.5286518127442));
#10722=CARTESIAN_POINT('Ctrl Pts',(-10.7097904066303,-24.2182144793536,
14.6935924717877));
#10723=CARTESIAN_POINT('Ctrl Pts',(-10.7707547882458,-24.2182144793536,
14.4975461134531));
#10724=CARTESIAN_POINT('Ctrl Pts',(-10.8000000000001,-24.2177058525138,
14.2935491943745));
#10725=CARTESIAN_POINT('Ctrl Pts',(-10.8000000000001,-24.2177058525138,
14.0997064534786));
#10726=CARTESIAN_POINT('Ctrl Pts',(-10.8000000000001,-24.2177058525138,
13.9058637125827));
#10727=CARTESIAN_POINT('Ctrl Pts',(-10.7707547882458,-24.2182144793536,
13.7018667935041));
#10728=CARTESIAN_POINT('Ctrl Pts',(-10.7097904066303,-24.2182144793536,
13.5058204351695));
#10729=CARTESIAN_POINT('',(-7.40067331897332,-18.4182144793536,12.670761094213));
#10730=CARTESIAN_POINT('Origin',(-5.94148236131323,-9.92494874164392,14.0997064534786));
#10731=CARTESIAN_POINT('',(-5.94148236131323,-18.4182144793536,14.0997064534786));
#10732=CARTESIAN_POINT('Origin',(-7.40067331897333,-9.92494874164392,12.670761094213));
#10733=CARTESIAN_POINT('Origin',(-5.77315972805082E-14,-0.218214479353636,
0.949706453478587));
#10734=CARTESIAN_POINT('',(-4.26890869555129,-9.26124597045479,0.949706453478587));
#10735=CARTESIAN_POINT('',(6.82513218486026,-7.52694697269226,0.949706453478588));
#10736=CARTESIAN_POINT('Origin',(-5.77315972805082E-14,-0.218214479353636,
0.949706453478587));
#10737=CARTESIAN_POINT('',(-4.26890869555129,-11.433223108376,0.949706453478587));
#10738=CARTESIAN_POINT('',(-4.26890869555129,8.82481701174751,0.949706453478587));
#10739=CARTESIAN_POINT('',(-4.26890869555129,8.82481701174751,0.949706453478587));
#10740=CARTESIAN_POINT('',(6.82513218486025,7.090518013985,0.949706453478588));
#10741=CARTESIAN_POINT('Origin',(-5.77315972805082E-14,-0.218214479353636,
0.949706453478587));
#10742=CARTESIAN_POINT('',(7.11494408557198,7.090518013985,0.949706453478588));
#10743=CARTESIAN_POINT('',(7.11494408557198,7.090518013985,0.949706453478588));
#10744=CARTESIAN_POINT('',(7.11494408557195,-7.52694697269226,0.949706453478588));
#10745=CARTESIAN_POINT('Origin',(-5.77315972805082E-14,-0.218214479353636,
0.949706453478587));
#10746=CARTESIAN_POINT('',(6.82513218486026,-7.52694697269226,0.949706453478588));
#10747=CARTESIAN_POINT('',(7.23656157925524,4.7315329889522,0.949706453478584));
#10748=CARTESIAN_POINT('',(6.06920881312716,3.58837670153971,0.949706453478587));
#10749=CARTESIAN_POINT('',(7.23656157925524,4.7315329889522,0.949706453478588));
#10750=CARTESIAN_POINT('',(6.06920881312716,5.87468927636468,0.949706453478587));
#10751=CARTESIAN_POINT('',(6.06920881312716,5.87468927636468,0.949706453478587));
#10752=CARTESIAN_POINT('Origin',(4.94974746830577,4.7315329889522,0.949706453478587));
#10753=CARTESIAN_POINT('',(-2.66293335735638,4.73153298895225,0.949706453478584));
#10754=CARTESIAN_POINT('',(-3.83028612348446,3.58837670153976,0.949706453478587));
#10755=CARTESIAN_POINT('',(-2.66293335735638,4.73153298895225,0.949706453478587));
#10756=CARTESIAN_POINT('',(-3.83028612348446,5.87468927636474,0.949706453478587));
#10757=CARTESIAN_POINT('',(-3.83028612348446,5.87468927636474,0.949706453478587));
#10758=CARTESIAN_POINT('Origin',(-4.94974746830584,4.73153298895225,0.949706453478587));
#10759=CARTESIAN_POINT('',(7.23656157925523,-5.16796194765948,0.949706453478584));
#10760=CARTESIAN_POINT('',(6.06920881312714,-6.31111823507197,0.949706453478587));
#10761=CARTESIAN_POINT('',(7.23656157925523,-5.16796194765948,0.949706453478588));
#10762=CARTESIAN_POINT('',(6.06920881312714,-4.02480566024699,0.949706453478587));
#10763=CARTESIAN_POINT('',(6.06920881312714,-4.02480566024699,0.949706453478587));
#10764=CARTESIAN_POINT('Origin',(4.94974746830576,-5.16796194765949,0.949706453478587));
#10765=CARTESIAN_POINT('',(-2.6629333573564,-5.16796194765948,0.949706453478584));
#10766=CARTESIAN_POINT('',(-3.83028612348448,-6.31111823507198,0.949706453478587));
#10767=CARTESIAN_POINT('',(-2.6629333573564,-5.16796194765948,0.949706453478587));
#10768=CARTESIAN_POINT('',(-3.83028612348449,-4.024805660247,0.949706453478587));
#10769=CARTESIAN_POINT('',(-3.83028612348449,-4.024805660247,0.949706453478587));
#10770=CARTESIAN_POINT('Origin',(-4.94974746830589,-5.16796194765947,0.949706453478587));
#10771=CARTESIAN_POINT('Origin',(-3.07715510295708,-0.218214479353637,-0.0502935465214131));
#10772=CARTESIAN_POINT('',(-3.07715510295707,-9.73299857949724,-0.0502935465214131));
#10773=CARTESIAN_POINT('Origin',(-5.75327541323409E-14,-0.218214479353636,
-2.63233325848793));
#10774=CARTESIAN_POINT('',(-3.07715510295707,-11.816969432897,-0.0502935465214131));
#10775=CARTESIAN_POINT('Origin',(-5.76760861292769E-14,-0.218214479353636,
-0.050293546521413));
#10776=CARTESIAN_POINT('',(6.82513218486026,-7.52694697269226,-0.0502935465214126));
#10777=CARTESIAN_POINT('Origin',(-5.76760861292769E-14,-0.218214479353636,
-0.050293546521413));
#10778=CARTESIAN_POINT('',(8.4866029329064,-7.52694697269226,-0.0502935465214126));
#10779=CARTESIAN_POINT('',(6.82513218486026,-7.52694697269226,-0.0502935465214126));
#10780=CARTESIAN_POINT('',(8.48660293290639,7.090518013985,-0.0502935465214126));
#10781=CARTESIAN_POINT('Origin',(-5.76760861292769E-14,-0.218214479353636,
-0.050293546521413));
#10782=CARTESIAN_POINT('',(6.82513218486025,7.090518013985,-0.0502935465214126));
#10783=CARTESIAN_POINT('',(8.48660293290639,7.090518013985,-0.0502935465214126));
#10784=CARTESIAN_POINT('',(-3.07715510295708,9.29656962078997,-0.0502935465214131));
#10785=CARTESIAN_POINT('Origin',(-5.76760861292769E-14,-0.218214479353636,
-0.050293546521413));
#10786=CARTESIAN_POINT('',(-3.07715510295708,9.29656962078997,-0.0502935465214131));
#10787=CARTESIAN_POINT('Origin',(-3.07715510295708,-0.218214479353637,-0.0502935465214131));
#10788=CARTESIAN_POINT('Origin',(-5.75327541323409E-14,-0.218214479353636,
-2.63233325848793));
#10789=CARTESIAN_POINT('Origin',(-5.7898130734202E-14,-0.218214479353636,
3.94970645347859));
#10790=CARTESIAN_POINT('',(6.06920881312714,-4.02480566024699,3.94970645347859));
#10791=CARTESIAN_POINT('',(7.23656157925523,-5.16796194765948,3.94970645347859));
#10792=CARTESIAN_POINT('',(6.06920881312714,-4.02480566024699,3.94970645347859));
#10793=CARTESIAN_POINT('',(6.06920881312714,-6.31111823507197,3.94970645347859));
#10794=CARTESIAN_POINT('',(7.23656157925523,-5.16796194765948,3.94970645347859));
#10795=CARTESIAN_POINT('Origin',(4.94974746830576,-5.16796194765949,3.94970645347859));
#10796=CARTESIAN_POINT('Origin',(-5.7898130734202E-14,-0.218214479353636,
3.94970645347859));
#10797=CARTESIAN_POINT('',(-3.83028612348446,5.87468927636474,3.94970645347859));
#10798=CARTESIAN_POINT('',(-2.66293335735638,4.73153298895225,3.94970645347859));
#10799=CARTESIAN_POINT('',(-3.83028612348446,5.87468927636474,3.94970645347859));
#10800=CARTESIAN_POINT('',(-3.83028612348446,3.58837670153976,3.94970645347859));
#10801=CARTESIAN_POINT('',(-2.66293335735638,4.73153298895225,3.94970645347859));
#10802=CARTESIAN_POINT('Origin',(-4.94974746830584,4.73153298895225,3.94970645347859));
#10803=CARTESIAN_POINT('Origin',(-5.7898130734202E-14,-0.218214479353636,
3.94970645347859));
#10804=CARTESIAN_POINT('',(-3.83028612348449,-4.024805660247,3.94970645347859));
#10805=CARTESIAN_POINT('',(-2.6629333573564,-5.16796194765948,3.94970645347859));
#10806=CARTESIAN_POINT('',(-3.83028612348449,-4.024805660247,3.94970645347859));
#10807=CARTESIAN_POINT('',(-3.83028612348448,-6.31111823507198,3.94970645347859));
#10808=CARTESIAN_POINT('',(-2.6629333573564,-5.16796194765948,3.94970645347859));
#10809=CARTESIAN_POINT('Origin',(-4.94974746830589,-5.16796194765947,3.94970645347859));
#10810=CARTESIAN_POINT('Origin',(-5.7898130734202E-14,-0.218214479353636,
3.94970645347859));
#10811=CARTESIAN_POINT('',(6.06920881312716,5.87468927636468,3.94970645347859));
#10812=CARTESIAN_POINT('',(7.23656157925524,4.7315329889522,3.94970645347859));
#10813=CARTESIAN_POINT('',(6.06920881312715,5.87468927636468,3.94970645347859));
#10814=CARTESIAN_POINT('',(6.06920881312716,3.58837670153971,3.94970645347859));
#10815=CARTESIAN_POINT('',(7.23656157925524,4.7315329889522,3.94970645347859));
#10816=CARTESIAN_POINT('Origin',(4.94974746830577,4.7315329889522,3.94970645347859));
#10817=CARTESIAN_POINT('Origin',(-5.85399900529358E-14,-0.218214479353636,
15.5124160081743));
#10818=CARTESIAN_POINT('',(6.82513218486026,-7.52694697269226,0.949706453478588));
#10819=CARTESIAN_POINT('Origin',(-5.85399900529358E-14,-0.218214479353636,
15.5124160081743));
#10820=CARTESIAN_POINT('',(6.82513218486025,7.090518013985,0.949706453478588));
#10821=CARTESIAN_POINT('Origin',(6.82513218486025,7.090518013985,15.5124160081743));
#10822=CARTESIAN_POINT('Ctrl Pts',(8.48660293290639,7.090518013985,-0.0502935465214116));
#10823=CARTESIAN_POINT('Ctrl Pts',(7.7687254053295,7.090518013985,0.493665518746597));
#10824=CARTESIAN_POINT('Ctrl Pts',(7.11494408557197,7.090518013985,0.949706453478589));
#10825=CARTESIAN_POINT('Origin',(-5.76760861292769E-14,-0.218214479353636,
-0.050293546521413));
#10826=CARTESIAN_POINT('Ctrl Pts',(7.11494408557196,-7.52694697269226,0.949706453478602));
#10827=CARTESIAN_POINT('Ctrl Pts',(7.76872540532949,-7.52694697269226,0.493665518746606));
#10828=CARTESIAN_POINT('Ctrl Pts',(8.4866029329064,-7.52694697269226,-0.0502935465214132));
#10829=CARTESIAN_POINT('Origin',(9.51748019912913,-7.52694697269226,15.5124160081743));
#10830=CARTESIAN_POINT('Origin',(7.23656157925524,4.7315329889522,20.4456151993867));
#10831=CARTESIAN_POINT('',(7.23656157925524,4.7315329889522,3.94970645347859));
#10832=CARTESIAN_POINT('',(6.06920881312716,3.58837670153971,3.94970645347859));
#10833=CARTESIAN_POINT('Origin',(6.06920881312715,5.87468927636468,20.4456151993867));
#10834=CARTESIAN_POINT('',(6.06920881312716,5.87468927636468,3.94970645347859));
#10835=CARTESIAN_POINT('Origin',(4.94974746830577,4.7315329889522,5.94970645347859));
#10836=CARTESIAN_POINT('Origin',(-2.66293335735638,4.73153298895225,20.4456151993867));
#10837=CARTESIAN_POINT('',(-2.66293335735638,4.73153298895225,3.94970645347859));
#10838=CARTESIAN_POINT('',(-3.83028612348446,3.58837670153976,3.94970645347859));
#10839=CARTESIAN_POINT('Origin',(-3.83028612348446,5.87468927636474,20.4456151993867));
#10840=CARTESIAN_POINT('',(-3.83028612348446,5.87468927636474,3.94970645347859));
#10841=CARTESIAN_POINT('Origin',(-4.94974746830584,4.73153298895225,5.94970645347859));
#10842=CARTESIAN_POINT('Origin',(7.23656157925523,-5.16796194765948,20.4456151993867));
#10843=CARTESIAN_POINT('',(7.23656157925523,-5.16796194765948,3.94970645347859));
#10844=CARTESIAN_POINT('',(6.06920881312714,-6.31111823507197,3.94970645347859));
#10845=CARTESIAN_POINT('Origin',(6.06920881312714,-4.02480566024699,20.4456151993867));
#10846=CARTESIAN_POINT('',(6.06920881312714,-4.02480566024699,3.94970645347859));
#10847=CARTESIAN_POINT('Origin',(4.94974746830576,-5.16796194765949,5.94970645347859));
#10848=CARTESIAN_POINT('Origin',(-2.6629333573564,-5.16796194765948,20.4456151993867));
#10849=CARTESIAN_POINT('',(-2.6629333573564,-5.16796194765948,3.94970645347859));
#10850=CARTESIAN_POINT('',(-3.83028612348448,-6.31111823507198,3.94970645347859));
#10851=CARTESIAN_POINT('Origin',(-3.83028612348449,-4.024805660247,20.4456151993867));
#10852=CARTESIAN_POINT('',(-3.83028612348449,-4.024805660247,3.94970645347859));
#10853=CARTESIAN_POINT('Origin',(-4.94974746830589,-5.16796194765947,5.94970645347859));
#10854=CARTESIAN_POINT('Origin',(-17.5000000000001,20.7817855206464,8.94970645347859));
#10855=CARTESIAN_POINT('',(-11.9494636088695,23.684041428904,8.19659197615862));
#10856=CARTESIAN_POINT('Ctrl Pts',(-10.7136601228343,23.7817855206464,8.94970645347859));
#10857=CARTESIAN_POINT('Ctrl Pts',(-10.8560690624165,23.7817855206464,8.86249914428178));
#10858=CARTESIAN_POINT('Ctrl Pts',(-10.9997630424129,23.7779797217647,8.77451285182224));
#10859=CARTESIAN_POINT('Ctrl Pts',(-11.1443623422208,23.7701842363812,8.68612892068293));
#10860=CARTESIAN_POINT('Ctrl Pts',(-11.2876225472097,23.7624609428694,8.59856348911062));
#10861=CARTESIAN_POINT('Ctrl Pts',(-11.43177138181,23.7508212361522,8.5106080759812));
#10862=CARTESIAN_POINT('Ctrl Pts',(-11.5764395774927,23.7351270632346,8.42266401417889));
#10863=CARTESIAN_POINT('Ctrl Pts',(-11.7005592663183,23.7216620728839,8.34721142742723));
#10864=CARTESIAN_POINT('Ctrl Pts',(-11.8250612554359,23.7052131509638,8.27176781071936));
#10865=CARTESIAN_POINT('Ctrl Pts',(-11.9497123359374,23.6857196629886,8.1966018810989));
#10866=CARTESIAN_POINT('',(-4.16588934801166,20.7817855206464,5.94970550024034));
#10867=CARTESIAN_POINT('Origin',(-4.16588934801169,20.7817855206464,8.94970645347859));
#10868=CARTESIAN_POINT('',(-17.5000000000001,20.7817855206464,5.94970645347859));
#10869=CARTESIAN_POINT('Ctrl Pts',(-11.9494642970226,23.6840413201033,8.1965919763241));
#10870=CARTESIAN_POINT('Ctrl Pts',(-11.7668040253239,23.6589136880128,8.09823726257771));
#10871=CARTESIAN_POINT('Ctrl Pts',(-11.5844766699392,23.6286383735258,8.00076962925752));
#10872=CARTESIAN_POINT('Ctrl Pts',(-11.4028013798682,23.5932427607275,7.90473581815064));
#10873=CARTESIAN_POINT('Ctrl Pts',(-11.2211260897973,23.5578471479292,7.80870200704377));
#10874=CARTESIAN_POINT('Ctrl Pts',(-11.040102877896,23.517332221144,7.71410205399766));
#10875=CARTESIAN_POINT('Ctrl Pts',(-10.8600015882429,23.4716975779516,7.62148748650042));
#10876=CARTESIAN_POINT('Ctrl Pts',(-10.8153735304829,23.4603895773472,7.59853813241393));
#10877=CARTESIAN_POINT('Ctrl Pts',(-10.7707709669644,23.4487592245072,7.57569484536849));
#10878=CARTESIAN_POINT('Ctrl Pts',(-10.7261986719831,23.4368043715994,7.55296570800011));
#10879=CARTESIAN_POINT('Ctrl Pts',(-10.722018898757,23.4356833035878,7.55083427994903));
#10880=CARTESIAN_POINT('Ctrl Pts',(-10.7178393808324,23.434559379015,7.54870385025462));
#10881=CARTESIAN_POINT('Ctrl Pts',(-10.7136601228342,23.4334325962094,7.54657442600164));
#10882=CARTESIAN_POINT('Origin',(-12.8436552207332,24.0283408100769,138.577695333204));
#10883=CARTESIAN_POINT('',(-15.4351922268353,22.2437676964659,35.));
#10884=CARTESIAN_POINT('',(-24.5695357077974,15.9537152109217,35.));
#10885=CARTESIAN_POINT('',(-31.2142804462158,11.3780395485375,35.));
#10886=CARTESIAN_POINT('',(-15.2508813043944,22.370687094475,34.5263303581638));
#10887=CARTESIAN_POINT('',(-24.4027004815479,16.0686005698678,58.0460374616933));
#10888=CARTESIAN_POINT('',(-15.2508813043944,22.370687094475,8.19659197510171));
#10889=CARTESIAN_POINT('',(-15.2508813043944,22.370687094475,6.40502734037124));
#10890=CARTESIAN_POINT('',(-24.709044479392,15.857647278122,8.19659197210073));
#10891=CARTESIAN_POINT('',(-31.5397348230707,11.153926549466,8.1965919721586));
#10892=CARTESIAN_POINT('',(-24.5695357077974,15.9537152109217,8.94970454612995));
#10893=CARTESIAN_POINT('Origin',(-28.9261019695041,12.9537152109217,8.94970454612995));
#10894=CARTESIAN_POINT('',(-24.5695357077974,15.9537152109217,88.2888476666021));
#10895=CARTESIAN_POINT('Origin',(-10.7136601228343,15.7817855206464,11.9497064534786));
#10896=CARTESIAN_POINT('Origin',(-11.3229005579883,17.7457875993717,8.1965919761584));
#10897=CARTESIAN_POINT('Origin',(-10.7136601228343,15.7817855206464,59.1164457977629));
#10898=CARTESIAN_POINT('Ctrl Pts',(-13.7189773897744,20.1460734576049,2.64970645347858));
#10899=CARTESIAN_POINT('Ctrl Pts',(-12.8421430498492,20.7498753652901,2.64970645347858));
#10900=CARTESIAN_POINT('Ctrl Pts',(-11.778279868751,21.0807421228134,2.64970645347857));
#10901=CARTESIAN_POINT('Ctrl Pts',(-10.713660122834,21.0807421228134,2.64970645347857));
#10902=CARTESIAN_POINT('Ctrl Pts',(-14.1830542573732,20.820000665678,4.53716014884069));
#10903=CARTESIAN_POINT('Ctrl Pts',(-13.1708222726488,21.5170395196178,4.5371601488407));
#10904=CARTESIAN_POINT('Ctrl Pts',(-11.9426746690461,21.8989995522459,4.53716014884069));
#10905=CARTESIAN_POINT('Ctrl Pts',(-10.713660122834,21.8989995522459,4.53716014884068));
#10906=CARTESIAN_POINT('Ctrl Pts',(-14.6943505178698,21.5624993450834,6.38851766419948));
#10907=CARTESIAN_POINT('Ctrl Pts',(-13.5329422174905,22.3622633545886,6.38851766419949));
#10908=CARTESIAN_POINT('Ctrl Pts',(-12.1237990206345,22.8005139198057,6.38851766419949));
#10909=CARTESIAN_POINT('Ctrl Pts',(-10.713660122834,22.8005139198057,6.38851766419948));
#10910=CARTESIAN_POINT('Ctrl Pts',(-15.2508813044454,22.370687094549,8.19659197632409));
#10911=CARTESIAN_POINT('Ctrl Pts',(-13.9270971623738,23.282265660706,8.19659197632411));
#10912=CARTESIAN_POINT('Ctrl Pts',(-12.3209497473503,23.7817855207362,8.19659197632411));
#10913=CARTESIAN_POINT('Ctrl Pts',(-10.713660122834,23.7817855207362,8.19659197632409));
#10914=CARTESIAN_POINT('',(-13.7189773862126,20.1460734524327,2.64970645516657));
#10915=CARTESIAN_POINT('Ctrl Pts',(-10.7136601228343,21.0807421228134,2.64970645347859));
#10916=CARTESIAN_POINT('Ctrl Pts',(-11.2461484949062,21.0807421228134,2.64970645347859));
#10917=CARTESIAN_POINT('Ctrl Pts',(-11.7782613205981,20.9979723781423,2.64970645347859));
#10918=CARTESIAN_POINT('Ctrl Pts',(-12.7952152465042,20.6816946330399,2.64970645347859));
#10919=CARTESIAN_POINT('Ctrl Pts',(-13.2804132056756,20.4480756476923,2.64970645347859));
#10920=CARTESIAN_POINT('Ctrl Pts',(-13.7189773897744,20.1460734576049,2.64970645347859));
#10921=CARTESIAN_POINT('Origin',(-50.1440236267088,73.0421159632559,-25.1931506893786));
#10922=CARTESIAN_POINT('Origin',(-66.4328770973475,61.8253553484811,-25.1931508494539));
#10923=CARTESIAN_POINT('',(-16.1073681218324,18.5013900723122,2.64970642434333));
#10924=CARTESIAN_POINT('',(-30.0078308997686,8.92931289998799,2.64970645347859));
#10925=CARTESIAN_POINT('',(-19.2129780099825,19.2193645534491,7.54657350247582));
#10926=CARTESIAN_POINT('Ctrl Pts',(-16.107367772528,18.501389984527,2.64970588624301));
#10927=CARTESIAN_POINT('Ctrl Pts',(-16.7369777976859,18.4881079600223,3.44815153486963));
#10928=CARTESIAN_POINT('Ctrl Pts',(-17.4287366154615,18.4952843656245,4.319776925437));
#10929=CARTESIAN_POINT('Ctrl Pts',(-18.2289396034183,18.5642921147849,5.38410294652688));
#10930=CARTESIAN_POINT('Ctrl Pts',(-18.4771625618888,18.5938538504201,5.72205344481164));
#10931=CARTESIAN_POINT('Ctrl Pts',(-18.7996074470549,18.6649848496026,6.20650347540602));
#10932=CARTESIAN_POINT('Ctrl Pts',(-18.9196796640045,18.6992404687961,6.39774624762447));
#10933=CARTESIAN_POINT('Ctrl Pts',(-19.1385243715956,18.8045346017491,6.81162634812132));
#10934=CARTESIAN_POINT('Ctrl Pts',(-19.2079466776551,18.8745827153692,6.99922373168765));
#10935=CARTESIAN_POINT('Ctrl Pts',(-19.2471209581198,18.9991792782077,7.23872216201733));
#10936=CARTESIAN_POINT('Ctrl Pts',(-19.2505956849562,19.0433151611276,7.31190167189442));
#10937=CARTESIAN_POINT('Ctrl Pts',(-19.2396412488986,19.1329676159292,7.44052164698577));
#10938=CARTESIAN_POINT('Ctrl Pts',(-19.228760819913,19.1751285989886,7.49463779629336));
#10939=CARTESIAN_POINT('Ctrl Pts',(-19.2129780099825,19.2193645534491,7.54657350247578));
#10940=CARTESIAN_POINT('',(-24.4611939063937,15.6053606009241,7.54657350247181));
#10941=CARTESIAN_POINT('',(-31.3421640112578,10.8670164384519,7.54657350247582));
#10942=CARTESIAN_POINT('Ctrl Pts',(-24.4611939063932,15.6053606009244,7.54657350247173));
#10943=CARTESIAN_POINT('Ctrl Pts',(-24.4753453924331,15.6508630414499,7.63256428515639));
#10944=CARTESIAN_POINT('Ctrl Pts',(-24.4978286481556,15.6908194031838,7.71840622921778));
#10945=CARTESIAN_POINT('Ctrl Pts',(-24.5697727347596,15.7786384322959,7.93009833662089));
#10946=CARTESIAN_POINT('Ctrl Pts',(-24.632270585867,15.8233362020548,8.06429165279856));
#10947=CARTESIAN_POINT('Ctrl Pts',(-24.7090444793866,15.8576472781106,8.1965919721068));
#10948=CARTESIAN_POINT('Origin',(-32.2000000000189,15.9537152109217,38.));
#10949=CARTESIAN_POINT('',(-32.2000000000189,15.9537152102601,8.94970454612995));
#10950=CARTESIAN_POINT('',(-17.4003064940599,15.9537152109217,8.94970454612995));
#10951=CARTESIAN_POINT('',(-32.2000000000189,15.9537152102601,38.000000000464));
#10952=CARTESIAN_POINT('Origin',(-19.2799544774313,15.9537152109217,35.));
#10953=CARTESIAN_POINT('Origin',(-17.8026541067606,-21.2182144793536,8.94970371021658));
#10954=CARTESIAN_POINT('',(-10.7097904066303,-21.2182144793536,5.94970454612995));
#10955=CARTESIAN_POINT('Origin',(-10.7097904066303,-21.2182144793536,8.94970454612995));
#10956=CARTESIAN_POINT('',(-17.8026541067606,-21.2182144793536,5.94970454612995));
#10957=CARTESIAN_POINT('Ctrl Pts',(14.9553072244414,-21.2182144793536,11.9497037102166));
#10958=CARTESIAN_POINT('Ctrl Pts',(14.9553072244414,-21.4410632026758,11.9497037102166));
#10959=CARTESIAN_POINT('Ctrl Pts',(14.9395366361672,-21.6625964936213,11.9248256887275));
#10960=CARTESIAN_POINT('Ctrl Pts',(14.8803077824899,-22.0969786941989,11.8268714823096));
#10961=CARTESIAN_POINT('Ctrl Pts',(14.8367400153766,-22.3075249886141,11.7535522049354));
#10962=CARTESIAN_POINT('Ctrl Pts',(14.713985179174,-22.7456854352389,11.5453540592445));
#10963=CARTESIAN_POINT('Ctrl Pts',(14.5981345396333,-23.0851328304498,11.3463543356068));
#10964=CARTESIAN_POINT('Ctrl Pts',(14.2132999930259,-23.6704356782446,10.7189841187801));
#10965=CARTESIAN_POINT('Ctrl Pts',(14.0167213988732,-23.8687945560765,10.4011648874988));
#10966=CARTESIAN_POINT('Ctrl Pts',(13.6025057389205,-24.1444722071264,9.71163539861823));
#10967=CARTESIAN_POINT('Ctrl Pts',(13.3833525460137,-24.2172285579095,9.33647416796414));
#10968=CARTESIAN_POINT('Ctrl Pts',(13.1699926399704,-24.2182111640594,8.95485352109482));
#10969=CARTESIAN_POINT('Ctrl Pts',(13.1685534973284,-24.2182144793536,8.95227870273206));
#10970=CARTESIAN_POINT('Ctrl Pts',(13.1671146676227,-24.2182144793536,8.94970371021659));
#10971=CARTESIAN_POINT('Origin',(-10.7097904066303,-16.2182144793536,11.9497064534786));
#10972=CARTESIAN_POINT('',(-15.2470115881904,-22.8071160531823,8.94970454612996));
#10973=CARTESIAN_POINT('Origin',(-10.7097904066303,-16.2182144793536,8.94970454612995));
#10974=CARTESIAN_POINT('',(-15.2470115881904,-22.8071160531823,34.5263303581637));
#10975=CARTESIAN_POINT('Origin',(-10.7097904066303,-16.2182144793536,59.1164457977629));
#10976=CARTESIAN_POINT('',(-15.2470115881904,-22.8071160531823,28.2068193565128));
#10977=CARTESIAN_POINT('Origin',(-12.8436552207332,-24.4621050213857,138.577695333204));
#10978=CARTESIAN_POINT('',(-25.199443217295,-15.953715210929,35.));
#10979=CARTESIAN_POINT('',(-15.4313225106314,-22.6801966551732,35.));
#10980=CARTESIAN_POINT('',(-20.0029074787963,-19.5321313944553,35.));
#10981=CARTESIAN_POINT('',(-25.199443217295,-15.953715210929,8.94970454612995));
#10982=CARTESIAN_POINT('',(-25.1994432172951,-15.953715210929,88.2888476666021));
#10983=CARTESIAN_POINT('',(-15.082253666543,-22.9205709475304,8.94970454612996));
#10984=CARTESIAN_POINT('',(-24.3994233276913,-16.5046214808295,58.0475603166117));
#10985=CARTESIAN_POINT('Ctrl Pts',(-32.2000000000189,-15.9537152108383,
38.));
#10986=CARTESIAN_POINT('Ctrl Pts',(-32.2000000000189,-15.9537152108383,
-0.46035454464485));
#10987=CARTESIAN_POINT('Ctrl Pts',(-32.5392025162336,-15.9537152108504,
38.));
#10988=CARTESIAN_POINT('Ctrl Pts',(-32.5392025162336,-15.9537152108504,
-0.46035454464485));
#10989=CARTESIAN_POINT('Ctrl Pts',(-32.8725066186673,-15.8862266275092,
38.));
#10990=CARTESIAN_POINT('Ctrl Pts',(-32.8725066186673,-15.8862266275092,
-0.46035454464485));
#10991=CARTESIAN_POINT('Ctrl Pts',(-33.5451356717893,-15.6111996623188,
38.));
#10992=CARTESIAN_POINT('Ctrl Pts',(-33.5451356717893,-15.6111996623188,
-0.46035454464485));
#10993=CARTESIAN_POINT('Ctrl Pts',(-33.8671851727792,-15.3901794659714,
37.9999999999993));
#10994=CARTESIAN_POINT('Ctrl Pts',(-33.8671851727792,-15.3901794659714,
-0.460354544645556));
#10995=CARTESIAN_POINT('Ctrl Pts',(-34.4677175677442,-14.7913996568062,
37.9999999999993));
#10996=CARTESIAN_POINT('Ctrl Pts',(-34.4677175677442,-14.7913996568062,
-0.460354544645556));
#10997=CARTESIAN_POINT('Ctrl Pts',(-34.7210846623875,-14.3985878722022,
38.));
#10998=CARTESIAN_POINT('Ctrl Pts',(-34.7210846623875,-14.3985878722022,
-0.46035454464485));
#10999=CARTESIAN_POINT('Ctrl Pts',(-35.0991904793746,-13.4861509720609,
38.));
#11000=CARTESIAN_POINT('Ctrl Pts',(-35.0991904793746,-13.4861509720609,
-0.46035454464485));
#11001=CARTESIAN_POINT('Ctrl Pts',(-35.1999999802615,-12.9577520585271,
38.));
#11002=CARTESIAN_POINT('Ctrl Pts',(-35.1999999802615,-12.9577520585271,
-0.46035454464485));
#11003=CARTESIAN_POINT('Ctrl Pts',(-35.2,-12.4319666406815,38.));
#11004=CARTESIAN_POINT('Ctrl Pts',(-35.2,-12.4319666406815,-0.46035454464485));
#11005=CARTESIAN_POINT('',(-34.4839598562458,-14.7152351399537,8.94970454612995));
#11006=CARTESIAN_POINT('',(-35.2,-12.4319666406815,8.94970454612995));
#11007=CARTESIAN_POINT('Ctrl Pts',(-34.4839862541615,-14.7152542888069,
8.94970454612997));
#11008=CARTESIAN_POINT('Ctrl Pts',(-34.5063203264299,-14.684465345344,8.94970454612997));
#11009=CARTESIAN_POINT('Ctrl Pts',(-34.5271051503955,-14.6547441722963,
8.94970454612997));
#11010=CARTESIAN_POINT('Ctrl Pts',(-34.5466209695957,-14.6259757579823,
8.94970454612998));
#11011=CARTESIAN_POINT('Ctrl Pts',(-34.5670396069602,-14.5958764926937,
8.94970454612998));
#11012=CARTESIAN_POINT('Ctrl Pts',(-34.5860690072621,-14.5668198312052,
8.94970454612999));
#11013=CARTESIAN_POINT('Ctrl Pts',(-34.6039887707216,-14.5386351355261,
8.94970454612999));
#11014=CARTESIAN_POINT('Ctrl Pts',(-34.6231167766377,-14.5085500829578,
8.94970454612999));
#11015=CARTESIAN_POINT('Ctrl Pts',(-34.6409804930249,-14.4794583125257,
8.94970454612999));
#11016=CARTESIAN_POINT('Ctrl Pts',(-34.6578743858481,-14.4511134490091,
8.94970454612999));
#11017=CARTESIAN_POINT('Ctrl Pts',(-34.671055531082,-14.4289978971611,8.94970454612999));
#11018=CARTESIAN_POINT('Ctrl Pts',(-34.6836453057492,-14.4073361778922,
8.94970454612999));
#11019=CARTESIAN_POINT('Ctrl Pts',(-34.6957662524069,-14.3859978919735,
8.94970454612999));
#11020=CARTESIAN_POINT('Ctrl Pts',(-34.7039422273747,-14.371604520197,8.94970454612999));
#11021=CARTESIAN_POINT('Ctrl Pts',(-34.711905586783,-14.3573562457091,8.94970454612999));
#11022=CARTESIAN_POINT('Ctrl Pts',(-34.7196870964582,-14.3432165998097,
8.94970454612999));
#11023=CARTESIAN_POINT('Ctrl Pts',(-34.7427302661788,-14.301345256863,8.94970454612999));
#11024=CARTESIAN_POINT('Ctrl Pts',(-34.7641524715655,-14.260479196189,8.94970454613));
#11025=CARTESIAN_POINT('Ctrl Pts',(-34.7842143901107,-14.2205293047012,
8.94970454613));
#11026=CARTESIAN_POINT('Ctrl Pts',(-34.8059487857174,-14.1772489601978,
8.94970454613001));
#11027=CARTESIAN_POINT('Ctrl Pts',(-34.8260869062977,-14.1350437673241,
8.94970454613));
#11028=CARTESIAN_POINT('Ctrl Pts',(-34.8449102680452,-14.0937566513624,
8.94970454613));
#11029=CARTESIAN_POINT('Ctrl Pts',(-34.8637336297926,-14.0524695354007,
8.94970454613));
#11030=CARTESIAN_POINT('Ctrl Pts',(-34.8812418822611,-14.0120998821439,
8.94970454613001));
#11031=CARTESIAN_POINT('Ctrl Pts',(-34.8976702375376,-13.9724553252778,
8.94970454613001));
#11032=CARTESIAN_POINT('Ctrl Pts',(-34.9137529574435,-13.9336448483226,
8.94970454613));
#11033=CARTESIAN_POINT('Ctrl Pts',(-34.9287958826477,-13.8955369218088,
8.94970454613001));
#11034=CARTESIAN_POINT('Ctrl Pts',(-34.942984449851,-13.8579217748218,8.94970454613001));
#11035=CARTESIAN_POINT('Ctrl Pts',(-34.9532695518561,-13.8306550594334,
8.94970454613001));
#11036=CARTESIAN_POINT('Ctrl Pts',(-34.9631049013992,-13.803646790091,8.94970454613));
#11037=CARTESIAN_POINT('Ctrl Pts',(-34.9725493072468,-13.7768109373703,
8.94970454613));
#11038=CARTESIAN_POINT('Ctrl Pts',(-34.9870170613772,-13.7357014673509,
8.94970454613));
#11039=CARTESIAN_POINT('Ctrl Pts',(-35.0005700649707,-13.6949858722312,
8.94970454613));
#11040=CARTESIAN_POINT('Ctrl Pts',(-35.0132893060977,-13.654647563989,8.94970454613));
#11041=CARTESIAN_POINT('Ctrl Pts',(-35.0321238175676,-13.5949150436537,
8.94970454613));
#11042=CARTESIAN_POINT('Ctrl Pts',(-35.0491326927125,-13.5360093348476,
8.94970454613));
#11043=CARTESIAN_POINT('Ctrl Pts',(-35.0645421949097,-13.4778396597373,
8.94970454613));
#11044=CARTESIAN_POINT('Ctrl Pts',(-35.0803896325217,-13.4180168124171,
8.94970454613));
#11045=CARTESIAN_POINT('Ctrl Pts',(-35.0945454577579,-13.3589720335031,
8.94970454613));
#11046=CARTESIAN_POINT('Ctrl Pts',(-35.1072074036013,-13.3005769057336,
8.94970454613));
#11047=CARTESIAN_POINT('Ctrl Pts',(-35.1201930289877,-13.2406890130676,
8.94970454613));
#11048=CARTESIAN_POINT('Ctrl Pts',(-35.1316073888236,-13.1814840071035,
8.94970454613));
#11049=CARTESIAN_POINT('Ctrl Pts',(-35.1416142157519,-13.122798795067,8.94970454613));
#11050=CARTESIAN_POINT('Ctrl Pts',(-35.1519306348107,-13.0622979745513,
8.94970454613));
#11051=CARTESIAN_POINT('Ctrl Pts',(-35.1607511370463,-13.0023492122144,
8.94970454613));
#11052=CARTESIAN_POINT('Ctrl Pts',(-35.1682029066661,-12.9427541853847,
8.94970454613));
#11053=CARTESIAN_POINT('Ctrl Pts',(-35.1756290612323,-12.8833640132252,
8.94970454613));
#11054=CARTESIAN_POINT('Ctrl Pts',(-35.1816957113353,-12.824324695356,8.94970454613));
#11055=CARTESIAN_POINT('Ctrl Pts',(-35.1864789431156,-12.7654273464404,
8.94970454613));
#11056=CARTESIAN_POINT('Ctrl Pts',(-35.1894281268195,-12.7291131744332,
8.94970454613));
#11057=CARTESIAN_POINT('Ctrl Pts',(-35.1918889734942,-12.6928451936563,
8.94970454613));
#11058=CARTESIAN_POINT('Ctrl Pts',(-35.193869277759,-12.6565832697674,8.94970454613));
#11059=CARTESIAN_POINT('Ctrl Pts',(-35.1973932826462,-12.5920541975092,
8.94970454613));
#11060=CARTESIAN_POINT('Ctrl Pts',(-35.1993980109691,-12.527550253936,8.94970454613));
#11061=CARTESIAN_POINT('Ctrl Pts',(-35.1998838773667,-12.462877686898,8.94970454613));
#11062=CARTESIAN_POINT('Ctrl Pts',(-35.1999612519072,-12.4525785384316,
8.94970454613));
#11063=CARTESIAN_POINT('Ctrl Pts',(-35.199999999613,-12.4422751155491,8.94970454613));
#11064=CARTESIAN_POINT('Ctrl Pts',(-35.2,-12.4319666406815,8.94970454613));
#11065=CARTESIAN_POINT('',(-32.2000000000189,-15.9537152102674,8.94970454612995));
#11066=CARTESIAN_POINT('Ctrl Pts',(-32.2000000000189,-15.9537152108836,
8.94970454610823));
#11067=CARTESIAN_POINT('Ctrl Pts',(-32.7153565693707,-15.9537152108929,
8.94970454611651));
#11068=CARTESIAN_POINT('Ctrl Pts',(-33.6011775609689,-15.6717689861154,
8.94970454611323));
#11069=CARTESIAN_POINT('Ctrl Pts',(-34.2567771349095,-15.0284230949223,
8.94970454612375));
#11070=CARTESIAN_POINT('Ctrl Pts',(-34.4839598562458,-14.7152351399537,
8.94970454612995));
#11071=CARTESIAN_POINT('',(-32.2000000000189,-15.9537152102674,38.0000000004641));
#11072=CARTESIAN_POINT('',(-35.2,-12.4319666406815,38.));
#11073=CARTESIAN_POINT('Origin',(-35.2,16.,44.1062535461621));
#11074=CARTESIAN_POINT('',(-35.2,12.4319666405881,8.94970454612995));
#11075=CARTESIAN_POINT('',(-35.2,7.99876441865783,8.94970454612995));
#11076=CARTESIAN_POINT('',(-35.2,12.4319666405881,38.));
#11077=CARTESIAN_POINT('Ctrl Pts',(-35.2,12.4319666405881,38.));
#11078=CARTESIAN_POINT('Ctrl Pts',(-35.2,12.4319666405881,-0.460354544659909));
#11079=CARTESIAN_POINT('Ctrl Pts',(-35.1999999895657,12.7099142222468,38.));
#11080=CARTESIAN_POINT('Ctrl Pts',(-35.1999999895657,12.7099142222468,-0.460354544659909));
#11081=CARTESIAN_POINT('Ctrl Pts',(-35.1718284803545,12.9888474891061,38.0000000000005));
#11082=CARTESIAN_POINT('Ctrl Pts',(-35.1718284803545,12.9888474891061,-0.460354544659412));
#11083=CARTESIAN_POINT('Ctrl Pts',(-35.056168372163,13.5489108497396,38.0000000000005));
#11084=CARTESIAN_POINT('Ctrl Pts',(-35.056168372163,13.5489108497396,-0.460354544659412));
#11085=CARTESIAN_POINT('Ctrl Pts',(-34.9654916457082,13.8298920656967,37.9999999999868));
#11086=CARTESIAN_POINT('Ctrl Pts',(-34.9654916457082,13.8298920656967,-0.460354544673112));
#11087=CARTESIAN_POINT('Ctrl Pts',(-34.6676631898349,14.4816259441522,37.9999999999868));
#11088=CARTESIAN_POINT('Ctrl Pts',(-34.6676631898349,14.4816259441522,-0.460354544673112));
#11089=CARTESIAN_POINT('Ctrl Pts',(-34.4273002384181,14.8357449022761,37.9999999999997));
#11090=CARTESIAN_POINT('Ctrl Pts',(-34.4273002384181,14.8357449022761,-0.460354544660206));
#11091=CARTESIAN_POINT('Ctrl Pts',(-33.8598875297109,15.3936716668142,37.9999999999997));
#11092=CARTESIAN_POINT('Ctrl Pts',(-33.8598875297109,15.3936716668142,-0.460354544660206));
#11093=CARTESIAN_POINT('Ctrl Pts',(-33.5498636414152,15.6061067291002,38.));
#11094=CARTESIAN_POINT('Ctrl Pts',(-33.5498636414152,15.6061067291002,-0.460354544659909));
#11095=CARTESIAN_POINT('Ctrl Pts',(-32.8861680838255,15.883411673901,38.));
#11096=CARTESIAN_POINT('Ctrl Pts',(-32.8861680838255,15.883411673901,-0.460354544659909));
#11097=CARTESIAN_POINT('Ctrl Pts',(-32.546215207516,15.9537152108427,38.));
#11098=CARTESIAN_POINT('Ctrl Pts',(-32.546215207516,15.9537152108427,-0.460354544659909));
#11099=CARTESIAN_POINT('Ctrl Pts',(-32.2000000000189,15.953715210831,38.));
#11100=CARTESIAN_POINT('Ctrl Pts',(-32.2000000000189,15.953715210831,-0.460354544659909));
#11101=CARTESIAN_POINT('',(-34.4839598561963,14.7152351399769,8.94970454612995));
#11102=CARTESIAN_POINT('Ctrl Pts',(-34.4839776210321,14.7152480259425,8.94970454612999));
#11103=CARTESIAN_POINT('Ctrl Pts',(-34.4033177363176,14.8264472677993,8.94970454612779));
#11104=CARTESIAN_POINT('Ctrl Pts',(-34.3159658350937,14.9328398597916,8.94970454612649));
#11105=CARTESIAN_POINT('Ctrl Pts',(-34.2221013138965,15.0333810640229,8.9497045461249));
#11106=CARTESIAN_POINT('Ctrl Pts',(-34.1908570389758,15.0668477773859,8.94970454612437));
#11107=CARTESIAN_POINT('Ctrl Pts',(-34.1588915153651,15.0996663973867,8.94970454612381));
#11108=CARTESIAN_POINT('Ctrl Pts',(-34.1262123840399,15.1317992025361,8.94970454612317));
#11109=CARTESIAN_POINT('Ctrl Pts',(-34.0325932448308,15.2238532271222,8.94970454612133));
#11110=CARTESIAN_POINT('Ctrl Pts',(-33.9335866648761,15.309780478822,8.94970454612015));
#11111=CARTESIAN_POINT('Ctrl Pts',(-33.8297003220349,15.3887042589268,8.94970454611931));
#11112=CARTESIAN_POINT('Ctrl Pts',(-33.7335493439336,15.4617513837459,8.94970454611853));
#11113=CARTESIAN_POINT('Ctrl Pts',(-33.6332188032788,15.5287990568825,8.94970454611804));
#11114=CARTESIAN_POINT('Ctrl Pts',(-33.5291297522395,15.5891891080804,8.94970454611762));
#11115=CARTESIAN_POINT('Ctrl Pts',(-33.4770852267199,15.6193841336793,8.9497045461174));
#11116=CARTESIAN_POINT('Ctrl Pts',(-33.4241013244755,15.6479153614866,8.9497045461172));
#11117=CARTESIAN_POINT('Ctrl Pts',(-33.3702320057018,15.6747044972471,8.94970454611699));
#11118=CARTESIAN_POINT('Ctrl Pts',(-33.3527353298644,15.683405569305,8.94970454611692));
#11119=CARTESIAN_POINT('Ctrl Pts',(-33.3351452539217,15.6919228834076,8.94970454611685));
#11120=CARTESIAN_POINT('Ctrl Pts',(-33.317463643632,15.7002538230928,8.94970454611678));
#11121=CARTESIAN_POINT('Ctrl Pts',(-33.3035070850663,15.706829652201,8.94970454611672));
#11122=CARTESIAN_POINT('Ctrl Pts',(-33.2894849130351,15.7132934140634,8.94970454611666));
#11123=CARTESIAN_POINT('Ctrl Pts',(-33.2753971297917,15.7196437096209,8.9497045461166));
#11124=CARTESIAN_POINT('Ctrl Pts',(-33.252382218878,15.730018051986,8.94970454611651));
#11125=CARTESIAN_POINT('Ctrl Pts',(-33.2291930004596,15.7400891753778,8.94970454611642));
#11126=CARTESIAN_POINT('Ctrl Pts',(-33.2058335716446,15.7498492002025,8.94970454611633));
#11127=CARTESIAN_POINT('Ctrl Pts',(-33.1119765624481,15.7890644886834,8.94970454611595));
#11128=CARTESIAN_POINT('Ctrl Pts',(-33.0161520811125,15.8229130746601,8.94970454611559));
#11129=CARTESIAN_POINT('Ctrl Pts',(-32.9188101761918,15.8511192067693,8.94970454611511));
#11130=CARTESIAN_POINT('Ctrl Pts',(-32.8220505918773,15.8791566036153,8.94970454611463));
#11131=CARTESIAN_POINT('Ctrl Pts',(-32.7237922300969,15.9016186145944,8.94970454611405));
#11132=CARTESIAN_POINT('Ctrl Pts',(-32.6244945272342,15.9182825928028,8.94970454611325));
#11133=CARTESIAN_POINT('Ctrl Pts',(-32.5265518955973,15.9347191651728,8.94970454611246));
#11134=CARTESIAN_POINT('Ctrl Pts',(-32.4275986230381,15.9455147312927,8.94970454611146));
#11135=CARTESIAN_POINT('Ctrl Pts',(-32.3280846169189,15.9505053611412,8.94970454611014));
#11136=CARTESIAN_POINT('Ctrl Pts',(-32.2854806326917,15.9526419519954,8.94970454610958));
#11137=CARTESIAN_POINT('Ctrl Pts',(-32.2427739408157,15.9537152108324,8.94970454610896));
#11138=CARTESIAN_POINT('Ctrl Pts',(-32.2000000000189,15.953715210831,8.94970454610828));
#11139=CARTESIAN_POINT('Ctrl Pts',(-35.2,12.4319666405881,8.94970454612995));
#11140=CARTESIAN_POINT('Ctrl Pts',(-35.1999999959586,12.5396207662461,8.94970454612995));
#11141=CARTESIAN_POINT('Ctrl Pts',(-35.1957911292464,12.6467220820868,8.94970454612995));
#11142=CARTESIAN_POINT('Ctrl Pts',(-35.1684828369241,12.9958942989021,8.94970454612995));
#11143=CARTESIAN_POINT('Ctrl Pts',(-35.1016270552709,13.4066967163195,8.94970454612995));
#11144=CARTESIAN_POINT('Ctrl Pts',(-34.9225942425426,13.9397069034979,8.94970454612995));
#11145=CARTESIAN_POINT('Ctrl Pts',(-34.7261868947184,14.3441354059681,8.94970454612995));
#11146=CARTESIAN_POINT('Ctrl Pts',(-34.5845438461207,14.5765727719902,8.94970454612995));
#11147=CARTESIAN_POINT('Ctrl Pts',(-34.4839598561964,14.7152351399769,8.94970454612995));
#11148=CARTESIAN_POINT('Ctrl Pts',(-34.4839598561964,14.715235139977,8.94970454612995));
#11149=CARTESIAN_POINT('Ctrl Pts',(-34.1810301164137,15.1328458858169,8.94970454612168));
#11150=CARTESIAN_POINT('Ctrl Pts',(-33.4794949395612,15.7447535962393,8.94970454611634));
#11151=CARTESIAN_POINT('Ctrl Pts',(-32.5865051727326,15.9537152108829,8.94970454611444));
#11152=CARTESIAN_POINT('Ctrl Pts',(-32.2000000000189,15.9537152108764,8.94970454610823));
#11153=CARTESIAN_POINT('Ctrl Pts',(-34.4839598561964,14.715235139977,8.0521066451043));
#11154=CARTESIAN_POINT('Ctrl Pts',(-34.1905528711443,15.1271966784574,8.05753458669938));
#11155=CARTESIAN_POINT('Ctrl Pts',(-33.4710531071046,15.7661274192845,8.05964800649846));
#11156=CARTESIAN_POINT('Ctrl Pts',(-32.5514542993978,15.957066447393,8.05676117546354));
#11157=CARTESIAN_POINT('Ctrl Pts',(-32.1724906907424,15.9537152108759,8.05210664508258));
#11158=CARTESIAN_POINT('Ctrl Pts',(-34.0506100726918,14.4008884943036,6.94249090721511));
#11159=CARTESIAN_POINT('Ctrl Pts',(-33.8156134633293,14.7083233579708,6.91685400907221));
#11160=CARTESIAN_POINT('Ctrl Pts',(-33.1821740036861,15.2243294591408,6.89779422041685));
#11161=CARTESIAN_POINT('Ctrl Pts',(-32.4269678831142,15.4115892875413,6.92322541221327));
#11162=CARTESIAN_POINT('Ctrl Pts',(-32.1381040541468,15.4183593960444,6.94249090720908));
#11163=CARTESIAN_POINT('Ctrl Pts',(-32.9602216857933,13.6099340622264,6.10588936286414));
#11164=CARTESIAN_POINT('Ctrl Pts',(-32.8247501657,13.7146723801782,6.08610755187599));
#11165=CARTESIAN_POINT('Ctrl Pts',(-32.5271840029092,13.9069131419042,6.06946906309675));
#11166=CARTESIAN_POINT('Ctrl Pts',(-32.2119312121442,14.0333475348999,6.09008458702737));
#11167=CARTESIAN_POINT('Ctrl Pts',(-32.0899627629129,14.0713049250191,6.10588936285756));
#11168=CARTESIAN_POINT('Ctrl Pts',(-32.418861482788,13.2172379760775,5.94970454612995));
#11169=CARTESIAN_POINT('Ctrl Pts',(-32.3574819890689,13.2504172862659,5.94970454612995));
#11170=CARTESIAN_POINT('Ctrl Pts',(-32.2346574977096,13.315593498266,5.94970454612995));
#11171=CARTESIAN_POINT('Ctrl Pts',(-32.1157482890135,13.3784053276863,5.94970454612995));
#11172=CARTESIAN_POINT('Ctrl Pts',(-32.0693307809556,13.4025141614345,5.94970454612995));
#11173=CARTESIAN_POINT('Ctrl Pts',(-32.0555761263173,12.9537152109217,5.94970454612995));
#11174=CARTESIAN_POINT('Ctrl Pts',(-32.0555761263173,12.9537152109217,5.94970454612995));
#11175=CARTESIAN_POINT('Ctrl Pts',(-32.0555761263173,12.9537152109217,5.94970454612995));
#11176=CARTESIAN_POINT('Ctrl Pts',(-32.0555761263173,12.9537152109217,5.94970454612995));
#11177=CARTESIAN_POINT('Ctrl Pts',(-32.0555761263173,12.9537152109217,5.94970454612995));
#11178=CARTESIAN_POINT('',(-32.0555761263173,12.9537152109217,5.94970454612995));
#11179=CARTESIAN_POINT('Origin',(-32.0555761263173,12.9537152109217,8.94970454612995));
#11180=CARTESIAN_POINT('Ctrl Pts',(-32.0555761263173,12.9537152109217,5.94970454612995));
#11181=CARTESIAN_POINT('Ctrl Pts',(-32.0586737497152,13.0547871873975,5.94970454612995));
#11182=CARTESIAN_POINT('Ctrl Pts',(-32.061771373113,13.1558589881653,5.95481666212654));
#11183=CARTESIAN_POINT('Ctrl Pts',(-32.0679665269236,13.3569682960049,5.97521267683452));
#11184=CARTESIAN_POINT('Ctrl Pts',(-32.0710640573364,13.4570054844738,5.99049623448956));
#11185=CARTESIAN_POINT('Ctrl Pts',(-32.0772590313668,13.6550248650126,6.03107830631089));
#11186=CARTESIAN_POINT('Ctrl Pts',(-32.0803564749845,13.7530067704601,6.05637646906505));
#11187=CARTESIAN_POINT('Ctrl Pts',(-32.0865512816126,13.9459159846623,6.1167288223291));
#11188=CARTESIAN_POINT('Ctrl Pts',(-32.0896486446231,14.0408430376523,6.15178265383126));
#11189=CARTESIAN_POINT('Ctrl Pts',(-32.0958432962233,14.2266742276956,6.23128797064743));
#11190=CARTESIAN_POINT('Ctrl Pts',(-32.0989405848131,14.31757813851,6.27573909179172));
#11191=CARTESIAN_POINT('Ctrl Pts',(-32.1051350937565,14.4944358640244,6.37358483708415));
#11192=CARTESIAN_POINT('Ctrl Pts',(-32.1082323141102,14.5803894805237,6.42697909399568));
#11193=CARTESIAN_POINT('Ctrl Pts',(-32.114426692765,14.7464700136789,6.54216582490512));
#11194=CARTESIAN_POINT('Ctrl Pts',(-32.117523851066,14.826596758583,6.60395793035151));
#11195=CARTESIAN_POINT('Ctrl Pts',(-32.1237181117975,14.9802064423002,6.73530950510794));
#11196=CARTESIAN_POINT('Ctrl Pts',(-32.1268152142279,15.0536892341719,6.80486860596314));
#11197=CARTESIAN_POINT('Ctrl Pts',(-32.1330098967775,15.1932736006723,6.95105663369664));
#11198=CARTESIAN_POINT('Ctrl Pts',(-32.1361074768967,15.2593737915174,7.02768639618911));
#11199=CARTESIAN_POINT('Ctrl Pts',(-32.1423024630118,15.3835017382778,7.18722006618871));
#11200=CARTESIAN_POINT('Ctrl Pts',(-32.1453998690078,15.4415297324014,7.27012334318981));
#11201=CARTESIAN_POINT('Ctrl Pts',(-32.1515945316266,15.5489228637713,7.44135764835934));
#11202=CARTESIAN_POINT('Ctrl Pts',(-32.1546917882494,15.5982882323878,7.52968811680362));
#11203=CARTESIAN_POINT('Ctrl Pts',(-32.1608861768594,15.6878539594373,7.71087541855067));
#11204=CARTESIAN_POINT('Ctrl Pts',(-32.1639833088465,15.728054531297,7.80373175461499));
#11205=CARTESIAN_POINT('Ctrl Pts',(-32.1701779382745,15.798887160082,7.99303778420157));
#11206=CARTESIAN_POINT('Ctrl Pts',(-32.1732754357153,15.8295179633243,8.08948757179124));
#11207=CARTESIAN_POINT('Ctrl Pts',(-32.179470129722,15.8808894674012,8.28497632982015));
#11208=CARTESIAN_POINT('Ctrl Pts',(-32.1825673262879,15.9016310401691,8.38401470794352));
#11209=CARTESIAN_POINT('Ctrl Pts',(-32.1887618704539,15.9330175834597,8.583683920466));
#11210=CARTESIAN_POINT('Ctrl Pts',(-32.191859218054,15.9436620066149,8.68431448537797));
#11211=CARTESIAN_POINT('Ctrl Pts',(-32.1966377104424,15.9522103603511,8.83999681742895));
#11212=CARTESIAN_POINT('Ctrl Pts',(-32.1983188552306,15.9537152109217,8.89485067764143));
#11213=CARTESIAN_POINT('Ctrl Pts',(-32.2000000000189,15.9537152109217,8.94970454612995));
#11214=CARTESIAN_POINT('Ctrl Pts',(-32.2000000000189,-15.9537152108836,
8.94970454610823));
#11215=CARTESIAN_POINT('Ctrl Pts',(-32.7153565693707,-15.9537152108929,
8.94970454611651));
#11216=CARTESIAN_POINT('Ctrl Pts',(-33.6011775609689,-15.6717689861154,
8.94970454611323));
#11217=CARTESIAN_POINT('Ctrl Pts',(-34.2567771349095,-15.0284230949223,
8.94970454612375));
#11218=CARTESIAN_POINT('Ctrl Pts',(-34.4839598562458,-14.7152351399537,
8.94970454612995));
#11219=CARTESIAN_POINT('Ctrl Pts',(-32.1724906907476,-15.9537152108831,
8.05210664508258));
#11220=CARTESIAN_POINT('Ctrl Pts',(-32.6777887291526,-15.9581835197603,
8.058312699232));
#11221=CARTESIAN_POINT('Ctrl Pts',(-33.6011258181219,-15.6900976708141,
8.05947609746592));
#11222=CARTESIAN_POINT('Ctrl Pts',(-34.2639164231482,-15.0241900188154,
8.05617760130075));
#11223=CARTESIAN_POINT('Ctrl Pts',(-34.4839598562458,-14.7152351399537,
8.0521066451043));
#11224=CARTESIAN_POINT('Ctrl Pts',(-32.1381040541585,-15.4183593960346,
6.9424909072188));
#11225=CARTESIAN_POINT('Ctrl Pts',(-32.5232629397242,-15.4093326258551,
6.91680363104975));
#11226=CARTESIAN_POINT('Ctrl Pts',(-33.3016191128394,-15.1568551527236,
6.89780693629742));
#11227=CARTESIAN_POINT('Ctrl Pts',(-33.8743689649811,-14.6314558890871,
6.92326323361699));
#11228=CARTESIAN_POINT('Ctrl Pts',(-34.0506100727235,-14.4008884942758,
6.94249090722482));
#11229=CARTESIAN_POINT('Ctrl Pts',(-32.0899627629337,-14.0713049250181,
6.10588936286297));
#11230=CARTESIAN_POINT('Ctrl Pts',(-32.2525886957117,-14.0206950916866,
6.08481632767804));
#11231=CARTESIAN_POINT('Ctrl Pts',(-32.5780823421749,-13.8791074463891,
6.06979552891866));
#11232=CARTESIAN_POINT('Ctrl Pts',(-32.858619236241,-13.6884861595059,6.09105300462792));
#11233=CARTESIAN_POINT('Ctrl Pts',(-32.9602216858221,-13.6099340622174,
6.10588936286955));
#11234=CARTESIAN_POINT('Ctrl Pts',(-32.0693307809802,-13.4025141614418,
5.94970454612995));
#11235=CARTESIAN_POINT('Ctrl Pts',(-32.131220791725,-13.3703690495477,5.94970454612995));
#11236=CARTESIAN_POINT('Ctrl Pts',(-32.2541890751852,-13.305230212887,5.94970454612995));
#11237=CARTESIAN_POINT('Ctrl Pts',(-32.3728268625287,-13.242122458722,5.94970454612995));
#11238=CARTESIAN_POINT('Ctrl Pts',(-32.4188614828186,-13.2172379760802,
5.94970454612995));
#11239=CARTESIAN_POINT('Ctrl Pts',(-32.0555761263446,-12.953715210929,5.94970454612995));
#11240=CARTESIAN_POINT('Ctrl Pts',(-32.0555761263446,-12.953715210929,5.94970454612995));
#11241=CARTESIAN_POINT('Ctrl Pts',(-32.0555761263446,-12.953715210929,5.94970454612995));
#11242=CARTESIAN_POINT('Ctrl Pts',(-32.0555761263446,-12.953715210929,5.94970454612995));
#11243=CARTESIAN_POINT('Ctrl Pts',(-32.0555761263446,-12.953715210929,5.94970454612995));
#11244=CARTESIAN_POINT('',(-32.0555761263446,-12.953715210929,5.94970454612995));
#11245=CARTESIAN_POINT('Ctrl Pts',(-32.2000000000189,-15.953715210929,8.94970454612995));
#11246=CARTESIAN_POINT('Ctrl Pts',(-32.1969023766216,-15.953715210929,8.8486325696542));
#11247=CARTESIAN_POINT('Ctrl Pts',(-32.1938047532244,-15.9486030949324,
8.74756076888633));
#11248=CARTESIAN_POINT('Ctrl Pts',(-32.1876095994149,-15.9282070802244,
8.54645146104676));
#11249=CARTESIAN_POINT('Ctrl Pts',(-32.1845120690027,-15.9129235225694,
8.44641427257786));
#11250=CARTESIAN_POINT('Ctrl Pts',(-32.1783170949735,-15.872341450748,8.24839489203907));
#11251=CARTESIAN_POINT('Ctrl Pts',(-32.1752196513564,-15.8470432879939,
8.15041298659155));
#11252=CARTESIAN_POINT('Ctrl Pts',(-32.1690248447295,-15.7866909347298,
7.9575037723894));
#11253=CARTESIAN_POINT('Ctrl Pts',(-32.1659274817195,-15.7516371032277,
7.86257671939935));
#11254=CARTESIAN_POINT('Ctrl Pts',(-32.1597328301205,-15.6721317864115,
7.67674552935611));
#11255=CARTESIAN_POINT('Ctrl Pts',(-32.1566355415313,-15.6276806652672,
7.58584161854166));
#11256=CARTESIAN_POINT('Ctrl Pts',(-32.1504410325891,-15.5298349199748,
7.4089838930273));
#11257=CARTESIAN_POINT('Ctrl Pts',(-32.1473438122359,-15.4764406630633,
7.32303027652793));
#11258=CARTESIAN_POINT('Ctrl Pts',(-32.1411494335823,-15.3612539321538,
7.1569497433727));
#11259=CARTESIAN_POINT('Ctrl Pts',(-32.1380522752819,-15.2994618267074,
7.07682299846868));
#11260=CARTESIAN_POINT('Ctrl Pts',(-32.1318580145516,-15.168110251951,6.92321331475141));
#11261=CARTESIAN_POINT('Ctrl Pts',(-32.1287609121218,-15.0985511510958,
6.84973052287975));
#11262=CARTESIAN_POINT('Ctrl Pts',(-32.1225662295734,-14.9523631233623,
6.71014615637937));
#11263=CARTESIAN_POINT('Ctrl Pts',(-32.1194686494548,-14.8757333608699,
6.64404596553432));
#11264=CARTESIAN_POINT('Ctrl Pts',(-32.1132736633408,-14.7161996908703,
6.5199180187739));
#11265=CARTESIAN_POINT('Ctrl Pts',(-32.1101762573454,-14.6332964138692,
6.46189002465034));
#11266=CARTESIAN_POINT('Ctrl Pts',(-32.1039815947278,-14.4620621086997,
6.35449689328046));
#11267=CARTESIAN_POINT('Ctrl Pts',(-32.1008843381055,-14.3737316402554,
6.30513152466389));
#11268=CARTESIAN_POINT('Ctrl Pts',(-32.0946899494967,-14.1925443385084,
6.2155657976144));
#11269=CARTESIAN_POINT('Ctrl Pts',(-32.0915928175101,-14.0996880024441,
6.17536522575465));
#11270=CARTESIAN_POINT('Ctrl Pts',(-32.0853981880834,-13.9103819728575,
6.10453259696972));
#11271=CARTESIAN_POINT('Ctrl Pts',(-32.0823006906432,-13.8139321852678,
6.07390179372735));
#11272=CARTESIAN_POINT('Ctrl Pts',(-32.0761059966376,-13.6184434272389,
6.0225302896505));
#11273=CARTESIAN_POINT('Ctrl Pts',(-32.0730088000723,-13.5194050491155,
6.0017887168826));
#11274=CARTESIAN_POINT('Ctrl Pts',(-32.0668142559074,-13.3197358365931,
5.97040217359195));
#11275=CARTESIAN_POINT('Ctrl Pts',(-32.0637169083079,-13.2191052716811,
5.95975775043674));
#11276=CARTESIAN_POINT('Ctrl Pts',(-32.0589384159205,-13.0634229396301,
5.95120939670059));
#11277=CARTESIAN_POINT('Ctrl Pts',(-32.0572572711325,-13.0085690794176,
5.94970454612995));
#11278=CARTESIAN_POINT('Ctrl Pts',(-32.0555761263446,-12.953715210929,5.94970454612995));
#11279=CARTESIAN_POINT('Origin',(-32.0555761263446,-12.953715210929,8.94970454612995));
#11280=CARTESIAN_POINT('Origin',(-10.7097904066303,-16.2182144793536,8.94970454612995));
#11281=CARTESIAN_POINT('',(-13.5455536451054,-20.3362779629966,5.94970454612995));
#11282=CARTESIAN_POINT('Origin',(-13.5455536451054,-20.3362779629966,8.94970454612996));
#11283=CARTESIAN_POINT('Origin',(-10.7097904066303,-16.2182144793536,5.94970454612995));
#11284=CARTESIAN_POINT('Origin',(-12.9485804251536,-12.953715210929,8.94970454612995));
#11285=CARTESIAN_POINT('',(-24.2664282486357,-12.953715210929,5.94970454612995));
#11286=CARTESIAN_POINT('',(-12.9485804251536,-12.953715210929,5.94970454612995));
#11287=CARTESIAN_POINT('Origin',(-24.2664282486357,-12.953715210929,8.94970454612996));
#11288=CARTESIAN_POINT('',(-12.9485804251536,-15.953715210929,8.94970454612995));
#11289=CARTESIAN_POINT('Origin',(-13.380795723458,-20.4497328573446,8.94970454612996));
#11290=CARTESIAN_POINT('',(-13.380795723458,-20.4497328573446,5.94970454612995));
#11291=CARTESIAN_POINT('Ctrl Pts',(-35.2,12.4319666405881,8.94970454612995));
#11292=CARTESIAN_POINT('Ctrl Pts',(-35.1999999959586,12.5396207662461,8.94970454612995));
#11293=CARTESIAN_POINT('Ctrl Pts',(-35.1957911292464,12.6467220820868,8.94970454612995));
#11294=CARTESIAN_POINT('Ctrl Pts',(-35.1684828369241,12.9958942989021,8.94970454612995));
#11295=CARTESIAN_POINT('Ctrl Pts',(-35.1016270552709,13.4066967163195,8.94970454612995));
#11296=CARTESIAN_POINT('Ctrl Pts',(-34.9225942425426,13.9397069034979,8.94970454612995));
#11297=CARTESIAN_POINT('Ctrl Pts',(-34.7261868947184,14.3441354059681,8.94970454612995));
#11298=CARTESIAN_POINT('Ctrl Pts',(-34.5845438461207,14.5765727719902,8.94970454612995));
#11299=CARTESIAN_POINT('Ctrl Pts',(-34.4839598561964,14.7152351399769,8.94970454612995));
#11300=CARTESIAN_POINT('Ctrl Pts',(-35.2,12.4319666405881,8.05210664510429));
#11301=CARTESIAN_POINT('Ctrl Pts',(-35.1999999959586,12.5396207662461,8.0521066451043));
#11302=CARTESIAN_POINT('Ctrl Pts',(-35.1957911292464,12.6467220820868,8.05210664510429));
#11303=CARTESIAN_POINT('Ctrl Pts',(-35.1684828369241,12.9958942989021,8.0521066451043));
#11304=CARTESIAN_POINT('Ctrl Pts',(-35.1016270552709,13.4066967163195,8.05210664510429));
#11305=CARTESIAN_POINT('Ctrl Pts',(-34.9225942425426,13.9397069034979,8.05210664510429));
#11306=CARTESIAN_POINT('Ctrl Pts',(-34.7261868947184,14.3441354059681,8.05210664510429));
#11307=CARTESIAN_POINT('Ctrl Pts',(-34.5845438461207,14.5765727719902,8.0521066451043));
#11308=CARTESIAN_POINT('Ctrl Pts',(-34.4839598561964,14.7152351399769,8.05210664510429));
#11309=CARTESIAN_POINT('Ctrl Pts',(-34.4463927628674,12.4319666122974,6.49836836298468));
#11310=CARTESIAN_POINT('Ctrl Pts',(-34.4463915804754,12.5198980537265,6.49836836298469));
#11311=CARTESIAN_POINT('Ctrl Pts',(-34.4429524766119,12.6074553597998,6.49836836298834));
#11312=CARTESIAN_POINT('Ctrl Pts',(-34.4206074374746,12.892824323775,6.49836836298469));
#11313=CARTESIAN_POINT('Ctrl Pts',(-34.3659652408129,13.2279863396284,6.49836836298469));
#11314=CARTESIAN_POINT('Ctrl Pts',(-34.2207621002841,13.6587497199382,6.49836836298468));
#11315=CARTESIAN_POINT('Ctrl Pts',(-34.0644248567004,13.9809831462104,6.49836836298468));
#11316=CARTESIAN_POINT('Ctrl Pts',(-33.9518859841397,14.1649775178439,6.49836836298468));
#11317=CARTESIAN_POINT('Ctrl Pts',(-33.8739440050724,14.2727370843472,6.49836836298468));
#11318=CARTESIAN_POINT('Ctrl Pts',(-32.8731984257692,12.4319665532391,5.94970454612995));
#11319=CARTESIAN_POINT('Ctrl Pts',(-32.8731975657767,12.4787255505163,5.94970454612995));
#11320=CARTESIAN_POINT('Ctrl Pts',(-32.871365404932,12.5254835190925,5.94970454613512));
#11321=CARTESIAN_POINT('Ctrl Pts',(-32.8594440563609,12.6776649211164,5.94970454612995));
#11322=CARTESIAN_POINT('Ctrl Pts',(-32.8302286007744,12.854939651656,5.94970454612995));
#11323=CARTESIAN_POINT('Ctrl Pts',(-32.7565098600571,13.0714616466517,5.94970454612995));
#11324=CARTESIAN_POINT('Ctrl Pts',(-32.6828333093473,13.2230418185296,5.94970454612995));
#11325=CARTESIAN_POINT('Ctrl Pts',(-32.6326184910444,13.304501141332,5.94970454612995));
#11326=CARTESIAN_POINT('Ctrl Pts',(-32.6005041610234,13.3489993586554,5.94970454612995));
#11327=CARTESIAN_POINT('Ctrl Pts',(-32.2,12.431966527967,5.94970454612995));
#11328=CARTESIAN_POINT('Ctrl Pts',(-32.199999998906,12.4611070073065,5.94970454612995));
#11329=CARTESIAN_POINT('Ctrl Pts',(-32.1988554841211,12.4904061467053,5.94970454613512));
#11330=CARTESIAN_POINT('Ctrl Pts',(-32.1914108535476,12.5855954807752,5.94970454612995));
#11331=CARTESIAN_POINT('Ctrl Pts',(-32.1730578877935,12.6953115181568,5.94970454612995));
#11332=CARTESIAN_POINT('Ctrl Pts',(-32.1301522908203,12.8199495131348,5.94970454612995));
#11333=CARTESIAN_POINT('Ctrl Pts',(-32.0915918107448,12.8987458800612,5.94970454612995));
#11334=CARTESIAN_POINT('Ctrl Pts',(-32.0684527744947,12.9359638120227,5.94970454612995));
#11335=CARTESIAN_POINT('Ctrl Pts',(-32.0555761263173,12.9537152109217,5.94970454612995));
#11336=CARTESIAN_POINT('',(-32.2,12.4319666405881,5.94970454612995));
#11337=CARTESIAN_POINT('Ctrl Pts',(-32.0555761263173,12.9537152109217,5.94970454612995));
#11338=CARTESIAN_POINT('Ctrl Pts',(-32.0684527744947,12.9359638120227,5.94970454612995));
#11339=CARTESIAN_POINT('Ctrl Pts',(-32.0915918107448,12.8987458800612,5.94970454612995));
#11340=CARTESIAN_POINT('Ctrl Pts',(-32.1301522908203,12.8199495131348,5.94970454612995));
#11341=CARTESIAN_POINT('Ctrl Pts',(-32.1730578877935,12.6953115181568,5.94970454612995));
#11342=CARTESIAN_POINT('Ctrl Pts',(-32.1914108535476,12.5855954807752,5.94970454612995));
#11343=CARTESIAN_POINT('Ctrl Pts',(-32.1988554811712,12.4904061844238,5.94970454613512));
#11344=CARTESIAN_POINT('Ctrl Pts',(-32.1999999959572,12.461107082796,5.94970454612995));
#11345=CARTESIAN_POINT('Ctrl Pts',(-32.2,12.4319666405881,5.94970454612995));
#11346=CARTESIAN_POINT('Origin',(-32.2,12.4319666405881,8.94970454612995));
#11347=CARTESIAN_POINT('Origin',(-32.2,7.99876441865783,8.94970454612995));
#11348=CARTESIAN_POINT('',(-32.2,-12.4319665280588,5.94970454612995));
#11349=CARTESIAN_POINT('',(-32.2,7.99876441865783,5.94970454612995));
#11350=CARTESIAN_POINT('Origin',(-32.2,-12.4319665280588,8.94970454612995));
#11351=CARTESIAN_POINT('Ctrl Pts',(-34.4839598562458,-14.7152351399537,
8.94970454612995));
#11352=CARTESIAN_POINT('Ctrl Pts',(-34.584543699378,-14.576572974327,8.94970454612995));
#11353=CARTESIAN_POINT('Ctrl Pts',(-34.7957299838949,-14.2286130623309,
8.94970454612995));
#11354=CARTESIAN_POINT('Ctrl Pts',(-35.0720293811735,-13.5684070320372,
8.94970454612995));
#11355=CARTESIAN_POINT('Ctrl Pts',(-35.162166233867,-13.0766602920565,8.94970454612995));
#11356=CARTESIAN_POINT('Ctrl Pts',(-35.1957911363012,-12.6467220033651,
8.94970454612995));
#11357=CARTESIAN_POINT('Ctrl Pts',(-35.1999999959586,-12.5396206530525,
8.94970454612995));
#11358=CARTESIAN_POINT('Ctrl Pts',(-35.2,-12.4319666406815,8.94970454612995));
#11359=CARTESIAN_POINT('Ctrl Pts',(-34.4839598562458,-14.7152351399537,
8.0521066451043));
#11360=CARTESIAN_POINT('Ctrl Pts',(-34.584543699378,-14.576572974327,8.0521066451043));
#11361=CARTESIAN_POINT('Ctrl Pts',(-34.7957299838949,-14.2286130623309,
8.0521066451043));
#11362=CARTESIAN_POINT('Ctrl Pts',(-35.0720293811735,-13.5684070320372,
8.0521066451043));
#11363=CARTESIAN_POINT('Ctrl Pts',(-35.162166233867,-13.0766602920565,8.05210664510429));
#11364=CARTESIAN_POINT('Ctrl Pts',(-35.1957911363012,-12.6467220033651,
8.0521066451043));
#11365=CARTESIAN_POINT('Ctrl Pts',(-35.1999999959586,-12.5396206530525,
8.05210664510429));
#11366=CARTESIAN_POINT('Ctrl Pts',(-35.2,-12.4319666406815,8.0521066451043));
#11367=CARTESIAN_POINT('Ctrl Pts',(-33.8739440051162,-14.2727370843316,
6.49836836298468));
#11368=CARTESIAN_POINT('Ctrl Pts',(-33.9522467833626,-14.1647019542006,
6.49836836298468));
#11369=CARTESIAN_POINT('Ctrl Pts',(-34.1191595595586,-13.8899682562808,
6.49836836298469));
#11370=CARTESIAN_POINT('Ctrl Pts',(-34.3414441654404,-13.3601645619548,
6.49836836298468));
#11371=CARTESIAN_POINT('Ctrl Pts',(-34.4151072290448,-12.9591419120255,
6.49836836298468));
#11372=CARTESIAN_POINT('Ctrl Pts',(-34.4429524824731,-12.6074552953716,
6.49836836298957));
#11373=CARTESIAN_POINT('Ctrl Pts',(-34.4463915805604,-12.5198979614422,
6.49836836298468));
#11374=CARTESIAN_POINT('Ctrl Pts',(-34.4463927628674,-12.4319666123904,
6.49836836298468));
#11375=CARTESIAN_POINT('Ctrl Pts',(-32.6005041610556,-13.3489993586558,
5.94970454612995));
#11376=CARTESIAN_POINT('Ctrl Pts',(-32.6328811456557,-13.304300514441,5.94970454612995));
#11377=CARTESIAN_POINT('Ctrl Pts',(-32.7072317785358,-13.1827199095344,
5.94970454612995));
#11378=CARTESIAN_POINT('Ctrl Pts',(-32.8164896345859,-12.9251921954285,
5.94970454612995));
#11379=CARTESIAN_POINT('Ctrl Pts',(-32.8564473809061,-12.713062709129,5.94970454612995));
#11380=CARTESIAN_POINT('Ctrl Pts',(-32.8713654080854,-12.525483484646,5.94970454613686));
#11381=CARTESIAN_POINT('Ctrl Pts',(-32.8731975658385,-12.4787255015146,
5.94970454612995));
#11382=CARTESIAN_POINT('Ctrl Pts',(-32.8731984257692,-12.4319665533313,
5.94970454612995));
#11383=CARTESIAN_POINT('Ctrl Pts',(-32.0555761263446,-12.953715210929,5.94970454612995));
#11384=CARTESIAN_POINT('Ctrl Pts',(-32.0684527557281,-12.9359638379382,
5.94970454612995));
#11385=CARTESIAN_POINT('Ctrl Pts',(-32.1031583775481,-12.8799952530434,
5.94970454612996));
#11386=CARTESIAN_POINT('Ctrl Pts',(-32.1639805751295,-12.7389934495791,
5.94970454612995));
#11387=CARTESIAN_POINT('Ctrl Pts',(-32.1896925904109,-12.6075657119071,
5.94970454612995));
#11388=CARTESIAN_POINT('Ctrl Pts',(-32.1988554860598,-12.4904061251256,
5.94970454613686));
#11389=CARTESIAN_POINT('Ctrl Pts',(-32.199999998906,-12.4611069767312,5.94970454612995));
#11390=CARTESIAN_POINT('Ctrl Pts',(-32.2,-12.4319665280588,5.94970454612995));
#11391=CARTESIAN_POINT('Ctrl Pts',(-32.2,-12.4319665280588,5.94970454612995));
#11392=CARTESIAN_POINT('Ctrl Pts',(-32.199999998906,-12.4611069767312,5.94970454612995));
#11393=CARTESIAN_POINT('Ctrl Pts',(-32.1988554860598,-12.4904061251256,
5.94970454613686));
#11394=CARTESIAN_POINT('Ctrl Pts',(-32.1896925904109,-12.6075657119071,
5.94970454612995));
#11395=CARTESIAN_POINT('Ctrl Pts',(-32.1639805751295,-12.7389934495791,
5.94970454612995));
#11396=CARTESIAN_POINT('Ctrl Pts',(-32.1031583775481,-12.8799952530434,
5.94970454612996));
#11397=CARTESIAN_POINT('Ctrl Pts',(-32.0684527557281,-12.9359638379382,
5.94970454612995));
#11398=CARTESIAN_POINT('Ctrl Pts',(-32.0555761263446,-12.953715210929,5.94970454612995));
#11399=CARTESIAN_POINT('Origin',(-17.4003064940599,12.9537152109217,8.94970454612995));
#11400=CARTESIAN_POINT('',(-23.6365189595768,12.9537152109217,5.94970454612995));
#11401=CARTESIAN_POINT('Origin',(-23.6365189595768,12.9537152109217,8.94970454612995));
#11402=CARTESIAN_POINT('',(-17.4003064940599,12.9537152109217,5.94970454612995));
#11403=CARTESIAN_POINT('Origin',(-29.8382763075682,8.68308762802211,8.94970454612995));
#11404=CARTESIAN_POINT('',(-19.5136582154856,15.79278182903,5.94970454612996));
#11405=CARTESIAN_POINT('',(-19.4157115639421,18.4095218781803,6.80691300130328));
#11406=CARTESIAN_POINT('Ctrl Pts',(-19.5136582154856,15.79278182903,5.94970454612996));
#11407=CARTESIAN_POINT('Ctrl Pts',(-19.5136582141843,15.8581840797009,5.94970454480922));
#11408=CARTESIAN_POINT('Ctrl Pts',(-19.5136590416122,15.9235683343294,5.95115562018618));
#11409=CARTESIAN_POINT('Ctrl Pts',(-19.5136282185141,16.5302197585542,5.97808802269915));
#11410=CARTESIAN_POINT('Ctrl Pts',(-19.5168727731873,17.058731669657,6.10138513394123));
#11411=CARTESIAN_POINT('Ctrl Pts',(-19.4827735216617,17.858517706626,6.451384745986));
#11412=CARTESIAN_POINT('Ctrl Pts',(-19.4598091913783,18.143168329248,6.61646590702825));
#11413=CARTESIAN_POINT('Ctrl Pts',(-19.4157115141375,18.4095219001981,6.80691295897769));
#11414=CARTESIAN_POINT('',(-29.8382763075682,8.68308762802211,5.94970454612995));
#11415=CARTESIAN_POINT('Ctrl Pts',(-19.4157114680185,18.4095221787628,6.80691315815619));
#11416=CARTESIAN_POINT('Ctrl Pts',(-19.4021280923833,18.4915671636974,6.86557666867251));
#11417=CARTESIAN_POINT('Ctrl Pts',(-19.3871425094348,18.5715959568714,6.92675194682045));
#11418=CARTESIAN_POINT('Ctrl Pts',(-19.3553377435871,18.7229369903476,7.05035152060638));
#11419=CARTESIAN_POINT('Ctrl Pts',(-19.3386572906253,18.7945240685446,7.11255749337792));
#11420=CARTESIAN_POINT('Ctrl Pts',(-19.2884918591432,18.9899253017267,7.29339827514294));
#11421=CARTESIAN_POINT('Ctrl Pts',(-19.2523898708779,19.1089012524628,7.41688285571702));
#11422=CARTESIAN_POINT('Ctrl Pts',(-19.2129780099825,19.219364553449,7.54657350247583));
#11423=CARTESIAN_POINT('Origin',(-23.2965478622064,-15.953715210929,38.));
#11424=CARTESIAN_POINT('Origin',(-19.9098619869289,-15.953715210929,35.));
#11425=CARTESIAN_POINT('Origin',(30.,-29.6881025457002,8.84613916189176));
#11426=CARTESIAN_POINT('',(-15.5532138139308,-22.4721455928101,35.7764571353076));
#11427=CARTESIAN_POINT('Origin',(-10.1417412802652,-22.6801966551732,35.));
#11428=CARTESIAN_POINT('',(2.72221821110722,-24.1974893411705,29.3333321251251));
#11429=CARTESIAN_POINT('Ctrl Pts',(2.72221399260507,-24.1974899043893,29.3333301201551));
#11430=CARTESIAN_POINT('Ctrl Pts',(2.70056688312972,-24.2003800244337,29.3230416775311));
#11431=CARTESIAN_POINT('Ctrl Pts',(2.67826999620919,-24.202983709073,29.3137945181463));
#11432=CARTESIAN_POINT('Ctrl Pts',(2.65531549992163,-24.2052911134984,29.3056149499695));
#11433=CARTESIAN_POINT('Ctrl Pts',(2.59204505673909,-24.2116511093252,29.2830692623142));
#11434=CARTESIAN_POINT('Ctrl Pts',(2.52652537444911,-24.2154822580098,29.2696105395272));
#11435=CARTESIAN_POINT('Ctrl Pts',(2.45982923191278,-24.2171774738095,29.2636684992688));
#11436=CARTESIAN_POINT('Ctrl Pts',(2.43225108108198,-24.2178784276464,29.2612115283518));
#11437=CARTESIAN_POINT('Ctrl Pts',(2.40447137713606,-24.2182144793536,29.260039337212));
#11438=CARTESIAN_POINT('Ctrl Pts',(2.37656420650899,-24.2182144793536,29.260039337212));
#11439=CARTESIAN_POINT('',(-0.289880952376514,-22.4721455652958,35.7764572379922));
#11440=CARTESIAN_POINT('Ctrl Pts',(-0.289880942732988,-22.472145564228,
35.7764572419776));
#11441=CARTESIAN_POINT('Ctrl Pts',(0.669953608298932,-23.0526662401136,
33.6099245847282));
#11442=CARTESIAN_POINT('Ctrl Pts',(1.67022282151544,-23.6287791052509,31.4598421011417));
#11443=CARTESIAN_POINT('Ctrl Pts',(2.72218463599881,-24.1984823265674,29.3336807339528));
#11444=CARTESIAN_POINT('',(-1.89197236983087,-22.4721455928101,35.7764571353075));
#11445=CARTESIAN_POINT('',(-1.89197236983087,-22.4721455928101,35.7764571353075));
#11446=CARTESIAN_POINT('Ctrl Pts',(-3.3115038154668,-15.2703446087692,49.6834426476937));
#11447=CARTESIAN_POINT('Ctrl Pts',(-3.31150381546679,-39.9380307403393,
49.6834426476937));
#11448=CARTESIAN_POINT('Ctrl Pts',(-1.77865701331257,-15.2703446087692,
46.0888639443611));
#11449=CARTESIAN_POINT('Ctrl Pts',(-1.77865701331256,-39.9380307403393,
46.0888639443611));
#11450=CARTESIAN_POINT('Ctrl Pts',(-0.24581021115834,-15.2703446087692,
42.4942852410285));
#11451=CARTESIAN_POINT('Ctrl Pts',(-0.245810211158328,-39.9380307403393,
42.4942852410285));
#11452=CARTESIAN_POINT('Ctrl Pts',(1.28703659099589,-15.2703446087692,38.899706537696));
#11453=CARTESIAN_POINT('Ctrl Pts',(1.2870365909959,-39.9380307403393,38.899706537696));
#11454=CARTESIAN_POINT('Ctrl Pts',(4.59428842389112,-15.2703446087692,31.1440867403519));
#11455=CARTESIAN_POINT('Ctrl Pts',(4.59428842389113,-39.9380307403393,31.1440867403519));
#11456=CARTESIAN_POINT('Ctrl Pts',(6.88152155963559,-15.2703446087692,26.8790308969415));
#11457=CARTESIAN_POINT('Ctrl Pts',(6.8815215596356,-39.9380307403393,26.8790308969415));
#11458=CARTESIAN_POINT('Ctrl Pts',(10.9640868943678,-15.2703446087692,19.3299182592493));
#11459=CARTESIAN_POINT('Ctrl Pts',(10.9640868943678,-39.9380307403393,19.3299182592493));
#11460=CARTESIAN_POINT('Ctrl Pts',(15.3023685753692,-15.2703446087692,11.3079579527488));
#11461=CARTESIAN_POINT('Ctrl Pts',(15.3023685753692,-39.9380307403393,11.3079579527488));
#11462=CARTESIAN_POINT('Ctrl Pts',(19.6406502563706,-15.2703446087692,3.28599764624844));
#11463=CARTESIAN_POINT('Ctrl Pts',(19.6406502563706,-39.9380307403393,3.28599764624844));
#11464=CARTESIAN_POINT('Ctrl Pts',(23.978931937372,-15.2703446087692,-4.73596266025197));
#11465=CARTESIAN_POINT('Ctrl Pts',(23.978931937372,-39.9380307403393,-4.73596266025197));
#11466=CARTESIAN_POINT('',(5.26198084490424,-21.2182134928553,30.1898015097301));
#11467=CARTESIAN_POINT('',(1.67287259436243,-19.0888965286252,37.9999999999999));
#11468=CARTESIAN_POINT('Ctrl Pts',(5.26198084490424,-21.2182134928553,30.1898015097301));
#11469=CARTESIAN_POINT('Ctrl Pts',(3.99797433487175,-20.5167499327339,32.7593600939691));
#11470=CARTESIAN_POINT('Ctrl Pts',(2.81170042434018,-19.8057360359541,35.3597845922508));
#11471=CARTESIAN_POINT('Ctrl Pts',(1.67287259436243,-19.0888965286252,38.));
#11472=CARTESIAN_POINT('Ctrl Pts',(14.9553077745476,-21.2182144793536,11.9497026930167));
#11473=CARTESIAN_POINT('Ctrl Pts',(13.6250301207244,-21.2182144793536,14.4095156865419));
#11474=CARTESIAN_POINT('Ctrl Pts',(12.2949317937471,-21.2182144793536,16.8690348723663));
#11475=CARTESIAN_POINT('Ctrl Pts',(9.00065534789757,-21.2182144793536,22.9624533194128));
#11476=CARTESIAN_POINT('Ctrl Pts',(7.05132618166685,-21.2182144793536,26.5553567201415));
#11477=CARTESIAN_POINT('Ctrl Pts',(5.26198663829352,-21.2182144793536,30.1897947498907));
#11478=CARTESIAN_POINT('',(1.67287259436243,-16.2182144793536,37.9999999999999));
#11479=CARTESIAN_POINT('Origin',(-33.7839447396617,-24.2182394793536,38.));
#11480=CARTESIAN_POINT('',(-14.6558602755924,19.1379391552356,38.));
#11481=CARTESIAN_POINT('',(-29.5128225031307,8.90720145835179,38.));
#11482=CARTESIAN_POINT('',(-14.6519905593885,-19.5743681139429,38.));
#11483=CARTESIAN_POINT('',(-18.3014495357112,-17.0612933042695,38.));
#11484=CARTESIAN_POINT('',(1.63091063852301,-19.5743681139429,38.));
#11485=CARTESIAN_POINT('',(-1.89197236983086,-19.5743681139429,38.));
#11486=CARTESIAN_POINT('Ctrl Pts',(1.67287259436246,-19.0888965286252,37.9999999999999));
#11487=CARTESIAN_POINT('Ctrl Pts',(1.67287259436245,-19.1702010226063,37.9999999999999));
#11488=CARTESIAN_POINT('Ctrl Pts',(1.66937346441271,-19.2514778717844,37.9999999999996));
#11489=CARTESIAN_POINT('Ctrl Pts',(1.65537909502477,-19.413520191753,37.9999999999996));
#11490=CARTESIAN_POINT('Ctrl Pts',(1.64488462517888,-19.4942364193766,37.9999999999999));
#11491=CARTESIAN_POINT('Ctrl Pts',(1.63091063852304,-19.5743681139429,37.9999999999999));
#11492=CARTESIAN_POINT('',(-5.45644067565742,19.1379391552356,38.));
#11493=CARTESIAN_POINT('Origin',(-8.60122927072516,18.3340915779423,38.));
#11494=CARTESIAN_POINT('',(-1.89197236983089,19.1379391552356,38.));
#11495=CARTESIAN_POINT('Ctrl Pts',(-1.08179467116831,-21.9866740074924,
37.5882617573442));
#11496=CARTESIAN_POINT('Ctrl Pts',(0.117460573176929,-22.7316553020099,
34.8079537155165));
#11497=CARTESIAN_POINT('Ctrl Pts',(1.37766469123936,-23.4703446022448,32.0511277160323));
#11498=CARTESIAN_POINT('Ctrl Pts',(2.72233001388645,-24.1985610575815,29.3333869058079));
#11499=CARTESIAN_POINT('Ctrl Pts',(-0.307401767075982,-21.9031675454885,
37.8999121163032));
#11500=CARTESIAN_POINT('Ctrl Pts',(0.885977049937812,-22.6456743170737,
35.1285985086212));
#11501=CARTESIAN_POINT('Ctrl Pts',(2.13701363550278,-23.3808397294149,32.3854860879779));
#11502=CARTESIAN_POINT('Ctrl Pts',(3.47288652627906,-24.1057222453681,29.679866069903));
#11503=CARTESIAN_POINT('Ctrl Pts',(1.03668290821236,-21.1271071849956,38.2717234868952));
#11504=CARTESIAN_POINT('Ctrl Pts',(2.22008808816465,-21.8683664615044,35.516807698147));
#11505=CARTESIAN_POINT('Ctrl Pts',(3.45504654272048,-22.601336643473,32.7987748937808));
#11506=CARTESIAN_POINT('Ctrl Pts',(4.77595623032831,-23.3245534227895,30.1152764845303));
#11507=CARTESIAN_POINT('Ctrl Pts',(1.61333579788131,-19.6998645968978,38.1380278592248));
#11508=CARTESIAN_POINT('Ctrl Pts',(2.79547132196476,-20.4437413028018,35.392353401448));
#11509=CARTESIAN_POINT('Ctrl Pts',(4.02827879466989,-21.1807011346904,32.6885232999714));
#11510=CARTESIAN_POINT('Ctrl Pts',(5.34660010451978,-21.9074337434037,30.0178997076469));
#11511=CARTESIAN_POINT('Ctrl Pts',(1.67287259436243,-19.0888965286252,38.));
#11512=CARTESIAN_POINT('Ctrl Pts',(2.8564086890328,-19.8338778231427,35.2561346407937));
#11513=CARTESIAN_POINT('Ctrl Pts',(4.09118927817565,-20.5725671233776,32.5552457512234));
#11514=CARTESIAN_POINT('Ctrl Pts',(5.41120972350708,-21.3007835787143,29.887315393991));
#11515=CARTESIAN_POINT('Ctrl Pts',(5.2619788069808,-21.2182144793536,30.1898106565559));
#11516=CARTESIAN_POINT('Ctrl Pts',(5.26183228594029,-21.221011361057,30.1901082645758));
#11517=CARTESIAN_POINT('Ctrl Pts',(5.26168212019585,-21.2238114725664,30.1904040820497));
#11518=CARTESIAN_POINT('Ctrl Pts',(5.26152830508267,-21.2266115883657,30.1906981055987));
#11519=CARTESIAN_POINT('Ctrl Pts',(5.25601804144523,-21.32692277334,30.2012311880582));
#11520=CARTESIAN_POINT('Ctrl Pts',(5.24584279363678,-21.4270356069617,30.2094446970126));
#11521=CARTESIAN_POINT('Ctrl Pts',(5.23120636171372,-21.5265710183965,30.2153892014176));
#11522=CARTESIAN_POINT('Ctrl Pts',(5.21640116514496,-21.6272541179108,30.2214022486331));
#11523=CARTESIAN_POINT('Ctrl Pts',(5.19703124867229,-21.7273472824575,30.2250938563498));
#11524=CARTESIAN_POINT('Ctrl Pts',(5.17325963291887,-21.8264652649862,30.226493022256));
#11525=CARTESIAN_POINT('Ctrl Pts',(5.14952603360573,-21.9254247343998,30.2278899505648));
#11526=CARTESIAN_POINT('Ctrl Pts',(5.12140462755775,-22.0234130752804,30.2270019031096));
#11527=CARTESIAN_POINT('Ctrl Pts',(5.08901214233568,-22.1200402152284,30.2238321983341));
#11528=CARTESIAN_POINT('Ctrl Pts',(5.07718295187427,-22.1553268205738,30.2226746754938));
#11529=CARTESIAN_POINT('Ctrl Pts',(5.06478374975569,-22.1904317634927,30.221212616984));
#11530=CARTESIAN_POINT('Ctrl Pts',(5.05181877340301,-22.2253354406825,30.2194452760721));
#11531=CARTESIAN_POINT('Ctrl Pts',(5.01626648338732,-22.3210475824024,30.2145989103751));
#11532=CARTESIAN_POINT('Ctrl Pts',(4.9766095729077,-22.4148529852801,30.207479527997));
#11533=CARTESIAN_POINT('Ctrl Pts',(4.93300494585621,-22.5063830715389,30.1981081234099));
#11534=CARTESIAN_POINT('Ctrl Pts',(4.88994358967557,-22.5967727827267,30.1888534773292));
#11535=CARTESIAN_POINT('Ctrl Pts',(4.84303194974176,-22.684944506435,30.177402626478));
#11536=CARTESIAN_POINT('Ctrl Pts',(4.79237407648214,-22.7705261217806,30.1637483119192));
#11537=CARTESIAN_POINT('Ctrl Pts',(4.7515384028949,-22.8395140733949,30.1527414713927));
#11538=CARTESIAN_POINT('Ctrl Pts',(4.70826745812669,-22.9068188709311,30.1403023047799));
#11539=CARTESIAN_POINT('Ctrl Pts',(4.66259510854061,-22.9722305109563,30.1264133738854));
#11540=CARTESIAN_POINT('Ctrl Pts',(4.63484121580606,-23.0119794544047,30.1179734337085));
#11541=CARTESIAN_POINT('Ctrl Pts',(4.60619960196949,-23.051029904725,30.1089976095844));
#11542=CARTESIAN_POINT('Ctrl Pts',(4.57667289660689,-23.0893297136091,30.099486190334));
#11543=CARTESIAN_POINT('Ctrl Pts',(4.57176483668048,-23.0956960777145,30.0979051600398));
#11544=CARTESIAN_POINT('Ctrl Pts',(4.56683231652633,-23.1020416945123,30.0963093286114));
#11545=CARTESIAN_POINT('Ctrl Pts',(4.56187547816965,-23.1083664653537,30.0946987609333));
#11546=CARTESIAN_POINT('Ctrl Pts',(4.50097119608743,-23.1860784260253,30.0749098428514));
#11547=CARTESIAN_POINT('Ctrl Pts',(4.43667735084634,-23.2602872068729,30.0529899576444));
#11548=CARTESIAN_POINT('Ctrl Pts',(4.36937588503338,-23.3308460332024,30.0291220636538));
#11549=CARTESIAN_POINT('Ctrl Pts',(4.3012561775867,-23.4022627036907,30.0049639872081));
#11550=CARTESIAN_POINT('Ctrl Pts',(4.23005520291191,-23.469940918531,29.9788103476553));
#11551=CARTESIAN_POINT('Ctrl Pts',(4.15613272766378,-23.5337188034155,29.9508247256791));
#11552=CARTESIAN_POINT('Ctrl Pts',(4.08227315801842,-23.597442415411,29.9228629185497));
#11553=CARTESIAN_POINT('Ctrl Pts',(4.00569636655529,-23.6572731960031,29.893072194923));
#11554=CARTESIAN_POINT('Ctrl Pts',(3.92672855837827,-23.7130275615351,29.8615895289667));
#11555=CARTESIAN_POINT('Ctrl Pts',(3.86087600305927,-23.7595220448597,29.8353356155133));
#11556=CARTESIAN_POINT('Ctrl Pts',(3.79335997156864,-23.8031815911961,29.8079045999778));
#11557=CARTESIAN_POINT('Ctrl Pts',(3.72435538956702,-23.8438812890981,29.7793625688747));
#11558=CARTESIAN_POINT('Ctrl Pts',(3.64144433919763,-23.8927831823476,29.7450684726018));
#11559=CARTESIAN_POINT('Ctrl Pts',(3.55680594874053,-23.937165438547,29.7093453123383));
#11560=CARTESIAN_POINT('Ctrl Pts',(3.47077073583346,-23.9769084188394,29.672326141734));
#11561=CARTESIAN_POINT('Ctrl Pts',(3.38949867158813,-24.0144511172123,29.6373564553695));
#11562=CARTESIAN_POINT('Ctrl Pts',(3.30697934833872,-24.0478543684916,29.6012299799585));
#11563=CARTESIAN_POINT('Ctrl Pts',(3.22346107792831,-24.0769784749149,29.5640343718588));
#11564=CARTESIAN_POINT('Ctrl Pts',(3.21903160541525,-24.0785231001596,29.5620616666906));
#11565=CARTESIAN_POINT('Ctrl Pts',(3.21459931914319,-24.0800556775859,29.56008595221));
#11566=CARTESIAN_POINT('Ctrl Pts',(3.21016425493702,-24.0815761824765,29.5581072408543));
#11567=CARTESIAN_POINT('Ctrl Pts',(3.12955492657522,-24.1092120570214,29.5221432534147));
#11568=CARTESIAN_POINT('Ctrl Pts',(3.04802853089553,-24.1328640315147,29.4851896509798));
#11569=CARTESIAN_POINT('Ctrl Pts',(2.96578854596515,-24.1523610520442,29.4473057863755));
#11570=CARTESIAN_POINT('Ctrl Pts',(2.96052994144251,-24.1536077341833,29.4448834092081));
#11571=CARTESIAN_POINT('Ctrl Pts',(2.95526841730621,-24.1548374107385,29.4424572273926));
#11572=CARTESIAN_POINT('Ctrl Pts',(2.95000402607764,-24.1560500296704,29.4400272560412));
#11573=CARTESIAN_POINT('Ctrl Pts',(2.87461385016446,-24.1734156756913,29.4052281767756));
#11574=CARTESIAN_POINT('Ctrl Pts',(2.79863543496647,-24.1872866892789,29.3696516992546));
#11575=CARTESIAN_POINT('Ctrl Pts',(2.72221821110722,-24.1974893411705,29.3333321251251));
#11576=CARTESIAN_POINT('Ctrl Pts',(-0.289880997496815,-22.4721455309546,
35.7764573661554));
#11577=CARTESIAN_POINT('Ctrl Pts',(-0.289883558208973,-22.4721439652145,
35.7764632095751));
#11578=CARTESIAN_POINT('Ctrl Pts',(-0.28988510035571,-22.4721423703766,
35.7764691615208));
#11579=CARTESIAN_POINT('Ctrl Pts',(-0.289886246229224,-22.4721386392797,
35.7764830858112));
#11580=CARTESIAN_POINT('Ctrl Pts',(-0.289885404283117,-22.4721364466454,
35.7764912685144));
#11581=CARTESIAN_POINT('Ctrl Pts',(-0.289832284146352,-22.4720803617045,
35.7767005678155));
#11582=CARTESIAN_POINT('Ctrl Pts',(-0.289673366747021,-22.4720378035553,
35.7768593197092));
#11583=CARTESIAN_POINT('Ctrl Pts',(-0.289459411694901,-22.4719489685478,
35.7771905926494));
#11584=CARTESIAN_POINT('Ctrl Pts',(-0.289321057771056,-22.4718917625035,
35.7774038377645));
#11585=CARTESIAN_POINT('Ctrl Pts',(-0.289029846695416,-22.4717713768222,
35.7778524503504));
#11586=CARTESIAN_POINT('Ctrl Pts',(-0.288787716453982,-22.4716713522062,
35.7782249413538));
#11587=CARTESIAN_POINT('Ctrl Pts',(-0.288158226550022,-22.4714111770956,
35.7791931292877));
#11588=CARTESIAN_POINT('Ctrl Pts',(-0.28772243666477,-22.4712309212692,
35.7798630471292));
#11589=CARTESIAN_POINT('Ctrl Pts',(-0.281576002221506,-22.4686853652147,
35.7893098737732));
#11590=CARTESIAN_POINT('Ctrl Pts',(-0.275831435604166,-22.4662690372933,
35.798118553967));
#11591=CARTESIAN_POINT('Ctrl Pts',(-0.263442567123811,-22.460974483039,
35.8170765582057));
#11592=CARTESIAN_POINT('Ctrl Pts',(-0.256823702427125,-22.4580953958128,
35.8271803177508));
#11593=CARTESIAN_POINT('Ctrl Pts',(-0.236973484978539,-22.449310073853,
35.8574081295205));
#11594=CARTESIAN_POINT('Ctrl Pts',(-0.223729116940199,-22.4432477867518,
35.8774785161788));
#11595=CARTESIAN_POINT('Ctrl Pts',(-0.183304609710217,-22.4241350503839,
35.9384410816765));
#11596=CARTESIAN_POINT('Ctrl Pts',(-0.156075945615691,-22.4104232667677,
35.9790958810865));
#11597=CARTESIAN_POINT('Ctrl Pts',(-0.0753713154205259,-22.3673140866705,
36.0984117805727));
#11598=CARTESIAN_POINT('Ctrl Pts',(-0.0217662694432952,-22.3354837049895,
36.176128763082));
#11599=CARTESIAN_POINT('Ctrl Pts',(0.320302256821946,-22.1119639006201,
36.6626777793015));
#11600=CARTESIAN_POINT('Ctrl Pts',(0.61129108251976,-21.8298031535284,37.0326679091463));
#11601=CARTESIAN_POINT('Ctrl Pts',(1.04844958252225,-21.2131143746039,37.5340715571375));
#11602=CARTESIAN_POINT('Ctrl Pts',(1.21056478446527,-20.9193602201831,37.7044346165586));
#11603=CARTESIAN_POINT('Ctrl Pts',(1.46994438588812,-20.2722771147109,37.9370849437047));
#11604=CARTESIAN_POINT('Ctrl Pts',(1.56915570184847,-19.9284923767918,38.));
#11605=CARTESIAN_POINT('Ctrl Pts',(1.63091063852301,-19.5743681139429,38.));
#11606=CARTESIAN_POINT('Ctrl Pts',(2.37636394595205,-24.2182144705016,29.2599414621274));
#11607=CARTESIAN_POINT('Ctrl Pts',(4.25265677123559,-24.2182144705016,25.4208992847882));
#11608=CARTESIAN_POINT('Ctrl Pts',(6.29342684871623,-24.2182144705016,21.6617011834573));
#11609=CARTESIAN_POINT('Ctrl Pts',(9.93889321009453,-24.2182144705016,14.9183336961529));
#11610=CARTESIAN_POINT('Ctrl Pts',(11.5529652653804,-24.2182144705016,11.9339750434428));
#11611=CARTESIAN_POINT('Ctrl Pts',(13.1669186035415,-24.2182144705016,8.94959767862271));
#11612=CARTESIAN_POINT('Ctrl Pts',(3.18286749077835,-24.2182857693802,29.6541118629338));
#11613=CARTESIAN_POINT('Ctrl Pts',(5.04763832712855,-24.2182857693802,25.8384303156456));
#11614=CARTESIAN_POINT('Ctrl Pts',(7.08275749703825,-24.2182857693802,22.0891252596126));
#11615=CARTESIAN_POINT('Ctrl Pts',(10.7286512758055,-24.2182857693802,15.3451167711978));
#11616=CARTESIAN_POINT('Ctrl Pts',(12.3424634201846,-24.2182857693802,12.3611549225519));
#11617=CARTESIAN_POINT('Ctrl Pts',(13.9565221582575,-24.2182857693802,9.37661582702994));
#11618=CARTESIAN_POINT('Ctrl Pts',(4.57891454056195,-23.4646835451231,30.3364156527782));
#11619=CARTESIAN_POINT('Ctrl Pts',(6.42598006962676,-23.4646835451231,26.5570959458312));
#11620=CARTESIAN_POINT('Ctrl Pts',(8.44861900483356,-23.4646835451231,22.8298716423778));
#11621=CARTESIAN_POINT('Ctrl Pts',(12.0958086495174,-23.4646835451231,16.0836216135196));
#11622=CARTESIAN_POINT('Ctrl Pts',(13.7093234115507,-23.4646835451231,13.1002155340422));
#11623=CARTESIAN_POINT('Ctrl Pts',(15.3233155469924,-23.4646835451231,10.1157786368057));
#11624=CARTESIAN_POINT('Ctrl Pts',(5.07187580204354,-21.8914129051229,30.577345453108));
#11625=CARTESIAN_POINT('Ctrl Pts',(6.91282650424893,-21.8914129051229,26.8106159773751));
#11626=CARTESIAN_POINT('Ctrl Pts',(8.93089324187062,-21.8914129051229,23.0914921875094));
#11627=CARTESIAN_POINT('Ctrl Pts',(12.5785745254449,-21.8914129051229,16.3443813157785));
#11628=CARTESIAN_POINT('Ctrl Pts',(14.1919936191892,-21.8914129051229,13.361163456397));
#11629=CARTESIAN_POINT('Ctrl Pts',(15.8059469835188,-21.8914129051229,10.3767860514225));
#11630=CARTESIAN_POINT('Ctrl Pts',(5.07187580204354,-21.2182144793536,30.577345453108));
#11631=CARTESIAN_POINT('Ctrl Pts',(6.91282650424893,-21.2182144793536,26.8106159773751));
#11632=CARTESIAN_POINT('Ctrl Pts',(8.93089324187062,-21.2182144793536,23.0914921875094));
#11633=CARTESIAN_POINT('Ctrl Pts',(12.5785745254449,-21.2182144793536,16.3443813157785));
#11634=CARTESIAN_POINT('Ctrl Pts',(14.1919936191892,-21.2182144793536,13.361163456397));
#11635=CARTESIAN_POINT('Ctrl Pts',(15.8059469835188,-21.2182144793536,10.3767860514225));
#11636=CARTESIAN_POINT('Origin',(-1.89197236983087,-19.5743681139429,35.));
#11637=CARTESIAN_POINT('Origin',(-14.6519905593885,-19.5743681139429,35.));
#11638=CARTESIAN_POINT('Origin',(-18.3014495357112,-17.0612933042695,35.));
#11639=CARTESIAN_POINT('Origin',(29.9999999999999,29.251673586993,8.84613916189176));
#11640=CARTESIAN_POINT('',(-15.5570835301348,22.0357166341028,35.7764571353076));
#11641=CARTESIAN_POINT('Origin',(-10.1456109964693,22.2437676964659,35.));
#11642=CARTESIAN_POINT('',(-14.2171758818432,22.0357166341028,35.7764571353076));
#11643=CARTESIAN_POINT('',(-1.89197236983089,22.0357166341029,35.7764571353075));
#11644=CARTESIAN_POINT('Origin',(-12.6000000000001,22.3510260289917,34.5997064534786));
#11645=CARTESIAN_POINT('',(-10.943140593527,22.0357166341028,35.7764571353075));
#11646=CARTESIAN_POINT('',(-11.2006733189733,21.9681412739483,36.0286518127442));
#11647=CARTESIAN_POINT('',(-7.50931856792657,22.0357166341028,35.7764571353075));
#11648=CARTESIAN_POINT('',(-1.89197236983089,22.0357166341029,35.7764571353075));
#11649=CARTESIAN_POINT('',(-5.15353401737176,23.7700083657756,29.3039922775581));
#11650=CARTESIAN_POINT('',(-0.708385240209105,27.0424573545735,17.0910463861873));
#11651=CARTESIAN_POINT('Origin',(-9.49520996098545,20.7817855206464,40.4561917599186));
#11652=CARTESIAN_POINT('Origin',(-11.2006733189733,9.48851978293663,36.0286518127442));
#11653=CARTESIAN_POINT('',(-11.2006733189733,21.9560724821274,36.0286518127442));
#11654=CARTESIAN_POINT('Origin',(-10.1502486725695,19.1379391552356,35.));
#11655=CARTESIAN_POINT('',(-11.2006733189733,17.9817855206464,36.0286518127442));
#11656=CARTESIAN_POINT('Origin',(-12.6000000000001,9.48851978293663,34.5997064534786));
#11657=CARTESIAN_POINT('Ctrl Pts',(-11.2006733189733,21.9560724821274,36.0286518127442));
#11658=CARTESIAN_POINT('Ctrl Pts',(-11.3729445716684,21.8944948245549,36.1973522873333));
#11659=CARTESIAN_POINT('Ctrl Pts',(-11.5866406488764,21.8230374328066,36.3427908754154));
#11660=CARTESIAN_POINT('Ctrl Pts',(-12.0688791654314,21.7113947762052,36.5464378115051));
#11661=CARTESIAN_POINT('Ctrl Pts',(-12.340480879193,21.6758397172551,36.5997064534786));
#11662=CARTESIAN_POINT('Ctrl Pts',(-12.8595191208072,21.6758397172551,36.5997064534786));
#11663=CARTESIAN_POINT('Ctrl Pts',(-13.1311208345688,21.7113947762052,36.5464378115051));
#11664=CARTESIAN_POINT('Ctrl Pts',(-13.6249989559045,21.8257321084803,36.3378755279897));
#11665=CARTESIAN_POINT('Ctrl Pts',(-13.8480015185071,21.9015309057718,36.1826771518373));
#11666=CARTESIAN_POINT('Ctrl Pts',(-14.0924915894788,21.9895963470804,35.9345571613392));
#11667=CARTESIAN_POINT('Ctrl Pts',(-14.1574613388588,22.0137276400178,35.85852117844));
#11668=CARTESIAN_POINT('Ctrl Pts',(-14.2171758818432,22.0357166341028,35.7764571353076));
#11669=CARTESIAN_POINT('Origin',(-5.94516728000373,20.7817855206464,30.7025296558211));
#11670=CARTESIAN_POINT('Origin',(-5.276390969647,20.7817855206464,28.8650818444498));
#11671=CARTESIAN_POINT('Origin',(-0.708385240209104,24.1446798757063,16.3145892508797));
#11672=CARTESIAN_POINT('Origin',(-7.50931856792658,19.1379391552356,35.));
#11673=CARTESIAN_POINT('Origin',(-1.89197236983089,19.1379391552356,35.));
#11674=CARTESIAN_POINT('Origin',(-14.6558602755924,19.1379391552356,35.));
#11675=CARTESIAN_POINT('Origin',(-29.5128225031307,8.90720145835179,35.));
#11676=CARTESIAN_POINT('Origin',(-17.6136601228343,7.78178552064637,4.04970645347859));
#11677=CARTESIAN_POINT('',(-16.2136601228343,15.7927818303436,2.64970645347859));
#11678=CARTESIAN_POINT('',(-16.2136601228343,13.5158929037469,2.64970645347859));
#11679=CARTESIAN_POINT('',(-19.5136601228343,7.78178552064637,5.94970645347859));
#11680=CARTESIAN_POINT('',(-19.5136601228343,15.7927818303436,5.94970645347859));
#11681=CARTESIAN_POINT('Ctrl Pts',(-19.4157982208668,18.4099462054078,6.80741386704641));
#11682=CARTESIAN_POINT('Ctrl Pts',(-19.4777475414674,18.0359848131528,6.53995747678822));
#11683=CARTESIAN_POINT('Ctrl Pts',(-19.5200331624248,17.1634553453419,6.09176070330103));
#11684=CARTESIAN_POINT('Ctrl Pts',(-19.5138178984115,16.2909258775309,5.94982024694519));
#11685=CARTESIAN_POINT('Ctrl Pts',(-19.5138199116345,15.7923578019749,5.94986626099038));
#11686=CARTESIAN_POINT('Ctrl Pts',(-18.3142343726784,18.4099462054078,5.42152226431234));
#11687=CARTESIAN_POINT('Ctrl Pts',(-18.3577507958056,18.0359848131528,5.2336469924981));
#11688=CARTESIAN_POINT('Ctrl Pts',(-18.3874544141171,17.1634553453419,4.91881028000121));
#11689=CARTESIAN_POINT('Ctrl Pts',(-18.3830884895835,16.2909258775309,4.81910392490704));
#11690=CARTESIAN_POINT('Ctrl Pts',(-18.383089903776,15.7923578019749,4.81913624756433));
#11691=CARTESIAN_POINT('Ctrl Pts',(-17.2126705244901,18.4099462054078,4.03563066157827));
#11692=CARTESIAN_POINT('Ctrl Pts',(-17.2377540501439,18.0359848131528,3.92733650820798));
#11693=CARTESIAN_POINT('Ctrl Pts',(-17.2548756658095,17.1634553453419,3.7458598567014));
#11694=CARTESIAN_POINT('Ctrl Pts',(-17.2523590807556,16.2909258775309,3.68838760286887));
#11695=CARTESIAN_POINT('Ctrl Pts',(-17.2523598959176,15.7923578019749,3.6884062341383));
#11696=CARTESIAN_POINT('Ctrl Pts',(-16.1111066763018,18.4099462054078,2.64973905884421));
#11697=CARTESIAN_POINT('Ctrl Pts',(-16.1177573044821,18.0359848131528,2.62102602391786));
#11698=CARTESIAN_POINT('Ctrl Pts',(-16.1222969175019,17.1634553453419,2.57290943340158));
#11699=CARTESIAN_POINT('Ctrl Pts',(-16.1216296719277,16.2909258775309,2.55767128083072));
#11700=CARTESIAN_POINT('Ctrl Pts',(-16.1216298880592,15.7923578019749,2.55767622071226));
#11701=CARTESIAN_POINT('',(-16.1111142288435,18.40952144602,2.64970645352954));
#11702=CARTESIAN_POINT('Ctrl Pts',(-16.1111142318687,18.4095214462583,2.64970645347859));
#11703=CARTESIAN_POINT('Ctrl Pts',(-16.1469926988441,17.9541841632509,2.64970645347859));
#11704=CARTESIAN_POINT('Ctrl Pts',(-16.171136226599,17.5337775825828,2.64970645348256));
#11705=CARTESIAN_POINT('Ctrl Pts',(-16.2055964285082,16.6593650792512,2.64970645348256));
#11706=CARTESIAN_POINT('Ctrl Pts',(-16.2136601228357,16.2358305796687,2.64970645347859));
#11707=CARTESIAN_POINT('Ctrl Pts',(-16.2136601228343,15.7927818303436,2.64970645347859));
#11708=CARTESIAN_POINT('',(-18.7343113073077,18.4095215237426,5.9497064608235));
#11709=CARTESIAN_POINT('',(-18.7343112980677,18.4095215549755,5.94970646816834));
#11710=CARTESIAN_POINT('',(-15.7136601228343,18.409521438837,2.14970645347859));
#11711=CARTESIAN_POINT('Ctrl Pts',(-19.2129811964872,19.2193631912942,7.54657811489391));
#11712=CARTESIAN_POINT('Ctrl Pts',(-19.2861677845516,19.0142379501964,7.30574876561821));
#11713=CARTESIAN_POINT('Ctrl Pts',(-19.3599220301553,18.7465212077113,7.04787898833416));
#11714=CARTESIAN_POINT('Ctrl Pts',(-19.4157162584826,18.4095215046173,6.80691856215981));
#11715=CARTESIAN_POINT('Ctrl Pts',(-18.1708283739623,19.6648586951765,6.03807741584682));
#11716=CARTESIAN_POINT('Ctrl Pts',(-18.2222188456611,19.2971437897619,5.80291314249741));
#11717=CARTESIAN_POINT('Ctrl Pts',(-18.2740079175607,18.8776202028096,5.58912620846282));
#11718=CARTESIAN_POINT('Ctrl Pts',(-18.3131857476474,18.4095214850268,5.41992758819571));
#11719=CARTESIAN_POINT('Ctrl Pts',(-17.1286755514375,20.1103541990588,4.52957671679973));
#11720=CARTESIAN_POINT('Ctrl Pts',(-17.1582699067705,19.5800496293274,4.30007751937661));
#11721=CARTESIAN_POINT('Ctrl Pts',(-17.1880938049662,19.0087191979079,4.13037342859148));
#11722=CARTESIAN_POINT('Ctrl Pts',(-17.2106552368121,18.4095214654364,4.03293661423161));
#11723=CARTESIAN_POINT('Ctrl Pts',(-16.0865227289127,20.555849702941,3.02107601775263));
#11724=CARTESIAN_POINT('Ctrl Pts',(-16.09432096788,19.8629554688928,2.79724189625581));
#11725=CARTESIAN_POINT('Ctrl Pts',(-16.1021796923715,19.1398181930062,2.67162064872015));
#11726=CARTESIAN_POINT('Ctrl Pts',(-16.1081247259767,18.4095214458461,2.64594564026752));
#11727=CARTESIAN_POINT('Origin',(-4.82491408389095,27.5869522409954,2.64970645347859));
#11728=CARTESIAN_POINT('Origin',(-13.750000204891,19.2500002868474,2.64970645347859));
#11729=CARTESIAN_POINT('Origin',(15.841345669866,27.7817855206464,43.3818126099255));
#11730=CARTESIAN_POINT('',(11.4351154705731,27.7817855206464,13.2606596948899));
#11731=CARTESIAN_POINT('',(6.62036634088256,27.7817855206464,5.94970454612995));
#11732=CARTESIAN_POINT('Origin',(7.8060391574205,24.5817855206464,18.7099530447365));
#11733=CARTESIAN_POINT('Origin',(11.3063987131225,26.9817855206464,43.3624209317147));
#11734=CARTESIAN_POINT('Origin',(-2.60061298810087,-0.00247116268433878,
5.94970454612995));
#11735=CARTESIAN_POINT('',(2.8341106519883,27.7817855206464,5.94970508160176));
#11736=CARTESIAN_POINT('',(-1.1658893480117,23.7817855206464,5.94970371021658));
#11737=CARTESIAN_POINT('',(5.06106146304942,27.7817855206464,5.94970645260551));
#11738=CARTESIAN_POINT('',(7.77067420626202,27.7817855206464,5.94970645347859));
#11739=CARTESIAN_POINT('',(5.06106146308197,26.4491156840799,5.94970645260551));
#11740=CARTESIAN_POINT('',(5.06106146301954,13.7817855206464,5.94970645347859));
#11741=CARTESIAN_POINT('',(3.78752133780843,25.1395176068952,5.94970645259731));
#11742=CARTESIAN_POINT('',(-2.82610148889435,18.3386421851831,5.94970645347859));
#11743=CARTESIAN_POINT('Origin',(4.36105506342547,24.5817855206464,5.94970645347859));
#11744=CARTESIAN_POINT('Origin',(5.08995035928118,27.7817855206464,-0.806264368710865));
#11745=CARTESIAN_POINT('',(5.03540450303974,27.7817855206464,11.9498551417388));
#11746=CARTESIAN_POINT('',(5.0665829574088,27.7817855206464,4.65844718725727));
#11747=CARTESIAN_POINT('',(5.03540450303974,26.449115683939,11.9498551417388));
#11748=CARTESIAN_POINT('',(5.03540450303974,27.7817855206464,11.9498551417388));
#11749=CARTESIAN_POINT('',(5.07000376935889,26.449115683939,3.8584545010122));
#11750=CARTESIAN_POINT('Origin',(-3.64534975362878,27.7817855206464,-25.4811171443562));
#11751=CARTESIAN_POINT('',(0.597541720946739,27.7817855206464,11.9308786007042));
#11752=CARTESIAN_POINT('',(2.8341106519883,27.7817855206464,-9.7657067170698));
#11753=CARTESIAN_POINT('Origin',(5.00032840734202,27.7817855206464,11.9497051544584));
#11754=CARTESIAN_POINT('',(5.35991484213486,26.7828200393939,11.9512427654821));
#11755=CARTESIAN_POINT('Origin',(5.08995035928118,26.449115683939,-0.806264368710865));
#11756=CARTESIAN_POINT('',(3.79648692608257,25.13951760293,3.85300887418207));
#11757=CARTESIAN_POINT('Origin',(4.38995675881675,24.5817855206464,-0.809257579167197));
#11758=CARTESIAN_POINT('Origin',(-0.0447270790307173,24.9029477896273,5.94970371021658));
#11759=UNCERTAINTY_MEASURE_WITH_UNIT(LENGTH_MEASURE(0.01),#11763,
'DISTANCE_ACCURACY_VALUE',
'Maximum model space distance between geometric entities at asserted c
onnectivities');
#11760=UNCERTAINTY_MEASURE_WITH_UNIT(LENGTH_MEASURE(0.01),#11763,
'DISTANCE_ACCURACY_VALUE',
'Maximum model space distance between geometric entities at asserted c
onnectivities');
#11761=(
GEOMETRIC_REPRESENTATION_CONTEXT(3)
GLOBAL_UNCERTAINTY_ASSIGNED_CONTEXT((#11759))
GLOBAL_UNIT_ASSIGNED_CONTEXT((#11763,#11765,#11766))
REPRESENTATION_CONTEXT('','3D')
);
#11762=(
GEOMETRIC_REPRESENTATION_CONTEXT(3)
GLOBAL_UNCERTAINTY_ASSIGNED_CONTEXT((#11760))
GLOBAL_UNIT_ASSIGNED_CONTEXT((#11763,#11765,#11766))
REPRESENTATION_CONTEXT('','3D')
);
#11763=(
LENGTH_UNIT()
NAMED_UNIT(*)
SI_UNIT(.MILLI.,.METRE.)
);
#11764=(
LENGTH_UNIT()
NAMED_UNIT(*)
SI_UNIT($,.METRE.)
);
#11765=(
NAMED_UNIT(*)
PLANE_ANGLE_UNIT()
SI_UNIT($,.RADIAN.)
);
#11766=(
NAMED_UNIT(*)
SI_UNIT($,.STERADIAN.)
SOLID_ANGLE_UNIT()
);
#11767=SHAPE_DEFINITION_REPRESENTATION(#11768,#11769);
#11768=PRODUCT_DEFINITION_SHAPE('',$,#11771);
#11769=SHAPE_REPRESENTATION('',(#4330),#11761);
#11770=PRODUCT_DEFINITION_CONTEXT('part definition',#11775,'design');
#11771=PRODUCT_DEFINITION('Wrist_Roll_Follower_SO101',
'Rotation_Claw',#11772,#11770);
#11772=PRODUCT_DEFINITION_FORMATION('',$,#11777);
#11773=PRODUCT_RELATED_PRODUCT_CATEGORY('Rotation_Claw',
'Rotation_Claw',(#11777));
#11774=APPLICATION_PROTOCOL_DEFINITION('international standard',
'automotive_design',2009,#11775);
#11775=APPLICATION_CONTEXT(
'Core Data for Automotive Mechanical Design Process');
#11776=PRODUCT_CONTEXT('part definition',#11775,'mechanical');
#11777=PRODUCT('Wrist_Roll_Follower_SO101','Rotation_Claw',$,(#11776));
#11778=PRESENTATION_STYLE_ASSIGNMENT((#11780));
#11779=PRESENTATION_STYLE_ASSIGNMENT((#11781));
#11780=SURFACE_STYLE_USAGE(.BOTH.,#11782);
#11781=SURFACE_STYLE_USAGE(.BOTH.,#11783);
#11782=SURFACE_SIDE_STYLE('',(#11784));
#11783=SURFACE_SIDE_STYLE('',(#11785));
#11784=SURFACE_STYLE_FILL_AREA(#11786);
#11785=SURFACE_STYLE_FILL_AREA(#11787);
#11786=FILL_AREA_STYLE('A\X\E7o - Acetinado',(#11788));
#11787=FILL_AREA_STYLE('Opaque(246,246,243)',(#11789));
#11788=FILL_AREA_STYLE_COLOUR('A\X\E7o - Acetinado',#11790);
#11789=FILL_AREA_STYLE_COLOUR('Opaque(246,246,243)',#11791);
#11790=COLOUR_RGB('A\X\E7o - Acetinado',0.627450980392157,0.627450980392157,
0.627450980392157);
#11791=COLOUR_RGB('Opaque(246,246,243)',0.964705882352941,0.964705882352941,
0.952941176470588);
ENDSEC;
END-ISO-10303-21;
