ISO-10303-21;
HEADER;
/* Generated by software containing ST-Developer
 * from STEP Tools, Inc. (www.steptools.com) 
 */

FILE_DESCRIPTION(
/* description */ (''),
/* implementation_level */ '2;1');

FILE_NAME(
/* name */ 'TunerAttachment.step',
/* time_stamp */ '2026-08-25T10:15:49+02:00',
/* author */ (''),
/* organization */ (''),
/* preprocessor_version */ 'ST-DEVELOPER v20.1',
/* originating_system */ 'Autodesk Translation Framework v15.8.0.0',
/* authorisation */ '');

FILE_SCHEMA (('AUTOMOTIVE_DESIGN { 1 0 10303 214 3 1 1 }'));
ENDSEC;

DATA;
#10=MECHANICAL_DESIGN_GEOMETRIC_PRESENTATION_REPRESENTATION('',(#13),#6370);
#11=SHAPE_REPRESENTATION_RELATIONSHIP('SRR','None',#6377,#12);
#12=ADVANCED_BREP_SHAPE_REPRESENTATION('',(#14),#6369);
#13=STYLED_ITEM('',(#6386),#14);
#14=MANIFOLD_SOLID_BREP('Corpo1',#1844);
#15=ELLIPSE('',#1969,13.0170827931778,10.);
#16=ELLIPSE('',#1970,15.6204993518133,12.);
#17=ELLIPSE('',#1972,15.6204993518133,12.);
#18=ELLIPSE('',#1973,13.0170827931778,10.);
#19=FACE_BOUND('',#244,.T.);
#20=FACE_BOUND('',#249,.T.);
#21=FACE_BOUND('',#254,.T.);
#22=FACE_BOUND('',#259,.T.);
#23=FACE_BOUND('',#272,.T.);
#24=FACE_BOUND('',#273,.T.);
#25=FACE_BOUND('',#274,.T.);
#26=FACE_BOUND('',#275,.T.);
#27=FACE_BOUND('',#276,.T.);
#28=FACE_BOUND('',#294,.T.);
#29=FACE_BOUND('',#295,.T.);
#30=FACE_BOUND('',#296,.T.);
#31=FACE_BOUND('',#297,.T.);
#32=FACE_BOUND('',#298,.T.);
#33=FACE_BOUND('',#299,.T.);
#34=FACE_BOUND('',#300,.T.);
#35=FACE_BOUND('',#301,.T.);
#36=FACE_BOUND('',#302,.T.);
#37=PLANE('',#1915);
#38=PLANE('',#1917);
#39=PLANE('',#1919);
#40=PLANE('',#1921);
#41=PLANE('',#1922);
#42=PLANE('',#1926);
#43=PLANE('',#1927);
#44=PLANE('',#1929);
#45=PLANE('',#1933);
#46=PLANE('',#1934);
#47=PLANE('',#1936);
#48=PLANE('',#1940);
#49=PLANE('',#1941);
#50=PLANE('',#1943);
#51=PLANE('',#1947);
#52=PLANE('',#1948);
#53=PLANE('',#1950);
#54=PLANE('',#1951);
#55=PLANE('',#1952);
#56=PLANE('',#1953);
#57=PLANE('',#1954);
#58=PLANE('',#1955);
#59=PLANE('',#1956);
#60=PLANE('',#1959);
#61=PLANE('',#1960);
#62=PLANE('',#1961);
#63=PLANE('',#1962);
#64=PLANE('',#1968);
#65=PLANE('',#1971);
#66=PLANE('',#1977);
#67=PLANE('',#1979);
#68=PLANE('',#1981);
#69=PLANE('',#1982);
#70=PLANE('',#1986);
#71=PLANE('',#1987);
#72=PLANE('',#1990);
#73=PLANE('',#1991);
#74=PLANE('',#1992);
#75=B_SPLINE_SURFACE_WITH_KNOTS('',3,3,((#3549,#3550,#3551,#3552,#3553,
#3554,#3555,#3556,#3557,#3558,#3559,#3560,#3561,#3562,#3563,#3564,#3565,
#3566,#3567,#3568,#3569,#3570,#3571,#3572,#3573,#3574,#3575,#3576,#3577,
#3578,#3579,#3580,#3581),(#3582,#3583,#3584,#3585,#3586,#3587,#3588,#3589,
#3590,#3591,#3592,#3593,#3594,#3595,#3596,#3597,#3598,#3599,#3600,#3601,
#3602,#3603,#3604,#3605,#3606,#3607,#3608,#3609,#3610,#3611,#3612,#3613,
#3614),(#3615,#3616,#3617,#3618,#3619,#3620,#3621,#3622,#3623,#3624,#3625,
#3626,#3627,#3628,#3629,#3630,#3631,#3632,#3633,#3634,#3635,#3636,#3637,
#3638,#3639,#3640,#3641,#3642,#3643,#3644,#3645,#3646,#3647),(#3648,#3649,
#3650,#3651,#3652,#3653,#3654,#3655,#3656,#3657,#3658,#3659,#3660,#3661,
#3662,#3663,#3664,#3665,#3666,#3667,#3668,#3669,#3670,#3671,#3672,#3673,
#3674,#3675,#3676,#3677,#3678,#3679,#3680)),.UNSPECIFIED.,.F.,.F.,.F.,(4,
4),(4,1,1,1,1,1,1,1,1,1,1,1,1,1,1,1,1,1,1,1,1,1,1,1,1,1,1,1,1,1,4),(0.,
0.0291273210806164),(11.8408508686654,12.8394754904147,13.8381001121639,
14.8367247339132,15.8353493556625,16.8339739774118,17.8325985991611,18.8312232209104,
19.8298478426597,20.828472464409,21.8270970861583,22.8257217079075,23.8243463296568,
24.8229709514061,25.8215955731554,26.8202201949047,27.818844816654,28.8174694384033,
29.8160940601526,30.8147186819019,31.8133433036511,32.8119679254004,33.8105925471497,
34.809217168899,35.8078417906483,36.8064664123976,37.8050910341469,38.8037156558962,
39.8023402776455,40.8009648993947,41.799589521144),.UNSPECIFIED.);
#76=B_SPLINE_SURFACE_WITH_KNOTS('',3,3,((#3864,#3865,#3866,#3867,#3868,
#3869,#3870,#3871,#3872,#3873,#3874,#3875,#3876,#3877,#3878,#3879,#3880,
#3881,#3882,#3883,#3884,#3885,#3886,#3887,#3888,#3889,#3890,#3891,#3892,
#3893,#3894,#3895,#3896),(#3897,#3898,#3899,#3900,#3901,#3902,#3903,#3904,
#3905,#3906,#3907,#3908,#3909,#3910,#3911,#3912,#3913,#3914,#3915,#3916,
#3917,#3918,#3919,#3920,#3921,#3922,#3923,#3924,#3925,#3926,#3927,#3928,
#3929),(#3930,#3931,#3932,#3933,#3934,#3935,#3936,#3937,#3938,#3939,#3940,
#3941,#3942,#3943,#3944,#3945,#3946,#3947,#3948,#3949,#3950,#3951,#3952,
#3953,#3954,#3955,#3956,#3957,#3958,#3959,#3960,#3961,#3962),(#3963,#3964,
#3965,#3966,#3967,#3968,#3969,#3970,#3971,#3972,#3973,#3974,#3975,#3976,
#3977,#3978,#3979,#3980,#3981,#3982,#3983,#3984,#3985,#3986,#3987,#3988,
#3989,#3990,#3991,#3992,#3993,#3994,#3995)),.UNSPECIFIED.,.F.,.F.,.F.,(4,
4),(4,1,1,1,1,1,1,1,1,1,1,1,1,1,1,1,1,1,1,1,1,1,1,1,1,1,1,1,1,1,4),(0.,
0.0291273210806164),(14.4000123930733,15.3986370148226,16.3972616365719,
17.3958862583212,18.3945108800705,19.3931355018198,20.3917601235691,21.3903847453183,
22.3890093670676,23.3876339888169,24.3862586105662,25.3848832323155,26.3835078540648,
27.3821324758141,28.3807570975634,29.3793817193127,30.3780063410619,31.3766309628112,
32.3752555845605,33.3738802063098,34.3725048280591,35.3711294498084,36.3697540715577,
37.368378693307,38.3670033150563,39.3656279368055,40.3642525585548,41.3628771803041,
42.3615018020534,43.3601264238027,44.358751045552),.UNSPECIFIED.);
#77=B_SPLINE_SURFACE_WITH_KNOTS('',3,3,((#4198,#4199,#4200,#4201,#4202,
#4203,#4204,#4205,#4206,#4207,#4208,#4209,#4210,#4211,#4212,#4213,#4214,
#4215,#4216,#4217,#4218,#4219,#4220,#4221,#4222,#4223,#4224,#4225,#4226,
#4227,#4228,#4229,#4230),(#4231,#4232,#4233,#4234,#4235,#4236,#4237,#4238,
#4239,#4240,#4241,#4242,#4243,#4244,#4245,#4246,#4247,#4248,#4249,#4250,
#4251,#4252,#4253,#4254,#4255,#4256,#4257,#4258,#4259,#4260,#4261,#4262,
#4263),(#4264,#4265,#4266,#4267,#4268,#4269,#4270,#4271,#4272,#4273,#4274,
#4275,#4276,#4277,#4278,#4279,#4280,#4281,#4282,#4283,#4284,#4285,#4286,
#4287,#4288,#4289,#4290,#4291,#4292,#4293,#4294,#4295,#4296),(#4297,#4298,
#4299,#4300,#4301,#4302,#4303,#4304,#4305,#4306,#4307,#4308,#4309,#4310,
#4311,#4312,#4313,#4314,#4315,#4316,#4317,#4318,#4319,#4320,#4321,#4322,
#4323,#4324,#4325,#4326,#4327,#4328,#4329)),.UNSPECIFIED.,.F.,.F.,.F.,(4,
4),(4,1,1,1,1,1,1,1,1,1,1,1,1,1,1,1,1,1,1,1,1,1,1,1,1,1,1,1,1,1,4),(0.,
0.0291273210806164),(11.8408508686654,12.8394754904147,13.8381001121639,
14.8367247339132,15.8353493556625,16.8339739774118,17.8325985991611,18.8312232209104,
19.8298478426597,20.828472464409,21.8270970861583,22.8257217079075,23.8243463296568,
24.8229709514061,25.8215955731554,26.8202201949047,27.818844816654,28.8174694384033,
29.8160940601526,30.8147186819019,31.8133433036511,32.8119679254004,33.8105925471497,
34.809217168899,35.8078417906483,36.8064664123976,37.8050910341469,38.8037156558962,
39.8023402776455,40.8009648993947,41.799589521144),.UNSPECIFIED.);
#78=B_SPLINE_SURFACE_WITH_KNOTS('',3,3,((#4513,#4514,#4515,#4516,#4517,
#4518,#4519,#4520,#4521,#4522,#4523,#4524,#4525,#4526,#4527,#4528,#4529,
#4530,#4531,#4532,#4533,#4534,#4535,#4536,#4537,#4538,#4539,#4540,#4541,
#4542,#4543,#4544,#4545),(#4546,#4547,#4548,#4549,#4550,#4551,#4552,#4553,
#4554,#4555,#4556,#4557,#4558,#4559,#4560,#4561,#4562,#4563,#4564,#4565,
#4566,#4567,#4568,#4569,#4570,#4571,#4572,#4573,#4574,#4575,#4576,#4577,
#4578),(#4579,#4580,#4581,#4582,#4583,#4584,#4585,#4586,#4587,#4588,#4589,
#4590,#4591,#4592,#4593,#4594,#4595,#4596,#4597,#4598,#4599,#4600,#4601,
#4602,#4603,#4604,#4605,#4606,#4607,#4608,#4609,#4610,#4611),(#4612,#4613,
#4614,#4615,#4616,#4617,#4618,#4619,#4620,#4621,#4622,#4623,#4624,#4625,
#4626,#4627,#4628,#4629,#4630,#4631,#4632,#4633,#4634,#4635,#4636,#4637,
#4638,#4639,#4640,#4641,#4642,#4643,#4644)),.UNSPECIFIED.,.F.,.F.,.F.,(4,
4),(4,1,1,1,1,1,1,1,1,1,1,1,1,1,1,1,1,1,1,1,1,1,1,1,1,1,1,1,1,1,4),(0.,
0.0291273210806164),(14.4000123930733,15.3986370148226,16.3972616365719,
17.3958862583212,18.3945108800705,19.3931355018198,20.3917601235691,21.3903847453184,
22.3890093670676,23.3876339888169,24.3862586105662,25.3848832323155,26.3835078540648,
27.3821324758141,28.3807570975634,29.3793817193127,30.3780063410619,31.3766309628112,
32.3752555845605,33.3738802063098,34.3725048280591,35.3711294498084,36.3697540715577,
37.368378693307,38.3670033150563,39.3656279368055,40.3642525585548,41.3628771803041,
42.3615018020534,43.3601264238027,44.358751045552),.UNSPECIFIED.);
#79=B_SPLINE_SURFACE_WITH_KNOTS('',3,3,((#4847,#4848,#4849,#4850,#4851,
#4852,#4853,#4854,#4855,#4856,#4857,#4858,#4859,#4860,#4861,#4862,#4863,
#4864,#4865,#4866,#4867,#4868,#4869,#4870,#4871,#4872,#4873,#4874,#4875,
#4876,#4877,#4878,#4879),(#4880,#4881,#4882,#4883,#4884,#4885,#4886,#4887,
#4888,#4889,#4890,#4891,#4892,#4893,#4894,#4895,#4896,#4897,#4898,#4899,
#4900,#4901,#4902,#4903,#4904,#4905,#4906,#4907,#4908,#4909,#4910,#4911,
#4912),(#4913,#4914,#4915,#4916,#4917,#4918,#4919,#4920,#4921,#4922,#4923,
#4924,#4925,#4926,#4927,#4928,#4929,#4930,#4931,#4932,#4933,#4934,#4935,
#4936,#4937,#4938,#4939,#4940,#4941,#4942,#4943,#4944,#4945),(#4946,#4947,
#4948,#4949,#4950,#4951,#4952,#4953,#4954,#4955,#4956,#4957,#4958,#4959,
#4960,#4961,#4962,#4963,#4964,#4965,#4966,#4967,#4968,#4969,#4970,#4971,
#4972,#4973,#4974,#4975,#4976,#4977,#4978)),.UNSPECIFIED.,.F.,.F.,.F.,(4,
4),(4,1,1,1,1,1,1,1,1,1,1,1,1,1,1,1,1,1,1,1,1,1,1,1,1,1,1,1,1,1,4),(0.,
0.0291273210806166),(11.8408508686654,12.8394754904147,13.838100112164,
14.8367247339133,15.8353493556626,16.8339739774119,17.8325985991611,18.8312232209104,
19.8298478426597,20.828472464409,21.8270970861583,22.8257217079076,23.8243463296569,
24.8229709514061,25.8215955731554,26.8202201949047,27.818844816654,28.8174694384033,
29.8160940601526,30.8147186819018,31.8133433036511,32.8119679254004,33.8105925471497,
34.809217168899,35.8078417906483,36.8064664123976,37.8050910341468,38.8037156558961,
39.8023402776454,40.8009648993947,41.799589521144),.UNSPECIFIED.);
#80=B_SPLINE_SURFACE_WITH_KNOTS('',3,3,((#5162,#5163,#5164,#5165,#5166,
#5167,#5168,#5169,#5170,#5171,#5172,#5173,#5174,#5175,#5176,#5177,#5178,
#5179,#5180,#5181,#5182,#5183,#5184,#5185,#5186,#5187,#5188,#5189,#5190,
#5191,#5192,#5193,#5194),(#5195,#5196,#5197,#5198,#5199,#5200,#5201,#5202,
#5203,#5204,#5205,#5206,#5207,#5208,#5209,#5210,#5211,#5212,#5213,#5214,
#5215,#5216,#5217,#5218,#5219,#5220,#5221,#5222,#5223,#5224,#5225,#5226,
#5227),(#5228,#5229,#5230,#5231,#5232,#5233,#5234,#5235,#5236,#5237,#5238,
#5239,#5240,#5241,#5242,#5243,#5244,#5245,#5246,#5247,#5248,#5249,#5250,
#5251,#5252,#5253,#5254,#5255,#5256,#5257,#5258,#5259,#5260),(#5261,#5262,
#5263,#5264,#5265,#5266,#5267,#5268,#5269,#5270,#5271,#5272,#5273,#5274,
#5275,#5276,#5277,#5278,#5279,#5280,#5281,#5282,#5283,#5284,#5285,#5286,
#5287,#5288,#5289,#5290,#5291,#5292,#5293)),.UNSPECIFIED.,.F.,.F.,.F.,(4,
4),(4,1,1,1,1,1,1,1,1,1,1,1,1,1,1,1,1,1,1,1,1,1,1,1,1,1,1,1,1,1,4),(0.,
0.0291273210806166),(14.4000123930734,15.3986370148227,16.397261636572,
17.3958862583212,18.3945108800705,19.3931355018198,20.3917601235691,21.3903847453184,
22.3890093670677,23.387633988817,24.3862586105662,25.3848832323155,26.3835078540648,
27.3821324758141,28.3807570975634,29.3793817193127,30.3780063410619,31.3766309628112,
32.3752555845605,33.3738802063098,34.3725048280591,35.3711294498084,36.3697540715577,
37.3683786933069,38.3670033150562,39.3656279368055,40.3642525585548,41.3628771803041,
42.3615018020534,43.3601264238026,44.3587510455519),.UNSPECIFIED.);
#81=B_SPLINE_SURFACE_WITH_KNOTS('',3,3,((#5496,#5497,#5498,#5499,#5500,
#5501,#5502,#5503,#5504,#5505,#5506,#5507,#5508,#5509,#5510,#5511,#5512,
#5513,#5514,#5515,#5516,#5517,#5518,#5519,#5520,#5521,#5522,#5523,#5524,
#5525,#5526,#5527,#5528),(#5529,#5530,#5531,#5532,#5533,#5534,#5535,#5536,
#5537,#5538,#5539,#5540,#5541,#5542,#5543,#5544,#5545,#5546,#5547,#5548,
#5549,#5550,#5551,#5552,#5553,#5554,#5555,#5556,#5557,#5558,#5559,#5560,
#5561),(#5562,#5563,#5564,#5565,#5566,#5567,#5568,#5569,#5570,#5571,#5572,
#5573,#5574,#5575,#5576,#5577,#5578,#5579,#5580,#5581,#5582,#5583,#5584,
#5585,#5586,#5587,#5588,#5589,#5590,#5591,#5592,#5593,#5594),(#5595,#5596,
#5597,#5598,#5599,#5600,#5601,#5602,#5603,#5604,#5605,#5606,#5607,#5608,
#5609,#5610,#5611,#5612,#5613,#5614,#5615,#5616,#5617,#5618,#5619,#5620,
#5621,#5622,#5623,#5624,#5625,#5626,#5627)),.UNSPECIFIED.,.F.,.F.,.F.,(4,
4),(4,1,1,1,1,1,1,1,1,1,1,1,1,1,1,1,1,1,1,1,1,1,1,1,1,1,1,1,1,1,4),(0.,
0.0291273210806164),(11.8408508686654,12.8394754904147,13.8381001121639,
14.8367247339132,15.8353493556625,16.8339739774118,17.8325985991611,18.8312232209104,
19.8298478426597,20.828472464409,21.8270970861583,22.8257217079075,23.8243463296568,
24.8229709514061,25.8215955731554,26.8202201949047,27.818844816654,28.8174694384033,
29.8160940601526,30.8147186819019,31.8133433036511,32.8119679254004,33.8105925471497,
34.809217168899,35.8078417906483,36.8064664123976,37.8050910341469,38.8037156558962,
39.8023402776455,40.8009648993947,41.799589521144),.UNSPECIFIED.);
#82=B_SPLINE_SURFACE_WITH_KNOTS('',3,3,((#5811,#5812,#5813,#5814,#5815,
#5816,#5817,#5818,#5819,#5820,#5821,#5822,#5823,#5824,#5825,#5826,#5827,
#5828,#5829,#5830,#5831,#5832,#5833,#5834,#5835,#5836,#5837,#5838,#5839,
#5840,#5841,#5842,#5843),(#5844,#5845,#5846,#5847,#5848,#5849,#5850,#5851,
#5852,#5853,#5854,#5855,#5856,#5857,#5858,#5859,#5860,#5861,#5862,#5863,
#5864,#5865,#5866,#5867,#5868,#5869,#5870,#5871,#5872,#5873,#5874,#5875,
#5876),(#5877,#5878,#5879,#5880,#5881,#5882,#5883,#5884,#5885,#5886,#5887,
#5888,#5889,#5890,#5891,#5892,#5893,#5894,#5895,#5896,#5897,#5898,#5899,
#5900,#5901,#5902,#5903,#5904,#5905,#5906,#5907,#5908,#5909),(#5910,#5911,
#5912,#5913,#5914,#5915,#5916,#5917,#5918,#5919,#5920,#5921,#5922,#5923,
#5924,#5925,#5926,#5927,#5928,#5929,#5930,#5931,#5932,#5933,#5934,#5935,
#5936,#5937,#5938,#5939,#5940,#5941,#5942)),.UNSPECIFIED.,.F.,.F.,.F.,(4,
4),(4,1,1,1,1,1,1,1,1,1,1,1,1,1,1,1,1,1,1,1,1,1,1,1,1,1,1,1,1,1,4),(0.,
0.0291273210806164),(14.4000123930733,15.3986370148226,16.3972616365719,
17.3958862583212,18.3945108800705,19.3931355018198,20.3917601235691,21.3903847453184,
22.3890093670676,23.3876339888169,24.3862586105662,25.3848832323155,26.3835078540648,
27.3821324758141,28.3807570975634,29.3793817193127,30.3780063410619,31.3766309628112,
32.3752555845605,33.3738802063098,34.3725048280591,35.3711294498084,36.3697540715577,
37.368378693307,38.3670033150563,39.3656279368055,40.3642525585548,41.3628771803041,
42.3615018020534,43.3601264238027,44.358751045552),.UNSPECIFIED.);
#83=FACE_OUTER_BOUND('',#184,.T.);
#84=FACE_OUTER_BOUND('',#185,.T.);
#85=FACE_OUTER_BOUND('',#186,.T.);
#86=FACE_OUTER_BOUND('',#187,.T.);
#87=FACE_OUTER_BOUND('',#188,.T.);
#88=FACE_OUTER_BOUND('',#189,.T.);
#89=FACE_OUTER_BOUND('',#190,.T.);
#90=FACE_OUTER_BOUND('',#191,.T.);
#91=FACE_OUTER_BOUND('',#192,.T.);
#92=FACE_OUTER_BOUND('',#193,.T.);
#93=FACE_OUTER_BOUND('',#194,.T.);
#94=FACE_OUTER_BOUND('',#195,.T.);
#95=FACE_OUTER_BOUND('',#196,.T.);
#96=FACE_OUTER_BOUND('',#197,.T.);
#97=FACE_OUTER_BOUND('',#198,.T.);
#98=FACE_OUTER_BOUND('',#199,.T.);
#99=FACE_OUTER_BOUND('',#200,.T.);
#100=FACE_OUTER_BOUND('',#201,.T.);
#101=FACE_OUTER_BOUND('',#202,.T.);
#102=FACE_OUTER_BOUND('',#203,.T.);
#103=FACE_OUTER_BOUND('',#204,.T.);
#104=FACE_OUTER_BOUND('',#205,.T.);
#105=FACE_OUTER_BOUND('',#206,.T.);
#106=FACE_OUTER_BOUND('',#207,.T.);
#107=FACE_OUTER_BOUND('',#208,.T.);
#108=FACE_OUTER_BOUND('',#209,.T.);
#109=FACE_OUTER_BOUND('',#210,.T.);
#110=FACE_OUTER_BOUND('',#211,.T.);
#111=FACE_OUTER_BOUND('',#212,.T.);
#112=FACE_OUTER_BOUND('',#213,.T.);
#113=FACE_OUTER_BOUND('',#214,.T.);
#114=FACE_OUTER_BOUND('',#215,.T.);
#115=FACE_OUTER_BOUND('',#216,.T.);
#116=FACE_OUTER_BOUND('',#217,.T.);
#117=FACE_OUTER_BOUND('',#218,.T.);
#118=FACE_OUTER_BOUND('',#219,.T.);
#119=FACE_OUTER_BOUND('',#220,.T.);
#120=FACE_OUTER_BOUND('',#221,.T.);
#121=FACE_OUTER_BOUND('',#222,.T.);
#122=FACE_OUTER_BOUND('',#223,.T.);
#123=FACE_OUTER_BOUND('',#224,.T.);
#124=FACE_OUTER_BOUND('',#225,.T.);
#125=FACE_OUTER_BOUND('',#226,.T.);
#126=FACE_OUTER_BOUND('',#227,.T.);
#127=FACE_OUTER_BOUND('',#228,.T.);
#128=FACE_OUTER_BOUND('',#229,.T.);
#129=FACE_OUTER_BOUND('',#230,.T.);
#130=FACE_OUTER_BOUND('',#231,.T.);
#131=FACE_OUTER_BOUND('',#232,.T.);
#132=FACE_OUTER_BOUND('',#233,.T.);
#133=FACE_OUTER_BOUND('',#234,.T.);
#134=FACE_OUTER_BOUND('',#235,.T.);
#135=FACE_OUTER_BOUND('',#236,.T.);
#136=FACE_OUTER_BOUND('',#237,.T.);
#137=FACE_OUTER_BOUND('',#238,.T.);
#138=FACE_OUTER_BOUND('',#239,.T.);
#139=FACE_OUTER_BOUND('',#240,.T.);
#140=FACE_OUTER_BOUND('',#241,.T.);
#141=FACE_OUTER_BOUND('',#242,.T.);
#142=FACE_OUTER_BOUND('',#243,.T.);
#143=FACE_OUTER_BOUND('',#245,.T.);
#144=FACE_OUTER_BOUND('',#246,.T.);
#145=FACE_OUTER_BOUND('',#247,.T.);
#146=FACE_OUTER_BOUND('',#248,.T.);
#147=FACE_OUTER_BOUND('',#250,.T.);
#148=FACE_OUTER_BOUND('',#251,.T.);
#149=FACE_OUTER_BOUND('',#252,.T.);
#150=FACE_OUTER_BOUND('',#253,.T.);
#151=FACE_OUTER_BOUND('',#255,.T.);
#152=FACE_OUTER_BOUND('',#256,.T.);
#153=FACE_OUTER_BOUND('',#257,.T.);
#154=FACE_OUTER_BOUND('',#258,.T.);
#155=FACE_OUTER_BOUND('',#260,.T.);
#156=FACE_OUTER_BOUND('',#261,.T.);
#157=FACE_OUTER_BOUND('',#262,.T.);
#158=FACE_OUTER_BOUND('',#263,.T.);
#159=FACE_OUTER_BOUND('',#264,.T.);
#160=FACE_OUTER_BOUND('',#265,.T.);
#161=FACE_OUTER_BOUND('',#266,.T.);
#162=FACE_OUTER_BOUND('',#267,.T.);
#163=FACE_OUTER_BOUND('',#268,.T.);
#164=FACE_OUTER_BOUND('',#269,.T.);
#165=FACE_OUTER_BOUND('',#270,.T.);
#166=FACE_OUTER_BOUND('',#271,.T.);
#167=FACE_OUTER_BOUND('',#277,.T.);
#168=FACE_OUTER_BOUND('',#278,.T.);
#169=FACE_OUTER_BOUND('',#279,.T.);
#170=FACE_OUTER_BOUND('',#280,.T.);
#171=FACE_OUTER_BOUND('',#281,.T.);
#172=FACE_OUTER_BOUND('',#282,.T.);
#173=FACE_OUTER_BOUND('',#283,.T.);
#174=FACE_OUTER_BOUND('',#284,.T.);
#175=FACE_OUTER_BOUND('',#285,.T.);
#176=FACE_OUTER_BOUND('',#286,.T.);
#177=FACE_OUTER_BOUND('',#287,.T.);
#178=FACE_OUTER_BOUND('',#288,.T.);
#179=FACE_OUTER_BOUND('',#289,.T.);
#180=FACE_OUTER_BOUND('',#290,.T.);
#181=FACE_OUTER_BOUND('',#291,.T.);
#182=FACE_OUTER_BOUND('',#292,.T.);
#183=FACE_OUTER_BOUND('',#293,.T.);
#184=EDGE_LOOP('',(#1146,#1147,#1148,#1149));
#185=EDGE_LOOP('',(#1150,#1151,#1152,#1153));
#186=EDGE_LOOP('',(#1154,#1155,#1156,#1157));
#187=EDGE_LOOP('',(#1158,#1159,#1160,#1161));
#188=EDGE_LOOP('',(#1162,#1163,#1164,#1165));
#189=EDGE_LOOP('',(#1166,#1167,#1168,#1169));
#190=EDGE_LOOP('',(#1170,#1171,#1172,#1173));
#191=EDGE_LOOP('',(#1174,#1175,#1176,#1177));
#192=EDGE_LOOP('',(#1178,#1179,#1180,#1181));
#193=EDGE_LOOP('',(#1182,#1183,#1184,#1185));
#194=EDGE_LOOP('',(#1186,#1187,#1188,#1189));
#195=EDGE_LOOP('',(#1190,#1191,#1192,#1193));
#196=EDGE_LOOP('',(#1194,#1195,#1196,#1197));
#197=EDGE_LOOP('',(#1198,#1199,#1200,#1201));
#198=EDGE_LOOP('',(#1202,#1203,#1204,#1205));
#199=EDGE_LOOP('',(#1206,#1207,#1208,#1209));
#200=EDGE_LOOP('',(#1210,#1211,#1212,#1213));
#201=EDGE_LOOP('',(#1214,#1215,#1216,#1217));
#202=EDGE_LOOP('',(#1218,#1219,#1220,#1221));
#203=EDGE_LOOP('',(#1222,#1223,#1224,#1225));
#204=EDGE_LOOP('',(#1226,#1227,#1228,#1229));
#205=EDGE_LOOP('',(#1230,#1231,#1232,#1233));
#206=EDGE_LOOP('',(#1234,#1235,#1236,#1237));
#207=EDGE_LOOP('',(#1238,#1239,#1240,#1241));
#208=EDGE_LOOP('',(#1242,#1243,#1244,#1245));
#209=EDGE_LOOP('',(#1246,#1247,#1248,#1249));
#210=EDGE_LOOP('',(#1250,#1251,#1252,#1253));
#211=EDGE_LOOP('',(#1254,#1255,#1256,#1257));
#212=EDGE_LOOP('',(#1258,#1259,#1260,#1261));
#213=EDGE_LOOP('',(#1262,#1263,#1264,#1265));
#214=EDGE_LOOP('',(#1266,#1267,#1268,#1269));
#215=EDGE_LOOP('',(#1270,#1271,#1272,#1273));
#216=EDGE_LOOP('',(#1274,#1275,#1276,#1277));
#217=EDGE_LOOP('',(#1278,#1279,#1280,#1281));
#218=EDGE_LOOP('',(#1282,#1283,#1284,#1285));
#219=EDGE_LOOP('',(#1286,#1287,#1288,#1289));
#220=EDGE_LOOP('',(#1290,#1291,#1292,#1293));
#221=EDGE_LOOP('',(#1294,#1295,#1296,#1297,#1298,#1299,#1300,#1301,#1302,
#1303,#1304,#1305,#1306));
#222=EDGE_LOOP('',(#1307,#1308,#1309,#1310,#1311,#1312,#1313,#1314,#1315,
#1316,#1317,#1318,#1319));
#223=EDGE_LOOP('',(#1320,#1321,#1322,#1323));
#224=EDGE_LOOP('',(#1324,#1325,#1326,#1327,#1328,#1329,#1330,#1331,#1332,
#1333,#1334,#1335,#1336));
#225=EDGE_LOOP('',(#1337,#1338,#1339,#1340,#1341,#1342,#1343,#1344,#1345,
#1346,#1347,#1348,#1349));
#226=EDGE_LOOP('',(#1350,#1351,#1352,#1353));
#227=EDGE_LOOP('',(#1354,#1355,#1356,#1357,#1358,#1359,#1360,#1361,#1362,
#1363,#1364,#1365,#1366));
#228=EDGE_LOOP('',(#1367,#1368,#1369,#1370,#1371,#1372,#1373,#1374,#1375,
#1376,#1377,#1378,#1379));
#229=EDGE_LOOP('',(#1380,#1381,#1382,#1383));
#230=EDGE_LOOP('',(#1384,#1385,#1386,#1387,#1388,#1389,#1390,#1391,#1392,
#1393,#1394,#1395,#1396));
#231=EDGE_LOOP('',(#1397,#1398,#1399,#1400,#1401,#1402,#1403,#1404,#1405,
#1406,#1407,#1408,#1409));
#232=EDGE_LOOP('',(#1410,#1411,#1412,#1413));
#233=EDGE_LOOP('',(#1414,#1415,#1416,#1417));
#234=EDGE_LOOP('',(#1418,#1419,#1420,#1421));
#235=EDGE_LOOP('',(#1422,#1423,#1424,#1425));
#236=EDGE_LOOP('',(#1426,#1427,#1428,#1429));
#237=EDGE_LOOP('',(#1430,#1431,#1432,#1433));
#238=EDGE_LOOP('',(#1434,#1435,#1436,#1437));
#239=EDGE_LOOP('',(#1438,#1439,#1440,#1441));
#240=EDGE_LOOP('',(#1442,#1443,#1444,#1445));
#241=EDGE_LOOP('',(#1446,#1447,#1448,#1449));
#242=EDGE_LOOP('',(#1450,#1451,#1452,#1453));
#243=EDGE_LOOP('',(#1454,#1455,#1456));
#244=EDGE_LOOP('',(#1457,#1458,#1459));
#245=EDGE_LOOP('',(#1460,#1461,#1462,#1463));
#246=EDGE_LOOP('',(#1464,#1465,#1466,#1467));
#247=EDGE_LOOP('',(#1468,#1469,#1470,#1471));
#248=EDGE_LOOP('',(#1472,#1473,#1474));
#249=EDGE_LOOP('',(#1475,#1476,#1477));
#250=EDGE_LOOP('',(#1478,#1479,#1480,#1481));
#251=EDGE_LOOP('',(#1482,#1483,#1484,#1485));
#252=EDGE_LOOP('',(#1486,#1487,#1488,#1489));
#253=EDGE_LOOP('',(#1490,#1491,#1492));
#254=EDGE_LOOP('',(#1493,#1494,#1495));
#255=EDGE_LOOP('',(#1496,#1497,#1498,#1499));
#256=EDGE_LOOP('',(#1500,#1501,#1502,#1503));
#257=EDGE_LOOP('',(#1504,#1505,#1506,#1507));
#258=EDGE_LOOP('',(#1508,#1509,#1510));
#259=EDGE_LOOP('',(#1511,#1512,#1513));
#260=EDGE_LOOP('',(#1514,#1515,#1516,#1517));
#261=EDGE_LOOP('',(#1518,#1519,#1520,#1521));
#262=EDGE_LOOP('',(#1522,#1523,#1524,#1525));
#263=EDGE_LOOP('',(#1526,#1527,#1528,#1529));
#264=EDGE_LOOP('',(#1530,#1531,#1532,#1533));
#265=EDGE_LOOP('',(#1534,#1535,#1536,#1537));
#266=EDGE_LOOP('',(#1538,#1539,#1540,#1541));
#267=EDGE_LOOP('',(#1542,#1543,#1544,#1545));
#268=EDGE_LOOP('',(#1546,#1547,#1548,#1549,#1550,#1551));
#269=EDGE_LOOP('',(#1552,#1553,#1554));
#270=EDGE_LOOP('',(#1555,#1556,#1557,#1558,#1559));
#271=EDGE_LOOP('',(#1560,#1561,#1562,#1563,#1564,#1565));
#272=EDGE_LOOP('',(#1566,#1567,#1568));
#273=EDGE_LOOP('',(#1569,#1570,#1571));
#274=EDGE_LOOP('',(#1572,#1573,#1574));
#275=EDGE_LOOP('',(#1575,#1576,#1577));
#276=EDGE_LOOP('',(#1578,#1579,#1580));
#277=EDGE_LOOP('',(#1581,#1582,#1583,#1584));
#278=EDGE_LOOP('',(#1585,#1586,#1587,#1588));
#279=EDGE_LOOP('',(#1589,#1590,#1591,#1592,#1593,#1594,#1595,#1596));
#280=EDGE_LOOP('',(#1597,#1598,#1599,#1600));
#281=EDGE_LOOP('',(#1601,#1602,#1603,#1604));
#282=EDGE_LOOP('',(#1605,#1606,#1607,#1608,#1609,#1610));
#283=EDGE_LOOP('',(#1611,#1612,#1613,#1614));
#284=EDGE_LOOP('',(#1615,#1616,#1617,#1618));
#285=EDGE_LOOP('',(#1619,#1620,#1621,#1622));
#286=EDGE_LOOP('',(#1623,#1624,#1625,#1626));
#287=EDGE_LOOP('',(#1627,#1628,#1629,#1630));
#288=EDGE_LOOP('',(#1631,#1632,#1633,#1634));
#289=EDGE_LOOP('',(#1635,#1636,#1637,#1638));
#290=EDGE_LOOP('',(#1639,#1640,#1641,#1642));
#291=EDGE_LOOP('',(#1643,#1644,#1645,#1646,#1647));
#292=EDGE_LOOP('',(#1648,#1649,#1650));
#293=EDGE_LOOP('',(#1651,#1652,#1653,#1654,#1655,#1656));
#294=EDGE_LOOP('',(#1657,#1658,#1659,#1660));
#295=EDGE_LOOP('',(#1661,#1662,#1663,#1664));
#296=EDGE_LOOP('',(#1665,#1666,#1667));
#297=EDGE_LOOP('',(#1668,#1669,#1670));
#298=EDGE_LOOP('',(#1671,#1672,#1673));
#299=EDGE_LOOP('',(#1674,#1675,#1676));
#300=EDGE_LOOP('',(#1677,#1678,#1679));
#301=EDGE_LOOP('',(#1680,#1681,#1682,#1683));
#302=EDGE_LOOP('',(#1684,#1685,#1686,#1687));
#303=CIRCLE('',#1859,1.03775);
#304=CIRCLE('',#1863,1.03775);
#305=CIRCLE('',#1865,1.03775);
#306=CIRCLE('',#1869,1.03775);
#307=CIRCLE('',#1871,1.03775);
#308=CIRCLE('',#1875,1.03775);
#309=CIRCLE('',#1877,1.03775);
#310=CIRCLE('',#1881,1.03775);
#311=CIRCLE('',#1883,1.29);
#312=CIRCLE('',#1888,1.29);
#313=CIRCLE('',#1890,1.29);
#314=CIRCLE('',#1895,1.29);
#315=CIRCLE('',#1897,1.29);
#316=CIRCLE('',#1902,1.29);
#317=CIRCLE('',#1904,1.29);
#318=CIRCLE('',#1909,1.29);
#319=CIRCLE('',#1924,3.);
#320=CIRCLE('',#1925,3.);
#321=CIRCLE('',#1928,1.6);
#322=CIRCLE('',#1931,3.);
#323=CIRCLE('',#1932,3.);
#324=CIRCLE('',#1935,1.6);
#325=CIRCLE('',#1938,3.);
#326=CIRCLE('',#1939,3.);
#327=CIRCLE('',#1942,1.6);
#328=CIRCLE('',#1945,3.);
#329=CIRCLE('',#1946,3.);
#330=CIRCLE('',#1949,1.6);
#331=CIRCLE('',#1958,1.6);
#332=CIRCLE('',#1963,10.);
#333=CIRCLE('',#1964,1.6);
#334=CIRCLE('',#1965,2.7);
#335=CIRCLE('',#1966,1.6);
#336=CIRCLE('',#1967,1.6);
#337=CIRCLE('',#1975,12.);
#338=CIRCLE('',#1976,12.);
#339=CIRCLE('',#1978,10.);
#340=CIRCLE('',#1985,2.7);
#341=B_SPLINE_CURVE_WITH_KNOTS('',3,(#2396,#2397,#2398,#2399,#2400,#2401,
#2402,#2403,#2404,#2405,#2406,#2407,#2408),.UNSPECIFIED.,.F.,.F.,(4,3,3,
3,4),(26.4406921035939,26.9628647872307,27.96148940898,28.9601140307293,
29.9587386524785),.UNSPECIFIED.);
#342=B_SPLINE_CURVE_WITH_KNOTS('',3,(#2411,#2412,#2413,#2414,#2415,#2416,
#2417,#2418,#2419,#2420,#2421,#2422,#2423,#2424,#2425,#2426,#2427,#2428,
#2429),.UNSPECIFIED.,.F.,.F.,(4,3,3,3,3,3,4),(-27.9252680319093,-26.9628647872307,
-25.9642401654814,-24.9656155437321,-23.9669909219828,-22.9683663002336,
-22.7166683208223),.UNSPECIFIED.);
#343=B_SPLINE_CURVE_WITH_KNOTS('',3,(#2434,#2435,#2436,#2437,#2438,#2439,
#2440,#2441,#2442,#2443,#2444,#2445,#2446,#2447,#2448,#2449,#2450,#2451,
#2452,#2453,#2454,#2455),.UNSPECIFIED.,.F.,.F.,(4,3,3,3,3,3,3,4),(20.1575067964143,
20.971117056735,21.9697416784843,22.9683663002335,23.9669909219828,24.9656155437321,
25.9642401654814,26.4406921035939),.UNSPECIFIED.);
#344=B_SPLINE_CURVE_WITH_KNOTS('',3,(#2456,#2457,#2458,#2459,#2460,#2461,
#2462,#2463,#2464,#2465,#2466,#2467,#2468,#2469,#2470,#2471,#2472,#2473,
#2474,#2475,#2476,#2477),.UNSPECIFIED.,.F.,.F.,(4,3,3,3,3,3,3,4),(-22.7166683208223,
-21.9697416784843,-20.971117056735,-19.9724924349857,-18.9738678132364,
-17.9752431914871,-16.9766185697378,-16.4334830136427),.UNSPECIFIED.);
#345=B_SPLINE_CURVE_WITH_KNOTS('',3,(#2482,#2483,#2484,#2485,#2486,#2487,
#2488,#2489,#2490,#2491,#2492,#2493,#2494,#2495,#2496,#2497,#2498,#2499,
#2500,#2501,#2502,#2503,#2504,#2505,#2506),.UNSPECIFIED.,.F.,.F.,(4,3,3,
3,3,3,3,3,4),(13.8743214892347,13.98074470449,14.9793693262393,15.9779939479886,
16.9766185697378,17.9752431914871,18.9738678132364,19.9724924349857,20.1575067964143),
 .UNSPECIFIED.);
#346=B_SPLINE_CURVE_WITH_KNOTS('',3,(#2507,#2508,#2509,#2510,#2511,#2512,
#2513,#2514,#2515,#2516,#2517,#2518,#2519,#2520,#2521,#2522,#2523,#2524,
#2525,#2526,#2527,#2528),.UNSPECIFIED.,.F.,.F.,(4,3,3,3,3,3,3,4),(-16.4334830136427,
-15.9779939479886,-14.9793693262393,-13.98074470449,-12.9821200827407,-11.9834954609914,
-10.9848708392421,-10.1502977064631),.UNSPECIFIED.);
#347=B_SPLINE_CURVE_WITH_KNOTS('',3,(#2534,#2535,#2536,#2537,#2538,#2539,
#2540,#2541,#2542,#2543,#2544,#2545,#2546),.UNSPECIFIED.,.F.,.F.,(4,3,3,
3,4),(-3.86711239928354,-2.99587386524786,-1.99724924349857,-0.998624621749285,
0.),.UNSPECIFIED.);
#348=B_SPLINE_CURVE_WITH_KNOTS('',3,(#2549,#2550,#2551,#2552,#2553,#2554,
#2555,#2556,#2557,#2558,#2559,#2560,#2561,#2562,#2563,#2564,#2565,#2566,
#2567),.UNSPECIFIED.,.F.,.F.,(4,3,3,3,3,3,4),(2.03347062056922,2.99587386524786,
3.99449848699713,4.99312310874642,5.99174773049571,6.99037235224499,7.59113618205517),
 .UNSPECIFIED.);
#349=B_SPLINE_CURVE_WITH_KNOTS('',3,(#2573,#2574,#2575,#2576,#2577,#2578,
#2579,#2580,#2581,#2582,#2583,#2584,#2585),.UNSPECIFIED.,.F.,.F.,(4,3,3,
3,4),(26.440692103594,26.9628647872308,27.9614894089801,28.9601140307294,
29.9587386524786),.UNSPECIFIED.);
#350=B_SPLINE_CURVE_WITH_KNOTS('',3,(#2588,#2589,#2590,#2591,#2592,#2593,
#2594,#2595,#2596,#2597,#2598,#2599,#2600,#2601,#2602,#2603,#2604,#2605,
#2606),.UNSPECIFIED.,.F.,.F.,(4,3,3,3,3,3,4),(-27.9252680319094,-26.9628647872308,
-25.9642401654815,-24.9656155437322,-23.9669909219829,-22.9683663002336,
-22.7166683208224),.UNSPECIFIED.);
#351=B_SPLINE_CURVE_WITH_KNOTS('',3,(#2611,#2612,#2613,#2614,#2615,#2616,
#2617,#2618,#2619,#2620,#2621,#2622,#2623,#2624,#2625,#2626,#2627,#2628,
#2629,#2630,#2631,#2632),.UNSPECIFIED.,.F.,.F.,(4,3,3,3,3,3,3,4),(20.1575067964144,
20.9711170567351,21.9697416784843,22.9683663002336,23.9669909219829,24.9656155437322,
25.9642401654815,26.440692103594),.UNSPECIFIED.);
#352=B_SPLINE_CURVE_WITH_KNOTS('',3,(#2633,#2634,#2635,#2636,#2637,#2638,
#2639,#2640,#2641,#2642,#2643,#2644,#2645,#2646,#2647,#2648,#2649,#2650,
#2651,#2652,#2653,#2654),.UNSPECIFIED.,.F.,.F.,(4,3,3,3,3,3,3,4),(-22.7166683208224,
-21.9697416784844,-20.9711170567351,-19.9724924349858,-18.9738678132365,
-17.9752431914872,-16.9766185697379,-16.4334830136428),.UNSPECIFIED.);
#353=B_SPLINE_CURVE_WITH_KNOTS('',3,(#2659,#2660,#2661,#2662,#2663,#2664,
#2665,#2666,#2667,#2668,#2669,#2670,#2671,#2672,#2673,#2674,#2675,#2676,
#2677,#2678,#2679,#2680,#2681,#2682,#2683),.UNSPECIFIED.,.F.,.F.,(4,3,3,
3,3,3,3,3,4),(13.8743214892348,13.98074470449,14.9793693262393,15.9779939479886,
16.9766185697379,17.9752431914872,18.9738678132365,19.9724924349858,20.1575067964144),
 .UNSPECIFIED.);
#354=B_SPLINE_CURVE_WITH_KNOTS('',3,(#2684,#2685,#2686,#2687,#2688,#2689,
#2690,#2691,#2692,#2693,#2694,#2695,#2696,#2697,#2698,#2699,#2700,#2701,
#2702,#2703,#2704,#2705),.UNSPECIFIED.,.F.,.F.,(4,3,3,3,3,3,3,4),(-16.4334830136428,
-15.9779939479886,-14.9793693262393,-13.98074470449,-12.9821200827408,-11.9834954609915,
-10.9848708392422,-10.1502977064632),.UNSPECIFIED.);
#355=B_SPLINE_CURVE_WITH_KNOTS('',3,(#2711,#2712,#2713,#2714,#2715,#2716,
#2717,#2718,#2719,#2720,#2721,#2722,#2723),.UNSPECIFIED.,.F.,.F.,(4,3,3,
3,4),(-3.8671123992836,-2.99587386524787,-1.99724924349858,-0.998624621749288,
0.),.UNSPECIFIED.);
#356=B_SPLINE_CURVE_WITH_KNOTS('',3,(#2726,#2727,#2728,#2729,#2730,#2731,
#2732,#2733,#2734,#2735,#2736,#2737,#2738,#2739,#2740,#2741,#2742,#2743,
#2744),.UNSPECIFIED.,.F.,.F.,(4,3,3,3,3,3,4),(2.03347062056922,2.99587386524786,
3.99449848699715,4.99312310874644,5.99174773049573,6.99037235224502,7.59113618205523),
 .UNSPECIFIED.);
#357=B_SPLINE_CURVE_WITH_KNOTS('',3,(#2750,#2751,#2752,#2753,#2754,#2755,
#2756,#2757,#2758,#2759,#2760,#2761,#2762),.UNSPECIFIED.,.F.,.F.,(4,3,3,
3,4),(26.440692103594,26.9628647872308,27.9614894089801,28.9601140307294,
29.9587386524786),.UNSPECIFIED.);
#358=B_SPLINE_CURVE_WITH_KNOTS('',3,(#2765,#2766,#2767,#2768,#2769,#2770,
#2771,#2772,#2773,#2774,#2775,#2776,#2777,#2778,#2779,#2780,#2781,#2782,
#2783),.UNSPECIFIED.,.F.,.F.,(4,3,3,3,3,3,4),(-27.9252680319095,-26.9628647872308,
-25.9642401654815,-24.9656155437322,-23.9669909219829,-22.9683663002337,
-22.7166683208224),.UNSPECIFIED.);
#359=B_SPLINE_CURVE_WITH_KNOTS('',3,(#2788,#2789,#2790,#2791,#2792,#2793,
#2794,#2795,#2796,#2797,#2798,#2799,#2800,#2801,#2802,#2803,#2804,#2805,
#2806,#2807,#2808,#2809),.UNSPECIFIED.,.F.,.F.,(4,3,3,3,3,3,3,4),(20.1575067964144,
20.9711170567351,21.9697416784843,22.9683663002336,23.9669909219829,24.9656155437322,
25.9642401654815,26.440692103594),.UNSPECIFIED.);
#360=B_SPLINE_CURVE_WITH_KNOTS('',3,(#2810,#2811,#2812,#2813,#2814,#2815,
#2816,#2817,#2818,#2819,#2820,#2821,#2822,#2823,#2824,#2825,#2826,#2827,
#2828,#2829,#2830,#2831),.UNSPECIFIED.,.F.,.F.,(4,3,3,3,3,3,3,4),(-22.7166683208224,
-21.9697416784844,-20.9711170567351,-19.9724924349858,-18.9738678132365,
-17.9752431914872,-16.9766185697379,-16.4334830136428),.UNSPECIFIED.);
#361=B_SPLINE_CURVE_WITH_KNOTS('',3,(#2836,#2837,#2838,#2839,#2840,#2841,
#2842,#2843,#2844,#2845,#2846,#2847,#2848,#2849,#2850,#2851,#2852,#2853,
#2854,#2855,#2856,#2857,#2858,#2859,#2860),.UNSPECIFIED.,.F.,.F.,(4,3,3,
3,3,3,3,3,4),(13.8743214892348,13.98074470449,14.9793693262393,15.9779939479886,
16.9766185697379,17.9752431914872,18.9738678132365,19.9724924349858,20.1575067964144),
 .UNSPECIFIED.);
#362=B_SPLINE_CURVE_WITH_KNOTS('',3,(#2861,#2862,#2863,#2864,#2865,#2866,
#2867,#2868,#2869,#2870,#2871,#2872,#2873,#2874,#2875,#2876,#2877,#2878,
#2879,#2880,#2881,#2882),.UNSPECIFIED.,.F.,.F.,(4,3,3,3,3,3,3,4),(-16.4334830136428,
-15.9779939479886,-14.9793693262393,-13.98074470449,-12.9821200827408,-11.9834954609915,
-10.9848708392422,-10.1502977064632),.UNSPECIFIED.);
#363=B_SPLINE_CURVE_WITH_KNOTS('',3,(#2888,#2889,#2890,#2891,#2892,#2893,
#2894,#2895,#2896,#2897,#2898,#2899,#2900),.UNSPECIFIED.,.F.,.F.,(4,3,3,
3,4),(-3.8671123992836,-2.99587386524787,-1.99724924349858,-0.998624621749288,
0.),.UNSPECIFIED.);
#364=B_SPLINE_CURVE_WITH_KNOTS('',3,(#2903,#2904,#2905,#2906,#2907,#2908,
#2909,#2910,#2911,#2912,#2913,#2914,#2915,#2916,#2917,#2918,#2919,#2920,
#2921),.UNSPECIFIED.,.F.,.F.,(4,3,3,3,3,3,4),(2.03347062056922,2.99587386524786,
3.99449848699715,4.99312310874644,5.99174773049573,6.99037235224502,7.59113618205523),
 .UNSPECIFIED.);
#365=B_SPLINE_CURVE_WITH_KNOTS('',3,(#2927,#2928,#2929,#2930,#2931,#2932,
#2933,#2934,#2935,#2936,#2937,#2938,#2939),.UNSPECIFIED.,.F.,.F.,(4,3,3,
3,4),(26.440692103594,26.9628647872308,27.9614894089801,28.9601140307294,
29.9587386524786),.UNSPECIFIED.);
#366=B_SPLINE_CURVE_WITH_KNOTS('',3,(#2942,#2943,#2944,#2945,#2946,#2947,
#2948,#2949,#2950,#2951,#2952,#2953,#2954,#2955,#2956,#2957,#2958,#2959,
#2960),.UNSPECIFIED.,.F.,.F.,(4,3,3,3,3,3,4),(-27.9252680319094,-26.9628647872308,
-25.9642401654815,-24.9656155437322,-23.9669909219829,-22.9683663002336,
-22.7166683208223),.UNSPECIFIED.);
#367=B_SPLINE_CURVE_WITH_KNOTS('',3,(#2965,#2966,#2967,#2968,#2969,#2970,
#2971,#2972,#2973,#2974,#2975,#2976,#2977,#2978,#2979,#2980,#2981,#2982,
#2983,#2984,#2985,#2986),.UNSPECIFIED.,.F.,.F.,(4,3,3,3,3,3,3,4),(20.1575067964144,
20.9711170567351,21.9697416784843,22.9683663002336,23.9669909219829,24.9656155437322,
25.9642401654815,26.440692103594),.UNSPECIFIED.);
#368=B_SPLINE_CURVE_WITH_KNOTS('',3,(#2987,#2988,#2989,#2990,#2991,#2992,
#2993,#2994,#2995,#2996,#2997,#2998,#2999,#3000,#3001,#3002,#3003,#3004,
#3005,#3006,#3007,#3008),.UNSPECIFIED.,.F.,.F.,(4,3,3,3,3,3,3,4),(-22.7166683208223,
-21.9697416784843,-20.9711170567351,-19.9724924349858,-18.9738678132365,
-17.9752431914872,-16.9766185697379,-16.4334830136428),.UNSPECIFIED.);
#369=B_SPLINE_CURVE_WITH_KNOTS('',3,(#3013,#3014,#3015,#3016,#3017,#3018,
#3019,#3020,#3021,#3022,#3023,#3024,#3025,#3026,#3027,#3028,#3029,#3030,
#3031,#3032,#3033,#3034,#3035,#3036,#3037),.UNSPECIFIED.,.F.,.F.,(4,3,3,
3,3,3,3,3,4),(13.8743214892348,13.98074470449,14.9793693262393,15.9779939479886,
16.9766185697379,17.9752431914872,18.9738678132365,19.9724924349858,20.1575067964144),
 .UNSPECIFIED.);
#370=B_SPLINE_CURVE_WITH_KNOTS('',3,(#3038,#3039,#3040,#3041,#3042,#3043,
#3044,#3045,#3046,#3047,#3048,#3049,#3050,#3051,#3052,#3053,#3054,#3055,
#3056,#3057,#3058,#3059),.UNSPECIFIED.,.F.,.F.,(4,3,3,3,3,3,3,4),(-16.4334830136428,
-15.9779939479886,-14.9793693262393,-13.98074470449,-12.9821200827408,-11.9834954609915,
-10.9848708392422,-10.1502977064632),.UNSPECIFIED.);
#371=B_SPLINE_CURVE_WITH_KNOTS('',3,(#3065,#3066,#3067,#3068,#3069,#3070,
#3071,#3072,#3073,#3074,#3075,#3076,#3077),.UNSPECIFIED.,.F.,.F.,(4,3,3,
3,4),(-3.8671123992836,-2.99587386524786,-1.99724924349858,-0.998624621749286,
0.),.UNSPECIFIED.);
#372=B_SPLINE_CURVE_WITH_KNOTS('',3,(#3080,#3081,#3082,#3083,#3084,#3085,
#3086,#3087,#3088,#3089,#3090,#3091,#3092,#3093,#3094,#3095,#3096,#3097,
#3098),.UNSPECIFIED.,.F.,.F.,(4,3,3,3,3,3,4),(2.03347062056922,2.99587386524787,
3.99449848699716,4.99312310874644,5.99174773049573,6.99037235224502,7.59113618205523),
 .UNSPECIFIED.);
#373=B_SPLINE_CURVE_WITH_KNOTS('',3,(#3104,#3105,#3106,#3107),
 .UNSPECIFIED.,.F.,.F.,(4,4),(40.8407044966673,41.799589521144),
 .UNSPECIFIED.);
#374=B_SPLINE_CURVE_WITH_KNOTS('',3,(#3110,#3111,#3112,#3113,#3114),
 .UNSPECIFIED.,.F.,.F.,(4,1,4),(40.8407044966673,41.3628771803041,42.3252804249828),
 .UNSPECIFIED.);
#375=B_SPLINE_CURVE_WITH_KNOTS('',3,(#3119,#3120,#3121,#3122,#3123,#3124,
#3125,#3126,#3127,#3128,#3129),.UNSPECIFIED.,.F.,.F.,(4,1,1,1,1,1,1,1,4),
(34.5575191894877,34.809217168899,35.8078417906483,36.8064664123976,37.8050910341469,
38.8037156558962,39.8023402776455,40.8009648993947,40.8407044966673),
 .UNSPECIFIED.);
#376=B_SPLINE_CURVE_WITH_KNOTS('',3,(#3130,#3131,#3132,#3133,#3134,#3135,
#3136,#3137,#3138,#3139),.UNSPECIFIED.,.F.,.F.,(4,1,1,1,1,1,1,4),(34.5575191894877,
35.3711294498084,36.3697540715577,37.368378693307,38.3670033150563,39.3656279368055,
40.3642525585548,40.8407044966673),.UNSPECIFIED.);
#377=B_SPLINE_CURVE_WITH_KNOTS('',3,(#3144,#3145,#3146,#3147,#3148,#3149,
#3150,#3151,#3152,#3153),.UNSPECIFIED.,.F.,.F.,(4,1,1,1,1,1,1,4),(28.2743338823082,
28.8174694384033,29.8160940601526,30.8147186819019,31.8133433036511,32.8119679254004,
33.8105925471497,34.5575191894877),.UNSPECIFIED.);
#378=B_SPLINE_CURVE_WITH_KNOTS('',3,(#3154,#3155,#3156,#3157,#3158,#3159,
#3160,#3161,#3162,#3163,#3164),.UNSPECIFIED.,.F.,.F.,(4,1,1,1,1,1,1,1,4),
(28.2743338823081,28.3807570975634,29.3793817193127,30.3780063410619,31.3766309628112,
32.3752555845605,33.3738802063098,34.3725048280591,34.5575191894877),
 .UNSPECIFIED.);
#379=B_SPLINE_CURVE_WITH_KNOTS('',3,(#3169,#3170,#3171,#3172,#3173,#3174,
#3175,#3176,#3177,#3178),.UNSPECIFIED.,.F.,.F.,(4,1,1,1,1,1,1,4),(21.9911485751286,
22.8257217079075,23.8243463296568,24.8229709514061,25.8215955731554,26.8202201949047,
27.818844816654,28.2743338823082),.UNSPECIFIED.);
#380=B_SPLINE_CURVE_WITH_KNOTS('',3,(#3179,#3180,#3181,#3182,#3183,#3184,
#3185,#3186,#3187,#3188),.UNSPECIFIED.,.F.,.F.,(4,1,1,1,1,1,1,4),(21.9911485751286,
22.3890093670676,23.3876339888169,24.3862586105662,25.3848832323155,26.3835078540648,
27.3821324758141,28.2743338823081),.UNSPECIFIED.);
#381=B_SPLINE_CURVE_WITH_KNOTS('',3,(#3194,#3195,#3196,#3197,#3198),
 .UNSPECIFIED.,.F.,.F.,(4,1,4),(14.4000123930733,15.3986370148226,15.7079632679489),
 .UNSPECIFIED.);
#382=B_SPLINE_CURVE_WITH_KNOTS('',3,(#3201,#3202,#3203,#3204,#3205),
 .UNSPECIFIED.,.F.,.F.,(4,1,4),(13.8743214892346,14.8367247339132,15.7079632679489),
 .UNSPECIFIED.);
#383=B_SPLINE_CURVE_WITH_KNOTS('',3,(#3211,#3212,#3213,#3214),
 .UNSPECIFIED.,.F.,.F.,(4,4),(40.8407044966673,41.799589521144),
 .UNSPECIFIED.);
#384=B_SPLINE_CURVE_WITH_KNOTS('',3,(#3217,#3218,#3219,#3220,#3221),
 .UNSPECIFIED.,.F.,.F.,(4,1,4),(40.8407044966673,41.3628771803041,42.3252804249827),
 .UNSPECIFIED.);
#385=B_SPLINE_CURVE_WITH_KNOTS('',3,(#3226,#3227,#3228,#3229,#3230,#3231,
#3232,#3233,#3234,#3235,#3236),.UNSPECIFIED.,.F.,.F.,(4,1,1,1,1,1,1,1,4),
(34.5575191894877,34.809217168899,35.8078417906483,36.8064664123976,37.8050910341468,
38.8037156558961,39.8023402776454,40.8009648993947,40.8407044966673),
 .UNSPECIFIED.);
#386=B_SPLINE_CURVE_WITH_KNOTS('',3,(#3237,#3238,#3239,#3240,#3241,#3242,
#3243,#3244,#3245,#3246),.UNSPECIFIED.,.F.,.F.,(4,1,1,1,1,1,1,4),(34.5575191894877,
35.3711294498084,36.3697540715577,37.3683786933069,38.3670033150562,39.3656279368055,
40.3642525585548,40.8407044966673),.UNSPECIFIED.);
#387=B_SPLINE_CURVE_WITH_KNOTS('',3,(#3251,#3252,#3253,#3254,#3255,#3256,
#3257,#3258,#3259,#3260),.UNSPECIFIED.,.F.,.F.,(4,1,1,1,1,1,1,4),(28.2743338823081,
28.8174694384033,29.8160940601526,30.8147186819018,31.8133433036511,32.8119679254004,
33.8105925471497,34.5575191894877),.UNSPECIFIED.);
#388=B_SPLINE_CURVE_WITH_KNOTS('',3,(#3261,#3262,#3263,#3264,#3265,#3266,
#3267,#3268,#3269,#3270,#3271),.UNSPECIFIED.,.F.,.F.,(4,1,1,1,1,1,1,1,4),
(28.2743338823081,28.3807570975634,29.3793817193127,30.3780063410619,31.3766309628112,
32.3752555845605,33.3738802063098,34.3725048280591,34.5575191894877),
 .UNSPECIFIED.);
#389=B_SPLINE_CURVE_WITH_KNOTS('',3,(#3276,#3277,#3278,#3279,#3280,#3281,
#3282,#3283,#3284,#3285),.UNSPECIFIED.,.F.,.F.,(4,1,1,1,1,1,1,4),(21.9911485751286,
22.8257217079076,23.8243463296569,24.8229709514061,25.8215955731554,26.8202201949047,
27.818844816654,28.2743338823081),.UNSPECIFIED.);
#390=B_SPLINE_CURVE_WITH_KNOTS('',3,(#3286,#3287,#3288,#3289,#3290,#3291,
#3292,#3293,#3294,#3295),.UNSPECIFIED.,.F.,.F.,(4,1,1,1,1,1,1,4),(21.9911485751286,
22.3890093670677,23.387633988817,24.3862586105662,25.3848832323155,26.3835078540648,
27.3821324758141,28.2743338823081),.UNSPECIFIED.);
#391=B_SPLINE_CURVE_WITH_KNOTS('',3,(#3301,#3302,#3303,#3304,#3305),
 .UNSPECIFIED.,.F.,.F.,(4,1,4),(14.4000123930734,15.3986370148227,15.7079632679489),
 .UNSPECIFIED.);
#392=B_SPLINE_CURVE_WITH_KNOTS('',3,(#3308,#3309,#3310,#3311,#3312),
 .UNSPECIFIED.,.F.,.F.,(4,1,4),(13.8743214892347,14.8367247339133,15.7079632679489),
 .UNSPECIFIED.);
#393=B_SPLINE_CURVE_WITH_KNOTS('',3,(#3318,#3319,#3320,#3321),
 .UNSPECIFIED.,.F.,.F.,(4,4),(40.8407044966673,41.799589521144),
 .UNSPECIFIED.);
#394=B_SPLINE_CURVE_WITH_KNOTS('',3,(#3324,#3325,#3326,#3327,#3328),
 .UNSPECIFIED.,.F.,.F.,(4,1,4),(40.8407044966673,41.3628771803041,42.3252804249828),
 .UNSPECIFIED.);
#395=B_SPLINE_CURVE_WITH_KNOTS('',3,(#3333,#3334,#3335,#3336,#3337,#3338,
#3339,#3340,#3341,#3342,#3343),.UNSPECIFIED.,.F.,.F.,(4,1,1,1,1,1,1,1,4),
(34.5575191894877,34.809217168899,35.8078417906483,36.8064664123976,37.8050910341469,
38.8037156558962,39.8023402776455,40.8009648993947,40.8407044966673),
 .UNSPECIFIED.);
#396=B_SPLINE_CURVE_WITH_KNOTS('',3,(#3344,#3345,#3346,#3347,#3348,#3349,
#3350,#3351,#3352,#3353),.UNSPECIFIED.,.F.,.F.,(4,1,1,1,1,1,1,4),(34.5575191894877,
35.3711294498084,36.3697540715577,37.368378693307,38.3670033150563,39.3656279368055,
40.3642525585548,40.8407044966673),.UNSPECIFIED.);
#397=B_SPLINE_CURVE_WITH_KNOTS('',3,(#3358,#3359,#3360,#3361,#3362,#3363,
#3364,#3365,#3366,#3367),.UNSPECIFIED.,.F.,.F.,(4,1,1,1,1,1,1,4),(28.2743338823082,
28.8174694384033,29.8160940601526,30.8147186819019,31.8133433036511,32.8119679254004,
33.8105925471497,34.5575191894877),.UNSPECIFIED.);
#398=B_SPLINE_CURVE_WITH_KNOTS('',3,(#3368,#3369,#3370,#3371,#3372,#3373,
#3374,#3375,#3376,#3377,#3378),.UNSPECIFIED.,.F.,.F.,(4,1,1,1,1,1,1,1,4),
(28.2743338823081,28.3807570975634,29.3793817193127,30.3780063410619,31.3766309628112,
32.3752555845605,33.3738802063098,34.3725048280591,34.5575191894877),
 .UNSPECIFIED.);
#399=B_SPLINE_CURVE_WITH_KNOTS('',3,(#3383,#3384,#3385,#3386,#3387,#3388,
#3389,#3390,#3391,#3392),.UNSPECIFIED.,.F.,.F.,(4,1,1,1,1,1,1,4),(21.9911485751286,
22.8257217079075,23.8243463296568,24.8229709514061,25.8215955731554,26.8202201949047,
27.818844816654,28.2743338823082),.UNSPECIFIED.);
#400=B_SPLINE_CURVE_WITH_KNOTS('',3,(#3393,#3394,#3395,#3396,#3397,#3398,
#3399,#3400,#3401,#3402),.UNSPECIFIED.,.F.,.F.,(4,1,1,1,1,1,1,4),(21.9911485751286,
22.3890093670676,23.3876339888169,24.3862586105662,25.3848832323155,26.3835078540648,
27.3821324758141,28.2743338823081),.UNSPECIFIED.);
#401=B_SPLINE_CURVE_WITH_KNOTS('',3,(#3408,#3409,#3410,#3411,#3412),
 .UNSPECIFIED.,.F.,.F.,(4,1,4),(14.4000123930733,15.3986370148226,15.7079632679489),
 .UNSPECIFIED.);
#402=B_SPLINE_CURVE_WITH_KNOTS('',3,(#3415,#3416,#3417,#3418,#3419),
 .UNSPECIFIED.,.F.,.F.,(4,1,4),(13.8743214892346,14.8367247339132,15.7079632679489),
 .UNSPECIFIED.);
#403=B_SPLINE_CURVE_WITH_KNOTS('',3,(#3425,#3426,#3427,#3428),
 .UNSPECIFIED.,.F.,.F.,(4,4),(40.8407044966673,41.799589521144),
 .UNSPECIFIED.);
#404=B_SPLINE_CURVE_WITH_KNOTS('',3,(#3431,#3432,#3433,#3434,#3435),
 .UNSPECIFIED.,.F.,.F.,(4,1,4),(40.8407044966673,41.3628771803041,42.3252804249828),
 .UNSPECIFIED.);
#405=B_SPLINE_CURVE_WITH_KNOTS('',3,(#3440,#3441,#3442,#3443,#3444,#3445,
#3446,#3447,#3448,#3449,#3450),.UNSPECIFIED.,.F.,.F.,(4,1,1,1,1,1,1,1,4),
(34.5575191894877,34.809217168899,35.8078417906483,36.8064664123976,37.8050910341469,
38.8037156558962,39.8023402776455,40.8009648993947,40.8407044966673),
 .UNSPECIFIED.);
#406=B_SPLINE_CURVE_WITH_KNOTS('',3,(#3451,#3452,#3453,#3454,#3455,#3456,
#3457,#3458,#3459,#3460),.UNSPECIFIED.,.F.,.F.,(4,1,1,1,1,1,1,4),(34.5575191894877,
35.3711294498084,36.3697540715577,37.368378693307,38.3670033150563,39.3656279368055,
40.3642525585548,40.8407044966673),.UNSPECIFIED.);
#407=B_SPLINE_CURVE_WITH_KNOTS('',3,(#3465,#3466,#3467,#3468,#3469,#3470,
#3471,#3472,#3473,#3474),.UNSPECIFIED.,.F.,.F.,(4,1,1,1,1,1,1,4),(28.2743338823081,
28.8174694384033,29.8160940601526,30.8147186819019,31.8133433036511,32.8119679254004,
33.8105925471497,34.5575191894877),.UNSPECIFIED.);
#408=B_SPLINE_CURVE_WITH_KNOTS('',3,(#3475,#3476,#3477,#3478,#3479,#3480,
#3481,#3482,#3483,#3484,#3485),.UNSPECIFIED.,.F.,.F.,(4,1,1,1,1,1,1,1,4),
(28.2743338823081,28.3807570975634,29.3793817193127,30.3780063410619,31.3766309628112,
32.3752555845605,33.3738802063098,34.3725048280591,34.5575191894877),
 .UNSPECIFIED.);
#409=B_SPLINE_CURVE_WITH_KNOTS('',3,(#3490,#3491,#3492,#3493,#3494,#3495,
#3496,#3497,#3498,#3499),.UNSPECIFIED.,.F.,.F.,(4,1,1,1,1,1,1,4),(21.9911485751286,
22.8257217079075,23.8243463296568,24.8229709514061,25.8215955731554,26.8202201949047,
27.818844816654,28.2743338823081),.UNSPECIFIED.);
#410=B_SPLINE_CURVE_WITH_KNOTS('',3,(#3500,#3501,#3502,#3503,#3504,#3505,
#3506,#3507,#3508,#3509),.UNSPECIFIED.,.F.,.F.,(4,1,1,1,1,1,1,4),(21.9911485751286,
22.3890093670676,23.3876339888169,24.3862586105662,25.3848832323155,26.3835078540648,
27.3821324758141,28.2743338823081),.UNSPECIFIED.);
#411=B_SPLINE_CURVE_WITH_KNOTS('',3,(#3515,#3516,#3517,#3518,#3519),
 .UNSPECIFIED.,.F.,.F.,(4,1,4),(14.4000123930733,15.3986370148226,15.7079632679489),
 .UNSPECIFIED.);
#412=B_SPLINE_CURVE_WITH_KNOTS('',3,(#3522,#3523,#3524,#3525,#3526),
 .UNSPECIFIED.,.F.,.F.,(4,1,4),(13.8743214892346,14.8367247339132,15.7079632679489),
 .UNSPECIFIED.);
#413=B_SPLINE_CURVE_WITH_KNOTS('',3,(#3528,#3529,#3530,#3531,#3532,#3533,
#3534,#3535,#3536,#3537,#3538),.UNSPECIFIED.,.F.,.F.,(4,1,1,1,1,1,1,1,4),
(15.7079632679489,15.8353493556625,16.8339739774118,17.8325985991611,18.8312232209104,
19.8298478426597,20.828472464409,21.8270970861583,21.9911485751286),
 .UNSPECIFIED.);
#414=B_SPLINE_CURVE_WITH_KNOTS('',3,(#3539,#3540,#3541,#3542,#3543,#3544,
#3545,#3546,#3547,#3548),.UNSPECIFIED.,.F.,.F.,(4,1,1,1,1,1,1,4),(15.7079632679489,
16.3972616365719,17.3958862583212,18.3945108800705,19.3931355018198,20.3917601235691,
21.3903847453183,21.9911485751286),.UNSPECIFIED.);
#415=B_SPLINE_CURVE_WITH_KNOTS('',3,(#3681,#3682,#3683,#3684,#3685,#3686,
#3687,#3688,#3689,#3690,#3691,#3692,#3693,#3694,#3695,#3696,#3697,#3698,
#3699,#3700,#3701,#3702,#3703,#3704,#3705,#3706,#3707,#3708,#3709,#3710,
#3711,#3712,#3713,#3714,#3715,#3716,#3717,#3718,#3719,#3720,#3721,#3722,
#3723,#3724,#3725,#3726,#3727,#3728,#3729,#3730,#3731,#3732,#3733,#3734,
#3735,#3736,#3737,#3738,#3739,#3740,#3741,#3742,#3743,#3744,#3745,#3746,
#3747,#3748,#3749,#3750,#3751,#3752,#3753,#3754,#3755,#3756,#3757,#3758,
#3759),.UNSPECIFIED.,.F.,.F.,(4,3,3,3,3,3,3,3,3,3,3,3,3,3,3,3,3,3,3,3,3,
3,3,3,3,3,4),(-0.238077416065707,-0.222199975346852,-0.207994277639221,
-0.204106406314502,-0.188455473125822,-0.179271185963879,-0.175639681197307,
-0.172674273120423,-0.157542811510506,-0.142705791573856,-0.13493802324817,
-0.129986865273541,-0.127117693785345,-0.11498117583028,-0.10016897107081,
-0.0881224216639454,-0.0848636894395699,-0.0821963724020894,-0.0678339662064759,
-0.0535967718713319,-0.0463108143711022,-0.0427663762051407,-0.0393211957469261,
-0.0256298935105528,-0.0124272862708393,-0.0037965758158918,0.),
 .UNSPECIFIED.);
#416=B_SPLINE_CURVE_WITH_KNOTS('',3,(#3760,#3761,#3762,#3763,#3764,#3765,
#3766,#3767,#3768,#3769,#3770,#3771,#3772,#3773,#3774,#3775,#3776,#3777,
#3778,#3779,#3780,#3781,#3782,#3783,#3784,#3785,#3786,#3787,#3788,#3789,
#3790,#3791,#3792,#3793,#3794,#3795,#3796,#3797,#3798,#3799,#3800,#3801,
#3802,#3803,#3804,#3805,#3806,#3807,#3808,#3809,#3810,#3811,#3812,#3813,
#3814,#3815,#3816,#3817,#3818,#3819,#3820,#3821,#3822,#3823,#3824,#3825,
#3826,#3827,#3828,#3829,#3830,#3831,#3832,#3833,#3834,#3835,#3836,#3837,
#3838),.UNSPECIFIED.,.F.,.F.,(4,3,3,3,3,3,3,3,3,3,3,3,3,3,3,3,3,3,3,3,3,
3,3,3,3,3,4),(0.,0.0130306541299036,0.0266591853808738,0.0371684482100409,
0.0405477736679266,0.0429030909354274,0.0569720022608323,0.0713285999371403,
0.0811797719564079,0.0839617393850241,0.0867126908736088,0.101513820518305,
0.110733288014211,0.125151072141772,0.128761326485056,0.131718047568101,
0.146515374672661,0.16167306315553,0.170639926195157,0.1750109873958,0.17774846114642,
0.193417243517698,0.204176846782992,0.208959388573061,0.224841524485377,
0.23340796747254,0.238077416065739),.UNSPECIFIED.);
#417=B_SPLINE_CURVE_WITH_KNOTS('',3,(#3839,#3840,#3841,#3842,#3843,#3844,
#3845,#3846,#3847,#3848,#3849,#3850,#3851,#3852,#3853,#3854,#3855,#3856,
#3857,#3858,#3859,#3860,#3861,#3862,#3863),.UNSPECIFIED.,.F.,.F.,(4,3,3,
3,3,3,3,3,4),(-10.1502977064632,-9.98624621749289,-8.9876215957436,-7.98899697399431,
-6.99037235224502,-5.99174773049573,-4.99312310874644,-3.99449848699716,
-3.8671123992836),.UNSPECIFIED.);
#418=B_SPLINE_CURVE_WITH_KNOTS('',3,(#3996,#3997,#3998,#3999,#4000,#4001,
#4002,#4003,#4004,#4005,#4006,#4007,#4008,#4009,#4010,#4011,#4012,#4013,
#4014,#4015,#4016,#4017,#4018,#4019,#4020,#4021,#4022,#4023,#4024,#4025,
#4026,#4027,#4028,#4029,#4030,#4031,#4032,#4033,#4034,#4035,#4036,#4037,
#4038,#4039,#4040,#4041,#4042,#4043,#4044,#4045,#4046,#4047,#4048,#4049,
#4050,#4051,#4052,#4053,#4054,#4055,#4056,#4057,#4058,#4059,#4060,#4061,
#4062,#4063,#4064,#4065,#4066,#4067,#4068,#4069,#4070,#4071,#4072,#4073,
#4074),.UNSPECIFIED.,.F.,.F.,(4,3,3,3,3,3,3,3,3,3,3,3,3,3,3,3,3,3,3,3,3,
3,3,3,3,3,4),(-0.239178774929429,-0.225996649755909,-0.217384385016854,
-0.213698164284837,-0.210732312824514,-0.19677675896631,-0.187220977982109,
-0.184030986211296,-0.169531908099533,-0.154985420792141,-0.147807733990125,
-0.143989504272792,-0.140374775599272,-0.128061705164788,-0.113691632400025,
-0.100066464572367,-0.0969914375981617,-0.0939734409137946,-0.0788849734279483,
-0.0634666199734013,-0.0554659498479808,-0.0510551580300512,-0.0472893532976241,
-0.0313957686802228,-0.0156428472120137,-0.00469028977876085,0.),
 .UNSPECIFIED.);
#419=B_SPLINE_CURVE_WITH_KNOTS('',3,(#4075,#4076,#4077,#4078,#4079,#4080,
#4081,#4082,#4083,#4084,#4085,#4086,#4087,#4088,#4089,#4090,#4091,#4092,
#4093,#4094,#4095,#4096),.UNSPECIFIED.,.F.,.F.,(4,3,3,3,3,3,3,4),(7.59113618205523,
7.98899697399431,8.9876215957436,9.98624621749289,10.9848708392422,11.9834954609915,
12.9821200827408,13.8743214892348),.UNSPECIFIED.);
#420=B_SPLINE_CURVE_WITH_KNOTS('',3,(#4097,#4098,#4099,#4100,#4101,#4102,
#4103,#4104,#4105,#4106,#4107,#4108,#4109,#4110,#4111,#4112,#4113,#4114,
#4115,#4116,#4117,#4118,#4119,#4120,#4121,#4122,#4123,#4124,#4125,#4126,
#4127,#4128,#4129,#4130,#4131,#4132,#4133,#4134,#4135,#4136,#4137,#4138,
#4139,#4140,#4141,#4142,#4143,#4144,#4145,#4146,#4147,#4148,#4149,#4150,
#4151,#4152,#4153,#4154,#4155,#4156,#4157,#4158,#4159,#4160,#4161,#4162,
#4163,#4164,#4165,#4166,#4167,#4168,#4169,#4170,#4171,#4172,#4173,#4174,
#4175),.UNSPECIFIED.,.F.,.F.,(4,3,3,3,3,3,3,3,3,3,3,3,3,3,3,3,3,3,3,3,3,
3,3,3,3,3,4),(0.,0.0157297353076285,0.0316450130555799,0.0431636506731904,
0.0481120144096591,0.0511331022839418,0.0665900909473756,0.0816953648625491,
0.0922200521460278,0.0960909635955675,0.0985659871931395,0.113182053801693,
0.123794113996464,0.137740865185755,0.141512932574207,0.144226795644443,
0.15876470500434,0.173260931628489,0.181024330613777,0.185211461928768,
0.188198069013228,0.202093268469302,0.211591556374962,0.215168839249851,
0.228487814882977,0.235368123510793,0.239178774929395),.UNSPECIFIED.);
#421=B_SPLINE_CURVE_WITH_KNOTS('',3,(#4177,#4178,#4179,#4180,#4181,#4182,
#4183,#4184,#4185,#4186,#4187),.UNSPECIFIED.,.F.,.F.,(4,1,1,1,1,1,1,1,4),
(15.7079632679489,15.8353493556625,16.8339739774118,17.8325985991611,18.8312232209104,
19.8298478426597,20.828472464409,21.8270970861583,21.9911485751286),
 .UNSPECIFIED.);
#422=B_SPLINE_CURVE_WITH_KNOTS('',3,(#4188,#4189,#4190,#4191,#4192,#4193,
#4194,#4195,#4196,#4197),.UNSPECIFIED.,.F.,.F.,(4,1,1,1,1,1,1,4),(15.7079632679489,
16.3972616365719,17.3958862583212,18.3945108800705,19.3931355018198,20.3917601235691,
21.3903847453184,21.9911485751286),.UNSPECIFIED.);
#423=B_SPLINE_CURVE_WITH_KNOTS('',3,(#4330,#4331,#4332,#4333,#4334,#4335,
#4336,#4337,#4338,#4339,#4340,#4341,#4342,#4343,#4344,#4345,#4346,#4347,
#4348,#4349,#4350,#4351,#4352,#4353,#4354,#4355,#4356,#4357,#4358,#4359,
#4360,#4361,#4362,#4363,#4364,#4365,#4366,#4367,#4368,#4369,#4370,#4371,
#4372,#4373,#4374,#4375,#4376,#4377,#4378,#4379,#4380,#4381,#4382,#4383,
#4384,#4385,#4386,#4387,#4388,#4389,#4390,#4391,#4392,#4393,#4394,#4395,
#4396,#4397,#4398,#4399,#4400,#4401,#4402,#4403,#4404,#4405,#4406,#4407,
#4408),.UNSPECIFIED.,.F.,.F.,(4,3,3,3,3,3,3,3,3,3,3,3,3,3,3,3,3,3,3,3,3,
3,3,3,3,3,4),(-0.238077416065689,-0.222199626390807,-0.207993206793818,
-0.204106495801126,-0.188455616525114,-0.179271311438259,-0.175639359095013,
-0.172674138500331,-0.157542930738809,-0.142706158200978,-0.13493830707714,
-0.129987542965054,-0.127117847404443,-0.114981175830272,-0.100168913082945,
-0.0881223709245632,-0.0848637759153721,-0.0821965155995746,-0.0678340523168497,
-0.0535969630347616,-0.0463109075988522,-0.0427665309474211,-0.0393212775829802,
-0.0256301576410385,-0.0124280945474253,-0.00379657581589237,0.),
 .UNSPECIFIED.);
#424=B_SPLINE_CURVE_WITH_KNOTS('',3,(#4409,#4410,#4411,#4412,#4413,#4414,
#4415,#4416,#4417,#4418,#4419,#4420,#4421,#4422,#4423,#4424,#4425,#4426,
#4427,#4428,#4429,#4430,#4431,#4432,#4433,#4434,#4435,#4436,#4437,#4438,
#4439,#4440,#4441,#4442,#4443,#4444,#4445,#4446,#4447,#4448,#4449,#4450,
#4451,#4452,#4453,#4454,#4455,#4456,#4457,#4458,#4459,#4460,#4461,#4462,
#4463,#4464,#4465,#4466,#4467,#4468,#4469,#4470,#4471,#4472,#4473,#4474,
#4475,#4476,#4477,#4478,#4479,#4480,#4481,#4482,#4483,#4484,#4485,#4486,
#4487),.UNSPECIFIED.,.F.,.F.,(4,3,3,3,3,3,3,3,3,3,3,3,3,3,3,3,3,3,3,3,3,
3,3,3,3,3,4),(0.,0.0130317404007404,0.0266610608312072,0.0371700892290822,
0.0405347108762326,0.0428887053440361,0.0569580115760764,0.0713146350556064,
0.0811692982952567,0.0838881564169952,0.0868424007972101,0.101643148961407,
0.110733288014207,0.125150547961677,0.128756626679381,0.131716911166679,
0.146513617411245,0.161671018969573,0.170638137532442,0.175004595973984,
0.177738460088538,0.193407169578825,0.204162393735308,0.208959043968711,
0.224841200603636,0.233407967472525,0.238077416065723),.UNSPECIFIED.);
#425=B_SPLINE_CURVE_WITH_KNOTS('',3,(#4488,#4489,#4490,#4491,#4492,#4493,
#4494,#4495,#4496,#4497,#4498,#4499,#4500,#4501,#4502,#4503,#4504,#4505,
#4506,#4507,#4508,#4509,#4510,#4511,#4512),.UNSPECIFIED.,.F.,.F.,(4,3,3,
3,3,3,3,3,4),(-10.1502977064632,-9.98624621749289,-8.9876215957436,-7.98899697399431,
-6.99037235224502,-5.99174773049573,-4.99312310874645,-3.99449848699716,
-3.8671123992836),.UNSPECIFIED.);
#426=B_SPLINE_CURVE_WITH_KNOTS('',3,(#4645,#4646,#4647,#4648,#4649,#4650,
#4651,#4652,#4653,#4654,#4655,#4656,#4657,#4658,#4659,#4660,#4661,#4662,
#4663,#4664,#4665,#4666,#4667,#4668,#4669,#4670,#4671,#4672,#4673,#4674,
#4675,#4676,#4677,#4678,#4679,#4680,#4681,#4682,#4683,#4684,#4685,#4686,
#4687,#4688,#4689,#4690,#4691,#4692,#4693,#4694,#4695,#4696,#4697,#4698,
#4699,#4700,#4701,#4702,#4703,#4704,#4705,#4706,#4707,#4708,#4709,#4710,
#4711,#4712,#4713,#4714,#4715,#4716,#4717,#4718,#4719,#4720,#4721,#4722,
#4723),.UNSPECIFIED.,.F.,.F.,(4,3,3,3,3,3,3,3,3,3,3,3,3,3,3,3,3,3,3,3,3,
3,3,3,3,3,4),(-0.239178774929426,-0.225995604440341,-0.217381218052564,
-0.213690797198148,-0.210722692833252,-0.19676617508845,-0.187201991299437,
-0.184028862859118,-0.16952937063619,-0.154983005002004,-0.147806497603251,
-0.143985619359964,-0.140374638193316,-0.128061705164789,-0.113692337184577,
-0.10006708125885,-0.0969972108386243,-0.0939744248977116,-0.0788864974759047,
-0.0634683408374299,-0.0554669708998565,-0.0510575864195901,-0.0472895431314765,
-0.0313960665250977,-0.0156431545824901,-0.004690289778761,0.),
 .UNSPECIFIED.);
#427=B_SPLINE_CURVE_WITH_KNOTS('',3,(#4724,#4725,#4726,#4727,#4728,#4729,
#4730,#4731,#4732,#4733,#4734,#4735,#4736,#4737,#4738,#4739,#4740,#4741,
#4742,#4743,#4744,#4745),.UNSPECIFIED.,.F.,.F.,(4,3,3,3,3,3,3,4),(7.59113618205523,
7.98899697399431,8.9876215957436,9.98624621749289,10.9848708392422,11.9834954609915,
12.9821200827408,13.8743214892348),.UNSPECIFIED.);
#428=B_SPLINE_CURVE_WITH_KNOTS('',3,(#4746,#4747,#4748,#4749,#4750,#4751,
#4752,#4753,#4754,#4755,#4756,#4757,#4758,#4759,#4760,#4761,#4762,#4763,
#4764,#4765,#4766,#4767,#4768,#4769,#4770,#4771,#4772,#4773,#4774,#4775,
#4776,#4777,#4778,#4779,#4780,#4781,#4782,#4783,#4784,#4785,#4786,#4787,
#4788,#4789,#4790,#4791,#4792,#4793,#4794,#4795,#4796,#4797,#4798,#4799,
#4800,#4801,#4802,#4803,#4804,#4805,#4806,#4807,#4808,#4809,#4810,#4811,
#4812,#4813,#4814,#4815,#4816,#4817,#4818,#4819,#4820,#4821,#4822,#4823,
#4824),.UNSPECIFIED.,.F.,.F.,(4,3,3,3,3,3,3,3,3,3,3,3,3,3,3,3,3,3,3,3,3,
3,3,3,3,3,4),(0.,0.0157303299979479,0.0316456386342613,0.0431641980545359,
0.0481136638196923,0.0511330254741768,0.0665899974589041,0.0816950044260803,
0.0922197818186747,0.0960887459944996,0.0985632398604935,0.113179094834771,
0.123794113996458,0.13774086518575,0.141512778108585,0.144226625957936,
0.158764584053862,0.17326077370064,0.181024192426909,0.185210626803613,
0.188197183936937,0.202092133704499,0.211589726798003,0.215169020925166,
0.228487518543005,0.235368123510794,0.239178774929398),.UNSPECIFIED.);
#429=B_SPLINE_CURVE_WITH_KNOTS('',3,(#4826,#4827,#4828,#4829,#4830,#4831,
#4832,#4833,#4834,#4835,#4836),.UNSPECIFIED.,.F.,.F.,(4,1,1,1,1,1,1,1,4),
(15.7079632679489,15.8353493556626,16.8339739774119,17.8325985991611,18.8312232209104,
19.8298478426597,20.828472464409,21.8270970861583,21.9911485751286),
 .UNSPECIFIED.);
#430=B_SPLINE_CURVE_WITH_KNOTS('',3,(#4837,#4838,#4839,#4840,#4841,#4842,
#4843,#4844,#4845,#4846),.UNSPECIFIED.,.F.,.F.,(4,1,1,1,1,1,1,4),(15.7079632679489,
16.397261636572,17.3958862583212,18.3945108800705,19.3931355018198,20.3917601235691,
21.3903847453184,21.9911485751286),.UNSPECIFIED.);
#431=B_SPLINE_CURVE_WITH_KNOTS('',3,(#4979,#4980,#4981,#4982,#4983,#4984,
#4985,#4986,#4987,#4988,#4989,#4990,#4991,#4992,#4993,#4994,#4995,#4996,
#4997,#4998,#4999,#5000,#5001,#5002,#5003,#5004,#5005,#5006,#5007,#5008,
#5009,#5010,#5011,#5012,#5013,#5014,#5015,#5016,#5017,#5018,#5019,#5020,
#5021,#5022,#5023,#5024,#5025,#5026,#5027,#5028,#5029,#5030,#5031,#5032,
#5033,#5034,#5035,#5036,#5037,#5038,#5039,#5040,#5041,#5042,#5043,#5044,
#5045,#5046,#5047,#5048,#5049,#5050,#5051,#5052,#5053,#5054,#5055,#5056,
#5057),.UNSPECIFIED.,.F.,.F.,(4,3,3,3,3,3,3,3,3,3,3,3,3,3,3,3,3,3,3,3,3,
3,3,3,3,3,4),(-0.238077416065691,-0.222199626390608,-0.207993206792871,
-0.204106495807956,-0.188455616532142,-0.179271311444407,-0.175639359114039,
-0.172674138504161,-0.157542930742618,-0.142706158204469,-0.134938307079232,
-0.129987542970651,-0.127117847404349,-0.114981175830263,-0.100168913082767,
-0.0881223709244082,-0.0848637759132219,-0.0821965156113358,-0.0678340523286894,
-0.0535969630455352,-0.0463109076062134,-0.0427665309250863,-0.0393212775806488,
-0.0256301576380019,-0.0124280945443062,-0.00379657581589463,0.),
 .UNSPECIFIED.);
#432=B_SPLINE_CURVE_WITH_KNOTS('',3,(#5058,#5059,#5060,#5061,#5062,#5063,
#5064,#5065,#5066,#5067,#5068,#5069,#5070,#5071,#5072,#5073,#5074,#5075,
#5076,#5077,#5078,#5079,#5080,#5081,#5082,#5083,#5084,#5085,#5086,#5087,
#5088,#5089,#5090,#5091,#5092,#5093,#5094,#5095,#5096,#5097,#5098,#5099,
#5100,#5101,#5102,#5103,#5104,#5105,#5106,#5107,#5108,#5109,#5110,#5111,
#5112,#5113,#5114,#5115,#5116,#5117,#5118,#5119,#5120,#5121,#5122,#5123,
#5124,#5125,#5126,#5127,#5128,#5129,#5130,#5131,#5132,#5133,#5134,#5135,
#5136),.UNSPECIFIED.,.F.,.F.,(4,3,3,3,3,3,3,3,3,3,3,3,3,3,3,3,3,3,3,3,3,
3,3,3,3,3,4),(0.,0.0130317404007024,0.0266610608312086,0.0371700892290847,
0.0405347108578501,0.0428887053238691,0.0569580115554283,0.0713146350350944,
0.0811692982798752,0.0838881563112006,0.0868424007744558,0.10164314893859,
0.110733288014217,0.125150547961527,0.128756626689863,0.131716911169171,
0.146513617413798,0.161671018972235,0.170638137534773,0.175004595981765,
0.177738460101107,0.193407169591449,0.204162393753706,0.208959043964331,
0.224841200598466,0.233407967472538,0.238077416065715),.UNSPECIFIED.);
#433=B_SPLINE_CURVE_WITH_KNOTS('',3,(#5137,#5138,#5139,#5140,#5141,#5142,
#5143,#5144,#5145,#5146,#5147,#5148,#5149,#5150,#5151,#5152,#5153,#5154,
#5155,#5156,#5157,#5158,#5159,#5160,#5161),.UNSPECIFIED.,.F.,.F.,(4,3,3,
3,3,3,3,3,4),(-10.1502977064631,-9.98624621749285,-8.98762159574356,-7.98899697399428,
-6.99037235224499,-5.99174773049571,-4.99312310874643,-3.99449848699714,
-3.86711239928354),.UNSPECIFIED.);
#434=B_SPLINE_CURVE_WITH_KNOTS('',3,(#5294,#5295,#5296,#5297,#5298,#5299,
#5300,#5301,#5302,#5303,#5304,#5305,#5306,#5307,#5308,#5309,#5310,#5311,
#5312,#5313,#5314,#5315,#5316,#5317,#5318,#5319,#5320,#5321,#5322,#5323,
#5324,#5325,#5326,#5327,#5328,#5329,#5330,#5331,#5332,#5333,#5334,#5335,
#5336,#5337,#5338,#5339,#5340,#5341,#5342,#5343,#5344,#5345,#5346,#5347,
#5348,#5349,#5350,#5351,#5352,#5353,#5354,#5355,#5356,#5357,#5358,#5359,
#5360,#5361,#5362,#5363,#5364,#5365,#5366,#5367,#5368,#5369,#5370,#5371,
#5372),.UNSPECIFIED.,.F.,.F.,(4,3,3,3,3,3,3,3,3,3,3,3,3,3,3,3,3,3,3,3,3,
3,3,3,3,3,4),(-0.239178774929425,-0.225995604440557,-0.217381218054846,
-0.213690797204593,-0.210722692815422,-0.196766175069707,-0.187201991265463,
-0.184028862866988,-0.16952937064408,-0.154983005009816,-0.147806497607679,
-0.143985619373675,-0.140374638199855,-0.128061705164792,-0.113692337184611,
-0.10006708125888,-0.0969972107976876,-0.09397442489112,-0.07888649746934,
-0.0634683408302738,-0.0554669708960737,-0.051057586411502,-0.047289543140052,
-0.0313960665353196,-0.0156431545926417,-0.00469028977876268,0.),
 .UNSPECIFIED.);
#435=B_SPLINE_CURVE_WITH_KNOTS('',3,(#5373,#5374,#5375,#5376,#5377,#5378,
#5379,#5380,#5381,#5382,#5383,#5384,#5385,#5386,#5387,#5388,#5389,#5390,
#5391,#5392,#5393,#5394),.UNSPECIFIED.,.F.,.F.,(4,3,3,3,3,3,3,4),(7.59113618205517,
7.98899697399427,8.98762159574356,9.98624621749284,10.9848708392421,11.9834954609914,
12.9821200827407,13.8743214892347),.UNSPECIFIED.);
#436=B_SPLINE_CURVE_WITH_KNOTS('',3,(#5395,#5396,#5397,#5398,#5399,#5400,
#5401,#5402,#5403,#5404,#5405,#5406,#5407,#5408,#5409,#5410,#5411,#5412,
#5413,#5414,#5415,#5416,#5417,#5418,#5419,#5420,#5421,#5422,#5423,#5424,
#5425,#5426,#5427,#5428,#5429,#5430,#5431,#5432,#5433,#5434,#5435,#5436,
#5437,#5438,#5439,#5440,#5441,#5442,#5443,#5444,#5445,#5446,#5447,#5448,
#5449,#5450,#5451,#5452,#5453,#5454,#5455,#5456,#5457,#5458,#5459,#5460,
#5461,#5462,#5463,#5464,#5465,#5466,#5467,#5468,#5469,#5470,#5471,#5472,
#5473),.UNSPECIFIED.,.F.,.F.,(4,3,3,3,3,3,3,3,3,3,3,3,3,3,3,3,3,3,3,3,3,
3,3,3,3,3,4),(0.,0.015730329997939,0.0316456386342062,0.0431641980544889,
0.0481136638195879,0.0511330254805926,0.0665899974652898,0.0816950044322773,
0.0922197818233249,0.0960887460348173,0.0985632399142466,0.11317909488773,
0.123794113996467,0.137740865185765,0.141512778108601,0.144226625959295,
0.158764584055282,0.173260773702037,0.181024192428138,0.185210626806653,
0.18819718393509,0.202092133702685,0.211589726795099,0.215169020929563,
0.228487518546651,0.235368123510845,0.239178774929445),.UNSPECIFIED.);
#437=B_SPLINE_CURVE_WITH_KNOTS('',3,(#5475,#5476,#5477,#5478,#5479,#5480,
#5481,#5482,#5483,#5484,#5485),.UNSPECIFIED.,.F.,.F.,(4,1,1,1,1,1,1,1,4),
(15.7079632679489,15.8353493556625,16.8339739774118,17.8325985991611,18.8312232209104,
19.8298478426597,20.828472464409,21.8270970861583,21.9911485751286),
 .UNSPECIFIED.);
#438=B_SPLINE_CURVE_WITH_KNOTS('',3,(#5486,#5487,#5488,#5489,#5490,#5491,
#5492,#5493,#5494,#5495),.UNSPECIFIED.,.F.,.F.,(4,1,1,1,1,1,1,4),(15.7079632679489,
16.3972616365719,17.3958862583212,18.3945108800705,19.3931355018198,20.3917601235691,
21.3903847453184,21.9911485751286),.UNSPECIFIED.);
#439=B_SPLINE_CURVE_WITH_KNOTS('',3,(#5628,#5629,#5630,#5631,#5632,#5633,
#5634,#5635,#5636,#5637,#5638,#5639,#5640,#5641,#5642,#5643,#5644,#5645,
#5646,#5647,#5648,#5649,#5650,#5651,#5652,#5653,#5654,#5655,#5656,#5657,
#5658,#5659,#5660,#5661,#5662,#5663,#5664,#5665,#5666,#5667,#5668,#5669,
#5670,#5671,#5672,#5673,#5674,#5675,#5676,#5677,#5678,#5679,#5680,#5681,
#5682,#5683,#5684,#5685,#5686,#5687,#5688,#5689,#5690,#5691,#5692,#5693,
#5694,#5695,#5696,#5697,#5698,#5699,#5700,#5701,#5702,#5703,#5704,#5705,
#5706),.UNSPECIFIED.,.F.,.F.,(4,3,3,3,3,3,3,3,3,3,3,3,3,3,3,3,3,3,3,3,3,
3,3,3,3,3,4),(-0.23807741606571,-0.222199975346861,-0.207994277638837,-0.204106406307874,
-0.188455473118591,-0.179271185957552,-0.175639681197211,-0.172674273120511,
-0.157542811510595,-0.142705791573952,-0.134938023248457,-0.129986865273987,
-0.127117693789186,-0.114981175830274,-0.100168971070807,-0.0881224216639427,
-0.084863689441657,-0.0821963723994395,-0.06783396620374,-0.0535967718679755,
-0.046310814368841,-0.0427663762124021,-0.0393211957535356,-0.0256298935168189,
-0.012427286277071,-0.00379657581589165,0.),.UNSPECIFIED.);
#440=B_SPLINE_CURVE_WITH_KNOTS('',3,(#5707,#5708,#5709,#5710,#5711,#5712,
#5713,#5714,#5715,#5716,#5717,#5718,#5719,#5720,#5721,#5722,#5723,#5724,
#5725,#5726,#5727,#5728,#5729,#5730,#5731,#5732,#5733,#5734,#5735,#5736,
#5737,#5738,#5739,#5740,#5741,#5742,#5743,#5744,#5745,#5746,#5747,#5748,
#5749,#5750,#5751,#5752,#5753,#5754,#5755,#5756,#5757,#5758,#5759,#5760,
#5761,#5762,#5763,#5764,#5765,#5766,#5767,#5768,#5769,#5770,#5771,#5772,
#5773,#5774,#5775,#5776,#5777,#5778,#5779,#5780,#5781,#5782,#5783,#5784,
#5785),.UNSPECIFIED.,.F.,.F.,(4,3,3,3,3,3,3,3,3,3,3,3,3,3,3,3,3,3,3,3,3,
3,3,3,3,3,4),(0.,0.0130306541304506,0.0266591853814757,0.0371684482105681,
0.0405477736625866,0.0429030909275373,0.0569720022528891,0.0713285999292425,
0.0811797719504855,0.0839617393689774,0.0867126908716317,0.101513820516471,
0.110733288014215,0.125151072141876,0.128761326499324,0.131718047571496,
0.146515374676038,0.161673063158924,0.170639926198127,0.175010987405887,
0.177748461161971,0.193417243533517,0.20417684680534,0.208959388575139,
0.224841524487638,0.233407967472548,0.238077416065748),.UNSPECIFIED.);
#441=B_SPLINE_CURVE_WITH_KNOTS('',3,(#5786,#5787,#5788,#5789,#5790,#5791,
#5792,#5793,#5794,#5795,#5796,#5797,#5798,#5799,#5800,#5801,#5802,#5803,
#5804,#5805,#5806,#5807,#5808,#5809,#5810),.UNSPECIFIED.,.F.,.F.,(4,3,3,
3,3,3,3,3,4),(-10.1502977064632,-9.98624621749288,-8.9876215957436,-7.98899697399431,
-6.99037235224502,-5.99174773049573,-4.99312310874644,-3.99449848699715,
-3.8671123992836),.UNSPECIFIED.);
#442=B_SPLINE_CURVE_WITH_KNOTS('',3,(#5943,#5944,#5945,#5946,#5947,#5948,
#5949,#5950,#5951,#5952,#5953,#5954,#5955,#5956,#5957,#5958,#5959,#5960,
#5961,#5962,#5963,#5964,#5965,#5966,#5967,#5968,#5969,#5970,#5971,#5972,
#5973,#5974,#5975,#5976,#5977,#5978,#5979,#5980,#5981,#5982,#5983,#5984,
#5985,#5986,#5987,#5988,#5989,#5990,#5991,#5992,#5993,#5994,#5995,#5996,
#5997,#5998,#5999,#6000,#6001,#6002,#6003,#6004,#6005,#6006,#6007,#6008,
#6009,#6010,#6011,#6012,#6013,#6014,#6015,#6016,#6017,#6018,#6019,#6020,
#6021),.UNSPECIFIED.,.F.,.F.,(4,3,3,3,3,3,3,3,3,3,3,3,3,3,3,3,3,3,3,3,3,
3,3,3,3,3,4),(-0.239178774929447,-0.225996649755391,-0.217384385014631,
-0.213698164273886,-0.210732312810369,-0.196776758951699,-0.187220977955433,
-0.184030986207698,-0.169531908096157,-0.154985420788818,-0.147807733988231,
-0.143989504266718,-0.140374775594968,-0.128061705164803,-0.113691632400616,
-0.100066464572884,-0.0969914375698318,-0.0939734409090836,-0.0788849734226678,
-0.0634666199678631,-0.0554659498449719,-0.0510551580232297,-0.0472893532928917,
-0.0313957686751551,-0.0156428472067608,-0.00469028977876192,0.),
 .UNSPECIFIED.);
#443=B_SPLINE_CURVE_WITH_KNOTS('',3,(#6022,#6023,#6024,#6025,#6026,#6027,
#6028,#6029,#6030,#6031,#6032,#6033,#6034,#6035,#6036,#6037,#6038,#6039,
#6040,#6041,#6042,#6043),.UNSPECIFIED.,.F.,.F.,(4,3,3,3,3,3,3,4),(7.59113618205523,
7.98899697399431,8.9876215957436,9.98624621749289,10.9848708392422,11.9834954609915,
12.9821200827408,13.8743214892348),.UNSPECIFIED.);
#444=B_SPLINE_CURVE_WITH_KNOTS('',3,(#6044,#6045,#6046,#6047,#6048,#6049,
#6050,#6051,#6052,#6053,#6054,#6055,#6056,#6057,#6058,#6059,#6060,#6061,
#6062,#6063,#6064,#6065,#6066,#6067,#6068,#6069,#6070,#6071,#6072,#6073,
#6074,#6075,#6076,#6077,#6078,#6079,#6080,#6081,#6082,#6083,#6084,#6085,
#6086,#6087,#6088,#6089,#6090,#6091,#6092,#6093,#6094,#6095,#6096,#6097,
#6098,#6099,#6100,#6101,#6102,#6103,#6104,#6105,#6106,#6107,#6108,#6109,
#6110,#6111,#6112,#6113,#6114,#6115,#6116,#6117,#6118,#6119,#6120,#6121,
#6122),.UNSPECIFIED.,.F.,.F.,(4,3,3,3,3,3,3,3,3,3,3,3,3,3,3,3,3,3,3,3,3,
3,3,3,3,3,4),(0.,0.0157297353076013,0.0316450130554858,0.0431636506731073,
0.0481120144095374,0.0511331022902799,0.0665900909537984,0.0816953648689351,
0.0922200521508158,0.0960909636378666,0.0985659872374979,0.113182053845449,
0.123794113996458,0.13774086518575,0.141512932574154,0.144226795644303,
0.158764705004191,0.173260931628299,0.181024330613611,0.185211461927991,
0.188198069015055,0.202093268470873,0.211591556377073,0.215168839248762,
0.228487814881671,0.235368123510796,0.2391787749294),.UNSPECIFIED.);
#445=LINE('',#2394,#570);
#446=LINE('',#2433,#571);
#447=LINE('',#2481,#572);
#448=LINE('',#2532,#573);
#449=LINE('',#2571,#574);
#450=LINE('',#2610,#575);
#451=LINE('',#2658,#576);
#452=LINE('',#2709,#577);
#453=LINE('',#2748,#578);
#454=LINE('',#2787,#579);
#455=LINE('',#2835,#580);
#456=LINE('',#2886,#581);
#457=LINE('',#2925,#582);
#458=LINE('',#2964,#583);
#459=LINE('',#3012,#584);
#460=LINE('',#3063,#585);
#461=LINE('',#3102,#586);
#462=LINE('',#3118,#587);
#463=LINE('',#3143,#588);
#464=LINE('',#3168,#589);
#465=LINE('',#3192,#590);
#466=LINE('',#3209,#591);
#467=LINE('',#3225,#592);
#468=LINE('',#3250,#593);
#469=LINE('',#3275,#594);
#470=LINE('',#3299,#595);
#471=LINE('',#3316,#596);
#472=LINE('',#3332,#597);
#473=LINE('',#3357,#598);
#474=LINE('',#3382,#599);
#475=LINE('',#3406,#600);
#476=LINE('',#3423,#601);
#477=LINE('',#3439,#602);
#478=LINE('',#3464,#603);
#479=LINE('',#3489,#604);
#480=LINE('',#3513,#605);
#481=LINE('',#6134,#606);
#482=LINE('',#6136,#607);
#483=LINE('',#6138,#608);
#484=LINE('',#6139,#609);
#485=LINE('',#6145,#610);
#486=LINE('',#6147,#611);
#487=LINE('',#6148,#612);
#488=LINE('',#6152,#613);
#489=LINE('',#6154,#614);
#490=LINE('',#6159,#615);
#491=LINE('',#6161,#616);
#492=LINE('',#6163,#617);
#493=LINE('',#6164,#618);
#494=LINE('',#6170,#619);
#495=LINE('',#6172,#620);
#496=LINE('',#6173,#621);
#497=LINE('',#6177,#622);
#498=LINE('',#6179,#623);
#499=LINE('',#6184,#624);
#500=LINE('',#6186,#625);
#501=LINE('',#6188,#626);
#502=LINE('',#6189,#627);
#503=LINE('',#6195,#628);
#504=LINE('',#6197,#629);
#505=LINE('',#6198,#630);
#506=LINE('',#6202,#631);
#507=LINE('',#6204,#632);
#508=LINE('',#6209,#633);
#509=LINE('',#6211,#634);
#510=LINE('',#6213,#635);
#511=LINE('',#6214,#636);
#512=LINE('',#6220,#637);
#513=LINE('',#6222,#638);
#514=LINE('',#6223,#639);
#515=LINE('',#6229,#640);
#516=LINE('',#6230,#641);
#517=LINE('',#6233,#642);
#518=LINE('',#6235,#643);
#519=LINE('',#6236,#644);
#520=LINE('',#6239,#645);
#521=LINE('',#6240,#646);
#522=LINE('',#6243,#647);
#523=LINE('',#6245,#648);
#524=LINE('',#6246,#649);
#525=LINE('',#6249,#650);
#526=LINE('',#6250,#651);
#527=LINE('',#6253,#652);
#528=LINE('',#6255,#653);
#529=LINE('',#6256,#654);
#530=LINE('',#6259,#655);
#531=LINE('',#6260,#656);
#532=LINE('',#6263,#657);
#533=LINE('',#6265,#658);
#534=LINE('',#6266,#659);
#535=LINE('',#6269,#660);
#536=LINE('',#6274,#661);
#537=LINE('',#6276,#662);
#538=LINE('',#6278,#663);
#539=LINE('',#6280,#664);
#540=LINE('',#6282,#665);
#541=LINE('',#6283,#666);
#542=LINE('',#6286,#667);
#543=LINE('',#6287,#668);
#544=LINE('',#6290,#669);
#545=LINE('',#6292,#670);
#546=LINE('',#6293,#671);
#547=LINE('',#6296,#672);
#548=LINE('',#6298,#673);
#549=LINE('',#6301,#674);
#550=LINE('',#6305,#675);
#551=LINE('',#6307,#676);
#552=LINE('',#6310,#677);
#553=LINE('',#6317,#678);
#554=LINE('',#6320,#679);
#555=LINE('',#6326,#680);
#556=LINE('',#6329,#681);
#557=LINE('',#6332,#682);
#558=LINE('',#6334,#683);
#559=LINE('',#6336,#684);
#560=LINE('',#6340,#685);
#561=LINE('',#6342,#686);
#562=LINE('',#6350,#687);
#563=LINE('',#6351,#688);
#564=LINE('',#6354,#689);
#565=LINE('',#6355,#690);
#566=LINE('',#6357,#691);
#567=LINE('',#6362,#692);
#568=LINE('',#6363,#693);
#569=LINE('',#6365,#694);
#570=VECTOR('',#1997,1.25);
#571=VECTOR('',#2002,1.25);
#572=VECTOR('',#2005,1.25);
#573=VECTOR('',#2008,1.25);
#574=VECTOR('',#2013,1.25);
#575=VECTOR('',#2018,1.25);
#576=VECTOR('',#2021,1.25);
#577=VECTOR('',#2024,1.25);
#578=VECTOR('',#2029,1.25);
#579=VECTOR('',#2034,1.25);
#580=VECTOR('',#2037,1.25);
#581=VECTOR('',#2040,1.25);
#582=VECTOR('',#2045,1.25);
#583=VECTOR('',#2050,1.25);
#584=VECTOR('',#2053,1.25);
#585=VECTOR('',#2056,1.25);
#586=VECTOR('',#2061,1.29);
#587=VECTOR('',#2066,1.29);
#588=VECTOR('',#2069,1.29);
#589=VECTOR('',#2072,1.29);
#590=VECTOR('',#2075,1.29);
#591=VECTOR('',#2080,1.29);
#592=VECTOR('',#2085,1.29);
#593=VECTOR('',#2088,1.29);
#594=VECTOR('',#2091,1.29);
#595=VECTOR('',#2094,1.29);
#596=VECTOR('',#2099,1.29);
#597=VECTOR('',#2104,1.29);
#598=VECTOR('',#2107,1.29);
#599=VECTOR('',#2110,1.29);
#600=VECTOR('',#2113,1.29);
#601=VECTOR('',#2118,1.29);
#602=VECTOR('',#2123,1.29);
#603=VECTOR('',#2126,1.29);
#604=VECTOR('',#2129,1.29);
#605=VECTOR('',#2132,1.29);
#606=VECTOR('',#2161,10.);
#607=VECTOR('',#2162,10.);
#608=VECTOR('',#2163,10.);
#609=VECTOR('',#2164,10.);
#610=VECTOR('',#2171,10.);
#611=VECTOR('',#2174,10.);
#612=VECTOR('',#2175,10.);
#613=VECTOR('',#2178,10.);
#614=VECTOR('',#2179,10.);
#615=VECTOR('',#2184,10.);
#616=VECTOR('',#2185,10.);
#617=VECTOR('',#2186,10.);
#618=VECTOR('',#2187,10.);
#619=VECTOR('',#2194,10.);
#620=VECTOR('',#2197,10.);
#621=VECTOR('',#2198,10.);
#622=VECTOR('',#2201,10.);
#623=VECTOR('',#2202,10.);
#624=VECTOR('',#2207,10.);
#625=VECTOR('',#2208,10.);
#626=VECTOR('',#2209,10.);
#627=VECTOR('',#2210,10.);
#628=VECTOR('',#2217,10.);
#629=VECTOR('',#2220,10.);
#630=VECTOR('',#2221,10.);
#631=VECTOR('',#2224,10.);
#632=VECTOR('',#2225,10.);
#633=VECTOR('',#2230,10.);
#634=VECTOR('',#2231,10.);
#635=VECTOR('',#2232,10.);
#636=VECTOR('',#2233,10.);
#637=VECTOR('',#2240,10.);
#638=VECTOR('',#2243,10.);
#639=VECTOR('',#2244,10.);
#640=VECTOR('',#2249,10.);
#641=VECTOR('',#2250,10.);
#642=VECTOR('',#2253,10.);
#643=VECTOR('',#2254,10.);
#644=VECTOR('',#2255,10.);
#645=VECTOR('',#2258,10.);
#646=VECTOR('',#2259,10.);
#647=VECTOR('',#2262,10.);
#648=VECTOR('',#2263,10.);
#649=VECTOR('',#2264,10.);
#650=VECTOR('',#2267,10.);
#651=VECTOR('',#2268,10.);
#652=VECTOR('',#2271,10.);
#653=VECTOR('',#2272,10.);
#654=VECTOR('',#2273,10.);
#655=VECTOR('',#2276,10.);
#656=VECTOR('',#2277,10.);
#657=VECTOR('',#2280,10.);
#658=VECTOR('',#2281,10.);
#659=VECTOR('',#2282,10.);
#660=VECTOR('',#2285,10.);
#661=VECTOR('',#2290,10.);
#662=VECTOR('',#2291,10.);
#663=VECTOR('',#2292,10.);
#664=VECTOR('',#2293,10.);
#665=VECTOR('',#2294,10.);
#666=VECTOR('',#2295,10.);
#667=VECTOR('',#2298,10.);
#668=VECTOR('',#2299,10.);
#669=VECTOR('',#2302,10.);
#670=VECTOR('',#2303,10.);
#671=VECTOR('',#2304,10.);
#672=VECTOR('',#2307,10.);
#673=VECTOR('',#2308,10.);
#674=VECTOR('',#2311,10.);
#675=VECTOR('',#2314,10.);
#676=VECTOR('',#2315,10.);
#677=VECTOR('',#2320,10.);
#678=VECTOR('',#2327,10.);
#679=VECTOR('',#2330,10.);
#680=VECTOR('',#2335,10.);
#681=VECTOR('',#2338,10.);
#682=VECTOR('',#2343,10.);
#683=VECTOR('',#2344,10.);
#684=VECTOR('',#2347,10.);
#685=VECTOR('',#2354,10.);
#686=VECTOR('',#2357,10.);
#687=VECTOR('',#2368,10.);
#688=VECTOR('',#2369,10.);
#689=VECTOR('',#2372,10.);
#690=VECTOR('',#2373,10.);
#691=VECTOR('',#2376,10.);
#692=VECTOR('',#2383,10.);
#693=VECTOR('',#2384,10.);
#694=VECTOR('',#2387,10.);
#695=VERTEX_POINT('',#2392);
#696=VERTEX_POINT('',#2393);
#697=VERTEX_POINT('',#2395);
#698=VERTEX_POINT('',#2409);
#699=VERTEX_POINT('',#2431);
#700=VERTEX_POINT('',#2432);
#701=VERTEX_POINT('',#2479);
#702=VERTEX_POINT('',#2480);
#703=VERTEX_POINT('',#2530);
#704=VERTEX_POINT('',#2531);
#705=VERTEX_POINT('',#2533);
#706=VERTEX_POINT('',#2547);
#707=VERTEX_POINT('',#2569);
#708=VERTEX_POINT('',#2570);
#709=VERTEX_POINT('',#2572);
#710=VERTEX_POINT('',#2586);
#711=VERTEX_POINT('',#2608);
#712=VERTEX_POINT('',#2609);
#713=VERTEX_POINT('',#2656);
#714=VERTEX_POINT('',#2657);
#715=VERTEX_POINT('',#2707);
#716=VERTEX_POINT('',#2708);
#717=VERTEX_POINT('',#2710);
#718=VERTEX_POINT('',#2724);
#719=VERTEX_POINT('',#2746);
#720=VERTEX_POINT('',#2747);
#721=VERTEX_POINT('',#2749);
#722=VERTEX_POINT('',#2763);
#723=VERTEX_POINT('',#2785);
#724=VERTEX_POINT('',#2786);
#725=VERTEX_POINT('',#2833);
#726=VERTEX_POINT('',#2834);
#727=VERTEX_POINT('',#2884);
#728=VERTEX_POINT('',#2885);
#729=VERTEX_POINT('',#2887);
#730=VERTEX_POINT('',#2901);
#731=VERTEX_POINT('',#2923);
#732=VERTEX_POINT('',#2924);
#733=VERTEX_POINT('',#2926);
#734=VERTEX_POINT('',#2940);
#735=VERTEX_POINT('',#2962);
#736=VERTEX_POINT('',#2963);
#737=VERTEX_POINT('',#3010);
#738=VERTEX_POINT('',#3011);
#739=VERTEX_POINT('',#3061);
#740=VERTEX_POINT('',#3062);
#741=VERTEX_POINT('',#3064);
#742=VERTEX_POINT('',#3078);
#743=VERTEX_POINT('',#3100);
#744=VERTEX_POINT('',#3101);
#745=VERTEX_POINT('',#3103);
#746=VERTEX_POINT('',#3108);
#747=VERTEX_POINT('',#3116);
#748=VERTEX_POINT('',#3117);
#749=VERTEX_POINT('',#3141);
#750=VERTEX_POINT('',#3142);
#751=VERTEX_POINT('',#3166);
#752=VERTEX_POINT('',#3167);
#753=VERTEX_POINT('',#3190);
#754=VERTEX_POINT('',#3191);
#755=VERTEX_POINT('',#3193);
#756=VERTEX_POINT('',#3199);
#757=VERTEX_POINT('',#3207);
#758=VERTEX_POINT('',#3208);
#759=VERTEX_POINT('',#3210);
#760=VERTEX_POINT('',#3215);
#761=VERTEX_POINT('',#3223);
#762=VERTEX_POINT('',#3224);
#763=VERTEX_POINT('',#3248);
#764=VERTEX_POINT('',#3249);
#765=VERTEX_POINT('',#3273);
#766=VERTEX_POINT('',#3274);
#767=VERTEX_POINT('',#3297);
#768=VERTEX_POINT('',#3298);
#769=VERTEX_POINT('',#3300);
#770=VERTEX_POINT('',#3306);
#771=VERTEX_POINT('',#3314);
#772=VERTEX_POINT('',#3315);
#773=VERTEX_POINT('',#3317);
#774=VERTEX_POINT('',#3322);
#775=VERTEX_POINT('',#3330);
#776=VERTEX_POINT('',#3331);
#777=VERTEX_POINT('',#3355);
#778=VERTEX_POINT('',#3356);
#779=VERTEX_POINT('',#3380);
#780=VERTEX_POINT('',#3381);
#781=VERTEX_POINT('',#3404);
#782=VERTEX_POINT('',#3405);
#783=VERTEX_POINT('',#3407);
#784=VERTEX_POINT('',#3413);
#785=VERTEX_POINT('',#3421);
#786=VERTEX_POINT('',#3422);
#787=VERTEX_POINT('',#3424);
#788=VERTEX_POINT('',#3429);
#789=VERTEX_POINT('',#3437);
#790=VERTEX_POINT('',#3438);
#791=VERTEX_POINT('',#3462);
#792=VERTEX_POINT('',#3463);
#793=VERTEX_POINT('',#3487);
#794=VERTEX_POINT('',#3488);
#795=VERTEX_POINT('',#3511);
#796=VERTEX_POINT('',#3512);
#797=VERTEX_POINT('',#3514);
#798=VERTEX_POINT('',#3520);
#799=VERTEX_POINT('',#6132);
#800=VERTEX_POINT('',#6133);
#801=VERTEX_POINT('',#6135);
#802=VERTEX_POINT('',#6137);
#803=VERTEX_POINT('',#6141);
#804=VERTEX_POINT('',#6143);
#805=VERTEX_POINT('',#6150);
#806=VERTEX_POINT('',#6151);
#807=VERTEX_POINT('',#6153);
#808=VERTEX_POINT('',#6157);
#809=VERTEX_POINT('',#6158);
#810=VERTEX_POINT('',#6160);
#811=VERTEX_POINT('',#6162);
#812=VERTEX_POINT('',#6166);
#813=VERTEX_POINT('',#6168);
#814=VERTEX_POINT('',#6175);
#815=VERTEX_POINT('',#6176);
#816=VERTEX_POINT('',#6178);
#817=VERTEX_POINT('',#6182);
#818=VERTEX_POINT('',#6183);
#819=VERTEX_POINT('',#6185);
#820=VERTEX_POINT('',#6187);
#821=VERTEX_POINT('',#6191);
#822=VERTEX_POINT('',#6193);
#823=VERTEX_POINT('',#6200);
#824=VERTEX_POINT('',#6201);
#825=VERTEX_POINT('',#6203);
#826=VERTEX_POINT('',#6207);
#827=VERTEX_POINT('',#6208);
#828=VERTEX_POINT('',#6210);
#829=VERTEX_POINT('',#6212);
#830=VERTEX_POINT('',#6216);
#831=VERTEX_POINT('',#6218);
#832=VERTEX_POINT('',#6225);
#833=VERTEX_POINT('',#6226);
#834=VERTEX_POINT('',#6228);
#835=VERTEX_POINT('',#6232);
#836=VERTEX_POINT('',#6234);
#837=VERTEX_POINT('',#6238);
#838=VERTEX_POINT('',#6242);
#839=VERTEX_POINT('',#6244);
#840=VERTEX_POINT('',#6248);
#841=VERTEX_POINT('',#6252);
#842=VERTEX_POINT('',#6254);
#843=VERTEX_POINT('',#6258);
#844=VERTEX_POINT('',#6262);
#845=VERTEX_POINT('',#6264);
#846=VERTEX_POINT('',#6268);
#847=VERTEX_POINT('',#6272);
#848=VERTEX_POINT('',#6273);
#849=VERTEX_POINT('',#6275);
#850=VERTEX_POINT('',#6277);
#851=VERTEX_POINT('',#6279);
#852=VERTEX_POINT('',#6281);
#853=VERTEX_POINT('',#6285);
#854=VERTEX_POINT('',#6289);
#855=VERTEX_POINT('',#6291);
#856=VERTEX_POINT('',#6295);
#857=VERTEX_POINT('',#6297);
#858=VERTEX_POINT('',#6299);
#859=VERTEX_POINT('',#6303);
#860=VERTEX_POINT('',#6304);
#861=VERTEX_POINT('',#6306);
#862=VERTEX_POINT('',#6313);
#863=VERTEX_POINT('',#6314);
#864=VERTEX_POINT('',#6316);
#865=VERTEX_POINT('',#6318);
#866=VERTEX_POINT('',#6322);
#867=VERTEX_POINT('',#6323);
#868=VERTEX_POINT('',#6325);
#869=VERTEX_POINT('',#6327);
#870=VERTEX_POINT('',#6333);
#871=VERTEX_POINT('',#6347);
#872=VERTEX_POINT('',#6348);
#873=VERTEX_POINT('',#6353);
#874=VERTEX_POINT('',#6361);
#875=EDGE_CURVE('',#695,#696,#445,.T.);
#876=EDGE_CURVE('',#696,#697,#341,.T.);
#877=EDGE_CURVE('',#697,#698,#303,.T.);
#878=EDGE_CURVE('',#698,#695,#342,.T.);
#879=EDGE_CURVE('',#699,#700,#446,.T.);
#880=EDGE_CURVE('',#700,#696,#343,.T.);
#881=EDGE_CURVE('',#695,#699,#344,.T.);
#882=EDGE_CURVE('',#701,#702,#447,.T.);
#883=EDGE_CURVE('',#702,#700,#345,.T.);
#884=EDGE_CURVE('',#699,#701,#346,.T.);
#885=EDGE_CURVE('',#703,#704,#448,.T.);
#886=EDGE_CURVE('',#703,#705,#347,.T.);
#887=EDGE_CURVE('',#706,#705,#304,.F.);
#888=EDGE_CURVE('',#706,#704,#348,.T.);
#889=EDGE_CURVE('',#707,#708,#449,.T.);
#890=EDGE_CURVE('',#708,#709,#349,.T.);
#891=EDGE_CURVE('',#709,#710,#305,.T.);
#892=EDGE_CURVE('',#710,#707,#350,.T.);
#893=EDGE_CURVE('',#711,#712,#450,.T.);
#894=EDGE_CURVE('',#712,#708,#351,.T.);
#895=EDGE_CURVE('',#707,#711,#352,.T.);
#896=EDGE_CURVE('',#713,#714,#451,.T.);
#897=EDGE_CURVE('',#714,#712,#353,.T.);
#898=EDGE_CURVE('',#711,#713,#354,.T.);
#899=EDGE_CURVE('',#715,#716,#452,.T.);
#900=EDGE_CURVE('',#715,#717,#355,.T.);
#901=EDGE_CURVE('',#718,#717,#306,.F.);
#902=EDGE_CURVE('',#718,#716,#356,.T.);
#903=EDGE_CURVE('',#719,#720,#453,.T.);
#904=EDGE_CURVE('',#720,#721,#357,.T.);
#905=EDGE_CURVE('',#721,#722,#307,.T.);
#906=EDGE_CURVE('',#722,#719,#358,.T.);
#907=EDGE_CURVE('',#723,#724,#454,.T.);
#908=EDGE_CURVE('',#724,#720,#359,.T.);
#909=EDGE_CURVE('',#719,#723,#360,.T.);
#910=EDGE_CURVE('',#725,#726,#455,.T.);
#911=EDGE_CURVE('',#726,#724,#361,.T.);
#912=EDGE_CURVE('',#723,#725,#362,.T.);
#913=EDGE_CURVE('',#727,#728,#456,.T.);
#914=EDGE_CURVE('',#727,#729,#363,.T.);
#915=EDGE_CURVE('',#730,#729,#308,.F.);
#916=EDGE_CURVE('',#730,#728,#364,.T.);
#917=EDGE_CURVE('',#731,#732,#457,.T.);
#918=EDGE_CURVE('',#732,#733,#365,.T.);
#919=EDGE_CURVE('',#733,#734,#309,.T.);
#920=EDGE_CURVE('',#734,#731,#366,.T.);
#921=EDGE_CURVE('',#735,#736,#458,.T.);
#922=EDGE_CURVE('',#736,#732,#367,.T.);
#923=EDGE_CURVE('',#731,#735,#368,.T.);
#924=EDGE_CURVE('',#737,#738,#459,.T.);
#925=EDGE_CURVE('',#738,#736,#369,.T.);
#926=EDGE_CURVE('',#735,#737,#370,.T.);
#927=EDGE_CURVE('',#739,#740,#460,.T.);
#928=EDGE_CURVE('',#739,#741,#371,.T.);
#929=EDGE_CURVE('',#742,#741,#310,.F.);
#930=EDGE_CURVE('',#742,#740,#372,.T.);
#931=EDGE_CURVE('',#743,#744,#461,.T.);
#932=EDGE_CURVE('',#744,#745,#373,.T.);
#933=EDGE_CURVE('',#746,#745,#311,.T.);
#934=EDGE_CURVE('',#743,#746,#374,.T.);
#935=EDGE_CURVE('',#747,#748,#462,.T.);
#936=EDGE_CURVE('',#748,#744,#375,.T.);
#937=EDGE_CURVE('',#747,#743,#376,.T.);
#938=EDGE_CURVE('',#749,#750,#463,.T.);
#939=EDGE_CURVE('',#750,#748,#377,.T.);
#940=EDGE_CURVE('',#749,#747,#378,.T.);
#941=EDGE_CURVE('',#751,#752,#464,.T.);
#942=EDGE_CURVE('',#752,#750,#379,.T.);
#943=EDGE_CURVE('',#751,#749,#380,.T.);
#944=EDGE_CURVE('',#753,#754,#465,.T.);
#945=EDGE_CURVE('',#755,#753,#381,.T.);
#946=EDGE_CURVE('',#756,#755,#312,.T.);
#947=EDGE_CURVE('',#756,#754,#382,.T.);
#948=EDGE_CURVE('',#757,#758,#466,.T.);
#949=EDGE_CURVE('',#758,#759,#383,.T.);
#950=EDGE_CURVE('',#760,#759,#313,.T.);
#951=EDGE_CURVE('',#757,#760,#384,.T.);
#952=EDGE_CURVE('',#761,#762,#467,.T.);
#953=EDGE_CURVE('',#762,#758,#385,.T.);
#954=EDGE_CURVE('',#761,#757,#386,.T.);
#955=EDGE_CURVE('',#763,#764,#468,.T.);
#956=EDGE_CURVE('',#764,#762,#387,.T.);
#957=EDGE_CURVE('',#763,#761,#388,.T.);
#958=EDGE_CURVE('',#765,#766,#469,.T.);
#959=EDGE_CURVE('',#766,#764,#389,.T.);
#960=EDGE_CURVE('',#765,#763,#390,.T.);
#961=EDGE_CURVE('',#767,#768,#470,.T.);
#962=EDGE_CURVE('',#769,#767,#391,.T.);
#963=EDGE_CURVE('',#770,#769,#314,.T.);
#964=EDGE_CURVE('',#770,#768,#392,.T.);
#965=EDGE_CURVE('',#771,#772,#471,.T.);
#966=EDGE_CURVE('',#772,#773,#393,.T.);
#967=EDGE_CURVE('',#774,#773,#315,.T.);
#968=EDGE_CURVE('',#771,#774,#394,.T.);
#969=EDGE_CURVE('',#775,#776,#472,.T.);
#970=EDGE_CURVE('',#776,#772,#395,.T.);
#971=EDGE_CURVE('',#775,#771,#396,.T.);
#972=EDGE_CURVE('',#777,#778,#473,.T.);
#973=EDGE_CURVE('',#778,#776,#397,.T.);
#974=EDGE_CURVE('',#777,#775,#398,.T.);
#975=EDGE_CURVE('',#779,#780,#474,.T.);
#976=EDGE_CURVE('',#780,#778,#399,.T.);
#977=EDGE_CURVE('',#779,#777,#400,.T.);
#978=EDGE_CURVE('',#781,#782,#475,.T.);
#979=EDGE_CURVE('',#783,#781,#401,.T.);
#980=EDGE_CURVE('',#784,#783,#316,.T.);
#981=EDGE_CURVE('',#784,#782,#402,.T.);
#982=EDGE_CURVE('',#785,#786,#476,.T.);
#983=EDGE_CURVE('',#786,#787,#403,.T.);
#984=EDGE_CURVE('',#788,#787,#317,.T.);
#985=EDGE_CURVE('',#785,#788,#404,.T.);
#986=EDGE_CURVE('',#789,#790,#477,.T.);
#987=EDGE_CURVE('',#790,#786,#405,.T.);
#988=EDGE_CURVE('',#789,#785,#406,.T.);
#989=EDGE_CURVE('',#791,#792,#478,.T.);
#990=EDGE_CURVE('',#792,#790,#407,.T.);
#991=EDGE_CURVE('',#791,#789,#408,.T.);
#992=EDGE_CURVE('',#793,#794,#479,.T.);
#993=EDGE_CURVE('',#794,#792,#409,.T.);
#994=EDGE_CURVE('',#793,#791,#410,.T.);
#995=EDGE_CURVE('',#795,#796,#480,.T.);
#996=EDGE_CURVE('',#797,#795,#411,.T.);
#997=EDGE_CURVE('',#798,#797,#318,.T.);
#998=EDGE_CURVE('',#798,#796,#412,.T.);
#999=EDGE_CURVE('',#796,#794,#413,.T.);
#1000=EDGE_CURVE('',#795,#793,#414,.T.);
#1001=EDGE_CURVE('',#787,#710,#415,.T.);
#1002=EDGE_CURVE('',#717,#798,#416,.T.);
#1003=EDGE_CURVE('',#713,#715,#417,.T.);
#1004=EDGE_CURVE('',#709,#788,#418,.T.);
#1005=EDGE_CURVE('',#716,#714,#419,.T.);
#1006=EDGE_CURVE('',#797,#718,#420,.T.);
#1007=EDGE_CURVE('',#782,#780,#421,.T.);
#1008=EDGE_CURVE('',#781,#779,#422,.T.);
#1009=EDGE_CURVE('',#773,#722,#423,.T.);
#1010=EDGE_CURVE('',#729,#784,#424,.T.);
#1011=EDGE_CURVE('',#725,#727,#425,.T.);
#1012=EDGE_CURVE('',#721,#774,#426,.T.);
#1013=EDGE_CURVE('',#728,#726,#427,.T.);
#1014=EDGE_CURVE('',#783,#730,#428,.T.);
#1015=EDGE_CURVE('',#768,#766,#429,.T.);
#1016=EDGE_CURVE('',#767,#765,#430,.T.);
#1017=EDGE_CURVE('',#759,#698,#431,.T.);
#1018=EDGE_CURVE('',#705,#770,#432,.T.);
#1019=EDGE_CURVE('',#701,#703,#433,.T.);
#1020=EDGE_CURVE('',#697,#760,#434,.T.);
#1021=EDGE_CURVE('',#704,#702,#435,.T.);
#1022=EDGE_CURVE('',#769,#706,#436,.T.);
#1023=EDGE_CURVE('',#754,#752,#437,.T.);
#1024=EDGE_CURVE('',#753,#751,#438,.T.);
#1025=EDGE_CURVE('',#745,#734,#439,.T.);
#1026=EDGE_CURVE('',#741,#756,#440,.T.);
#1027=EDGE_CURVE('',#737,#739,#441,.T.);
#1028=EDGE_CURVE('',#733,#746,#442,.T.);
#1029=EDGE_CURVE('',#740,#738,#443,.T.);
#1030=EDGE_CURVE('',#755,#742,#444,.T.);
#1031=EDGE_CURVE('',#799,#800,#481,.T.);
#1032=EDGE_CURVE('',#799,#801,#482,.T.);
#1033=EDGE_CURVE('',#801,#802,#483,.T.);
#1034=EDGE_CURVE('',#800,#802,#484,.T.);
#1035=EDGE_CURVE('',#800,#803,#319,.T.);
#1036=EDGE_CURVE('',#802,#804,#320,.T.);
#1037=EDGE_CURVE('',#803,#804,#485,.T.);
#1038=EDGE_CURVE('',#803,#799,#486,.T.);
#1039=EDGE_CURVE('',#804,#801,#487,.T.);
#1040=EDGE_CURVE('',#805,#806,#488,.T.);
#1041=EDGE_CURVE('',#807,#805,#489,.T.);
#1042=EDGE_CURVE('',#806,#807,#321,.T.);
#1043=EDGE_CURVE('',#808,#809,#490,.T.);
#1044=EDGE_CURVE('',#808,#810,#491,.T.);
#1045=EDGE_CURVE('',#810,#811,#492,.T.);
#1046=EDGE_CURVE('',#809,#811,#493,.T.);
#1047=EDGE_CURVE('',#809,#812,#322,.T.);
#1048=EDGE_CURVE('',#811,#813,#323,.T.);
#1049=EDGE_CURVE('',#812,#813,#494,.T.);
#1050=EDGE_CURVE('',#812,#808,#495,.T.);
#1051=EDGE_CURVE('',#813,#810,#496,.T.);
#1052=EDGE_CURVE('',#814,#815,#497,.T.);
#1053=EDGE_CURVE('',#816,#814,#498,.T.);
#1054=EDGE_CURVE('',#815,#816,#324,.T.);
#1055=EDGE_CURVE('',#817,#818,#499,.T.);
#1056=EDGE_CURVE('',#817,#819,#500,.T.);
#1057=EDGE_CURVE('',#819,#820,#501,.T.);
#1058=EDGE_CURVE('',#818,#820,#502,.T.);
#1059=EDGE_CURVE('',#818,#821,#325,.T.);
#1060=EDGE_CURVE('',#820,#822,#326,.T.);
#1061=EDGE_CURVE('',#821,#822,#503,.T.);
#1062=EDGE_CURVE('',#821,#817,#504,.T.);
#1063=EDGE_CURVE('',#822,#819,#505,.T.);
#1064=EDGE_CURVE('',#823,#824,#506,.T.);
#1065=EDGE_CURVE('',#825,#823,#507,.T.);
#1066=EDGE_CURVE('',#824,#825,#327,.T.);
#1067=EDGE_CURVE('',#826,#827,#508,.T.);
#1068=EDGE_CURVE('',#826,#828,#509,.T.);
#1069=EDGE_CURVE('',#828,#829,#510,.T.);
#1070=EDGE_CURVE('',#827,#829,#511,.T.);
#1071=EDGE_CURVE('',#827,#830,#328,.T.);
#1072=EDGE_CURVE('',#829,#831,#329,.T.);
#1073=EDGE_CURVE('',#830,#831,#512,.T.);
#1074=EDGE_CURVE('',#830,#826,#513,.T.);
#1075=EDGE_CURVE('',#831,#828,#514,.T.);
#1076=EDGE_CURVE('',#832,#833,#330,.T.);
#1077=EDGE_CURVE('',#834,#832,#515,.T.);
#1078=EDGE_CURVE('',#833,#834,#516,.T.);
#1079=EDGE_CURVE('',#805,#835,#517,.T.);
#1080=EDGE_CURVE('',#836,#835,#518,.T.);
#1081=EDGE_CURVE('',#807,#836,#519,.T.);
#1082=EDGE_CURVE('',#806,#837,#520,.T.);
#1083=EDGE_CURVE('',#835,#837,#521,.T.);
#1084=EDGE_CURVE('',#814,#838,#522,.T.);
#1085=EDGE_CURVE('',#839,#838,#523,.T.);
#1086=EDGE_CURVE('',#816,#839,#524,.T.);
#1087=EDGE_CURVE('',#815,#840,#525,.T.);
#1088=EDGE_CURVE('',#838,#840,#526,.T.);
#1089=EDGE_CURVE('',#823,#841,#527,.T.);
#1090=EDGE_CURVE('',#842,#841,#528,.T.);
#1091=EDGE_CURVE('',#825,#842,#529,.T.);
#1092=EDGE_CURVE('',#824,#843,#530,.T.);
#1093=EDGE_CURVE('',#841,#843,#531,.T.);
#1094=EDGE_CURVE('',#832,#844,#532,.T.);
#1095=EDGE_CURVE('',#845,#844,#533,.T.);
#1096=EDGE_CURVE('',#834,#845,#534,.T.);
#1097=EDGE_CURVE('',#833,#846,#535,.T.);
#1098=EDGE_CURVE('',#844,#846,#331,.T.);
#1099=EDGE_CURVE('',#847,#848,#536,.T.);
#1100=EDGE_CURVE('',#847,#849,#537,.T.);
#1101=EDGE_CURVE('',#850,#849,#538,.T.);
#1102=EDGE_CURVE('',#851,#850,#539,.T.);
#1103=EDGE_CURVE('',#852,#851,#540,.T.);
#1104=EDGE_CURVE('',#848,#852,#541,.T.);
#1105=EDGE_CURVE('',#853,#848,#542,.T.);
#1106=EDGE_CURVE('',#847,#853,#543,.T.);
#1107=EDGE_CURVE('',#854,#852,#544,.T.);
#1108=EDGE_CURVE('',#855,#854,#545,.T.);
#1109=EDGE_CURVE('',#853,#855,#546,.T.);
#1110=EDGE_CURVE('',#851,#856,#547,.T.);
#1111=EDGE_CURVE('',#856,#857,#548,.T.);
#1112=EDGE_CURVE('',#857,#858,#332,.T.);
#1113=EDGE_CURVE('',#858,#854,#549,.T.);
#1114=EDGE_CURVE('',#843,#842,#333,.T.);
#1115=EDGE_CURVE('',#859,#860,#550,.T.);
#1116=EDGE_CURVE('',#860,#861,#551,.T.);
#1117=EDGE_CURVE('',#861,#859,#334,.T.);
#1118=EDGE_CURVE('',#837,#836,#335,.T.);
#1119=EDGE_CURVE('',#846,#845,#552,.T.);
#1120=EDGE_CURVE('',#840,#839,#336,.T.);
#1121=EDGE_CURVE('',#862,#863,#15,.T.);
#1122=EDGE_CURVE('',#864,#862,#553,.T.);
#1123=EDGE_CURVE('',#865,#864,#16,.T.);
#1124=EDGE_CURVE('',#863,#865,#554,.T.);
#1125=EDGE_CURVE('',#866,#867,#17,.T.);
#1126=EDGE_CURVE('',#868,#866,#555,.T.);
#1127=EDGE_CURVE('',#869,#868,#18,.T.);
#1128=EDGE_CURVE('',#867,#869,#556,.T.);
#1129=EDGE_CURVE('',#865,#867,#337,.T.);
#1130=EDGE_CURVE('',#856,#864,#557,.T.);
#1131=EDGE_CURVE('',#870,#856,#558,.T.);
#1132=EDGE_CURVE('',#870,#855,#338,.T.);
#1133=EDGE_CURVE('',#854,#866,#559,.T.);
#1134=EDGE_CURVE('',#869,#863,#339,.T.);
#1135=EDGE_CURVE('',#857,#862,#560,.T.);
#1136=EDGE_CURVE('',#858,#868,#561,.T.);
#1137=EDGE_CURVE('',#871,#872,#340,.T.);
#1138=EDGE_CURVE('',#872,#859,#562,.T.);
#1139=EDGE_CURVE('',#871,#861,#563,.T.);
#1140=EDGE_CURVE('',#873,#871,#564,.T.);
#1141=EDGE_CURVE('',#873,#860,#565,.T.);
#1142=EDGE_CURVE('',#872,#873,#566,.T.);
#1143=EDGE_CURVE('',#874,#850,#567,.T.);
#1144=EDGE_CURVE('',#874,#870,#568,.T.);
#1145=EDGE_CURVE('',#874,#849,#569,.T.);
#1146=ORIENTED_EDGE('',*,*,#875,.T.);
#1147=ORIENTED_EDGE('',*,*,#876,.T.);
#1148=ORIENTED_EDGE('',*,*,#877,.T.);
#1149=ORIENTED_EDGE('',*,*,#878,.T.);
#1150=ORIENTED_EDGE('',*,*,#879,.T.);
#1151=ORIENTED_EDGE('',*,*,#880,.T.);
#1152=ORIENTED_EDGE('',*,*,#875,.F.);
#1153=ORIENTED_EDGE('',*,*,#881,.T.);
#1154=ORIENTED_EDGE('',*,*,#882,.T.);
#1155=ORIENTED_EDGE('',*,*,#883,.T.);
#1156=ORIENTED_EDGE('',*,*,#879,.F.);
#1157=ORIENTED_EDGE('',*,*,#884,.T.);
#1158=ORIENTED_EDGE('',*,*,#885,.F.);
#1159=ORIENTED_EDGE('',*,*,#886,.T.);
#1160=ORIENTED_EDGE('',*,*,#887,.F.);
#1161=ORIENTED_EDGE('',*,*,#888,.T.);
#1162=ORIENTED_EDGE('',*,*,#889,.T.);
#1163=ORIENTED_EDGE('',*,*,#890,.T.);
#1164=ORIENTED_EDGE('',*,*,#891,.T.);
#1165=ORIENTED_EDGE('',*,*,#892,.T.);
#1166=ORIENTED_EDGE('',*,*,#893,.T.);
#1167=ORIENTED_EDGE('',*,*,#894,.T.);
#1168=ORIENTED_EDGE('',*,*,#889,.F.);
#1169=ORIENTED_EDGE('',*,*,#895,.T.);
#1170=ORIENTED_EDGE('',*,*,#896,.T.);
#1171=ORIENTED_EDGE('',*,*,#897,.T.);
#1172=ORIENTED_EDGE('',*,*,#893,.F.);
#1173=ORIENTED_EDGE('',*,*,#898,.T.);
#1174=ORIENTED_EDGE('',*,*,#899,.F.);
#1175=ORIENTED_EDGE('',*,*,#900,.T.);
#1176=ORIENTED_EDGE('',*,*,#901,.F.);
#1177=ORIENTED_EDGE('',*,*,#902,.T.);
#1178=ORIENTED_EDGE('',*,*,#903,.T.);
#1179=ORIENTED_EDGE('',*,*,#904,.T.);
#1180=ORIENTED_EDGE('',*,*,#905,.T.);
#1181=ORIENTED_EDGE('',*,*,#906,.T.);
#1182=ORIENTED_EDGE('',*,*,#907,.T.);
#1183=ORIENTED_EDGE('',*,*,#908,.T.);
#1184=ORIENTED_EDGE('',*,*,#903,.F.);
#1185=ORIENTED_EDGE('',*,*,#909,.T.);
#1186=ORIENTED_EDGE('',*,*,#910,.T.);
#1187=ORIENTED_EDGE('',*,*,#911,.T.);
#1188=ORIENTED_EDGE('',*,*,#907,.F.);
#1189=ORIENTED_EDGE('',*,*,#912,.T.);
#1190=ORIENTED_EDGE('',*,*,#913,.F.);
#1191=ORIENTED_EDGE('',*,*,#914,.T.);
#1192=ORIENTED_EDGE('',*,*,#915,.F.);
#1193=ORIENTED_EDGE('',*,*,#916,.T.);
#1194=ORIENTED_EDGE('',*,*,#917,.T.);
#1195=ORIENTED_EDGE('',*,*,#918,.T.);
#1196=ORIENTED_EDGE('',*,*,#919,.T.);
#1197=ORIENTED_EDGE('',*,*,#920,.T.);
#1198=ORIENTED_EDGE('',*,*,#921,.T.);
#1199=ORIENTED_EDGE('',*,*,#922,.T.);
#1200=ORIENTED_EDGE('',*,*,#917,.F.);
#1201=ORIENTED_EDGE('',*,*,#923,.T.);
#1202=ORIENTED_EDGE('',*,*,#924,.T.);
#1203=ORIENTED_EDGE('',*,*,#925,.T.);
#1204=ORIENTED_EDGE('',*,*,#921,.F.);
#1205=ORIENTED_EDGE('',*,*,#926,.T.);
#1206=ORIENTED_EDGE('',*,*,#927,.F.);
#1207=ORIENTED_EDGE('',*,*,#928,.T.);
#1208=ORIENTED_EDGE('',*,*,#929,.F.);
#1209=ORIENTED_EDGE('',*,*,#930,.T.);
#1210=ORIENTED_EDGE('',*,*,#931,.T.);
#1211=ORIENTED_EDGE('',*,*,#932,.T.);
#1212=ORIENTED_EDGE('',*,*,#933,.F.);
#1213=ORIENTED_EDGE('',*,*,#934,.F.);
#1214=ORIENTED_EDGE('',*,*,#935,.T.);
#1215=ORIENTED_EDGE('',*,*,#936,.T.);
#1216=ORIENTED_EDGE('',*,*,#931,.F.);
#1217=ORIENTED_EDGE('',*,*,#937,.F.);
#1218=ORIENTED_EDGE('',*,*,#938,.T.);
#1219=ORIENTED_EDGE('',*,*,#939,.T.);
#1220=ORIENTED_EDGE('',*,*,#935,.F.);
#1221=ORIENTED_EDGE('',*,*,#940,.F.);
#1222=ORIENTED_EDGE('',*,*,#941,.T.);
#1223=ORIENTED_EDGE('',*,*,#942,.T.);
#1224=ORIENTED_EDGE('',*,*,#938,.F.);
#1225=ORIENTED_EDGE('',*,*,#943,.F.);
#1226=ORIENTED_EDGE('',*,*,#944,.F.);
#1227=ORIENTED_EDGE('',*,*,#945,.F.);
#1228=ORIENTED_EDGE('',*,*,#946,.F.);
#1229=ORIENTED_EDGE('',*,*,#947,.T.);
#1230=ORIENTED_EDGE('',*,*,#948,.T.);
#1231=ORIENTED_EDGE('',*,*,#949,.T.);
#1232=ORIENTED_EDGE('',*,*,#950,.F.);
#1233=ORIENTED_EDGE('',*,*,#951,.F.);
#1234=ORIENTED_EDGE('',*,*,#952,.T.);
#1235=ORIENTED_EDGE('',*,*,#953,.T.);
#1236=ORIENTED_EDGE('',*,*,#948,.F.);
#1237=ORIENTED_EDGE('',*,*,#954,.F.);
#1238=ORIENTED_EDGE('',*,*,#955,.T.);
#1239=ORIENTED_EDGE('',*,*,#956,.T.);
#1240=ORIENTED_EDGE('',*,*,#952,.F.);
#1241=ORIENTED_EDGE('',*,*,#957,.F.);
#1242=ORIENTED_EDGE('',*,*,#958,.T.);
#1243=ORIENTED_EDGE('',*,*,#959,.T.);
#1244=ORIENTED_EDGE('',*,*,#955,.F.);
#1245=ORIENTED_EDGE('',*,*,#960,.F.);
#1246=ORIENTED_EDGE('',*,*,#961,.F.);
#1247=ORIENTED_EDGE('',*,*,#962,.F.);
#1248=ORIENTED_EDGE('',*,*,#963,.F.);
#1249=ORIENTED_EDGE('',*,*,#964,.T.);
#1250=ORIENTED_EDGE('',*,*,#965,.T.);
#1251=ORIENTED_EDGE('',*,*,#966,.T.);
#1252=ORIENTED_EDGE('',*,*,#967,.F.);
#1253=ORIENTED_EDGE('',*,*,#968,.F.);
#1254=ORIENTED_EDGE('',*,*,#969,.T.);
#1255=ORIENTED_EDGE('',*,*,#970,.T.);
#1256=ORIENTED_EDGE('',*,*,#965,.F.);
#1257=ORIENTED_EDGE('',*,*,#971,.F.);
#1258=ORIENTED_EDGE('',*,*,#972,.T.);
#1259=ORIENTED_EDGE('',*,*,#973,.T.);
#1260=ORIENTED_EDGE('',*,*,#969,.F.);
#1261=ORIENTED_EDGE('',*,*,#974,.F.);
#1262=ORIENTED_EDGE('',*,*,#975,.T.);
#1263=ORIENTED_EDGE('',*,*,#976,.T.);
#1264=ORIENTED_EDGE('',*,*,#972,.F.);
#1265=ORIENTED_EDGE('',*,*,#977,.F.);
#1266=ORIENTED_EDGE('',*,*,#978,.F.);
#1267=ORIENTED_EDGE('',*,*,#979,.F.);
#1268=ORIENTED_EDGE('',*,*,#980,.F.);
#1269=ORIENTED_EDGE('',*,*,#981,.T.);
#1270=ORIENTED_EDGE('',*,*,#982,.T.);
#1271=ORIENTED_EDGE('',*,*,#983,.T.);
#1272=ORIENTED_EDGE('',*,*,#984,.F.);
#1273=ORIENTED_EDGE('',*,*,#985,.F.);
#1274=ORIENTED_EDGE('',*,*,#986,.T.);
#1275=ORIENTED_EDGE('',*,*,#987,.T.);
#1276=ORIENTED_EDGE('',*,*,#982,.F.);
#1277=ORIENTED_EDGE('',*,*,#988,.F.);
#1278=ORIENTED_EDGE('',*,*,#989,.T.);
#1279=ORIENTED_EDGE('',*,*,#990,.T.);
#1280=ORIENTED_EDGE('',*,*,#986,.F.);
#1281=ORIENTED_EDGE('',*,*,#991,.F.);
#1282=ORIENTED_EDGE('',*,*,#992,.T.);
#1283=ORIENTED_EDGE('',*,*,#993,.T.);
#1284=ORIENTED_EDGE('',*,*,#989,.F.);
#1285=ORIENTED_EDGE('',*,*,#994,.F.);
#1286=ORIENTED_EDGE('',*,*,#995,.F.);
#1287=ORIENTED_EDGE('',*,*,#996,.F.);
#1288=ORIENTED_EDGE('',*,*,#997,.F.);
#1289=ORIENTED_EDGE('',*,*,#998,.T.);
#1290=ORIENTED_EDGE('',*,*,#995,.T.);
#1291=ORIENTED_EDGE('',*,*,#999,.T.);
#1292=ORIENTED_EDGE('',*,*,#992,.F.);
#1293=ORIENTED_EDGE('',*,*,#1000,.F.);
#1294=ORIENTED_EDGE('',*,*,#1001,.F.);
#1295=ORIENTED_EDGE('',*,*,#983,.F.);
#1296=ORIENTED_EDGE('',*,*,#987,.F.);
#1297=ORIENTED_EDGE('',*,*,#990,.F.);
#1298=ORIENTED_EDGE('',*,*,#993,.F.);
#1299=ORIENTED_EDGE('',*,*,#999,.F.);
#1300=ORIENTED_EDGE('',*,*,#998,.F.);
#1301=ORIENTED_EDGE('',*,*,#1002,.F.);
#1302=ORIENTED_EDGE('',*,*,#900,.F.);
#1303=ORIENTED_EDGE('',*,*,#1003,.F.);
#1304=ORIENTED_EDGE('',*,*,#898,.F.);
#1305=ORIENTED_EDGE('',*,*,#895,.F.);
#1306=ORIENTED_EDGE('',*,*,#892,.F.);
#1307=ORIENTED_EDGE('',*,*,#1004,.F.);
#1308=ORIENTED_EDGE('',*,*,#890,.F.);
#1309=ORIENTED_EDGE('',*,*,#894,.F.);
#1310=ORIENTED_EDGE('',*,*,#897,.F.);
#1311=ORIENTED_EDGE('',*,*,#1005,.F.);
#1312=ORIENTED_EDGE('',*,*,#902,.F.);
#1313=ORIENTED_EDGE('',*,*,#1006,.F.);
#1314=ORIENTED_EDGE('',*,*,#996,.T.);
#1315=ORIENTED_EDGE('',*,*,#1000,.T.);
#1316=ORIENTED_EDGE('',*,*,#994,.T.);
#1317=ORIENTED_EDGE('',*,*,#991,.T.);
#1318=ORIENTED_EDGE('',*,*,#988,.T.);
#1319=ORIENTED_EDGE('',*,*,#985,.T.);
#1320=ORIENTED_EDGE('',*,*,#978,.T.);
#1321=ORIENTED_EDGE('',*,*,#1007,.T.);
#1322=ORIENTED_EDGE('',*,*,#975,.F.);
#1323=ORIENTED_EDGE('',*,*,#1008,.F.);
#1324=ORIENTED_EDGE('',*,*,#1009,.F.);
#1325=ORIENTED_EDGE('',*,*,#966,.F.);
#1326=ORIENTED_EDGE('',*,*,#970,.F.);
#1327=ORIENTED_EDGE('',*,*,#973,.F.);
#1328=ORIENTED_EDGE('',*,*,#976,.F.);
#1329=ORIENTED_EDGE('',*,*,#1007,.F.);
#1330=ORIENTED_EDGE('',*,*,#981,.F.);
#1331=ORIENTED_EDGE('',*,*,#1010,.F.);
#1332=ORIENTED_EDGE('',*,*,#914,.F.);
#1333=ORIENTED_EDGE('',*,*,#1011,.F.);
#1334=ORIENTED_EDGE('',*,*,#912,.F.);
#1335=ORIENTED_EDGE('',*,*,#909,.F.);
#1336=ORIENTED_EDGE('',*,*,#906,.F.);
#1337=ORIENTED_EDGE('',*,*,#1012,.F.);
#1338=ORIENTED_EDGE('',*,*,#904,.F.);
#1339=ORIENTED_EDGE('',*,*,#908,.F.);
#1340=ORIENTED_EDGE('',*,*,#911,.F.);
#1341=ORIENTED_EDGE('',*,*,#1013,.F.);
#1342=ORIENTED_EDGE('',*,*,#916,.F.);
#1343=ORIENTED_EDGE('',*,*,#1014,.F.);
#1344=ORIENTED_EDGE('',*,*,#979,.T.);
#1345=ORIENTED_EDGE('',*,*,#1008,.T.);
#1346=ORIENTED_EDGE('',*,*,#977,.T.);
#1347=ORIENTED_EDGE('',*,*,#974,.T.);
#1348=ORIENTED_EDGE('',*,*,#971,.T.);
#1349=ORIENTED_EDGE('',*,*,#968,.T.);
#1350=ORIENTED_EDGE('',*,*,#961,.T.);
#1351=ORIENTED_EDGE('',*,*,#1015,.T.);
#1352=ORIENTED_EDGE('',*,*,#958,.F.);
#1353=ORIENTED_EDGE('',*,*,#1016,.F.);
#1354=ORIENTED_EDGE('',*,*,#1017,.F.);
#1355=ORIENTED_EDGE('',*,*,#949,.F.);
#1356=ORIENTED_EDGE('',*,*,#953,.F.);
#1357=ORIENTED_EDGE('',*,*,#956,.F.);
#1358=ORIENTED_EDGE('',*,*,#959,.F.);
#1359=ORIENTED_EDGE('',*,*,#1015,.F.);
#1360=ORIENTED_EDGE('',*,*,#964,.F.);
#1361=ORIENTED_EDGE('',*,*,#1018,.F.);
#1362=ORIENTED_EDGE('',*,*,#886,.F.);
#1363=ORIENTED_EDGE('',*,*,#1019,.F.);
#1364=ORIENTED_EDGE('',*,*,#884,.F.);
#1365=ORIENTED_EDGE('',*,*,#881,.F.);
#1366=ORIENTED_EDGE('',*,*,#878,.F.);
#1367=ORIENTED_EDGE('',*,*,#1020,.F.);
#1368=ORIENTED_EDGE('',*,*,#876,.F.);
#1369=ORIENTED_EDGE('',*,*,#880,.F.);
#1370=ORIENTED_EDGE('',*,*,#883,.F.);
#1371=ORIENTED_EDGE('',*,*,#1021,.F.);
#1372=ORIENTED_EDGE('',*,*,#888,.F.);
#1373=ORIENTED_EDGE('',*,*,#1022,.F.);
#1374=ORIENTED_EDGE('',*,*,#962,.T.);
#1375=ORIENTED_EDGE('',*,*,#1016,.T.);
#1376=ORIENTED_EDGE('',*,*,#960,.T.);
#1377=ORIENTED_EDGE('',*,*,#957,.T.);
#1378=ORIENTED_EDGE('',*,*,#954,.T.);
#1379=ORIENTED_EDGE('',*,*,#951,.T.);
#1380=ORIENTED_EDGE('',*,*,#944,.T.);
#1381=ORIENTED_EDGE('',*,*,#1023,.T.);
#1382=ORIENTED_EDGE('',*,*,#941,.F.);
#1383=ORIENTED_EDGE('',*,*,#1024,.F.);
#1384=ORIENTED_EDGE('',*,*,#1025,.F.);
#1385=ORIENTED_EDGE('',*,*,#932,.F.);
#1386=ORIENTED_EDGE('',*,*,#936,.F.);
#1387=ORIENTED_EDGE('',*,*,#939,.F.);
#1388=ORIENTED_EDGE('',*,*,#942,.F.);
#1389=ORIENTED_EDGE('',*,*,#1023,.F.);
#1390=ORIENTED_EDGE('',*,*,#947,.F.);
#1391=ORIENTED_EDGE('',*,*,#1026,.F.);
#1392=ORIENTED_EDGE('',*,*,#928,.F.);
#1393=ORIENTED_EDGE('',*,*,#1027,.F.);
#1394=ORIENTED_EDGE('',*,*,#926,.F.);
#1395=ORIENTED_EDGE('',*,*,#923,.F.);
#1396=ORIENTED_EDGE('',*,*,#920,.F.);
#1397=ORIENTED_EDGE('',*,*,#1028,.F.);
#1398=ORIENTED_EDGE('',*,*,#918,.F.);
#1399=ORIENTED_EDGE('',*,*,#922,.F.);
#1400=ORIENTED_EDGE('',*,*,#925,.F.);
#1401=ORIENTED_EDGE('',*,*,#1029,.F.);
#1402=ORIENTED_EDGE('',*,*,#930,.F.);
#1403=ORIENTED_EDGE('',*,*,#1030,.F.);
#1404=ORIENTED_EDGE('',*,*,#945,.T.);
#1405=ORIENTED_EDGE('',*,*,#1024,.T.);
#1406=ORIENTED_EDGE('',*,*,#943,.T.);
#1407=ORIENTED_EDGE('',*,*,#940,.T.);
#1408=ORIENTED_EDGE('',*,*,#937,.T.);
#1409=ORIENTED_EDGE('',*,*,#934,.T.);
#1410=ORIENTED_EDGE('',*,*,#927,.T.);
#1411=ORIENTED_EDGE('',*,*,#1029,.T.);
#1412=ORIENTED_EDGE('',*,*,#924,.F.);
#1413=ORIENTED_EDGE('',*,*,#1027,.T.);
#1414=ORIENTED_EDGE('',*,*,#1028,.T.);
#1415=ORIENTED_EDGE('',*,*,#933,.T.);
#1416=ORIENTED_EDGE('',*,*,#1025,.T.);
#1417=ORIENTED_EDGE('',*,*,#919,.F.);
#1418=ORIENTED_EDGE('',*,*,#913,.T.);
#1419=ORIENTED_EDGE('',*,*,#1013,.T.);
#1420=ORIENTED_EDGE('',*,*,#910,.F.);
#1421=ORIENTED_EDGE('',*,*,#1011,.T.);
#1422=ORIENTED_EDGE('',*,*,#1012,.T.);
#1423=ORIENTED_EDGE('',*,*,#967,.T.);
#1424=ORIENTED_EDGE('',*,*,#1009,.T.);
#1425=ORIENTED_EDGE('',*,*,#905,.F.);
#1426=ORIENTED_EDGE('',*,*,#899,.T.);
#1427=ORIENTED_EDGE('',*,*,#1005,.T.);
#1428=ORIENTED_EDGE('',*,*,#896,.F.);
#1429=ORIENTED_EDGE('',*,*,#1003,.T.);
#1430=ORIENTED_EDGE('',*,*,#1004,.T.);
#1431=ORIENTED_EDGE('',*,*,#984,.T.);
#1432=ORIENTED_EDGE('',*,*,#1001,.T.);
#1433=ORIENTED_EDGE('',*,*,#891,.F.);
#1434=ORIENTED_EDGE('',*,*,#885,.T.);
#1435=ORIENTED_EDGE('',*,*,#1021,.T.);
#1436=ORIENTED_EDGE('',*,*,#882,.F.);
#1437=ORIENTED_EDGE('',*,*,#1019,.T.);
#1438=ORIENTED_EDGE('',*,*,#1020,.T.);
#1439=ORIENTED_EDGE('',*,*,#950,.T.);
#1440=ORIENTED_EDGE('',*,*,#1017,.T.);
#1441=ORIENTED_EDGE('',*,*,#877,.F.);
#1442=ORIENTED_EDGE('',*,*,#1031,.F.);
#1443=ORIENTED_EDGE('',*,*,#1032,.T.);
#1444=ORIENTED_EDGE('',*,*,#1033,.T.);
#1445=ORIENTED_EDGE('',*,*,#1034,.F.);
#1446=ORIENTED_EDGE('',*,*,#1035,.F.);
#1447=ORIENTED_EDGE('',*,*,#1034,.T.);
#1448=ORIENTED_EDGE('',*,*,#1036,.T.);
#1449=ORIENTED_EDGE('',*,*,#1037,.F.);
#1450=ORIENTED_EDGE('',*,*,#1038,.F.);
#1451=ORIENTED_EDGE('',*,*,#1037,.T.);
#1452=ORIENTED_EDGE('',*,*,#1039,.T.);
#1453=ORIENTED_EDGE('',*,*,#1032,.F.);
#1454=ORIENTED_EDGE('',*,*,#1039,.F.);
#1455=ORIENTED_EDGE('',*,*,#1036,.F.);
#1456=ORIENTED_EDGE('',*,*,#1033,.F.);
#1457=ORIENTED_EDGE('',*,*,#1040,.F.);
#1458=ORIENTED_EDGE('',*,*,#1041,.F.);
#1459=ORIENTED_EDGE('',*,*,#1042,.F.);
#1460=ORIENTED_EDGE('',*,*,#1043,.F.);
#1461=ORIENTED_EDGE('',*,*,#1044,.T.);
#1462=ORIENTED_EDGE('',*,*,#1045,.T.);
#1463=ORIENTED_EDGE('',*,*,#1046,.F.);
#1464=ORIENTED_EDGE('',*,*,#1047,.F.);
#1465=ORIENTED_EDGE('',*,*,#1046,.T.);
#1466=ORIENTED_EDGE('',*,*,#1048,.T.);
#1467=ORIENTED_EDGE('',*,*,#1049,.F.);
#1468=ORIENTED_EDGE('',*,*,#1050,.F.);
#1469=ORIENTED_EDGE('',*,*,#1049,.T.);
#1470=ORIENTED_EDGE('',*,*,#1051,.T.);
#1471=ORIENTED_EDGE('',*,*,#1044,.F.);
#1472=ORIENTED_EDGE('',*,*,#1051,.F.);
#1473=ORIENTED_EDGE('',*,*,#1048,.F.);
#1474=ORIENTED_EDGE('',*,*,#1045,.F.);
#1475=ORIENTED_EDGE('',*,*,#1052,.F.);
#1476=ORIENTED_EDGE('',*,*,#1053,.F.);
#1477=ORIENTED_EDGE('',*,*,#1054,.F.);
#1478=ORIENTED_EDGE('',*,*,#1055,.F.);
#1479=ORIENTED_EDGE('',*,*,#1056,.T.);
#1480=ORIENTED_EDGE('',*,*,#1057,.T.);
#1481=ORIENTED_EDGE('',*,*,#1058,.F.);
#1482=ORIENTED_EDGE('',*,*,#1059,.F.);
#1483=ORIENTED_EDGE('',*,*,#1058,.T.);
#1484=ORIENTED_EDGE('',*,*,#1060,.T.);
#1485=ORIENTED_EDGE('',*,*,#1061,.F.);
#1486=ORIENTED_EDGE('',*,*,#1062,.F.);
#1487=ORIENTED_EDGE('',*,*,#1061,.T.);
#1488=ORIENTED_EDGE('',*,*,#1063,.T.);
#1489=ORIENTED_EDGE('',*,*,#1056,.F.);
#1490=ORIENTED_EDGE('',*,*,#1063,.F.);
#1491=ORIENTED_EDGE('',*,*,#1060,.F.);
#1492=ORIENTED_EDGE('',*,*,#1057,.F.);
#1493=ORIENTED_EDGE('',*,*,#1064,.F.);
#1494=ORIENTED_EDGE('',*,*,#1065,.F.);
#1495=ORIENTED_EDGE('',*,*,#1066,.F.);
#1496=ORIENTED_EDGE('',*,*,#1067,.F.);
#1497=ORIENTED_EDGE('',*,*,#1068,.T.);
#1498=ORIENTED_EDGE('',*,*,#1069,.T.);
#1499=ORIENTED_EDGE('',*,*,#1070,.F.);
#1500=ORIENTED_EDGE('',*,*,#1071,.F.);
#1501=ORIENTED_EDGE('',*,*,#1070,.T.);
#1502=ORIENTED_EDGE('',*,*,#1072,.T.);
#1503=ORIENTED_EDGE('',*,*,#1073,.F.);
#1504=ORIENTED_EDGE('',*,*,#1074,.F.);
#1505=ORIENTED_EDGE('',*,*,#1073,.T.);
#1506=ORIENTED_EDGE('',*,*,#1075,.T.);
#1507=ORIENTED_EDGE('',*,*,#1068,.F.);
#1508=ORIENTED_EDGE('',*,*,#1075,.F.);
#1509=ORIENTED_EDGE('',*,*,#1072,.F.);
#1510=ORIENTED_EDGE('',*,*,#1069,.F.);
#1511=ORIENTED_EDGE('',*,*,#1076,.F.);
#1512=ORIENTED_EDGE('',*,*,#1077,.F.);
#1513=ORIENTED_EDGE('',*,*,#1078,.F.);
#1514=ORIENTED_EDGE('',*,*,#1041,.T.);
#1515=ORIENTED_EDGE('',*,*,#1079,.T.);
#1516=ORIENTED_EDGE('',*,*,#1080,.F.);
#1517=ORIENTED_EDGE('',*,*,#1081,.F.);
#1518=ORIENTED_EDGE('',*,*,#1040,.T.);
#1519=ORIENTED_EDGE('',*,*,#1082,.T.);
#1520=ORIENTED_EDGE('',*,*,#1083,.F.);
#1521=ORIENTED_EDGE('',*,*,#1079,.F.);
#1522=ORIENTED_EDGE('',*,*,#1053,.T.);
#1523=ORIENTED_EDGE('',*,*,#1084,.T.);
#1524=ORIENTED_EDGE('',*,*,#1085,.F.);
#1525=ORIENTED_EDGE('',*,*,#1086,.F.);
#1526=ORIENTED_EDGE('',*,*,#1052,.T.);
#1527=ORIENTED_EDGE('',*,*,#1087,.T.);
#1528=ORIENTED_EDGE('',*,*,#1088,.F.);
#1529=ORIENTED_EDGE('',*,*,#1084,.F.);
#1530=ORIENTED_EDGE('',*,*,#1065,.T.);
#1531=ORIENTED_EDGE('',*,*,#1089,.T.);
#1532=ORIENTED_EDGE('',*,*,#1090,.F.);
#1533=ORIENTED_EDGE('',*,*,#1091,.F.);
#1534=ORIENTED_EDGE('',*,*,#1064,.T.);
#1535=ORIENTED_EDGE('',*,*,#1092,.T.);
#1536=ORIENTED_EDGE('',*,*,#1093,.F.);
#1537=ORIENTED_EDGE('',*,*,#1089,.F.);
#1538=ORIENTED_EDGE('',*,*,#1077,.T.);
#1539=ORIENTED_EDGE('',*,*,#1094,.T.);
#1540=ORIENTED_EDGE('',*,*,#1095,.F.);
#1541=ORIENTED_EDGE('',*,*,#1096,.F.);
#1542=ORIENTED_EDGE('',*,*,#1076,.T.);
#1543=ORIENTED_EDGE('',*,*,#1097,.T.);
#1544=ORIENTED_EDGE('',*,*,#1098,.F.);
#1545=ORIENTED_EDGE('',*,*,#1094,.F.);
#1546=ORIENTED_EDGE('',*,*,#1099,.F.);
#1547=ORIENTED_EDGE('',*,*,#1100,.T.);
#1548=ORIENTED_EDGE('',*,*,#1101,.F.);
#1549=ORIENTED_EDGE('',*,*,#1102,.F.);
#1550=ORIENTED_EDGE('',*,*,#1103,.F.);
#1551=ORIENTED_EDGE('',*,*,#1104,.F.);
#1552=ORIENTED_EDGE('',*,*,#1099,.T.);
#1553=ORIENTED_EDGE('',*,*,#1105,.F.);
#1554=ORIENTED_EDGE('',*,*,#1106,.F.);
#1555=ORIENTED_EDGE('',*,*,#1104,.T.);
#1556=ORIENTED_EDGE('',*,*,#1107,.F.);
#1557=ORIENTED_EDGE('',*,*,#1108,.F.);
#1558=ORIENTED_EDGE('',*,*,#1109,.F.);
#1559=ORIENTED_EDGE('',*,*,#1105,.T.);
#1560=ORIENTED_EDGE('',*,*,#1103,.T.);
#1561=ORIENTED_EDGE('',*,*,#1110,.T.);
#1562=ORIENTED_EDGE('',*,*,#1111,.T.);
#1563=ORIENTED_EDGE('',*,*,#1112,.T.);
#1564=ORIENTED_EDGE('',*,*,#1113,.T.);
#1565=ORIENTED_EDGE('',*,*,#1107,.T.);
#1566=ORIENTED_EDGE('',*,*,#1114,.T.);
#1567=ORIENTED_EDGE('',*,*,#1090,.T.);
#1568=ORIENTED_EDGE('',*,*,#1093,.T.);
#1569=ORIENTED_EDGE('',*,*,#1115,.T.);
#1570=ORIENTED_EDGE('',*,*,#1116,.T.);
#1571=ORIENTED_EDGE('',*,*,#1117,.T.);
#1572=ORIENTED_EDGE('',*,*,#1118,.T.);
#1573=ORIENTED_EDGE('',*,*,#1080,.T.);
#1574=ORIENTED_EDGE('',*,*,#1083,.T.);
#1575=ORIENTED_EDGE('',*,*,#1098,.T.);
#1576=ORIENTED_EDGE('',*,*,#1119,.T.);
#1577=ORIENTED_EDGE('',*,*,#1095,.T.);
#1578=ORIENTED_EDGE('',*,*,#1120,.T.);
#1579=ORIENTED_EDGE('',*,*,#1085,.T.);
#1580=ORIENTED_EDGE('',*,*,#1088,.T.);
#1581=ORIENTED_EDGE('',*,*,#1121,.F.);
#1582=ORIENTED_EDGE('',*,*,#1122,.F.);
#1583=ORIENTED_EDGE('',*,*,#1123,.F.);
#1584=ORIENTED_EDGE('',*,*,#1124,.F.);
#1585=ORIENTED_EDGE('',*,*,#1125,.F.);
#1586=ORIENTED_EDGE('',*,*,#1126,.F.);
#1587=ORIENTED_EDGE('',*,*,#1127,.F.);
#1588=ORIENTED_EDGE('',*,*,#1128,.F.);
#1589=ORIENTED_EDGE('',*,*,#1125,.T.);
#1590=ORIENTED_EDGE('',*,*,#1129,.F.);
#1591=ORIENTED_EDGE('',*,*,#1123,.T.);
#1592=ORIENTED_EDGE('',*,*,#1130,.F.);
#1593=ORIENTED_EDGE('',*,*,#1131,.F.);
#1594=ORIENTED_EDGE('',*,*,#1132,.T.);
#1595=ORIENTED_EDGE('',*,*,#1108,.T.);
#1596=ORIENTED_EDGE('',*,*,#1133,.T.);
#1597=ORIENTED_EDGE('',*,*,#1128,.T.);
#1598=ORIENTED_EDGE('',*,*,#1134,.T.);
#1599=ORIENTED_EDGE('',*,*,#1124,.T.);
#1600=ORIENTED_EDGE('',*,*,#1129,.T.);
#1601=ORIENTED_EDGE('',*,*,#1122,.T.);
#1602=ORIENTED_EDGE('',*,*,#1135,.F.);
#1603=ORIENTED_EDGE('',*,*,#1111,.F.);
#1604=ORIENTED_EDGE('',*,*,#1130,.T.);
#1605=ORIENTED_EDGE('',*,*,#1127,.T.);
#1606=ORIENTED_EDGE('',*,*,#1136,.F.);
#1607=ORIENTED_EDGE('',*,*,#1112,.F.);
#1608=ORIENTED_EDGE('',*,*,#1135,.T.);
#1609=ORIENTED_EDGE('',*,*,#1121,.T.);
#1610=ORIENTED_EDGE('',*,*,#1134,.F.);
#1611=ORIENTED_EDGE('',*,*,#1126,.T.);
#1612=ORIENTED_EDGE('',*,*,#1133,.F.);
#1613=ORIENTED_EDGE('',*,*,#1113,.F.);
#1614=ORIENTED_EDGE('',*,*,#1136,.T.);
#1615=ORIENTED_EDGE('',*,*,#1078,.T.);
#1616=ORIENTED_EDGE('',*,*,#1096,.T.);
#1617=ORIENTED_EDGE('',*,*,#1119,.F.);
#1618=ORIENTED_EDGE('',*,*,#1097,.F.);
#1619=ORIENTED_EDGE('',*,*,#1042,.T.);
#1620=ORIENTED_EDGE('',*,*,#1081,.T.);
#1621=ORIENTED_EDGE('',*,*,#1118,.F.);
#1622=ORIENTED_EDGE('',*,*,#1082,.F.);
#1623=ORIENTED_EDGE('',*,*,#1137,.T.);
#1624=ORIENTED_EDGE('',*,*,#1138,.T.);
#1625=ORIENTED_EDGE('',*,*,#1117,.F.);
#1626=ORIENTED_EDGE('',*,*,#1139,.F.);
#1627=ORIENTED_EDGE('',*,*,#1140,.T.);
#1628=ORIENTED_EDGE('',*,*,#1139,.T.);
#1629=ORIENTED_EDGE('',*,*,#1116,.F.);
#1630=ORIENTED_EDGE('',*,*,#1141,.F.);
#1631=ORIENTED_EDGE('',*,*,#1142,.T.);
#1632=ORIENTED_EDGE('',*,*,#1141,.T.);
#1633=ORIENTED_EDGE('',*,*,#1115,.F.);
#1634=ORIENTED_EDGE('',*,*,#1138,.F.);
#1635=ORIENTED_EDGE('',*,*,#1066,.T.);
#1636=ORIENTED_EDGE('',*,*,#1091,.T.);
#1637=ORIENTED_EDGE('',*,*,#1114,.F.);
#1638=ORIENTED_EDGE('',*,*,#1092,.F.);
#1639=ORIENTED_EDGE('',*,*,#1054,.T.);
#1640=ORIENTED_EDGE('',*,*,#1086,.T.);
#1641=ORIENTED_EDGE('',*,*,#1120,.F.);
#1642=ORIENTED_EDGE('',*,*,#1087,.F.);
#1643=ORIENTED_EDGE('',*,*,#1102,.T.);
#1644=ORIENTED_EDGE('',*,*,#1143,.F.);
#1645=ORIENTED_EDGE('',*,*,#1144,.T.);
#1646=ORIENTED_EDGE('',*,*,#1131,.T.);
#1647=ORIENTED_EDGE('',*,*,#1110,.F.);
#1648=ORIENTED_EDGE('',*,*,#1101,.T.);
#1649=ORIENTED_EDGE('',*,*,#1145,.F.);
#1650=ORIENTED_EDGE('',*,*,#1143,.T.);
#1651=ORIENTED_EDGE('',*,*,#1100,.F.);
#1652=ORIENTED_EDGE('',*,*,#1106,.T.);
#1653=ORIENTED_EDGE('',*,*,#1109,.T.);
#1654=ORIENTED_EDGE('',*,*,#1132,.F.);
#1655=ORIENTED_EDGE('',*,*,#1144,.F.);
#1656=ORIENTED_EDGE('',*,*,#1145,.T.);
#1657=ORIENTED_EDGE('',*,*,#1014,.T.);
#1658=ORIENTED_EDGE('',*,*,#915,.T.);
#1659=ORIENTED_EDGE('',*,*,#1010,.T.);
#1660=ORIENTED_EDGE('',*,*,#980,.T.);
#1661=ORIENTED_EDGE('',*,*,#1030,.T.);
#1662=ORIENTED_EDGE('',*,*,#929,.T.);
#1663=ORIENTED_EDGE('',*,*,#1026,.T.);
#1664=ORIENTED_EDGE('',*,*,#946,.T.);
#1665=ORIENTED_EDGE('',*,*,#1035,.T.);
#1666=ORIENTED_EDGE('',*,*,#1038,.T.);
#1667=ORIENTED_EDGE('',*,*,#1031,.T.);
#1668=ORIENTED_EDGE('',*,*,#1047,.T.);
#1669=ORIENTED_EDGE('',*,*,#1050,.T.);
#1670=ORIENTED_EDGE('',*,*,#1043,.T.);
#1671=ORIENTED_EDGE('',*,*,#1059,.T.);
#1672=ORIENTED_EDGE('',*,*,#1062,.T.);
#1673=ORIENTED_EDGE('',*,*,#1055,.T.);
#1674=ORIENTED_EDGE('',*,*,#1071,.T.);
#1675=ORIENTED_EDGE('',*,*,#1074,.T.);
#1676=ORIENTED_EDGE('',*,*,#1067,.T.);
#1677=ORIENTED_EDGE('',*,*,#1142,.F.);
#1678=ORIENTED_EDGE('',*,*,#1137,.F.);
#1679=ORIENTED_EDGE('',*,*,#1140,.F.);
#1680=ORIENTED_EDGE('',*,*,#1022,.T.);
#1681=ORIENTED_EDGE('',*,*,#887,.T.);
#1682=ORIENTED_EDGE('',*,*,#1018,.T.);
#1683=ORIENTED_EDGE('',*,*,#963,.T.);
#1684=ORIENTED_EDGE('',*,*,#1006,.T.);
#1685=ORIENTED_EDGE('',*,*,#901,.T.);
#1686=ORIENTED_EDGE('',*,*,#1002,.T.);
#1687=ORIENTED_EDGE('',*,*,#997,.T.);
#1688=CYLINDRICAL_SURFACE('',#1858,1.03775);
#1689=CYLINDRICAL_SURFACE('',#1860,1.03775);
#1690=CYLINDRICAL_SURFACE('',#1861,1.03775);
#1691=CYLINDRICAL_SURFACE('',#1862,1.03775);
#1692=CYLINDRICAL_SURFACE('',#1864,1.03775);
#1693=CYLINDRICAL_SURFACE('',#1866,1.03775);
#1694=CYLINDRICAL_SURFACE('',#1867,1.03775);
#1695=CYLINDRICAL_SURFACE('',#1868,1.03775);
#1696=CYLINDRICAL_SURFACE('',#1870,1.03775);
#1697=CYLINDRICAL_SURFACE('',#1872,1.03775);
#1698=CYLINDRICAL_SURFACE('',#1873,1.03775);
#1699=CYLINDRICAL_SURFACE('',#1874,1.03775);
#1700=CYLINDRICAL_SURFACE('',#1876,1.03775);
#1701=CYLINDRICAL_SURFACE('',#1878,1.03775);
#1702=CYLINDRICAL_SURFACE('',#1879,1.03775);
#1703=CYLINDRICAL_SURFACE('',#1880,1.03775);
#1704=CYLINDRICAL_SURFACE('',#1882,1.29);
#1705=CYLINDRICAL_SURFACE('',#1884,1.29);
#1706=CYLINDRICAL_SURFACE('',#1885,1.29);
#1707=CYLINDRICAL_SURFACE('',#1886,1.29);
#1708=CYLINDRICAL_SURFACE('',#1887,1.29);
#1709=CYLINDRICAL_SURFACE('',#1889,1.29);
#1710=CYLINDRICAL_SURFACE('',#1891,1.29);
#1711=CYLINDRICAL_SURFACE('',#1892,1.29);
#1712=CYLINDRICAL_SURFACE('',#1893,1.29);
#1713=CYLINDRICAL_SURFACE('',#1894,1.29);
#1714=CYLINDRICAL_SURFACE('',#1896,1.29);
#1715=CYLINDRICAL_SURFACE('',#1898,1.29);
#1716=CYLINDRICAL_SURFACE('',#1899,1.29);
#1717=CYLINDRICAL_SURFACE('',#1900,1.29);
#1718=CYLINDRICAL_SURFACE('',#1901,1.29);
#1719=CYLINDRICAL_SURFACE('',#1903,1.29);
#1720=CYLINDRICAL_SURFACE('',#1905,1.29);
#1721=CYLINDRICAL_SURFACE('',#1906,1.29);
#1722=CYLINDRICAL_SURFACE('',#1907,1.29);
#1723=CYLINDRICAL_SURFACE('',#1908,1.29);
#1724=CYLINDRICAL_SURFACE('',#1910,1.29);
#1725=CYLINDRICAL_SURFACE('',#1911,1.29);
#1726=CYLINDRICAL_SURFACE('',#1912,1.29);
#1727=CYLINDRICAL_SURFACE('',#1913,1.29);
#1728=CYLINDRICAL_SURFACE('',#1914,1.03775);
#1729=CYLINDRICAL_SURFACE('',#1916,1.03775);
#1730=CYLINDRICAL_SURFACE('',#1918,1.03775);
#1731=CYLINDRICAL_SURFACE('',#1920,1.03775);
#1732=CYLINDRICAL_SURFACE('',#1923,3.);
#1733=CYLINDRICAL_SURFACE('',#1930,3.);
#1734=CYLINDRICAL_SURFACE('',#1937,3.);
#1735=CYLINDRICAL_SURFACE('',#1944,3.);
#1736=CYLINDRICAL_SURFACE('',#1957,1.6);
#1737=CYLINDRICAL_SURFACE('',#1974,12.);
#1738=CYLINDRICAL_SURFACE('',#1980,10.);
#1739=CYLINDRICAL_SURFACE('',#1983,1.6);
#1740=CYLINDRICAL_SURFACE('',#1984,2.7);
#1741=CYLINDRICAL_SURFACE('',#1988,1.6);
#1742=CYLINDRICAL_SURFACE('',#1989,1.6);
#1743=ADVANCED_FACE('',(#83),#1688,.F.);
#1744=ADVANCED_FACE('',(#84),#1689,.F.);
#1745=ADVANCED_FACE('',(#85),#1690,.F.);
#1746=ADVANCED_FACE('',(#86),#1691,.F.);
#1747=ADVANCED_FACE('',(#87),#1692,.F.);
#1748=ADVANCED_FACE('',(#88),#1693,.F.);
#1749=ADVANCED_FACE('',(#89),#1694,.F.);
#1750=ADVANCED_FACE('',(#90),#1695,.F.);
#1751=ADVANCED_FACE('',(#91),#1696,.F.);
#1752=ADVANCED_FACE('',(#92),#1697,.F.);
#1753=ADVANCED_FACE('',(#93),#1698,.F.);
#1754=ADVANCED_FACE('',(#94),#1699,.F.);
#1755=ADVANCED_FACE('',(#95),#1700,.F.);
#1756=ADVANCED_FACE('',(#96),#1701,.F.);
#1757=ADVANCED_FACE('',(#97),#1702,.F.);
#1758=ADVANCED_FACE('',(#98),#1703,.F.);
#1759=ADVANCED_FACE('',(#99),#1704,.F.);
#1760=ADVANCED_FACE('',(#100),#1705,.F.);
#1761=ADVANCED_FACE('',(#101),#1706,.F.);
#1762=ADVANCED_FACE('',(#102),#1707,.F.);
#1763=ADVANCED_FACE('',(#103),#1708,.F.);
#1764=ADVANCED_FACE('',(#104),#1709,.F.);
#1765=ADVANCED_FACE('',(#105),#1710,.F.);
#1766=ADVANCED_FACE('',(#106),#1711,.F.);
#1767=ADVANCED_FACE('',(#107),#1712,.F.);
#1768=ADVANCED_FACE('',(#108),#1713,.F.);
#1769=ADVANCED_FACE('',(#109),#1714,.F.);
#1770=ADVANCED_FACE('',(#110),#1715,.F.);
#1771=ADVANCED_FACE('',(#111),#1716,.F.);
#1772=ADVANCED_FACE('',(#112),#1717,.F.);
#1773=ADVANCED_FACE('',(#113),#1718,.F.);
#1774=ADVANCED_FACE('',(#114),#1719,.F.);
#1775=ADVANCED_FACE('',(#115),#1720,.F.);
#1776=ADVANCED_FACE('',(#116),#1721,.F.);
#1777=ADVANCED_FACE('',(#117),#1722,.F.);
#1778=ADVANCED_FACE('',(#118),#1723,.F.);
#1779=ADVANCED_FACE('',(#119),#1724,.F.);
#1780=ADVANCED_FACE('',(#120),#75,.F.);
#1781=ADVANCED_FACE('',(#121),#76,.F.);
#1782=ADVANCED_FACE('',(#122),#1725,.F.);
#1783=ADVANCED_FACE('',(#123),#77,.F.);
#1784=ADVANCED_FACE('',(#124),#78,.F.);
#1785=ADVANCED_FACE('',(#125),#1726,.F.);
#1786=ADVANCED_FACE('',(#126),#79,.F.);
#1787=ADVANCED_FACE('',(#127),#80,.F.);
#1788=ADVANCED_FACE('',(#128),#1727,.F.);
#1789=ADVANCED_FACE('',(#129),#81,.F.);
#1790=ADVANCED_FACE('',(#130),#82,.F.);
#1791=ADVANCED_FACE('',(#131),#1728,.F.);
#1792=ADVANCED_FACE('',(#132),#37,.T.);
#1793=ADVANCED_FACE('',(#133),#1729,.F.);
#1794=ADVANCED_FACE('',(#134),#38,.T.);
#1795=ADVANCED_FACE('',(#135),#1730,.F.);
#1796=ADVANCED_FACE('',(#136),#39,.T.);
#1797=ADVANCED_FACE('',(#137),#1731,.F.);
#1798=ADVANCED_FACE('',(#138),#40,.T.);
#1799=ADVANCED_FACE('',(#139),#41,.F.);
#1800=ADVANCED_FACE('',(#140),#1732,.F.);
#1801=ADVANCED_FACE('',(#141),#42,.F.);
#1802=ADVANCED_FACE('',(#142,#19),#43,.T.);
#1803=ADVANCED_FACE('',(#143),#44,.F.);
#1804=ADVANCED_FACE('',(#144),#1733,.F.);
#1805=ADVANCED_FACE('',(#145),#45,.F.);
#1806=ADVANCED_FACE('',(#146,#20),#46,.T.);
#1807=ADVANCED_FACE('',(#147),#47,.F.);
#1808=ADVANCED_FACE('',(#148),#1734,.F.);
#1809=ADVANCED_FACE('',(#149),#48,.F.);
#1810=ADVANCED_FACE('',(#150,#21),#49,.T.);
#1811=ADVANCED_FACE('',(#151),#50,.F.);
#1812=ADVANCED_FACE('',(#152),#1735,.F.);
#1813=ADVANCED_FACE('',(#153),#51,.F.);
#1814=ADVANCED_FACE('',(#154,#22),#52,.T.);
#1815=ADVANCED_FACE('',(#155),#53,.T.);
#1816=ADVANCED_FACE('',(#156),#54,.T.);
#1817=ADVANCED_FACE('',(#157),#55,.T.);
#1818=ADVANCED_FACE('',(#158),#56,.T.);
#1819=ADVANCED_FACE('',(#159),#57,.T.);
#1820=ADVANCED_FACE('',(#160),#58,.T.);
#1821=ADVANCED_FACE('',(#161),#59,.T.);
#1822=ADVANCED_FACE('',(#162),#1736,.F.);
#1823=ADVANCED_FACE('',(#163),#60,.F.);
#1824=ADVANCED_FACE('',(#164),#61,.T.);
#1825=ADVANCED_FACE('',(#165),#62,.T.);
#1826=ADVANCED_FACE('',(#166,#23,#24,#25,#26,#27),#63,.T.);
#1827=ADVANCED_FACE('',(#167),#64,.F.);
#1828=ADVANCED_FACE('',(#168),#65,.F.);
#1829=ADVANCED_FACE('',(#169),#1737,.T.);
#1830=ADVANCED_FACE('',(#170),#66,.T.);
#1831=ADVANCED_FACE('',(#171),#67,.T.);
#1832=ADVANCED_FACE('',(#172),#1738,.F.);
#1833=ADVANCED_FACE('',(#173),#68,.T.);
#1834=ADVANCED_FACE('',(#174),#69,.T.);
#1835=ADVANCED_FACE('',(#175),#1739,.F.);
#1836=ADVANCED_FACE('',(#176),#1740,.F.);
#1837=ADVANCED_FACE('',(#177),#70,.T.);
#1838=ADVANCED_FACE('',(#178),#71,.T.);
#1839=ADVANCED_FACE('',(#179),#1741,.F.);
#1840=ADVANCED_FACE('',(#180),#1742,.F.);
#1841=ADVANCED_FACE('',(#181),#72,.T.);
#1842=ADVANCED_FACE('',(#182),#73,.T.);
#1843=ADVANCED_FACE('',(#183,#28,#29,#30,#31,#32,#33,#34,#35,#36),#74,.F.);
#1844=CLOSED_SHELL('',(#1743,#1744,#1745,#1746,#1747,#1748,#1749,#1750,
#1751,#1752,#1753,#1754,#1755,#1756,#1757,#1758,#1759,#1760,#1761,#1762,
#1763,#1764,#1765,#1766,#1767,#1768,#1769,#1770,#1771,#1772,#1773,#1774,
#1775,#1776,#1777,#1778,#1779,#1780,#1781,#1782,#1783,#1784,#1785,#1786,
#1787,#1788,#1789,#1790,#1791,#1792,#1793,#1794,#1795,#1796,#1797,#1798,
#1799,#1800,#1801,#1802,#1803,#1804,#1805,#1806,#1807,#1808,#1809,#1810,
#1811,#1812,#1813,#1814,#1815,#1816,#1817,#1818,#1819,#1820,#1821,#1822,
#1823,#1824,#1825,#1826,#1827,#1828,#1829,#1830,#1831,#1832,#1833,#1834,
#1835,#1836,#1837,#1838,#1839,#1840,#1841,#1842,#1843));
#1845=DERIVED_UNIT_ELEMENT(#1847,1.);
#1846=DERIVED_UNIT_ELEMENT(#6372,-3.);
#1847=(
MASS_UNIT()
NAMED_UNIT(*)
SI_UNIT(.KILO.,.GRAM.)
);
#1848=DERIVED_UNIT((#1845,#1846));
#1849=MEASURE_REPRESENTATION_ITEM('density measure',
POSITIVE_RATIO_MEASURE(7850.),#1848);
#1850=PROPERTY_DEFINITION_REPRESENTATION(#1855,#1852);
#1851=PROPERTY_DEFINITION_REPRESENTATION(#1856,#1853);
#1852=REPRESENTATION('material name',(#1854),#6369);
#1853=REPRESENTATION('density',(#1849),#6369);
#1854=DESCRIPTIVE_REPRESENTATION_ITEM('A\X\E7o','A\X\E7o');
#1855=PROPERTY_DEFINITION('material property','material name',#6379);
#1856=PROPERTY_DEFINITION('material property','density of part',#6379);
#1857=AXIS2_PLACEMENT_3D('',#2390,#1993,#1994);
#1858=AXIS2_PLACEMENT_3D('',#2391,#1995,#1996);
#1859=AXIS2_PLACEMENT_3D('',#2410,#1998,#1999);
#1860=AXIS2_PLACEMENT_3D('',#2430,#2000,#2001);
#1861=AXIS2_PLACEMENT_3D('',#2478,#2003,#2004);
#1862=AXIS2_PLACEMENT_3D('',#2529,#2006,#2007);
#1863=AXIS2_PLACEMENT_3D('',#2548,#2009,#2010);
#1864=AXIS2_PLACEMENT_3D('',#2568,#2011,#2012);
#1865=AXIS2_PLACEMENT_3D('',#2587,#2014,#2015);
#1866=AXIS2_PLACEMENT_3D('',#2607,#2016,#2017);
#1867=AXIS2_PLACEMENT_3D('',#2655,#2019,#2020);
#1868=AXIS2_PLACEMENT_3D('',#2706,#2022,#2023);
#1869=AXIS2_PLACEMENT_3D('',#2725,#2025,#2026);
#1870=AXIS2_PLACEMENT_3D('',#2745,#2027,#2028);
#1871=AXIS2_PLACEMENT_3D('',#2764,#2030,#2031);
#1872=AXIS2_PLACEMENT_3D('',#2784,#2032,#2033);
#1873=AXIS2_PLACEMENT_3D('',#2832,#2035,#2036);
#1874=AXIS2_PLACEMENT_3D('',#2883,#2038,#2039);
#1875=AXIS2_PLACEMENT_3D('',#2902,#2041,#2042);
#1876=AXIS2_PLACEMENT_3D('',#2922,#2043,#2044);
#1877=AXIS2_PLACEMENT_3D('',#2941,#2046,#2047);
#1878=AXIS2_PLACEMENT_3D('',#2961,#2048,#2049);
#1879=AXIS2_PLACEMENT_3D('',#3009,#2051,#2052);
#1880=AXIS2_PLACEMENT_3D('',#3060,#2054,#2055);
#1881=AXIS2_PLACEMENT_3D('',#3079,#2057,#2058);
#1882=AXIS2_PLACEMENT_3D('',#3099,#2059,#2060);
#1883=AXIS2_PLACEMENT_3D('',#3109,#2062,#2063);
#1884=AXIS2_PLACEMENT_3D('',#3115,#2064,#2065);
#1885=AXIS2_PLACEMENT_3D('',#3140,#2067,#2068);
#1886=AXIS2_PLACEMENT_3D('',#3165,#2070,#2071);
#1887=AXIS2_PLACEMENT_3D('',#3189,#2073,#2074);
#1888=AXIS2_PLACEMENT_3D('',#3200,#2076,#2077);
#1889=AXIS2_PLACEMENT_3D('',#3206,#2078,#2079);
#1890=AXIS2_PLACEMENT_3D('',#3216,#2081,#2082);
#1891=AXIS2_PLACEMENT_3D('',#3222,#2083,#2084);
#1892=AXIS2_PLACEMENT_3D('',#3247,#2086,#2087);
#1893=AXIS2_PLACEMENT_3D('',#3272,#2089,#2090);
#1894=AXIS2_PLACEMENT_3D('',#3296,#2092,#2093);
#1895=AXIS2_PLACEMENT_3D('',#3307,#2095,#2096);
#1896=AXIS2_PLACEMENT_3D('',#3313,#2097,#2098);
#1897=AXIS2_PLACEMENT_3D('',#3323,#2100,#2101);
#1898=AXIS2_PLACEMENT_3D('',#3329,#2102,#2103);
#1899=AXIS2_PLACEMENT_3D('',#3354,#2105,#2106);
#1900=AXIS2_PLACEMENT_3D('',#3379,#2108,#2109);
#1901=AXIS2_PLACEMENT_3D('',#3403,#2111,#2112);
#1902=AXIS2_PLACEMENT_3D('',#3414,#2114,#2115);
#1903=AXIS2_PLACEMENT_3D('',#3420,#2116,#2117);
#1904=AXIS2_PLACEMENT_3D('',#3430,#2119,#2120);
#1905=AXIS2_PLACEMENT_3D('',#3436,#2121,#2122);
#1906=AXIS2_PLACEMENT_3D('',#3461,#2124,#2125);
#1907=AXIS2_PLACEMENT_3D('',#3486,#2127,#2128);
#1908=AXIS2_PLACEMENT_3D('',#3510,#2130,#2131);
#1909=AXIS2_PLACEMENT_3D('',#3521,#2133,#2134);
#1910=AXIS2_PLACEMENT_3D('',#3527,#2135,#2136);
#1911=AXIS2_PLACEMENT_3D('',#4176,#2137,#2138);
#1912=AXIS2_PLACEMENT_3D('',#4825,#2139,#2140);
#1913=AXIS2_PLACEMENT_3D('',#5474,#2141,#2142);
#1914=AXIS2_PLACEMENT_3D('',#6123,#2143,#2144);
#1915=AXIS2_PLACEMENT_3D('',#6124,#2145,#2146);
#1916=AXIS2_PLACEMENT_3D('',#6125,#2147,#2148);
#1917=AXIS2_PLACEMENT_3D('',#6126,#2149,#2150);
#1918=AXIS2_PLACEMENT_3D('',#6127,#2151,#2152);
#1919=AXIS2_PLACEMENT_3D('',#6128,#2153,#2154);
#1920=AXIS2_PLACEMENT_3D('',#6129,#2155,#2156);
#1921=AXIS2_PLACEMENT_3D('',#6130,#2157,#2158);
#1922=AXIS2_PLACEMENT_3D('',#6131,#2159,#2160);
#1923=AXIS2_PLACEMENT_3D('',#6140,#2165,#2166);
#1924=AXIS2_PLACEMENT_3D('',#6142,#2167,#2168);
#1925=AXIS2_PLACEMENT_3D('',#6144,#2169,#2170);
#1926=AXIS2_PLACEMENT_3D('',#6146,#2172,#2173);
#1927=AXIS2_PLACEMENT_3D('',#6149,#2176,#2177);
#1928=AXIS2_PLACEMENT_3D('',#6155,#2180,#2181);
#1929=AXIS2_PLACEMENT_3D('',#6156,#2182,#2183);
#1930=AXIS2_PLACEMENT_3D('',#6165,#2188,#2189);
#1931=AXIS2_PLACEMENT_3D('',#6167,#2190,#2191);
#1932=AXIS2_PLACEMENT_3D('',#6169,#2192,#2193);
#1933=AXIS2_PLACEMENT_3D('',#6171,#2195,#2196);
#1934=AXIS2_PLACEMENT_3D('',#6174,#2199,#2200);
#1935=AXIS2_PLACEMENT_3D('',#6180,#2203,#2204);
#1936=AXIS2_PLACEMENT_3D('',#6181,#2205,#2206);
#1937=AXIS2_PLACEMENT_3D('',#6190,#2211,#2212);
#1938=AXIS2_PLACEMENT_3D('',#6192,#2213,#2214);
#1939=AXIS2_PLACEMENT_3D('',#6194,#2215,#2216);
#1940=AXIS2_PLACEMENT_3D('',#6196,#2218,#2219);
#1941=AXIS2_PLACEMENT_3D('',#6199,#2222,#2223);
#1942=AXIS2_PLACEMENT_3D('',#6205,#2226,#2227);
#1943=AXIS2_PLACEMENT_3D('',#6206,#2228,#2229);
#1944=AXIS2_PLACEMENT_3D('',#6215,#2234,#2235);
#1945=AXIS2_PLACEMENT_3D('',#6217,#2236,#2237);
#1946=AXIS2_PLACEMENT_3D('',#6219,#2238,#2239);
#1947=AXIS2_PLACEMENT_3D('',#6221,#2241,#2242);
#1948=AXIS2_PLACEMENT_3D('',#6224,#2245,#2246);
#1949=AXIS2_PLACEMENT_3D('',#6227,#2247,#2248);
#1950=AXIS2_PLACEMENT_3D('',#6231,#2251,#2252);
#1951=AXIS2_PLACEMENT_3D('',#6237,#2256,#2257);
#1952=AXIS2_PLACEMENT_3D('',#6241,#2260,#2261);
#1953=AXIS2_PLACEMENT_3D('',#6247,#2265,#2266);
#1954=AXIS2_PLACEMENT_3D('',#6251,#2269,#2270);
#1955=AXIS2_PLACEMENT_3D('',#6257,#2274,#2275);
#1956=AXIS2_PLACEMENT_3D('',#6261,#2278,#2279);
#1957=AXIS2_PLACEMENT_3D('',#6267,#2283,#2284);
#1958=AXIS2_PLACEMENT_3D('',#6270,#2286,#2287);
#1959=AXIS2_PLACEMENT_3D('',#6271,#2288,#2289);
#1960=AXIS2_PLACEMENT_3D('',#6284,#2296,#2297);
#1961=AXIS2_PLACEMENT_3D('',#6288,#2300,#2301);
#1962=AXIS2_PLACEMENT_3D('',#6294,#2305,#2306);
#1963=AXIS2_PLACEMENT_3D('',#6300,#2309,#2310);
#1964=AXIS2_PLACEMENT_3D('',#6302,#2312,#2313);
#1965=AXIS2_PLACEMENT_3D('',#6308,#2316,#2317);
#1966=AXIS2_PLACEMENT_3D('',#6309,#2318,#2319);
#1967=AXIS2_PLACEMENT_3D('',#6311,#2321,#2322);
#1968=AXIS2_PLACEMENT_3D('',#6312,#2323,#2324);
#1969=AXIS2_PLACEMENT_3D('',#6315,#2325,#2326);
#1970=AXIS2_PLACEMENT_3D('',#6319,#2328,#2329);
#1971=AXIS2_PLACEMENT_3D('',#6321,#2331,#2332);
#1972=AXIS2_PLACEMENT_3D('',#6324,#2333,#2334);
#1973=AXIS2_PLACEMENT_3D('',#6328,#2336,#2337);
#1974=AXIS2_PLACEMENT_3D('',#6330,#2339,#2340);
#1975=AXIS2_PLACEMENT_3D('',#6331,#2341,#2342);
#1976=AXIS2_PLACEMENT_3D('',#6335,#2345,#2346);
#1977=AXIS2_PLACEMENT_3D('',#6337,#2348,#2349);
#1978=AXIS2_PLACEMENT_3D('',#6338,#2350,#2351);
#1979=AXIS2_PLACEMENT_3D('',#6339,#2352,#2353);
#1980=AXIS2_PLACEMENT_3D('',#6341,#2355,#2356);
#1981=AXIS2_PLACEMENT_3D('',#6343,#2358,#2359);
#1982=AXIS2_PLACEMENT_3D('',#6344,#2360,#2361);
#1983=AXIS2_PLACEMENT_3D('',#6345,#2362,#2363);
#1984=AXIS2_PLACEMENT_3D('',#6346,#2364,#2365);
#1985=AXIS2_PLACEMENT_3D('',#6349,#2366,#2367);
#1986=AXIS2_PLACEMENT_3D('',#6352,#2370,#2371);
#1987=AXIS2_PLACEMENT_3D('',#6356,#2374,#2375);
#1988=AXIS2_PLACEMENT_3D('',#6358,#2377,#2378);
#1989=AXIS2_PLACEMENT_3D('',#6359,#2379,#2380);
#1990=AXIS2_PLACEMENT_3D('',#6360,#2381,#2382);
#1991=AXIS2_PLACEMENT_3D('',#6364,#2385,#2386);
#1992=AXIS2_PLACEMENT_3D('',#6366,#2388,#2389);
#1993=DIRECTION('axis',(0.,0.,1.));
#1994=DIRECTION('refdir',(1.,0.,0.));
#1995=DIRECTION('center_axis',(0.,0.,-1.));
#1996=DIRECTION('ref_axis',(0.859101629885204,0.511805030776942,0.));
#1997=DIRECTION('',(0.,0.,-1.));
#1998=DIRECTION('center_axis',(0.,0.,-1.));
#1999=DIRECTION('ref_axis',(1.,0.,0.));
#2000=DIRECTION('center_axis',(0.,0.,-1.));
#2001=DIRECTION('ref_axis',(1.,0.,0.));
#2002=DIRECTION('',(0.,0.,-1.));
#2003=DIRECTION('center_axis',(0.,0.,-1.));
#2004=DIRECTION('ref_axis',(1.,0.,0.));
#2005=DIRECTION('',(0.,0.,-1.));
#2006=DIRECTION('center_axis',(0.,0.,-1.));
#2007=DIRECTION('ref_axis',(0.934838224013064,-0.355073928814973,0.));
#2008=DIRECTION('',(0.,0.,-1.));
#2009=DIRECTION('center_axis',(0.,0.,1.));
#2010=DIRECTION('ref_axis',(1.,0.,0.));
#2011=DIRECTION('center_axis',(0.,0.,-1.));
#2012=DIRECTION('ref_axis',(0.85910252902845,0.511803521497187,0.));
#2013=DIRECTION('',(0.,0.,-1.));
#2014=DIRECTION('center_axis',(0.,0.,-1.));
#2015=DIRECTION('ref_axis',(1.,0.,0.));
#2016=DIRECTION('center_axis',(0.,0.,-1.));
#2017=DIRECTION('ref_axis',(1.,0.,0.));
#2018=DIRECTION('',(0.,0.,-1.));
#2019=DIRECTION('center_axis',(0.,0.,-1.));
#2020=DIRECTION('ref_axis',(1.,0.,0.));
#2021=DIRECTION('',(0.,0.,-1.));
#2022=DIRECTION('center_axis',(0.,0.,-1.));
#2023=DIRECTION('ref_axis',(0.934838248882617,-0.355073863338435,0.));
#2024=DIRECTION('',(0.,0.,-1.));
#2025=DIRECTION('center_axis',(0.,0.,1.));
#2026=DIRECTION('ref_axis',(1.,0.,0.));
#2027=DIRECTION('center_axis',(0.,0.,-1.));
#2028=DIRECTION('ref_axis',(0.85910162988523,0.511805030776897,0.));
#2029=DIRECTION('',(0.,0.,-1.));
#2030=DIRECTION('center_axis',(0.,0.,-1.));
#2031=DIRECTION('ref_axis',(1.,0.,0.));
#2032=DIRECTION('center_axis',(0.,0.,-1.));
#2033=DIRECTION('ref_axis',(1.,0.,0.));
#2034=DIRECTION('',(0.,0.,-1.));
#2035=DIRECTION('center_axis',(0.,0.,-1.));
#2036=DIRECTION('ref_axis',(1.,0.,0.));
#2037=DIRECTION('',(0.,0.,-1.));
#2038=DIRECTION('center_axis',(0.,0.,-1.));
#2039=DIRECTION('ref_axis',(0.934838224013076,-0.355073928814941,0.));
#2040=DIRECTION('',(0.,0.,-1.));
#2041=DIRECTION('center_axis',(0.,0.,1.));
#2042=DIRECTION('ref_axis',(1.,0.,0.));
#2043=DIRECTION('center_axis',(0.,0.,-1.));
#2044=DIRECTION('ref_axis',(0.85910252902845,0.511803521497187,0.));
#2045=DIRECTION('',(0.,0.,-1.));
#2046=DIRECTION('center_axis',(0.,0.,-1.));
#2047=DIRECTION('ref_axis',(1.,0.,0.));
#2048=DIRECTION('center_axis',(0.,0.,-1.));
#2049=DIRECTION('ref_axis',(1.,0.,0.));
#2050=DIRECTION('',(0.,0.,-1.));
#2051=DIRECTION('center_axis',(0.,0.,-1.));
#2052=DIRECTION('ref_axis',(1.,0.,0.));
#2053=DIRECTION('',(0.,0.,-1.));
#2054=DIRECTION('center_axis',(0.,0.,-1.));
#2055=DIRECTION('ref_axis',(0.934838248882617,-0.355073863338436,0.));
#2056=DIRECTION('',(0.,0.,-1.));
#2057=DIRECTION('center_axis',(0.,0.,1.));
#2058=DIRECTION('ref_axis',(1.,0.,0.));
#2059=DIRECTION('center_axis',(0.,0.,-1.));
#2060=DIRECTION('ref_axis',(-0.736947834470598,0.675949620363157,0.));
#2061=DIRECTION('',(1.22464679914735E-16,6.17388947962633E-31,-1.));
#2062=DIRECTION('center_axis',(0.,0.,1.));
#2063=DIRECTION('ref_axis',(1.,5.16382802151236E-15,0.));
#2064=DIRECTION('center_axis',(0.,0.,-1.));
#2065=DIRECTION('ref_axis',(1.,5.16382802151236E-15,0.));
#2066=DIRECTION('',(1.22464679914735E-16,6.17388947962633E-31,-1.));
#2067=DIRECTION('center_axis',(0.,0.,-1.));
#2068=DIRECTION('ref_axis',(1.,5.16382802151236E-15,0.));
#2069=DIRECTION('',(1.22464679914735E-16,6.17388947962633E-31,-1.));
#2070=DIRECTION('center_axis',(0.,0.,-1.));
#2071=DIRECTION('ref_axis',(1.,5.16382802151236E-15,0.));
#2072=DIRECTION('',(1.22464679914735E-16,6.17388947962633E-31,-1.));
#2073=DIRECTION('center_axis',(0.,0.,-1.));
#2074=DIRECTION('ref_axis',(-0.608531470769264,-0.793529740516004,0.));
#2075=DIRECTION('',(1.22464679914735E-16,6.17388947962633E-31,-1.));
#2076=DIRECTION('center_axis',(0.,0.,-1.));
#2077=DIRECTION('ref_axis',(1.,5.16382802151236E-15,0.));
#2078=DIRECTION('center_axis',(0.,0.,-1.));
#2079=DIRECTION('ref_axis',(-0.73693307284132,0.67596571374046,0.));
#2080=DIRECTION('',(1.22464679914735E-16,1.95797917436465E-31,-1.));
#2081=DIRECTION('center_axis',(0.,0.,1.));
#2082=DIRECTION('ref_axis',(1.,1.72127600717078E-15,0.));
#2083=DIRECTION('center_axis',(0.,0.,-1.));
#2084=DIRECTION('ref_axis',(1.,1.72127600717078E-15,0.));
#2085=DIRECTION('',(1.22464679914735E-16,1.95797917436465E-31,-1.));
#2086=DIRECTION('center_axis',(0.,0.,-1.));
#2087=DIRECTION('ref_axis',(1.,1.72127600717078E-15,0.));
#2088=DIRECTION('',(1.22464679914735E-16,1.95797917436465E-31,-1.));
#2089=DIRECTION('center_axis',(0.,0.,-1.));
#2090=DIRECTION('ref_axis',(1.,1.72127600717078E-15,0.));
#2091=DIRECTION('',(1.22464679914735E-16,1.95797917436465E-31,-1.));
#2092=DIRECTION('center_axis',(0.,0.,-1.));
#2093=DIRECTION('ref_axis',(-0.608531556194573,-0.793529675006178,0.));
#2094=DIRECTION('',(1.22464679914735E-16,1.95797917436465E-31,-1.));
#2095=DIRECTION('center_axis',(0.,0.,-1.));
#2096=DIRECTION('ref_axis',(1.,1.72127600717078E-15,0.));
#2097=DIRECTION('center_axis',(0.,0.,-1.));
#2098=DIRECTION('ref_axis',(-0.736933072841303,0.675965713740479,0.));
#2099=DIRECTION('',(1.22464679914735E-16,4.59292311515322E-31,-1.));
#2100=DIRECTION('center_axis',(0.,0.,1.));
#2101=DIRECTION('ref_axis',(1.,3.87287101613428E-15,0.));
#2102=DIRECTION('center_axis',(0.,0.,-1.));
#2103=DIRECTION('ref_axis',(1.,3.87287101613428E-15,0.));
#2104=DIRECTION('',(1.22464679914735E-16,4.59292311515322E-31,-1.));
#2105=DIRECTION('center_axis',(0.,0.,-1.));
#2106=DIRECTION('ref_axis',(1.,3.87287101613428E-15,0.));
#2107=DIRECTION('',(1.22464679914735E-16,4.59292311515322E-31,-1.));
#2108=DIRECTION('center_axis',(0.,0.,-1.));
#2109=DIRECTION('ref_axis',(1.,3.87287101613428E-15,0.));
#2110=DIRECTION('',(1.22464679914735E-16,4.59292311515322E-31,-1.));
#2111=DIRECTION('center_axis',(0.,0.,-1.));
#2112=DIRECTION('ref_axis',(-0.60853155619455,-0.793529675006196,0.));
#2113=DIRECTION('',(1.22464679914735E-16,4.59292311515322E-31,-1.));
#2114=DIRECTION('center_axis',(0.,0.,-1.));
#2115=DIRECTION('ref_axis',(1.,3.87287101613428E-15,0.));
#2116=DIRECTION('center_axis',(0.,0.,-1.));
#2117=DIRECTION('ref_axis',(-0.736947834470602,0.675949620363153,0.));
#2118=DIRECTION('',(1.22464679914735E-16,8.28184463225714E-31,-1.));
#2119=DIRECTION('center_axis',(0.,0.,1.));
#2120=DIRECTION('ref_axis',(1.,6.88510402868312E-15,0.));
#2121=DIRECTION('center_axis',(0.,0.,-1.));
#2122=DIRECTION('ref_axis',(1.,6.88510402868312E-15,0.));
#2123=DIRECTION('',(1.22464679914735E-16,8.28184463225714E-31,-1.));
#2124=DIRECTION('center_axis',(0.,0.,-1.));
#2125=DIRECTION('ref_axis',(1.,6.88510402868312E-15,0.));
#2126=DIRECTION('',(1.22464679914735E-16,8.28184463225714E-31,-1.));
#2127=DIRECTION('center_axis',(0.,0.,-1.));
#2128=DIRECTION('ref_axis',(1.,6.88510402868312E-15,0.));
#2129=DIRECTION('',(1.22464679914735E-16,8.28184463225714E-31,-1.));
#2130=DIRECTION('center_axis',(0.,0.,-1.));
#2131=DIRECTION('ref_axis',(-0.608531470769266,-0.793529740516003,0.));
#2132=DIRECTION('',(1.22464679914735E-16,8.28184463225714E-31,-1.));
#2133=DIRECTION('center_axis',(0.,0.,-1.));
#2134=DIRECTION('ref_axis',(1.,6.88510402868312E-15,0.));
#2135=DIRECTION('center_axis',(0.,0.,-1.));
#2136=DIRECTION('ref_axis',(1.,6.88510402868312E-15,0.));
#2137=DIRECTION('center_axis',(0.,0.,-1.));
#2138=DIRECTION('ref_axis',(1.,3.87287101613428E-15,0.));
#2139=DIRECTION('center_axis',(0.,0.,-1.));
#2140=DIRECTION('ref_axis',(1.,1.72127600717078E-15,0.));
#2141=DIRECTION('center_axis',(0.,0.,-1.));
#2142=DIRECTION('ref_axis',(1.,5.16382802151236E-15,0.));
#2143=DIRECTION('center_axis',(0.,0.,-1.));
#2144=DIRECTION('ref_axis',(1.,0.,0.));
#2145=DIRECTION('center_axis',(0.,0.,1.));
#2146=DIRECTION('ref_axis',(1.,0.,0.));
#2147=DIRECTION('center_axis',(0.,0.,-1.));
#2148=DIRECTION('ref_axis',(1.,0.,0.));
#2149=DIRECTION('center_axis',(0.,0.,1.));
#2150=DIRECTION('ref_axis',(1.,0.,0.));
#2151=DIRECTION('center_axis',(0.,0.,-1.));
#2152=DIRECTION('ref_axis',(1.,0.,0.));
#2153=DIRECTION('center_axis',(0.,0.,1.));
#2154=DIRECTION('ref_axis',(1.,0.,0.));
#2155=DIRECTION('center_axis',(0.,0.,-1.));
#2156=DIRECTION('ref_axis',(1.,0.,0.));
#2157=DIRECTION('center_axis',(0.,0.,1.));
#2158=DIRECTION('ref_axis',(1.,0.,0.));
#2159=DIRECTION('center_axis',(0.716414967476713,0.697674418604652,0.));
#2160=DIRECTION('ref_axis',(0.697674418604652,-0.716414967476713,0.));
#2161=DIRECTION('',(0.697674418604652,-0.716414967476713,0.));
#2162=DIRECTION('',(0.,0.,-1.));
#2163=DIRECTION('',(0.697674418604652,-0.716414967476713,0.));
#2164=DIRECTION('',(0.,0.,-1.));
#2165=DIRECTION('center_axis',(0.,0.,-1.));
#2166=DIRECTION('ref_axis',(3.61394601875787E-15,-1.,0.));
#2167=DIRECTION('center_axis',(0.,0.,-1.));
#2168=DIRECTION('ref_axis',(1.,0.,0.));
#2169=DIRECTION('center_axis',(0.,0.,-1.));
#2170=DIRECTION('ref_axis',(1.,0.,0.));
#2171=DIRECTION('',(0.,0.,-1.));
#2172=DIRECTION('center_axis',(-0.716414967476714,0.697674418604652,0.));
#2173=DIRECTION('ref_axis',(0.697674418604652,0.716414967476714,0.));
#2174=DIRECTION('',(0.697674418604652,0.716414967476714,0.));
#2175=DIRECTION('',(0.697674418604652,0.716414967476714,0.));
#2176=DIRECTION('center_axis',(0.,0.,1.));
#2177=DIRECTION('ref_axis',(1.,0.,0.));
#2178=DIRECTION('',(-0.695652173913042,-0.718378767037319,0.));
#2179=DIRECTION('',(-0.695652173913044,0.718378767037317,0.));
#2180=DIRECTION('center_axis',(0.,0.,1.));
#2181=DIRECTION('ref_axis',(-1.,0.,0.));
#2182=DIRECTION('center_axis',(0.716414967476714,0.697674418604651,0.));
#2183=DIRECTION('ref_axis',(0.697674418604651,-0.716414967476714,0.));
#2184=DIRECTION('',(0.697674418604651,-0.716414967476714,0.));
#2185=DIRECTION('',(0.,0.,-1.));
#2186=DIRECTION('',(0.697674418604651,-0.716414967476714,0.));
#2187=DIRECTION('',(0.,0.,-1.));
#2188=DIRECTION('center_axis',(0.,0.,-1.));
#2189=DIRECTION('ref_axis',(1.39349996950756E-15,-1.,0.));
#2190=DIRECTION('center_axis',(0.,0.,-1.));
#2191=DIRECTION('ref_axis',(1.,0.,0.));
#2192=DIRECTION('center_axis',(0.,0.,-1.));
#2193=DIRECTION('ref_axis',(1.,0.,0.));
#2194=DIRECTION('',(0.,0.,-1.));
#2195=DIRECTION('center_axis',(-0.716414967476714,0.697674418604652,0.));
#2196=DIRECTION('ref_axis',(0.697674418604652,0.716414967476714,0.));
#2197=DIRECTION('',(0.697674418604652,0.716414967476714,0.));
#2198=DIRECTION('',(0.697674418604652,0.716414967476714,0.));
#2199=DIRECTION('center_axis',(0.,0.,1.));
#2200=DIRECTION('ref_axis',(1.,0.,0.));
#2201=DIRECTION('',(-0.695652173913044,-0.718378767037317,0.));
#2202=DIRECTION('',(-0.695652173913044,0.718378767037317,0.));
#2203=DIRECTION('center_axis',(0.,0.,1.));
#2204=DIRECTION('ref_axis',(-1.,0.,0.));
#2205=DIRECTION('center_axis',(0.716414967476714,0.697674418604652,0.));
#2206=DIRECTION('ref_axis',(0.697674418604652,-0.716414967476714,0.));
#2207=DIRECTION('',(0.697674418604652,-0.716414967476714,0.));
#2208=DIRECTION('',(0.,0.,-1.));
#2209=DIRECTION('',(0.697674418604652,-0.716414967476714,0.));
#2210=DIRECTION('',(0.,0.,-1.));
#2211=DIRECTION('center_axis',(0.,0.,-1.));
#2212=DIRECTION('ref_axis',(1.61554457443259E-15,-1.,0.));
#2213=DIRECTION('center_axis',(0.,0.,-1.));
#2214=DIRECTION('ref_axis',(1.,0.,0.));
#2215=DIRECTION('center_axis',(0.,0.,-1.));
#2216=DIRECTION('ref_axis',(1.,0.,0.));
#2217=DIRECTION('',(0.,0.,-1.));
#2218=DIRECTION('center_axis',(-0.716414967476714,0.697674418604651,0.));
#2219=DIRECTION('ref_axis',(0.697674418604651,0.716414967476714,0.));
#2220=DIRECTION('',(0.697674418604651,0.716414967476714,0.));
#2221=DIRECTION('',(0.697674418604651,0.716414967476714,0.));
#2222=DIRECTION('center_axis',(0.,0.,1.));
#2223=DIRECTION('ref_axis',(1.,0.,0.));
#2224=DIRECTION('',(-0.695652173913043,-0.718378767037318,0.));
#2225=DIRECTION('',(-0.695652173913043,0.718378767037318,0.));
#2226=DIRECTION('center_axis',(0.,0.,1.));
#2227=DIRECTION('ref_axis',(-1.,0.,0.));
#2228=DIRECTION('center_axis',(0.716414967476714,0.697674418604652,0.));
#2229=DIRECTION('ref_axis',(0.697674418604652,-0.716414967476714,0.));
#2230=DIRECTION('',(0.697674418604652,-0.716414967476714,0.));
#2231=DIRECTION('',(0.,0.,-1.));
#2232=DIRECTION('',(0.697674418604652,-0.716414967476714,0.));
#2233=DIRECTION('',(0.,0.,-1.));
#2234=DIRECTION('center_axis',(0.,0.,-1.));
#2235=DIRECTION('ref_axis',(9.49410759657493E-16,-1.,0.));
#2236=DIRECTION('center_axis',(0.,0.,-1.));
#2237=DIRECTION('ref_axis',(1.,0.,0.));
#2238=DIRECTION('center_axis',(0.,0.,-1.));
#2239=DIRECTION('ref_axis',(1.,0.,0.));
#2240=DIRECTION('',(0.,0.,-1.));
#2241=DIRECTION('center_axis',(-0.716414967476715,0.697674418604651,0.));
#2242=DIRECTION('ref_axis',(0.697674418604651,0.716414967476715,0.));
#2243=DIRECTION('',(0.697674418604651,0.716414967476715,0.));
#2244=DIRECTION('',(0.697674418604651,0.716414967476715,0.));
#2245=DIRECTION('center_axis',(0.,0.,1.));
#2246=DIRECTION('ref_axis',(1.,0.,0.));
#2247=DIRECTION('center_axis',(0.,0.,1.));
#2248=DIRECTION('ref_axis',(-1.,0.,0.));
#2249=DIRECTION('',(-0.695652173913044,-0.718378767037317,0.));
#2250=DIRECTION('',(-0.695652173913044,0.718378767037317,0.));
#2251=DIRECTION('center_axis',(-0.718378767037317,-0.695652173913044,0.));
#2252=DIRECTION('ref_axis',(-0.695652173913044,0.718378767037317,0.));
#2253=DIRECTION('',(0.,0.,-1.));
#2254=DIRECTION('',(-0.695652173913044,0.718378767037317,0.));
#2255=DIRECTION('',(0.,0.,-1.));
#2256=DIRECTION('center_axis',(0.718378767037319,-0.695652173913042,0.));
#2257=DIRECTION('ref_axis',(-0.695652173913042,-0.718378767037319,0.));
#2258=DIRECTION('',(0.,0.,-1.));
#2259=DIRECTION('',(-0.695652173913042,-0.718378767037319,0.));
#2260=DIRECTION('center_axis',(-0.718378767037317,-0.695652173913045,0.));
#2261=DIRECTION('ref_axis',(-0.695652173913044,0.718378767037317,0.));
#2262=DIRECTION('',(0.,0.,-1.));
#2263=DIRECTION('',(-0.695652173913044,0.718378767037317,0.));
#2264=DIRECTION('',(0.,0.,-1.));
#2265=DIRECTION('center_axis',(0.718378767037317,-0.695652173913045,0.));
#2266=DIRECTION('ref_axis',(-0.695652173913044,-0.718378767037317,0.));
#2267=DIRECTION('',(0.,0.,-1.));
#2268=DIRECTION('',(-0.695652173913044,-0.718378767037317,0.));
#2269=DIRECTION('center_axis',(-0.718378767037318,-0.695652173913043,0.));
#2270=DIRECTION('ref_axis',(-0.695652173913043,0.718378767037318,0.));
#2271=DIRECTION('',(0.,0.,-1.));
#2272=DIRECTION('',(-0.695652173913043,0.718378767037318,0.));
#2273=DIRECTION('',(0.,0.,-1.));
#2274=DIRECTION('center_axis',(0.718378767037318,-0.695652173913043,0.));
#2275=DIRECTION('ref_axis',(-0.695652173913043,-0.718378767037318,0.));
#2276=DIRECTION('',(0.,0.,-1.));
#2277=DIRECTION('',(-0.695652173913043,-0.718378767037318,0.));
#2278=DIRECTION('center_axis',(0.718378767037317,-0.695652173913044,0.));
#2279=DIRECTION('ref_axis',(-0.695652173913044,-0.718378767037317,0.));
#2280=DIRECTION('',(0.,0.,-1.));
#2281=DIRECTION('',(-0.695652173913044,-0.718378767037317,0.));
#2282=DIRECTION('',(0.,0.,-1.));
#2283=DIRECTION('center_axis',(0.,0.,-1.));
#2284=DIRECTION('ref_axis',(1.83697019872103E-16,-1.,0.));
#2285=DIRECTION('',(0.,0.,-1.));
#2286=DIRECTION('center_axis',(0.,0.,1.));
#2287=DIRECTION('ref_axis',(-1.,0.,0.));
#2288=DIRECTION('center_axis',(0.,0.901523057468274,0.432731067584771));
#2289=DIRECTION('ref_axis',(0.,-0.432731067584771,0.901523057468274));
#2290=DIRECTION('',(0.,0.432731067584771,-0.901523057468274));
#2291=DIRECTION('',(-1.,0.,0.));
#2292=DIRECTION('',(0.,-0.432731067584771,0.901523057468274));
#2293=DIRECTION('',(0.379608499024621,-0.400339946240477,0.83404155466766));
#2294=DIRECTION('',(-1.,0.,0.));
#2295=DIRECTION('',(0.379608499024621,0.400339946240477,-0.83404155466766));
#2296=DIRECTION('center_axis',(1.,0.,0.));
#2297=DIRECTION('ref_axis',(0.,-1.,0.));
#2298=DIRECTION('',(0.,0.,-1.));
#2299=DIRECTION('',(0.,1.,0.));
#2300=DIRECTION('center_axis',(0.725645759853959,-0.688068478573151,0.));
#2301=DIRECTION('ref_axis',(-0.688068478573151,-0.725645759853959,0.));
#2302=DIRECTION('',(-0.688068478573151,-0.725645759853959,0.));
#2303=DIRECTION('',(0.,0.,-1.));
#2304=DIRECTION('',(0.688068478573151,0.725645759853959,0.));
#2305=DIRECTION('center_axis',(0.,0.,-1.));
#2306=DIRECTION('ref_axis',(-1.,0.,0.));
#2307=DIRECTION('',(-0.688068478573151,0.725645759853959,0.));
#2308=DIRECTION('',(1.,0.,0.));
#2309=DIRECTION('center_axis',(0.,0.,-1.));
#2310=DIRECTION('ref_axis',(-1.,0.,0.));
#2311=DIRECTION('',(1.,0.,0.));
#2312=DIRECTION('center_axis',(0.,0.,1.));
#2313=DIRECTION('ref_axis',(-1.,0.,0.));
#2314=DIRECTION('',(-0.710526315789496,0.703670629322132,0.));
#2315=DIRECTION('',(-0.7105263157895,-0.703670629322128,0.));
#2316=DIRECTION('center_axis',(0.,0.,1.));
#2317=DIRECTION('ref_axis',(-1.,0.,0.));
#2318=DIRECTION('center_axis',(0.,0.,1.));
#2319=DIRECTION('ref_axis',(-1.,0.,0.));
#2320=DIRECTION('',(-0.695652173913044,0.718378767037317,0.));
#2321=DIRECTION('center_axis',(0.,0.,1.));
#2322=DIRECTION('ref_axis',(-1.,0.,0.));
#2323=DIRECTION('center_axis',(0.,0.64018439966448,0.768221279597376));
#2324=DIRECTION('ref_axis',(0.,-0.768221279597376,0.64018439966448));
#2325=DIRECTION('center_axis',(0.,-0.64018439966448,-0.768221279597376));
#2326=DIRECTION('ref_axis',(0.,0.768221279597376,-0.64018439966448));
#2327=DIRECTION('',(1.,0.,0.));
#2328=DIRECTION('center_axis',(0.,0.64018439966448,0.768221279597376));
#2329=DIRECTION('ref_axis',(0.,0.768221279597376,-0.64018439966448));
#2330=DIRECTION('',(-1.,0.,0.));
#2331=DIRECTION('center_axis',(0.,0.64018439966448,0.768221279597376));
#2332=DIRECTION('ref_axis',(0.,-0.768221279597376,0.64018439966448));
#2333=DIRECTION('center_axis',(0.,0.64018439966448,0.768221279597376));
#2334=DIRECTION('ref_axis',(0.,0.768221279597376,-0.64018439966448));
#2335=DIRECTION('',(1.,0.,0.));
#2336=DIRECTION('center_axis',(0.,-0.64018439966448,-0.768221279597376));
#2337=DIRECTION('ref_axis',(0.,0.768221279597376,-0.64018439966448));
#2338=DIRECTION('',(-1.,0.,0.));
#2339=DIRECTION('center_axis',(0.,0.,-1.));
#2340=DIRECTION('ref_axis',(1.83697019872103E-16,1.,0.));
#2341=DIRECTION('center_axis',(0.,0.,-1.));
#2342=DIRECTION('ref_axis',(-0.945695463936548,-0.325053979347796,0.));
#2343=DIRECTION('',(0.,0.,-1.));
#2344=DIRECTION('',(0.,0.,-1.));
#2345=DIRECTION('center_axis',(0.,0.,-1.));
#2346=DIRECTION('ref_axis',(-1.,0.,0.));
#2347=DIRECTION('',(0.,0.,-1.));
#2348=DIRECTION('center_axis',(0.,0.,-1.));
#2349=DIRECTION('ref_axis',(-1.,0.,0.));
#2350=DIRECTION('center_axis',(0.,0.,1.));
#2351=DIRECTION('ref_axis',(-1.,0.,0.));
#2352=DIRECTION('center_axis',(0.,-1.,0.));
#2353=DIRECTION('ref_axis',(-1.,0.,0.));
#2354=DIRECTION('',(0.,0.,-1.));
#2355=DIRECTION('center_axis',(0.,0.,-1.));
#2356=DIRECTION('ref_axis',(1.83697019872103E-16,1.,0.));
#2357=DIRECTION('',(0.,0.,-1.));
#2358=DIRECTION('center_axis',(0.,-1.,0.));
#2359=DIRECTION('ref_axis',(-1.,0.,0.));
#2360=DIRECTION('center_axis',(-0.718378767037317,-0.695652173913044,0.));
#2361=DIRECTION('ref_axis',(-0.695652173913044,0.718378767037317,0.));
#2362=DIRECTION('center_axis',(0.,0.,-1.));
#2363=DIRECTION('ref_axis',(1.96005385927235E-15,-1.,0.));
#2364=DIRECTION('center_axis',(0.,0.,-1.));
#2365=DIRECTION('ref_axis',(-9.58626559682927E-15,-1.,0.));
#2366=DIRECTION('center_axis',(0.,0.,1.));
#2367=DIRECTION('ref_axis',(-1.,0.,0.));
#2368=DIRECTION('',(0.,0.,-1.));
#2369=DIRECTION('',(0.,0.,-1.));
#2370=DIRECTION('center_axis',(0.703670629322128,-0.7105263157895,0.));
#2371=DIRECTION('ref_axis',(-0.7105263157895,-0.703670629322128,0.));
#2372=DIRECTION('',(-0.7105263157895,-0.703670629322128,0.));
#2373=DIRECTION('',(0.,0.,-1.));
#2374=DIRECTION('center_axis',(-0.703670629322132,-0.710526315789496,0.));
#2375=DIRECTION('ref_axis',(-0.710526315789496,0.703670629322132,0.));
#2376=DIRECTION('',(-0.710526315789496,0.703670629322132,0.));
#2377=DIRECTION('center_axis',(0.,0.,-1.));
#2378=DIRECTION('ref_axis',(1.96005385927235E-15,-1.,0.));
#2379=DIRECTION('center_axis',(0.,0.,-1.));
#2380=DIRECTION('ref_axis',(1.83697019872103E-16,-1.,0.));
#2381=DIRECTION('center_axis',(-0.725645759853959,-0.688068478573151,0.));
#2382=DIRECTION('ref_axis',(-0.688068478573151,0.725645759853959,0.));
#2383=DIRECTION('',(0.,0.,-1.));
#2384=DIRECTION('',(-0.688068478573151,0.725645759853959,0.));
#2385=DIRECTION('center_axis',(-1.,0.,0.));
#2386=DIRECTION('ref_axis',(0.,1.,0.));
#2387=DIRECTION('',(0.,-1.,0.));
#2388=DIRECTION('center_axis',(0.,0.,-1.));
#2389=DIRECTION('ref_axis',(-1.,0.,0.));
#2390=CARTESIAN_POINT('',(0.,0.,0.));
#2391=CARTESIAN_POINT('Origin',(16.7673757230966,13.5168246743539,-32.7));
#2392=CARTESIAN_POINT('',(15.7297960986085,13.5177825356427,-34.3269615242271));
#2393=CARTESIAN_POINT('',(15.7313003638474,13.5166297693321,-34.4480384757729));
#2394=CARTESIAN_POINT('',(15.7296257230966,13.5168246743539,-32.7));
#2395=CARTESIAN_POINT('',(17.7324563627379,13.1353218283756,-34.7));
#2396=CARTESIAN_POINT('Ctrl Pts',(15.7313003638474,13.5166297693321,-34.4480384757729));
#2397=CARTESIAN_POINT('Ctrl Pts',(15.7315103640941,13.697916857919,-34.4605044303352));
#2398=CARTESIAN_POINT('Ctrl Pts',(15.7767500019945,13.8793141515981,-34.4729703848975));
#2399=CARTESIAN_POINT('Ctrl Pts',(15.866422680683,14.035204779613,-34.4854363394597));
#2400=CARTESIAN_POINT('Ctrl Pts',(16.037916417607,14.3333364596377,-34.5092767461864));
#2401=CARTESIAN_POINT('Ctrl Pts',(16.3719209727417,14.5381792484814,-34.5331171529131));
#2402=CARTESIAN_POINT('Ctrl Pts',(16.7153925139054,14.5551833231712,-34.5569575596398));
#2403=CARTESIAN_POINT('Ctrl Pts',(17.0588640550691,14.5721873978611,-34.5807979663665));
#2404=CARTESIAN_POINT('Ctrl Pts',(17.4118025822618,14.401352758397,-34.6046383730932));
#2405=CARTESIAN_POINT('Ctrl Pts',(17.6119488371175,14.1224491400856,-34.6284787798199));
#2406=CARTESIAN_POINT('Ctrl Pts',(17.8120950919731,13.8435455217742,-34.6523191865466));
#2407=CARTESIAN_POINT('Ctrl Pts',(17.8594490744917,13.4565729246154,-34.6761595932733));
#2408=CARTESIAN_POINT('Ctrl Pts',(17.732456362738,13.1353218283757,-34.7));
#2409=CARTESIAN_POINT('',(16.272234871972,12.6027009001331,-34.7));
#2410=CARTESIAN_POINT('Origin',(16.7673757230966,13.5168246743539,-34.7));
#2411=CARTESIAN_POINT('Ctrl Pts',(16.2722314152332,12.6026959520692,-34.7));
#2412=CARTESIAN_POINT('Ctrl Pts',(16.5641266154214,12.4456430316576,-34.6770243149543));
#2413=CARTESIAN_POINT('Ctrl Pts',(16.9385832365083,12.4392990677971,-34.6540486299085));
#2414=CARTESIAN_POINT('Ctrl Pts',(17.2346485697875,12.5883368163261,-34.6310729448628));
#2415=CARTESIAN_POINT('Ctrl Pts',(17.5418567313288,12.742983806633,-34.6072325381361));
#2416=CARTESIAN_POINT('Ctrl Pts',(17.7646618349572,13.0649286183711,-34.5833921314094));
#2417=CARTESIAN_POINT('Ctrl Pts',(17.8010195289314,13.4068286435959,-34.5595517246827));
#2418=CARTESIAN_POINT('Ctrl Pts',(17.8373772229057,13.7487286688208,-34.535711317956));
#2419=CARTESIAN_POINT('Ctrl Pts',(17.6872875072258,14.1105839075324,-34.5118709112293));
#2420=CARTESIAN_POINT('Ctrl Pts',(17.4195133241523,14.326331041431,-34.4880305045026));
#2421=CARTESIAN_POINT('Ctrl Pts',(17.1517391410788,14.5420781753297,-34.4641900977759));
#2422=CARTESIAN_POINT('Ctrl Pts',(16.7662804906116,14.6117172044153,-34.4403496910492));
#2423=CARTESIAN_POINT('Ctrl Pts',(16.4399149831512,14.5033833468945,-34.4165092843225));
#2424=CARTESIAN_POINT('Ctrl Pts',(16.1135494756907,14.3950494893736,-34.3926688775958));
#2425=CARTESIAN_POINT('Ctrl Pts',(15.8462771112369,14.1087427452463,-34.3688284708691));
#2426=CARTESIAN_POINT('Ctrl Pts',(15.7606389479715,13.7757133548329,-34.3449880641424));
#2427=CARTESIAN_POINT('Ctrl Pts',(15.7390543082731,13.6917750833082,-34.3389792175039));
#2428=CARTESIAN_POINT('Ctrl Pts',(15.7290082534019,13.6048686856597,-34.3329703708655));
#2429=CARTESIAN_POINT('Ctrl Pts',(15.7297960986085,13.5177825356427,-34.3269615242271));
#2430=CARTESIAN_POINT('Origin',(16.7673757230966,13.5168246743539,-32.7));
#2431=CARTESIAN_POINT('',(15.73124967923,13.5165765785454,-33.8769615242271));
#2432=CARTESIAN_POINT('',(15.7290943419071,13.5159288795135,-33.9980384757729));
#2433=CARTESIAN_POINT('',(15.7296257230966,13.5168246743539,-32.7));
#2434=CARTESIAN_POINT('Ctrl Pts',(15.7290943419071,13.5159288795135,-33.9980384757729));
#2435=CARTESIAN_POINT('Ctrl Pts',(15.7316560464311,13.79694647036,-34.017461989975));
#2436=CARTESIAN_POINT('Ctrl Pts',(15.849757660349,14.0798595916174,-34.036885504177));
#2437=CARTESIAN_POINT('Ctrl Pts',(16.0533704115531,14.2722971407758,-34.0563090183791));
#2438=CARTESIAN_POINT('Ctrl Pts',(16.303284549281,14.5084948439155,-34.0801494251058));
#2439=CARTESIAN_POINT('Ctrl Pts',(16.6820219775933,14.6083902911716,-34.1039898318325));
#2440=CARTESIAN_POINT('Ctrl Pts',(17.0159176127694,14.526168838033,-34.1278302385592));
#2441=CARTESIAN_POINT('Ctrl Pts',(17.3498132479455,14.4439473848945,-34.1516706452859));
#2442=CARTESIAN_POINT('Ctrl Pts',(17.6388670899855,14.1796090313615,-34.1755110520126));
#2443=CARTESIAN_POINT('Ctrl Pts',(17.7505330705139,13.8543810653434,-34.1993514587393));
#2444=CARTESIAN_POINT('Ctrl Pts',(17.8621990510424,13.5291530993253,-34.223191865466));
#2445=CARTESIAN_POINT('Ctrl Pts',(17.7964771700592,13.1430355208222,-34.2470322721927));
#2446=CARTESIAN_POINT('Ctrl Pts',(17.5835098619443,12.8730435982466,-34.2708726789194));
#2447=CARTESIAN_POINT('Ctrl Pts',(17.3705425538294,12.603051675671,-34.2947130856461));
#2448=CARTESIAN_POINT('Ctrl Pts',(17.0103298185828,12.4491854090229,-34.3185534923728));
#2449=CARTESIAN_POINT('Ctrl Pts',(16.6680311214589,12.4820710781659,-34.3423938990995));
#2450=CARTESIAN_POINT('Ctrl Pts',(16.3257324243349,12.5149567473088,-34.3662343058262));
#2451=CARTESIAN_POINT('Ctrl Pts',(16.0013477653336,12.7345943522428,-34.3900747125529));
#2452=CARTESIAN_POINT('Ctrl Pts',(15.8436468951896,13.0401234403127,-34.4139151192796));
#2453=CARTESIAN_POINT('Ctrl Pts',(15.7684065260001,13.1858938559326,-34.425289571444));
#2454=CARTESIAN_POINT('Ctrl Pts',(15.731108750943,13.3512159370527,-34.4366640236085));
#2455=CARTESIAN_POINT('Ctrl Pts',(15.7313003638474,13.5166297693321,-34.4480384757729));
#2456=CARTESIAN_POINT('Ctrl Pts',(15.7297960986085,13.5177825356427,-34.3269615242271));
#2457=CARTESIAN_POINT('Ctrl Pts',(15.7321340696017,13.2593499261377,-34.3091299641388));
#2458=CARTESIAN_POINT('Ctrl Pts',(15.829879266618,12.9993343525353,-34.2912984040505));
#2459=CARTESIAN_POINT('Ctrl Pts',(16.0046159342863,12.8106052916002,-34.2734668439623));
#2460=CARTESIAN_POINT('Ctrl Pts',(16.2382350459434,12.5582786554804,-34.2496264372356));
#2461=CARTESIAN_POINT('Ctrl Pts',(16.6094772313345,12.4333774199403,-34.2257860305089));
#2462=CARTESIAN_POINT('Ctrl Pts',(16.9481093583804,12.4931659575322,-34.2019456237822));
#2463=CARTESIAN_POINT('Ctrl Pts',(17.2867414854262,12.5529544951242,-34.1781052170555));
#2464=CARTESIAN_POINT('Ctrl Pts',(17.5927635541267,12.7974328058482,-34.1542648103288));
#2465=CARTESIAN_POINT('Ctrl Pts',(17.7258536157422,13.1145014893628,-34.1304244036021));
#2466=CARTESIAN_POINT('Ctrl Pts',(17.8589436773577,13.4315701728775,-34.1065839968754));
#2467=CARTESIAN_POINT('Ctrl Pts',(17.8191017318881,13.8212292291826,-34.0827435901486));
#2468=CARTESIAN_POINT('Ctrl Pts',(17.6245961190553,14.1048021463419,-34.0589031834219));
#2469=CARTESIAN_POINT('Ctrl Pts',(17.4300905062224,14.3883750635011,-34.0350627766952));
#2470=CARTESIAN_POINT('Ctrl Pts',(17.0809212260262,14.5658618415145,-34.0112223699686));
#2471=CARTESIAN_POINT('Ctrl Pts',(16.7371970631973,14.5558784814273,-33.9873819632419));
#2472=CARTESIAN_POINT('Ctrl Pts',(16.3934729003685,14.5458951213401,-33.9635415565152));
#2473=CARTESIAN_POINT('Ctrl Pts',(16.0551938549071,14.3484416231522,-33.9397011497885));
#2474=CARTESIAN_POINT('Ctrl Pts',(15.8774744981258,14.0540580126867,-33.9158607430618));
#2475=CARTESIAN_POINT('Ctrl Pts',(15.7808158542549,13.893947594324,-33.9028943367835));
#2476=CARTESIAN_POINT('Ctrl Pts',(15.7316522711054,13.7051643402939,-33.8899279305053));
#2477=CARTESIAN_POINT('Ctrl Pts',(15.73124967923,13.5165765785454,-33.8769615242271));
#2478=CARTESIAN_POINT('Origin',(16.7673757230966,13.5168246743539,-32.7));
#2479=CARTESIAN_POINT('',(15.7288814371177,13.5159799465654,-33.4269615242271));
#2480=CARTESIAN_POINT('',(15.728357241352,13.5174479631059,-33.5480384757729));
#2481=CARTESIAN_POINT('',(15.7296257230966,13.5168246743539,-32.7));
#2482=CARTESIAN_POINT('Ctrl Pts',(15.728357241352,13.5174479631059,-33.5480384757729));
#2483=CARTESIAN_POINT('Ctrl Pts',(15.7280971524623,13.5541383912708,-33.5505791428881));
#2484=CARTESIAN_POINT('Ctrl Pts',(15.7298718103907,13.5908033808373,-33.5531198100032));
#2485=CARTESIAN_POINT('Ctrl Pts',(15.7337644418465,13.6272421130101,-33.5556604771184));
#2486=CARTESIAN_POINT('Ctrl Pts',(15.7702910362161,13.9691657717327,-33.5795008838451));
#2487=CARTESIAN_POINT('Ctrl Pts',(15.9933062421287,14.2911673555829,-33.6033412905718));
#2488=CARTESIAN_POINT('Ctrl Pts',(16.3005483822174,14.445596124142,-33.6271816972985));
#2489=CARTESIAN_POINT('Ctrl Pts',(16.6077905223062,14.6000248927012,-33.6510221040252));
#2490=CARTESIAN_POINT('Ctrl Pts',(16.999259596571,14.5868808459693,-33.6748625107519));
#2491=CARTESIAN_POINT('Ctrl Pts',(17.2954510980837,14.4121909065848,-33.6987029174786));
#2492=CARTESIAN_POINT('Ctrl Pts',(17.5916425995963,14.2375009672004,-33.7225433242053));
#2493=CARTESIAN_POINT('Ctrl Pts',(17.7925565283568,13.9012651351634,-33.746383730932));
#2494=CARTESIAN_POINT('Ctrl Pts',(17.8060655757051,13.5576615401529,-33.7702241376587));
#2495=CARTESIAN_POINT('Ctrl Pts',(17.8195746230535,13.2140579451425,-33.7940645443854));
#2496=CARTESIAN_POINT('Ctrl Pts',(17.6456787889897,12.8630865871585,-33.8179049511121));
#2497=CARTESIAN_POINT('Ctrl Pts',(17.3641165158176,12.6656816765868,-33.8417453578388));
#2498=CARTESIAN_POINT('Ctrl Pts',(17.0825542426454,12.468276766015,-33.8655857645655));
#2499=CARTESIAN_POINT('Ctrl Pts',(16.6933255303648,12.4244383028554,-33.8894261712922));
#2500=CARTESIAN_POINT('Ctrl Pts',(16.3749074678002,12.5542690179244,-33.9132665780189));
#2501=CARTESIAN_POINT('Ctrl Pts',(16.0564894052357,12.6840997329935,-33.9371069847456));
#2502=CARTESIAN_POINT('Ctrl Pts',(15.8088819923871,12.9875996262913,-33.9609473914723));
#2503=CARTESIAN_POINT('Ctrl Pts',(15.7456237095345,13.3255995524519,-33.984787798199));
#2504=CARTESIAN_POINT('Ctrl Pts',(15.7339038995557,13.3882205204709,-33.9892046907236));
#2505=CARTESIAN_POINT('Ctrl Pts',(15.7285118122246,13.4520256906572,-33.9936215832483));
#2506=CARTESIAN_POINT('Ctrl Pts',(15.7290943419071,13.5159288795135,-33.9980384757729));
#2507=CARTESIAN_POINT('Ctrl Pts',(15.73124967923,13.5165765785454,-33.8769615242271));
#2508=CARTESIAN_POINT('Ctrl Pts',(15.7309120541286,13.3584214689624,-33.8660875237786));
#2509=CARTESIAN_POINT('Ctrl Pts',(15.7648679414204,13.2004038487293,-33.8552135233301));
#2510=CARTESIAN_POINT('Ctrl Pts',(15.8338639945025,13.0595504300028,-33.8443395228816));
#2511=CARTESIAN_POINT('Ctrl Pts',(15.9851325157618,12.7507401805278,-33.8204991161549));
#2512=CARTESIAN_POINT('Ctrl Pts',(16.3048292263818,12.5244334043209,-33.7966587094282));
#2513=CARTESIAN_POINT('Ctrl Pts',(16.6463600830261,12.4844008384471,-33.7728183027015));
#2514=CARTESIAN_POINT('Ctrl Pts',(16.9878909396704,12.4443682725733,-33.7489778959748));
#2515=CARTESIAN_POINT('Ctrl Pts',(17.3512559423389,12.5906099170325,-33.7251374892482));
#2516=CARTESIAN_POINT('Ctrl Pts',(17.5698373911085,12.85606817356,-33.7012970825215));
#2517=CARTESIAN_POINT('Ctrl Pts',(17.7884188398781,13.1215264300875,-33.6774566757948));
#2518=CARTESIAN_POINT('Ctrl Pts',(17.8622167347488,13.5062012986833,-33.653616269068));
#2519=CARTESIAN_POINT('Ctrl Pts',(17.757391755892,13.8337033653839,-33.6297758623413));
#2520=CARTESIAN_POINT('Ctrl Pts',(17.6525667770353,14.1612054320845,-33.6059354556146));
#2521=CARTESIAN_POINT('Ctrl Pts',(17.3691189244511,14.4315346968901,-33.582095048888));
#2522=CARTESIAN_POINT('Ctrl Pts',(17.0370205412807,14.5207346491692,-33.5582546421613));
#2523=CARTESIAN_POINT('Ctrl Pts',(16.7049221581102,14.6099346014483,-33.5344142354346));
#2524=CARTESIAN_POINT('Ctrl Pts',(16.3241732443536,14.5180052412009,-33.5105738287078));
#2525=CARTESIAN_POINT('Ctrl Pts',(16.0693629085771,14.2870989278373,-33.4867334219811));
#2526=CARTESIAN_POINT('Ctrl Pts',(15.8564121605564,14.0941253107991,-33.4668094560631));
#2527=CARTESIAN_POINT('Ctrl Pts',(15.7314209718406,13.8040857132987,-33.4468854901451));
#2528=CARTESIAN_POINT('Ctrl Pts',(15.7288814371177,13.5159799465654,-33.4269615242271));
#2529=CARTESIAN_POINT('Origin',(16.7673757230966,13.5168246743539,-32.7));
#2530=CARTESIAN_POINT('',(15.7285373907232,13.5175219987148,-32.9769615242271));
#2531=CARTESIAN_POINT('',(15.7310196096219,13.5173693542606,-33.098038475773));
#2532=CARTESIAN_POINT('',(15.7296257230966,13.5168246743539,-32.7));
#2533=CARTESIAN_POINT('',(17.5437732205703,14.2053971022195,-32.7));
#2534=CARTESIAN_POINT('Ctrl Pts',(15.7285373907232,13.5175219987148,-32.9769615242271));
#2535=CARTESIAN_POINT('Ctrl Pts',(15.730893652091,13.2170798198186,-32.9561622363315));
#2536=CARTESIAN_POINT('Ctrl Pts',(15.8684988908845,12.9148061507262,-32.9353629484359));
#2537=CARTESIAN_POINT('Ctrl Pts',(16.0980534298902,12.7215629038805,-32.9145636605403));
#2538=CARTESIAN_POINT('Ctrl Pts',(16.3611717444849,12.5000650514002,-32.8907232538136));
#2539=CARTESIAN_POINT('Ctrl Pts',(16.7450933641889,12.4218117405798,-32.8668828470869));
#2540=CARTESIAN_POINT('Ctrl Pts',(17.0736669658833,12.5233075185772,-32.8430424403602));
#2541=CARTESIAN_POINT('Ctrl Pts',(17.4022405675778,12.6248032965747,-32.8192020336335));
#2542=CARTESIAN_POINT('Ctrl Pts',(17.6754661512627,12.9060481633899,-32.7953616269068));
#2543=CARTESIAN_POINT('Ctrl Pts',(17.7681514295378,13.236585810031,-32.7715212201801));
#2544=CARTESIAN_POINT('Ctrl Pts',(17.860836707813,13.5671234566721,-32.7476808134534));
#2545=CARTESIAN_POINT('Ctrl Pts',(17.7729816806783,13.946953883139,-32.7238404067267));
#2546=CARTESIAN_POINT('Ctrl Pts',(17.5437732205702,14.2053971022196,-32.7));
#2547=CARTESIAN_POINT('',(15.9894466357516,14.2064719055971,-32.7));
#2548=CARTESIAN_POINT('Origin',(16.7673757230966,13.5168246743539,-32.7));
#2549=CARTESIAN_POINT('Ctrl Pts',(15.9894416913914,14.2064753753347,-32.7));
#2550=CARTESIAN_POINT('Ctrl Pts',(16.2100181544217,14.4538906749988,-32.7229756850457));
#2551=CARTESIAN_POINT('Ctrl Pts',(16.5597226204958,14.5879242066358,-32.7459513700915));
#2552=CARTESIAN_POINT('Ctrl Pts',(16.8889070283425,14.5491349281091,-32.7689270551372));
#2553=CARTESIAN_POINT('Ctrl Pts',(17.2304807466246,14.5088857614414,-32.7927674618639));
#2554=CARTESIAN_POINT('Ctrl Pts',(17.5499607385326,14.2825601306301,-32.8166078685906));
#2555=CARTESIAN_POINT('Ctrl Pts',(17.7010625141048,13.9737141471369,-32.8404482753173));
#2556=CARTESIAN_POINT('Ctrl Pts',(17.8521642896771,13.6648681636437,-32.864288682044));
#2557=CARTESIAN_POINT('Ctrl Pts',(17.8348878489137,13.2735018274686,-32.8881290887707));
#2558=CARTESIAN_POINT('Ctrl Pts',(17.6570522557064,12.9791816496412,-32.9119694954974));
#2559=CARTESIAN_POINT('Ctrl Pts',(17.479216662499,12.6848614718138,-32.9358099022242));
#2560=CARTESIAN_POINT('Ctrl Pts',(17.1408219168478,12.4875874523342,-32.9596503089508));
#2561=CARTESIAN_POINT('Ctrl Pts',(16.7970862337104,12.4777643815386,-32.9834907156775));
#2562=CARTESIAN_POINT('Ctrl Pts',(16.453350550573,12.467941310743,-33.0073311224043));
#2563=CARTESIAN_POINT('Ctrl Pts',(16.1042739299496,12.6455691886315,-33.031171529131));
#2564=CARTESIAN_POINT('Ctrl Pts',(15.9098975809839,12.9292245359288,-33.0550119358577));
#2565=CARTESIAN_POINT('Ctrl Pts',(15.7929624711479,13.0998691095525,-33.0693541158294));
#2566=CARTESIAN_POINT('Ctrl Pts',(15.7320152501201,13.3088862994894,-33.0836962958012));
#2567=CARTESIAN_POINT('Ctrl Pts',(15.7310196096219,13.5173693542606,-33.098038475773));
#2568=CARTESIAN_POINT('Origin',(26.2673757230966,23.0168246743539,-32.7));
#2569=CARTESIAN_POINT('',(25.2297874068104,23.0177819821904,-34.3269615242271));
#2570=CARTESIAN_POINT('',(25.2312886244966,23.0166314086904,-34.4480384757729));
#2571=CARTESIAN_POINT('',(25.2296257230966,23.0168246743539,-32.7));
#2572=CARTESIAN_POINT('',(27.2324563627379,22.6353218283756,-34.7));
#2573=CARTESIAN_POINT('Ctrl Pts',(25.2312886244966,23.0166314086904,-34.4480384757729));
#2574=CARTESIAN_POINT('Ctrl Pts',(25.2314967001386,23.1979216913479,-34.4605044303352));
#2575=CARTESIAN_POINT('Ctrl Pts',(25.2767354393666,23.3793218959524,-34.4729703848975));
#2576=CARTESIAN_POINT('Ctrl Pts',(25.3664107301147,23.5352130707718,-34.4854363394597));
#2577=CARTESIAN_POINT('Ctrl Pts',(25.5379094624495,23.833345796528,-34.5092767461864));
#2578=CARTESIAN_POINT('Ctrl Pts',(25.871931853258,24.0381809844919,-34.5331171529131));
#2579=CARTESIAN_POINT('Ctrl Pts',(26.2153928701487,24.0551901243693,-34.5569575596398));
#2580=CARTESIAN_POINT('Ctrl Pts',(26.5588538870394,24.0721992642467,-34.5807979663665));
#2581=CARTESIAN_POINT('Ctrl Pts',(26.9117535300123,23.9013823560375,-34.6046383730932));
#2582=CARTESIAN_POINT('Ctrl Pts',(27.1119023268753,23.6224757711297,-34.6284787798199));
#2583=CARTESIAN_POINT('Ctrl Pts',(27.3120511237384,23.3435691862219,-34.6523191865466));
#2584=CARTESIAN_POINT('Ctrl Pts',(27.3594490744917,22.9565729246154,-34.6761595932733));
#2585=CARTESIAN_POINT('Ctrl Pts',(27.2324563627379,22.6353218283756,-34.7));
#2586=CARTESIAN_POINT('',(25.7722302508148,22.1026965485937,-34.7));
#2587=CARTESIAN_POINT('Origin',(26.2673757230966,23.0168246743539,-34.7));
#2588=CARTESIAN_POINT('Ctrl Pts',(25.7722267367569,22.1026915258727,-34.7));
#2589=CARTESIAN_POINT('Ctrl Pts',(26.0641172780731,21.9456465001366,-34.6770243149543));
#2590=CARTESIAN_POINT('Ctrl Pts',(26.4385840720966,21.9392873645262,-34.6540486299085));
#2591=CARTESIAN_POINT('Ctrl Pts',(26.7346539997062,22.0883232849899,-34.6310729448628));
#2592=CARTESIAN_POINT('Ctrl Pts',(27.0418669284918,22.2429683784297,-34.6072325381361));
#2593=CARTESIAN_POINT('Ctrl Pts',(27.2646707929391,22.5649256603029,-34.5833921314094));
#2594=CARTESIAN_POINT('Ctrl Pts',(27.3010278023742,22.9068306775169,-34.5595517246827));
#2595=CARTESIAN_POINT('Ctrl Pts',(27.3373848118094,23.248735694731,-34.535711317956));
#2596=CARTESIAN_POINT('Ctrl Pts',(27.1872949662326,23.610588447286,-34.5118709112293));
#2597=CARTESIAN_POINT('Ctrl Pts',(26.9195189147023,23.8263361724303,-34.4880305045026));
#2598=CARTESIAN_POINT('Ctrl Pts',(26.6517428631719,24.0420838975745,-34.4641900977759));
#2599=CARTESIAN_POINT('Ctrl Pts',(26.2662806056879,24.1117265953079,-34.4403496910492));
#2600=CARTESIAN_POINT('Ctrl Pts',(25.939912221246,24.0033925242231,-34.4165092843225));
#2601=CARTESIAN_POINT('Ctrl Pts',(25.613543836804,23.8950584531383,-34.3926688775958));
#2602=CARTESIAN_POINT('Ctrl Pts',(25.346269325404,23.6087476132353,-34.3688284708691));
#2603=CARTESIAN_POINT('Ctrl Pts',(25.260630489263,23.2757150414687,-34.3449880641424));
#2604=CARTESIAN_POINT('Ctrl Pts',(25.2390456799699,23.191775968101,-34.3389792175039));
#2605=CARTESIAN_POINT('Ctrl Pts',(25.2289995491465,23.1048688266996,-34.3329703708655));
#2606=CARTESIAN_POINT('Ctrl Pts',(25.2297874068104,23.0177819821904,-34.3269615242271));
#2607=CARTESIAN_POINT('Origin',(26.2673757230966,23.0168246743539,-32.7));
#2608=CARTESIAN_POINT('',(25.2312409865379,23.0165765712343,-33.8769615242271));
#2609=CARTESIAN_POINT('',(25.2290856490185,23.0159288515828,-33.9980384757729));
#2610=CARTESIAN_POINT('',(25.2296257230966,23.0168246743539,-32.7));
#2611=CARTESIAN_POINT('Ctrl Pts',(25.2290856490185,23.0159288515828,-33.9980384757729));
#2612=CARTESIAN_POINT('Ctrl Pts',(25.2316473283178,23.2969488788181,-34.017461989975));
#2613=CARTESIAN_POINT('Ctrl Pts',(25.349749856739,23.579864507488,-34.036885504177));
#2614=CARTESIAN_POINT('Ctrl Pts',(25.553364365343,23.7723035912077,-34.0563090183791));
#2615=CARTESIAN_POINT('Ctrl Pts',(25.803280660102,24.0085031778669,-34.0801494251058));
#2616=CARTESIAN_POINT('Ctrl Pts',(26.1820215152764,24.1083990430333,-34.1039898318325));
#2617=CARTESIAN_POINT('Ctrl Pts',(26.5159198224747,24.0261770713084,-34.1278302385592));
#2618=CARTESIAN_POINT('Ctrl Pts',(26.849818129673,23.9439550995834,-34.1516706452859));
#2619=CARTESIAN_POINT('Ctrl Pts',(27.1388738888952,23.679615290967,-34.1755110520126));
#2620=CARTESIAN_POINT('Ctrl Pts',(27.2505410544494,23.3543843031956,-34.1993514587393));
#2621=CARTESIAN_POINT('Ctrl Pts',(27.3622082200037,23.0291533154242,-34.223191865466));
#2622=CARTESIAN_POINT('Ctrl Pts',(27.2964867918901,22.6430311484977,-34.2470322721927));
#2623=CARTESIAN_POINT('Ctrl Pts',(27.0835172041639,22.3730374648187,-34.2708726789194));
#2624=CARTESIAN_POINT('Ctrl Pts',(26.8705476164378,22.1030437811398,-34.2947130856461));
#2625=CARTESIAN_POINT('Ctrl Pts',(26.5103298690993,21.9491785807083,-34.3185534923728));
#2626=CARTESIAN_POINT('Ctrl Pts',(26.1680292834795,21.9820637200995,-34.3423938990995));
#2627=CARTESIAN_POINT('Ctrl Pts',(25.8257286978597,22.0149488594907,-34.3662343058262));
#2628=CARTESIAN_POINT('Ctrl Pts',(25.5013452739587,22.2345843387046,-34.3900747125529));
#2629=CARTESIAN_POINT('Ctrl Pts',(25.3436410989388,22.5401172100859,-34.4139151192796));
#2630=CARTESIAN_POINT('Ctrl Pts',(25.268399152966,22.6858894307544,-34.425289571444));
#2631=CARTESIAN_POINT('Ctrl Pts',(25.231098767681,22.8512146620089,-34.4366640236085));
#2632=CARTESIAN_POINT('Ctrl Pts',(25.2312886244966,23.0166314086904,-34.4480384757729));
#2633=CARTESIAN_POINT('Ctrl Pts',(25.2297874068104,23.0177819821904,-34.3269615242271));
#2634=CARTESIAN_POINT('Ctrl Pts',(25.232125414771,22.7593473117442,-34.3091299641388));
#2635=CARTESIAN_POINT('Ctrl Pts',(25.3298714273195,22.4993301110081,-34.2912984040505));
#2636=CARTESIAN_POINT('Ctrl Pts',(25.5046095523252,22.3105996260066,-34.2734668439623));
#2637=CARTESIAN_POINT('Ctrl Pts',(25.7382306124105,22.0582710859412,-34.2496264372355));
#2638=CARTESIAN_POINT('Ctrl Pts',(26.1094758934632,21.9333683094405,-34.2257860305089));
#2639=CARTESIAN_POINT('Ctrl Pts',(26.4481108614673,21.9931572332997,-34.2019456237822));
#2640=CARTESIAN_POINT('Ctrl Pts',(26.7867458294715,22.0529461571589,-34.1781052170555));
#2641=CARTESIAN_POINT('Ctrl Pts',(27.0927704844272,22.2974267813779,-34.1542648103288));
#2642=CARTESIAN_POINT('Ctrl Pts',(27.2258616649571,22.6144981864944,-34.1304244036021));
#2643=CARTESIAN_POINT('Ctrl Pts',(27.358952845487,22.9315695916109,-34.1065839968754));
#2644=CARTESIAN_POINT('Ctrl Pts',(27.3191105515911,23.3212317776248,-34.0827435901487));
#2645=CARTESIAN_POINT('Ctrl Pts',(27.1246033046472,23.6048070408748,-34.058903183422));
#2646=CARTESIAN_POINT('Ctrl Pts',(26.9300960577034,23.8883823041249,-34.0350627766953));
#2647=CARTESIAN_POINT('Ctrl Pts',(26.5809238577115,24.0658706446111,-34.0112223699686));
#2648=CARTESIAN_POINT('Ctrl Pts',(26.2371968132548,24.0558872178163,-33.9873819632419));
#2649=CARTESIAN_POINT('Ctrl Pts',(25.8934697687981,24.0459037910215,-33.9635415565151));
#2650=CARTESIAN_POINT('Ctrl Pts',(25.5551878798766,23.8484485969456,-33.9397011497884));
#2651=CARTESIAN_POINT('Ctrl Pts',(25.3774670310936,23.5540625085069,-33.9158607430617));
#2652=CARTESIAN_POINT('Ctrl Pts',(25.2808075757475,23.3939507424153,-33.9028943367835));
#2653=CARTESIAN_POINT('Ctrl Pts',(25.2316435808969,23.2051659093081,-33.8899279305053));
#2654=CARTESIAN_POINT('Ctrl Pts',(25.2312409865379,23.0165765712343,-33.8769615242271));
#2655=CARTESIAN_POINT('Origin',(26.2673757230966,23.0168246743539,-32.7));
#2656=CARTESIAN_POINT('',(25.2288727371909,23.015980026806,-33.4269615242271));
#2657=CARTESIAN_POINT('',(25.2283485382673,23.0174479639463,-33.5480384757729));
#2658=CARTESIAN_POINT('',(25.2296257230966,23.0168246743539,-32.7));
#2659=CARTESIAN_POINT('Ctrl Pts',(25.2283485382673,23.0174479639463,-33.5480384757729));
#2660=CARTESIAN_POINT('Ctrl Pts',(25.2280884475658,23.0541386988745,-33.5505791428881));
#2661=CARTESIAN_POINT('Ctrl Pts',(25.2298631206566,23.0908039951291,-33.5531198100032));
#2662=CARTESIAN_POINT('Ctrl Pts',(25.2337557849177,23.127243032286,-33.5556604771184));
#2663=CARTESIAN_POINT('Ctrl Pts',(25.2702826871166,23.4691695528336,-33.5795008838451));
#2664=CARTESIAN_POINT('Ctrl Pts',(25.4932997543168,23.7911738484597,-33.6033412905718));
#2665=CARTESIAN_POINT('Ctrl Pts',(25.8005444684215,23.9456039107936,-33.6271816972985));
#2666=CARTESIAN_POINT('Ctrl Pts',(26.1077891825262,24.1000339731275,-33.6510221040252));
#2667=CARTESIAN_POINT('Ctrl Pts',(26.4992615435354,24.0868898021691,-33.6748625107519));
#2668=CARTESIAN_POINT('Ctrl Pts',(26.7954555253639,23.9121984023619,-33.6987029174786));
#2669=CARTESIAN_POINT('Ctrl Pts',(27.0916495071923,23.7375070025546,-33.7225433242053));
#2670=CARTESIAN_POINT('Ctrl Pts',(27.29256510984,23.4012683738986,-33.746383730932));
#2671=CARTESIAN_POINT('Ctrl Pts',(27.3060742740261,23.0576618923476,-33.7702241376587));
#2672=CARTESIAN_POINT('Ctrl Pts',(27.3195834382122,22.7140554107967,-33.7940645443854));
#2673=CARTESIAN_POINT('Ctrl Pts',(27.1456861639368,22.3630810763507,-33.8179049511121));
#2674=CARTESIAN_POINT('Ctrl Pts',(26.864121523877,22.1656745269121,-33.8417453578388));
#2675=CARTESIAN_POINT('Ctrl Pts',(26.5825568838171,21.9682679774734,-33.8655857645655));
#2676=CARTESIAN_POINT('Ctrl Pts',(26.1933248779729,21.924429213042,-33.8894261712922));
#2677=CARTESIAN_POINT('Ctrl Pts',(25.8749041633454,22.054260987432,-33.9132665780189));
#2678=CARTESIAN_POINT('Ctrl Pts',(25.556483448718,22.184092761822,-33.9371069847456));
#2679=CARTESIAN_POINT('Ctrl Pts',(25.3088740253074,22.4875950750335,-33.9609473914723));
#2680=CARTESIAN_POINT('Ctrl Pts',(25.2456151807739,22.8255978857151,-33.984787798199));
#2681=CARTESIAN_POINT('Ctrl Pts',(25.233895266733,22.8882193881469,-33.9892046907236));
#2682=CARTESIAN_POINT('Ctrl Pts',(25.228503125072,22.9520251086936,-33.9936215832483));
#2683=CARTESIAN_POINT('Ctrl Pts',(25.2290856490185,23.0159288515828,-33.9980384757729));
#2684=CARTESIAN_POINT('Ctrl Pts',(25.2312409865379,23.0165765712343,-33.8769615242271));
#2685=CARTESIAN_POINT('Ctrl Pts',(25.2309033593537,22.8584201396997,-33.8660875237786));
#2686=CARTESIAN_POINT('Ctrl Pts',(25.2648595323648,22.7004011994503,-33.8552135233301));
#2687=CARTESIAN_POINT('Ctrl Pts',(25.333856164538,22.5595466007163,-33.8443395228816));
#2688=CARTESIAN_POINT('Ctrl Pts',(25.4851259554099,22.250733764166,-33.8204991161549));
#2689=CARTESIAN_POINT('Ctrl Pts',(25.8048253457983,22.0244250738668,-33.7966587094282));
#2690=CARTESIAN_POINT('Ctrl Pts',(26.1463590672112,21.9843921721989,-33.7728183027015));
#2691=CARTESIAN_POINT('Ctrl Pts',(26.4878927886241,21.944359270531,-33.7489778959748));
#2692=CARTESIAN_POINT('Ctrl Pts',(26.8512608410616,22.0906021574944,-33.7251374892481));
#2693=CARTESIAN_POINT('Ctrl Pts',(27.0698441232978,22.3560626373695,-33.7012970825214));
#2694=CARTESIAN_POINT('Ctrl Pts',(27.2884274055341,22.6215231172446,-33.6774566757948));
#2695=CARTESIAN_POINT('Ctrl Pts',(27.3622259175691,23.0062011900315,-33.653616269068));
#2696=CARTESIAN_POINT('Ctrl Pts',(27.2574000601918,23.3337060125663,-33.6297758623413));
#2697=CARTESIAN_POINT('Ctrl Pts',(27.1525742028145,23.661210835101,-33.6059354556146));
#2698=CARTESIAN_POINT('Ctrl Pts',(26.8691239760249,23.9315424073835,-33.5820950488879));
#2699=CARTESIAN_POINT('Ctrl Pts',(26.5370228047633,24.0207430909468,-33.5582546421612));
#2700=CARTESIAN_POINT('Ctrl Pts',(26.2049216335016,24.10994377451,-33.5344142354345));
#2701=CARTESIAN_POINT('Ctrl Pts',(25.824169517768,24.0180135693539,-33.5105738287078));
#2702=CARTESIAN_POINT('Ctrl Pts',(25.569357049635,23.7871053513863,-33.4867334219811));
#2703=CARTESIAN_POINT('Ctrl Pts',(25.3564045195558,23.5941301426275,-33.4668094560631));
#2704=CARTESIAN_POINT('Ctrl Pts',(25.231412295839,23.3040882132814,-33.4468854901451));
#2705=CARTESIAN_POINT('Ctrl Pts',(25.2288727371909,23.015980026806,-33.4269615242271));
#2706=CARTESIAN_POINT('Origin',(26.2673757230966,23.0168246743539,-32.7));
#2707=CARTESIAN_POINT('',(25.2285290282303,23.0175237848357,-32.9769615242271));
#2708=CARTESIAN_POINT('',(25.2310108793534,23.017369557876,-33.0980384757729));
#2709=CARTESIAN_POINT('',(25.2296257230966,23.0168246743539,-32.7));
#2710=CARTESIAN_POINT('',(27.0437732205702,23.7053971022196,-32.7));
#2711=CARTESIAN_POINT('Ctrl Pts',(25.2285290282303,23.0175237848357,-32.9769615242271));
#2712=CARTESIAN_POINT('Ctrl Pts',(25.2308833587277,22.7170761962589,-32.9561622363315));
#2713=CARTESIAN_POINT('Ctrl Pts',(25.3684860499014,22.4147935936279,-32.9353629484359));
#2714=CARTESIAN_POINT('Ctrl Pts',(25.5980450179961,22.2215509950134,-32.9145636605403));
#2715=CARTESIAN_POINT('Ctrl Pts',(25.8611684092687,22.000053885544,-32.8907232538136));
#2716=CARTESIAN_POINT('Ctrl Pts',(26.2451042716746,21.9218139062967,-32.8668828470869));
#2717=CARTESIAN_POINT('Ctrl Pts',(26.5736696905734,22.0233013024492,-32.8430424403602));
#2718=CARTESIAN_POINT('Ctrl Pts',(26.9022351094722,22.1247886986016,-32.8192020336335));
#2719=CARTESIAN_POINT('Ctrl Pts',(27.1754300848639,22.4060034701539,-32.7953616269068));
#2720=CARTESIAN_POINT('Ctrl Pts',(27.2681167276654,22.7365447662882,-32.7715212201801));
#2721=CARTESIAN_POINT('Ctrl Pts',(27.3608033704669,23.0670860624226,-32.7476808134534));
#2722=CARTESIAN_POINT('Ctrl Pts',(27.2729816806783,23.4469538831391,-32.7238404067267));
#2723=CARTESIAN_POINT('Ctrl Pts',(27.0437732205702,23.7053971022196,-32.7));
#2724=CARTESIAN_POINT('',(25.4894408260406,23.7064744989701,-32.7));
#2725=CARTESIAN_POINT('Origin',(26.2673757230966,23.0168246743539,-32.7));
#2726=CARTESIAN_POINT('Ctrl Pts',(25.4894358061545,23.7064780168642,-32.7));
#2727=CARTESIAN_POINT('Ctrl Pts',(25.710010598076,23.9538843259548,-32.7229756850457));
#2728=CARTESIAN_POINT('Ctrl Pts',(26.0597194157326,24.0879354817238,-32.7459513700915));
#2729=CARTESIAN_POINT('Ctrl Pts',(26.3889075046786,24.0491494653888,-32.7689270551372));
#2730=CARTESIAN_POINT('Ctrl Pts',(26.7304850426033,24.0089036836899,-32.7927674618639));
#2731=CARTESIAN_POINT('Ctrl Pts',(27.0499681322518,23.7825659745004,-32.8166078685906));
#2732=CARTESIAN_POINT('Ctrl Pts',(27.2010709721853,23.4737150815484,-32.8404482753173));
#2733=CARTESIAN_POINT('Ctrl Pts',(27.3521738121188,23.1648641885965,-32.864288682044));
#2734=CARTESIAN_POINT('Ctrl Pts',(27.3348964023373,22.7735001118821,-32.8881290887707));
#2735=CARTESIAN_POINT('Ctrl Pts',(27.1570592572573,22.4791787345779,-32.9119694954974));
#2736=CARTESIAN_POINT('Ctrl Pts',(26.9792221121773,22.1848573572738,-32.9358099022241));
#2737=CARTESIAN_POINT('Ctrl Pts',(26.6408252317988,21.9875786793798,-32.9596503089508));
#2738=CARTESIAN_POINT('Ctrl Pts',(26.2970867752593,21.9777548298973,-32.9834907156775));
#2739=CARTESIAN_POINT('Ctrl Pts',(25.9533483187199,21.9679309804147,-33.0073311224042));
#2740=CARTESIAN_POINT('Ctrl Pts',(25.6042682860195,22.1455619593435,-33.0311715291309));
#2741=CARTESIAN_POINT('Ctrl Pts',(25.4098902190804,22.4292200605194,-33.0550119358576));
#2742=CARTESIAN_POINT('Ctrl Pts',(25.2929540757266,22.5998662908522,-33.0693541158294));
#2743=CARTESIAN_POINT('Ctrl Pts',(25.2320064342975,22.8088850118563,-33.0836962958012));
#2744=CARTESIAN_POINT('Ctrl Pts',(25.2310108793534,23.017369557876,-33.0980384757729));
#2745=CARTESIAN_POINT('Origin',(26.2673757230966,4.01682467435394,-32.7));
#2746=CARTESIAN_POINT('',(25.2297960986085,4.01778253564273,-34.3269615242271));
#2747=CARTESIAN_POINT('',(25.2313003638474,4.01662976933211,-34.4480384757729));
#2748=CARTESIAN_POINT('',(25.2296257230966,4.01682467435394,-32.7));
#2749=CARTESIAN_POINT('',(27.2324563627379,3.63532182837559,-34.7));
#2750=CARTESIAN_POINT('Ctrl Pts',(25.2313003638474,4.01662976933211,-34.4480384757729));
#2751=CARTESIAN_POINT('Ctrl Pts',(25.2315103640941,4.19791685791901,-34.4605044303352));
#2752=CARTESIAN_POINT('Ctrl Pts',(25.2767500019945,4.37931415159813,-34.4729703848975));
#2753=CARTESIAN_POINT('Ctrl Pts',(25.366422680683,4.53520477961305,-34.4854363394597));
#2754=CARTESIAN_POINT('Ctrl Pts',(25.5379164176071,4.83333645963775,-34.5092767461864));
#2755=CARTESIAN_POINT('Ctrl Pts',(25.8719209727418,5.03817924848143,-34.5331171529131));
#2756=CARTESIAN_POINT('Ctrl Pts',(26.2153925139055,5.05518332317124,-34.5569575596398));
#2757=CARTESIAN_POINT('Ctrl Pts',(26.5588640550692,5.07218739786104,-34.5807979663665));
#2758=CARTESIAN_POINT('Ctrl Pts',(26.9118025822619,4.90135275839698,-34.6046383730932));
#2759=CARTESIAN_POINT('Ctrl Pts',(27.1119488371175,4.62244914008557,-34.6284787798199));
#2760=CARTESIAN_POINT('Ctrl Pts',(27.3120950919732,4.34354552177415,-34.6523191865466));
#2761=CARTESIAN_POINT('Ctrl Pts',(27.3594490744917,3.95657292461538,-34.6761595932733));
#2762=CARTESIAN_POINT('Ctrl Pts',(27.2324563627379,3.6353218283756,-34.7));
#2763=CARTESIAN_POINT('',(25.7722348719719,3.10270090013311,-34.7));
#2764=CARTESIAN_POINT('Origin',(26.2673757230966,4.01682467435394,-34.7));
#2765=CARTESIAN_POINT('Ctrl Pts',(25.7722314152331,3.10269595206924,-34.7));
#2766=CARTESIAN_POINT('Ctrl Pts',(26.0641266154213,2.94564303165761,-34.6770243149543));
#2767=CARTESIAN_POINT('Ctrl Pts',(26.4385832365082,2.93929906779711,-34.6540486299085));
#2768=CARTESIAN_POINT('Ctrl Pts',(26.7346485697875,3.08833681632607,-34.6310729448628));
#2769=CARTESIAN_POINT('Ctrl Pts',(27.0418567313287,3.24298380663292,-34.6072325381361));
#2770=CARTESIAN_POINT('Ctrl Pts',(27.2646618349572,3.56492861837101,-34.5833921314094));
#2771=CARTESIAN_POINT('Ctrl Pts',(27.3010195289314,3.90682864359588,-34.5595517246827));
#2772=CARTESIAN_POINT('Ctrl Pts',(27.3373772229057,4.24872866882074,-34.535711317956));
#2773=CARTESIAN_POINT('Ctrl Pts',(27.1872875072258,4.61058390753238,-34.5118709112293));
#2774=CARTESIAN_POINT('Ctrl Pts',(26.9195133241523,4.82633104143103,-34.4880305045026));
#2775=CARTESIAN_POINT('Ctrl Pts',(26.6517391410788,5.04207817532967,-34.4641900977759));
#2776=CARTESIAN_POINT('Ctrl Pts',(26.2662804906117,5.11171720441532,-34.4403496910492));
#2777=CARTESIAN_POINT('Ctrl Pts',(25.9399149831512,5.00338334689448,-34.4165092843225));
#2778=CARTESIAN_POINT('Ctrl Pts',(25.6135494756907,4.89504948937364,-34.3926688775958));
#2779=CARTESIAN_POINT('Ctrl Pts',(25.3462771112369,4.6087427452463,-34.3688284708691));
#2780=CARTESIAN_POINT('Ctrl Pts',(25.2606389479715,4.2757133548329,-34.3449880641424));
#2781=CARTESIAN_POINT('Ctrl Pts',(25.2390543082731,4.19177508330823,-34.3389792175039));
#2782=CARTESIAN_POINT('Ctrl Pts',(25.2290082534019,4.10486868565978,-34.3329703708655));
#2783=CARTESIAN_POINT('Ctrl Pts',(25.2297960986085,4.01778253564273,-34.3269615242271));
#2784=CARTESIAN_POINT('Origin',(26.2673757230966,4.01682467435394,-32.7));
#2785=CARTESIAN_POINT('',(25.2312496792299,4.01657657854538,-33.8769615242271));
#2786=CARTESIAN_POINT('',(25.2290943419071,4.01592887951351,-33.9980384757729));
#2787=CARTESIAN_POINT('',(25.2296257230966,4.01682467435394,-32.7));
#2788=CARTESIAN_POINT('Ctrl Pts',(25.2290943419071,4.01592887951351,-33.9980384757729));
#2789=CARTESIAN_POINT('Ctrl Pts',(25.2316560464311,4.29694647035999,-34.017461989975));
#2790=CARTESIAN_POINT('Ctrl Pts',(25.349757660349,4.57985959161739,-34.036885504177));
#2791=CARTESIAN_POINT('Ctrl Pts',(25.5533704115532,4.7722971407758,-34.0563090183791));
#2792=CARTESIAN_POINT('Ctrl Pts',(25.803284549281,5.00849484391554,-34.0801494251058));
#2793=CARTESIAN_POINT('Ctrl Pts',(26.1820219775933,5.10839029117156,-34.1039898318325));
#2794=CARTESIAN_POINT('Ctrl Pts',(26.5159176127694,5.02616883803303,-34.1278302385592));
#2795=CARTESIAN_POINT('Ctrl Pts',(26.8498132479455,4.94394738489451,-34.1516706452859));
#2796=CARTESIAN_POINT('Ctrl Pts',(27.1388670899855,4.67960903136145,-34.1755110520126));
#2797=CARTESIAN_POINT('Ctrl Pts',(27.250533070514,4.35438106534337,-34.1993514587393));
#2798=CARTESIAN_POINT('Ctrl Pts',(27.3621990510424,4.02915309932529,-34.223191865466));
#2799=CARTESIAN_POINT('Ctrl Pts',(27.2964771700592,3.64303552082219,-34.2470322721927));
#2800=CARTESIAN_POINT('Ctrl Pts',(27.0835098619443,3.3730435982466,-34.2708726789194));
#2801=CARTESIAN_POINT('Ctrl Pts',(26.8705425538294,3.10305167567101,-34.2947130856461));
#2802=CARTESIAN_POINT('Ctrl Pts',(26.5103298185828,2.94918540902292,-34.3185534923728));
#2803=CARTESIAN_POINT('Ctrl Pts',(26.1680311214589,2.98207107816588,-34.3423938990995));
#2804=CARTESIAN_POINT('Ctrl Pts',(25.8257324243349,3.01495674730885,-34.3662343058262));
#2805=CARTESIAN_POINT('Ctrl Pts',(25.5013477653335,3.23459435224286,-34.3900747125529));
#2806=CARTESIAN_POINT('Ctrl Pts',(25.3436468951896,3.54012344031273,-34.4139151192796));
#2807=CARTESIAN_POINT('Ctrl Pts',(25.2684065260001,3.6858938559326,-34.425289571444));
#2808=CARTESIAN_POINT('Ctrl Pts',(25.231108750943,3.8512159370527,-34.4366640236085));
#2809=CARTESIAN_POINT('Ctrl Pts',(25.2313003638474,4.01662976933211,-34.4480384757729));
#2810=CARTESIAN_POINT('Ctrl Pts',(25.2297960986085,4.01778253564273,-34.3269615242271));
#2811=CARTESIAN_POINT('Ctrl Pts',(25.2321340696017,3.75934992613777,-34.3091299641388));
#2812=CARTESIAN_POINT('Ctrl Pts',(25.3298792666179,3.49933435253536,-34.2912984040505));
#2813=CARTESIAN_POINT('Ctrl Pts',(25.5046159342863,3.31060529160025,-34.2734668439623));
#2814=CARTESIAN_POINT('Ctrl Pts',(25.7382350459434,3.05827865548045,-34.2496264372356));
#2815=CARTESIAN_POINT('Ctrl Pts',(26.1094772313345,2.93337741994028,-34.2257860305089));
#2816=CARTESIAN_POINT('Ctrl Pts',(26.4481093583803,2.99316595753222,-34.2019456237822));
#2817=CARTESIAN_POINT('Ctrl Pts',(26.7867414854262,3.05295449512417,-34.1781052170555));
#2818=CARTESIAN_POINT('Ctrl Pts',(27.0927635541267,3.29743280584823,-34.1542648103288));
#2819=CARTESIAN_POINT('Ctrl Pts',(27.2258536157422,3.61450148936284,-34.1304244036021));
#2820=CARTESIAN_POINT('Ctrl Pts',(27.3589436773577,3.93157017287744,-34.1065839968754));
#2821=CARTESIAN_POINT('Ctrl Pts',(27.3191017318881,4.32122922918259,-34.0827435901487));
#2822=CARTESIAN_POINT('Ctrl Pts',(27.1245961190553,4.60480214634186,-34.0589031834219));
#2823=CARTESIAN_POINT('Ctrl Pts',(26.9300905062224,4.88837506350114,-34.0350627766952));
#2824=CARTESIAN_POINT('Ctrl Pts',(26.5809212260262,5.06586184151454,-34.0112223699686));
#2825=CARTESIAN_POINT('Ctrl Pts',(26.2371970631974,5.05587848142731,-33.9873819632419));
#2826=CARTESIAN_POINT('Ctrl Pts',(25.8934729003685,5.04589512134007,-33.9635415565152));
#2827=CARTESIAN_POINT('Ctrl Pts',(25.5551938549071,4.84844162315221,-33.9397011497884));
#2828=CARTESIAN_POINT('Ctrl Pts',(25.3774744981258,4.55405801268666,-33.9158607430617));
#2829=CARTESIAN_POINT('Ctrl Pts',(25.2808158542549,4.39394759432403,-33.9028943367835));
#2830=CARTESIAN_POINT('Ctrl Pts',(25.2316522711054,4.20516434029385,-33.8899279305053));
#2831=CARTESIAN_POINT('Ctrl Pts',(25.2312496792299,4.01657657854538,-33.8769615242271));
#2832=CARTESIAN_POINT('Origin',(26.2673757230966,4.01682467435394,-32.7));
#2833=CARTESIAN_POINT('',(25.2288814371177,4.01597994656541,-33.4269615242271));
#2834=CARTESIAN_POINT('',(25.228357241352,4.01744796310594,-33.5480384757729));
#2835=CARTESIAN_POINT('',(25.2296257230966,4.01682467435394,-32.7));
#2836=CARTESIAN_POINT('Ctrl Pts',(25.228357241352,4.01744796310594,-33.5480384757729));
#2837=CARTESIAN_POINT('Ctrl Pts',(25.2280971524623,4.05413839127084,-33.5505791428881));
#2838=CARTESIAN_POINT('Ctrl Pts',(25.2298718103907,4.09080338083728,-33.5531198100032));
#2839=CARTESIAN_POINT('Ctrl Pts',(25.2337644418465,4.12724211301008,-33.5556604771183));
#2840=CARTESIAN_POINT('Ctrl Pts',(25.2702910362161,4.46916577173264,-33.579500883845));
#2841=CARTESIAN_POINT('Ctrl Pts',(25.4933062421287,4.79116735558285,-33.6033412905718));
#2842=CARTESIAN_POINT('Ctrl Pts',(25.8005483822174,4.94559612414201,-33.6271816972985));
#2843=CARTESIAN_POINT('Ctrl Pts',(26.1077905223062,5.10002489270117,-33.6510221040252));
#2844=CARTESIAN_POINT('Ctrl Pts',(26.499259596571,5.08688084596927,-33.6748625107519));
#2845=CARTESIAN_POINT('Ctrl Pts',(26.7954510980837,4.91219090658483,-33.6987029174786));
#2846=CARTESIAN_POINT('Ctrl Pts',(27.0916425995963,4.73750096720038,-33.7225433242053));
#2847=CARTESIAN_POINT('Ctrl Pts',(27.2925565283568,4.40126513516339,-33.746383730932));
#2848=CARTESIAN_POINT('Ctrl Pts',(27.3060655757051,4.05766154015292,-33.7702241376587));
#2849=CARTESIAN_POINT('Ctrl Pts',(27.3195746230535,3.71405794514246,-33.7940645443854));
#2850=CARTESIAN_POINT('Ctrl Pts',(27.1456787889897,3.36308658715853,-33.8179049511121));
#2851=CARTESIAN_POINT('Ctrl Pts',(26.8641165158176,3.16568167658675,-33.8417453578388));
#2852=CARTESIAN_POINT('Ctrl Pts',(26.5825542426454,2.96827676601497,-33.8655857645655));
#2853=CARTESIAN_POINT('Ctrl Pts',(26.1933255303648,2.92443830285535,-33.8894261712922));
#2854=CARTESIAN_POINT('Ctrl Pts',(25.8749074678002,3.05426901792443,-33.9132665780189));
#2855=CARTESIAN_POINT('Ctrl Pts',(25.5564894052356,3.18409973299352,-33.9371069847456));
#2856=CARTESIAN_POINT('Ctrl Pts',(25.3088819923871,3.4875996262913,-33.9609473914723));
#2857=CARTESIAN_POINT('Ctrl Pts',(25.2456237095345,3.82559955245194,-33.984787798199));
#2858=CARTESIAN_POINT('Ctrl Pts',(25.2339038995557,3.88822052047092,-33.9892046907236));
#2859=CARTESIAN_POINT('Ctrl Pts',(25.2285118122246,3.95202569065725,-33.9936215832483));
#2860=CARTESIAN_POINT('Ctrl Pts',(25.2290943419071,4.01592887951351,-33.9980384757729));
#2861=CARTESIAN_POINT('Ctrl Pts',(25.2312496792299,4.01657657854538,-33.8769615242271));
#2862=CARTESIAN_POINT('Ctrl Pts',(25.2309120541285,3.85842146896245,-33.8660875237786));
#2863=CARTESIAN_POINT('Ctrl Pts',(25.2648679414204,3.70040384872931,-33.8552135233301));
#2864=CARTESIAN_POINT('Ctrl Pts',(25.3338639945025,3.55955043000284,-33.8443395228817));
#2865=CARTESIAN_POINT('Ctrl Pts',(25.4851325157618,3.25074018052778,-33.820499116155));
#2866=CARTESIAN_POINT('Ctrl Pts',(25.8048292263818,3.02443340432089,-33.7966587094282));
#2867=CARTESIAN_POINT('Ctrl Pts',(26.1463600830261,2.98440083844707,-33.7728183027015));
#2868=CARTESIAN_POINT('Ctrl Pts',(26.4878909396704,2.94436827257325,-33.7489778959748));
#2869=CARTESIAN_POINT('Ctrl Pts',(26.8512559423389,3.0906099170325,-33.7251374892481));
#2870=CARTESIAN_POINT('Ctrl Pts',(27.0698373911085,3.35606817356001,-33.7012970825214));
#2871=CARTESIAN_POINT('Ctrl Pts',(27.2884188398781,3.62152643008751,-33.6774566757947));
#2872=CARTESIAN_POINT('Ctrl Pts',(27.3622167347488,4.00620129868327,-33.653616269068));
#2873=CARTESIAN_POINT('Ctrl Pts',(27.2573917558921,4.3337033653839,-33.6297758623413));
#2874=CARTESIAN_POINT('Ctrl Pts',(27.1525667770353,4.66120543208454,-33.6059354556146));
#2875=CARTESIAN_POINT('Ctrl Pts',(26.869118924451,4.93153469689006,-33.5820950488879));
#2876=CARTESIAN_POINT('Ctrl Pts',(26.5370205412806,5.02073464916916,-33.5582546421612));
#2877=CARTESIAN_POINT('Ctrl Pts',(26.2049221581102,5.10993460144825,-33.5344142354345));
#2878=CARTESIAN_POINT('Ctrl Pts',(25.8241732443536,5.01800524120093,-33.5105738287078));
#2879=CARTESIAN_POINT('Ctrl Pts',(25.5693629085771,4.78709892783727,-33.4867334219811));
#2880=CARTESIAN_POINT('Ctrl Pts',(25.3564121605564,4.59412531079907,-33.4668094560631));
#2881=CARTESIAN_POINT('Ctrl Pts',(25.2314209718405,4.30408571329872,-33.4468854901451));
#2882=CARTESIAN_POINT('Ctrl Pts',(25.2288814371177,4.01597994656541,-33.4269615242271));
#2883=CARTESIAN_POINT('Origin',(26.2673757230966,4.01682467435394,-32.7));
#2884=CARTESIAN_POINT('',(25.2285373907232,4.01752199871475,-32.9769615242271));
#2885=CARTESIAN_POINT('',(25.2310196096219,4.01736935426054,-33.0980384757729));
#2886=CARTESIAN_POINT('',(25.2296257230966,4.01682467435394,-32.7));
#2887=CARTESIAN_POINT('',(27.0437732205702,4.70539710221959,-32.7));
#2888=CARTESIAN_POINT('Ctrl Pts',(25.2285373907232,4.01752199871475,-32.9769615242271));
#2889=CARTESIAN_POINT('Ctrl Pts',(25.230893652091,3.71707981981856,-32.9561622363315));
#2890=CARTESIAN_POINT('Ctrl Pts',(25.3684988908845,3.41480615072619,-32.9353629484359));
#2891=CARTESIAN_POINT('Ctrl Pts',(25.5980534298903,3.22156290388041,-32.9145636605403));
#2892=CARTESIAN_POINT('Ctrl Pts',(25.861171744485,3.00006505140014,-32.8907232538136));
#2893=CARTESIAN_POINT('Ctrl Pts',(26.2450933641889,2.92181174057978,-32.8668828470869));
#2894=CARTESIAN_POINT('Ctrl Pts',(26.5736669658834,3.02330751857724,-32.8430424403602));
#2895=CARTESIAN_POINT('Ctrl Pts',(26.9022405675778,3.1248032965747,-32.8192020336335));
#2896=CARTESIAN_POINT('Ctrl Pts',(27.1754661512627,3.40604816338997,-32.7953616269068));
#2897=CARTESIAN_POINT('Ctrl Pts',(27.2681514295379,3.73658581003107,-32.7715212201801));
#2898=CARTESIAN_POINT('Ctrl Pts',(27.360836707813,4.06712345667216,-32.7476808134534));
#2899=CARTESIAN_POINT('Ctrl Pts',(27.2729816806783,4.44695388313908,-32.7238404067267));
#2900=CARTESIAN_POINT('Ctrl Pts',(27.0437732205702,4.70539710221962,-32.7));
#2901=CARTESIAN_POINT('',(25.4894466357515,4.70647190559697,-32.7));
#2902=CARTESIAN_POINT('Origin',(26.2673757230966,4.01682467435394,-32.7));
#2903=CARTESIAN_POINT('Ctrl Pts',(25.4894416913913,4.70647537533464,-32.7));
#2904=CARTESIAN_POINT('Ctrl Pts',(25.7100181544216,4.95389067499874,-32.7229756850457));
#2905=CARTESIAN_POINT('Ctrl Pts',(26.0597226204957,5.08792420663578,-32.7459513700915));
#2906=CARTESIAN_POINT('Ctrl Pts',(26.3889070283424,5.04913492810913,-32.7689270551372));
#2907=CARTESIAN_POINT('Ctrl Pts',(26.7304807466246,5.00888576144144,-32.7927674618639));
#2908=CARTESIAN_POINT('Ctrl Pts',(27.0499607385325,4.78256013063012,-32.8166078685906));
#2909=CARTESIAN_POINT('Ctrl Pts',(27.2010625141048,4.47371414713692,-32.8404482753173));
#2910=CARTESIAN_POINT('Ctrl Pts',(27.3521642896771,4.16486816364372,-32.864288682044));
#2911=CARTESIAN_POINT('Ctrl Pts',(27.3348878489137,3.77350182746863,-32.8881290887708));
#2912=CARTESIAN_POINT('Ctrl Pts',(27.1570522557064,3.47918164964124,-32.9119694954974));
#2913=CARTESIAN_POINT('Ctrl Pts',(26.9792166624991,3.18486147181385,-32.9358099022242));
#2914=CARTESIAN_POINT('Ctrl Pts',(26.6408219168478,2.98758745233417,-32.9596503089508));
#2915=CARTESIAN_POINT('Ctrl Pts',(26.2970862337104,2.97776438153856,-32.9834907156775));
#2916=CARTESIAN_POINT('Ctrl Pts',(25.9533505505731,2.96794131074295,-33.0073311224042));
#2917=CARTESIAN_POINT('Ctrl Pts',(25.6042739299496,3.14556918863143,-33.0311715291309));
#2918=CARTESIAN_POINT('Ctrl Pts',(25.4098975809839,3.42922453592878,-33.0550119358576));
#2919=CARTESIAN_POINT('Ctrl Pts',(25.2929624711479,3.59986910955245,-33.0693541158294));
#2920=CARTESIAN_POINT('Ctrl Pts',(25.2320152501201,3.80888629948941,-33.0836962958012));
#2921=CARTESIAN_POINT('Ctrl Pts',(25.2310196096219,4.01736935426054,-33.0980384757729));
#2922=CARTESIAN_POINT('Origin',(35.7673757230966,13.5168246743539,-32.7));
#2923=CARTESIAN_POINT('',(34.7297874068104,13.5177819821903,-34.3269615242271));
#2924=CARTESIAN_POINT('',(34.7312886244966,13.5166314086903,-34.4480384757729));
#2925=CARTESIAN_POINT('',(34.7296257230966,13.5168246743539,-32.7));
#2926=CARTESIAN_POINT('',(36.7324563627379,13.1353218283756,-34.7));
#2927=CARTESIAN_POINT('Ctrl Pts',(34.7312886244966,13.5166314086903,-34.4480384757729));
#2928=CARTESIAN_POINT('Ctrl Pts',(34.7314967001385,13.6979216913478,-34.4605044303352));
#2929=CARTESIAN_POINT('Ctrl Pts',(34.7767354393666,13.8793218959524,-34.4729703848974));
#2930=CARTESIAN_POINT('Ctrl Pts',(34.8664107301147,14.0352130707718,-34.4854363394597));
#2931=CARTESIAN_POINT('Ctrl Pts',(35.0379094624495,14.333345796528,-34.5092767461864));
#2932=CARTESIAN_POINT('Ctrl Pts',(35.371931853258,14.5381809844919,-34.5331171529131));
#2933=CARTESIAN_POINT('Ctrl Pts',(35.7153928701487,14.5551901243693,-34.5569575596398));
#2934=CARTESIAN_POINT('Ctrl Pts',(36.0588538870394,14.5721992642467,-34.5807979663665));
#2935=CARTESIAN_POINT('Ctrl Pts',(36.4117535300122,14.4013823560376,-34.6046383730932));
#2936=CARTESIAN_POINT('Ctrl Pts',(36.6119023268753,14.1224757711297,-34.6284787798199));
#2937=CARTESIAN_POINT('Ctrl Pts',(36.8120511237384,13.8435691862219,-34.6523191865466));
#2938=CARTESIAN_POINT('Ctrl Pts',(36.8594490744917,13.4565729246154,-34.6761595932733));
#2939=CARTESIAN_POINT('Ctrl Pts',(36.7324563627379,13.1353218283756,-34.7));
#2940=CARTESIAN_POINT('',(35.2722302508147,12.6026965485937,-34.7));
#2941=CARTESIAN_POINT('Origin',(35.7673757230966,13.5168246743539,-34.7));
#2942=CARTESIAN_POINT('Ctrl Pts',(35.2722267367568,12.6026915258727,-34.7));
#2943=CARTESIAN_POINT('Ctrl Pts',(35.564117278073,12.4456465001366,-34.6770243149543));
#2944=CARTESIAN_POINT('Ctrl Pts',(35.9385840720966,12.4392873645261,-34.6540486299085));
#2945=CARTESIAN_POINT('Ctrl Pts',(36.2346539997062,12.5883232849899,-34.6310729448628));
#2946=CARTESIAN_POINT('Ctrl Pts',(36.5418669284918,12.7429683784297,-34.6072325381361));
#2947=CARTESIAN_POINT('Ctrl Pts',(36.764670792939,13.0649256603029,-34.5833921314094));
#2948=CARTESIAN_POINT('Ctrl Pts',(36.8010278023743,13.4068306775169,-34.5595517246827));
#2949=CARTESIAN_POINT('Ctrl Pts',(36.8373848118094,13.748735694731,-34.535711317956));
#2950=CARTESIAN_POINT('Ctrl Pts',(36.6872949662326,14.110588447286,-34.5118709112293));
#2951=CARTESIAN_POINT('Ctrl Pts',(36.4195189147023,14.3263361724303,-34.4880305045026));
#2952=CARTESIAN_POINT('Ctrl Pts',(36.1517428631719,14.5420838975745,-34.4641900977759));
#2953=CARTESIAN_POINT('Ctrl Pts',(35.7662806056879,14.6117265953079,-34.4403496910492));
#2954=CARTESIAN_POINT('Ctrl Pts',(35.439912221246,14.5033925242231,-34.4165092843225));
#2955=CARTESIAN_POINT('Ctrl Pts',(35.113543836804,14.3950584531383,-34.3926688775958));
#2956=CARTESIAN_POINT('Ctrl Pts',(34.846269325404,14.1087476132352,-34.3688284708691));
#2957=CARTESIAN_POINT('Ctrl Pts',(34.760630489263,13.7757150414687,-34.3449880641424));
#2958=CARTESIAN_POINT('Ctrl Pts',(34.7390456799699,13.691775968101,-34.3389792175039));
#2959=CARTESIAN_POINT('Ctrl Pts',(34.7289995491465,13.6048688266996,-34.3329703708655));
#2960=CARTESIAN_POINT('Ctrl Pts',(34.7297874068104,13.5177819821903,-34.3269615242271));
#2961=CARTESIAN_POINT('Origin',(35.7673757230966,13.5168246743539,-32.7));
#2962=CARTESIAN_POINT('',(34.7312409865379,13.5165765712343,-33.8769615242271));
#2963=CARTESIAN_POINT('',(34.7290856490185,13.5159288515828,-33.9980384757729));
#2964=CARTESIAN_POINT('',(34.7296257230966,13.5168246743539,-32.7));
#2965=CARTESIAN_POINT('Ctrl Pts',(34.7290856490185,13.5159288515828,-33.9980384757729));
#2966=CARTESIAN_POINT('Ctrl Pts',(34.7316473283178,13.7969488788181,-34.017461989975));
#2967=CARTESIAN_POINT('Ctrl Pts',(34.8497498567391,14.079864507488,-34.036885504177));
#2968=CARTESIAN_POINT('Ctrl Pts',(35.053364365343,14.2723035912077,-34.0563090183791));
#2969=CARTESIAN_POINT('Ctrl Pts',(35.303280660102,14.5085031778669,-34.0801494251058));
#2970=CARTESIAN_POINT('Ctrl Pts',(35.6820215152764,14.6083990430333,-34.1039898318325));
#2971=CARTESIAN_POINT('Ctrl Pts',(36.0159198224747,14.5261770713084,-34.1278302385592));
#2972=CARTESIAN_POINT('Ctrl Pts',(36.349818129673,14.4439550995834,-34.1516706452859));
#2973=CARTESIAN_POINT('Ctrl Pts',(36.6388738888952,14.179615290967,-34.1755110520126));
#2974=CARTESIAN_POINT('Ctrl Pts',(36.7505410544494,13.8543843031956,-34.1993514587393));
#2975=CARTESIAN_POINT('Ctrl Pts',(36.8622082200037,13.5291533154242,-34.223191865466));
#2976=CARTESIAN_POINT('Ctrl Pts',(36.79648679189,13.1430311484977,-34.2470322721927));
#2977=CARTESIAN_POINT('Ctrl Pts',(36.5835172041639,12.8730374648187,-34.2708726789194));
#2978=CARTESIAN_POINT('Ctrl Pts',(36.3705476164378,12.6030437811398,-34.2947130856461));
#2979=CARTESIAN_POINT('Ctrl Pts',(36.0103298690993,12.4491785807083,-34.3185534923728));
#2980=CARTESIAN_POINT('Ctrl Pts',(35.6680292834795,12.4820637200995,-34.3423938990995));
#2981=CARTESIAN_POINT('Ctrl Pts',(35.3257286978597,12.5149488594907,-34.3662343058262));
#2982=CARTESIAN_POINT('Ctrl Pts',(35.0013452739587,12.7345843387046,-34.3900747125529));
#2983=CARTESIAN_POINT('Ctrl Pts',(34.8436410989388,13.0401172100859,-34.4139151192796));
#2984=CARTESIAN_POINT('Ctrl Pts',(34.7683991529661,13.1858894307544,-34.4252895714441));
#2985=CARTESIAN_POINT('Ctrl Pts',(34.731098767681,13.3512146620088,-34.4366640236085));
#2986=CARTESIAN_POINT('Ctrl Pts',(34.7312886244966,13.5166314086903,-34.4480384757729));
#2987=CARTESIAN_POINT('Ctrl Pts',(34.7297874068104,13.5177819821903,-34.3269615242271));
#2988=CARTESIAN_POINT('Ctrl Pts',(34.732125414771,13.2593473117441,-34.3091299641388));
#2989=CARTESIAN_POINT('Ctrl Pts',(34.8298714273195,12.999330111008,-34.2912984040505));
#2990=CARTESIAN_POINT('Ctrl Pts',(35.0046095523252,12.8105996260066,-34.2734668439622));
#2991=CARTESIAN_POINT('Ctrl Pts',(35.2382306124105,12.5582710859412,-34.2496264372355));
#2992=CARTESIAN_POINT('Ctrl Pts',(35.6094758934632,12.4333683094405,-34.2257860305089));
#2993=CARTESIAN_POINT('Ctrl Pts',(35.9481108614673,12.4931572332997,-34.2019456237822));
#2994=CARTESIAN_POINT('Ctrl Pts',(36.2867458294715,12.5529461571589,-34.1781052170555));
#2995=CARTESIAN_POINT('Ctrl Pts',(36.5927704844272,12.797426781378,-34.1542648103288));
#2996=CARTESIAN_POINT('Ctrl Pts',(36.7258616649571,13.1144981864944,-34.1304244036021));
#2997=CARTESIAN_POINT('Ctrl Pts',(36.858952845487,13.4315695916109,-34.1065839968754));
#2998=CARTESIAN_POINT('Ctrl Pts',(36.8191105515911,13.8212317776248,-34.0827435901487));
#2999=CARTESIAN_POINT('Ctrl Pts',(36.6246033046473,14.1048070408748,-34.058903183422));
#3000=CARTESIAN_POINT('Ctrl Pts',(36.4300960577034,14.3883823041248,-34.0350627766953));
#3001=CARTESIAN_POINT('Ctrl Pts',(36.0809238577115,14.5658706446111,-34.0112223699686));
#3002=CARTESIAN_POINT('Ctrl Pts',(35.7371968132548,14.5558872178163,-33.9873819632418));
#3003=CARTESIAN_POINT('Ctrl Pts',(35.3934697687981,14.5459037910214,-33.9635415565151));
#3004=CARTESIAN_POINT('Ctrl Pts',(35.0551878798766,14.3484485969456,-33.9397011497884));
#3005=CARTESIAN_POINT('Ctrl Pts',(34.8774670310936,14.0540625085069,-33.9158607430617));
#3006=CARTESIAN_POINT('Ctrl Pts',(34.7808075757475,13.8939507424153,-33.9028943367835));
#3007=CARTESIAN_POINT('Ctrl Pts',(34.7316435808969,13.7051659093081,-33.8899279305053));
#3008=CARTESIAN_POINT('Ctrl Pts',(34.7312409865379,13.5165765712343,-33.8769615242271));
#3009=CARTESIAN_POINT('Origin',(35.7673757230966,13.5168246743539,-32.7));
#3010=CARTESIAN_POINT('',(34.7288727371909,13.515980026806,-33.4269615242271));
#3011=CARTESIAN_POINT('',(34.7283485382673,13.5174479639463,-33.548038475773));
#3012=CARTESIAN_POINT('',(34.7296257230966,13.5168246743539,-32.7));
#3013=CARTESIAN_POINT('Ctrl Pts',(34.7283485382673,13.5174479639463,-33.548038475773));
#3014=CARTESIAN_POINT('Ctrl Pts',(34.7280884475658,13.5541386988745,-33.5505791428881));
#3015=CARTESIAN_POINT('Ctrl Pts',(34.7298631206567,13.5908039951291,-33.5531198100032));
#3016=CARTESIAN_POINT('Ctrl Pts',(34.7337557849177,13.627243032286,-33.5556604771184));
#3017=CARTESIAN_POINT('Ctrl Pts',(34.7702826871166,13.9691695528336,-33.5795008838451));
#3018=CARTESIAN_POINT('Ctrl Pts',(34.9932997543168,14.2911738484598,-33.6033412905718));
#3019=CARTESIAN_POINT('Ctrl Pts',(35.3005444684215,14.4456039107936,-33.6271816972985));
#3020=CARTESIAN_POINT('Ctrl Pts',(35.6077891825262,14.6000339731275,-33.6510221040252));
#3021=CARTESIAN_POINT('Ctrl Pts',(35.9992615435355,14.5868898021691,-33.6748625107519));
#3022=CARTESIAN_POINT('Ctrl Pts',(36.2954555253639,14.4121984023619,-33.6987029174786));
#3023=CARTESIAN_POINT('Ctrl Pts',(36.5916495071923,14.2375070025546,-33.7225433242053));
#3024=CARTESIAN_POINT('Ctrl Pts',(36.79256510984,13.9012683738986,-33.746383730932));
#3025=CARTESIAN_POINT('Ctrl Pts',(36.8060742740261,13.5576618923476,-33.7702241376587));
#3026=CARTESIAN_POINT('Ctrl Pts',(36.8195834382122,13.2140554107966,-33.7940645443854));
#3027=CARTESIAN_POINT('Ctrl Pts',(36.6456861639368,12.8630810763507,-33.8179049511121));
#3028=CARTESIAN_POINT('Ctrl Pts',(36.364121523877,12.6656745269121,-33.8417453578388));
#3029=CARTESIAN_POINT('Ctrl Pts',(36.0825568838171,12.4682679774734,-33.8655857645655));
#3030=CARTESIAN_POINT('Ctrl Pts',(35.6933248779728,12.424429213042,-33.8894261712922));
#3031=CARTESIAN_POINT('Ctrl Pts',(35.3749041633454,12.554260987432,-33.9132665780189));
#3032=CARTESIAN_POINT('Ctrl Pts',(35.056483448718,12.684092761822,-33.9371069847456));
#3033=CARTESIAN_POINT('Ctrl Pts',(34.8088740253074,12.9875950750335,-33.9609473914723));
#3034=CARTESIAN_POINT('Ctrl Pts',(34.7456151807739,13.3255978857151,-33.984787798199));
#3035=CARTESIAN_POINT('Ctrl Pts',(34.733895266733,13.3882193881469,-33.9892046907236));
#3036=CARTESIAN_POINT('Ctrl Pts',(34.728503125072,13.4520251086936,-33.9936215832483));
#3037=CARTESIAN_POINT('Ctrl Pts',(34.7290856490185,13.5159288515828,-33.9980384757729));
#3038=CARTESIAN_POINT('Ctrl Pts',(34.7312409865379,13.5165765712343,-33.8769615242271));
#3039=CARTESIAN_POINT('Ctrl Pts',(34.7309033593537,13.3584201396997,-33.8660875237786));
#3040=CARTESIAN_POINT('Ctrl Pts',(34.7648595323648,13.2004011994503,-33.8552135233301));
#3041=CARTESIAN_POINT('Ctrl Pts',(34.833856164538,13.0595466007163,-33.8443395228816));
#3042=CARTESIAN_POINT('Ctrl Pts',(34.9851259554099,12.750733764166,-33.8204991161549));
#3043=CARTESIAN_POINT('Ctrl Pts',(35.3048253457983,12.5244250738668,-33.7966587094282));
#3044=CARTESIAN_POINT('Ctrl Pts',(35.6463590672112,12.4843921721989,-33.7728183027015));
#3045=CARTESIAN_POINT('Ctrl Pts',(35.9878927886241,12.444359270531,-33.7489778959748));
#3046=CARTESIAN_POINT('Ctrl Pts',(36.3512608410616,12.5906021574944,-33.7251374892481));
#3047=CARTESIAN_POINT('Ctrl Pts',(36.5698441232978,12.8560626373695,-33.7012970825214));
#3048=CARTESIAN_POINT('Ctrl Pts',(36.7884274055341,13.1215231172446,-33.6774566757947));
#3049=CARTESIAN_POINT('Ctrl Pts',(36.8622259175691,13.5062011900315,-33.653616269068));
#3050=CARTESIAN_POINT('Ctrl Pts',(36.7574000601918,13.8337060125663,-33.6297758623413));
#3051=CARTESIAN_POINT('Ctrl Pts',(36.6525742028145,14.161210835101,-33.6059354556146));
#3052=CARTESIAN_POINT('Ctrl Pts',(36.3691239760249,14.4315424073835,-33.5820950488879));
#3053=CARTESIAN_POINT('Ctrl Pts',(36.0370228047633,14.5207430909468,-33.5582546421612));
#3054=CARTESIAN_POINT('Ctrl Pts',(35.7049216335016,14.60994377451,-33.5344142354345));
#3055=CARTESIAN_POINT('Ctrl Pts',(35.324169517768,14.5180135693539,-33.5105738287078));
#3056=CARTESIAN_POINT('Ctrl Pts',(35.069357049635,14.2871053513863,-33.4867334219811));
#3057=CARTESIAN_POINT('Ctrl Pts',(34.8564045195558,14.0941301426276,-33.4668094560631));
#3058=CARTESIAN_POINT('Ctrl Pts',(34.731412295839,13.8040882132814,-33.4468854901451));
#3059=CARTESIAN_POINT('Ctrl Pts',(34.7288727371909,13.515980026806,-33.4269615242271));
#3060=CARTESIAN_POINT('Origin',(35.7673757230966,13.5168246743539,-32.7));
#3061=CARTESIAN_POINT('',(34.7285290282303,13.5175237848357,-32.9769615242271));
#3062=CARTESIAN_POINT('',(34.7310108793534,13.517369557876,-33.0980384757729));
#3063=CARTESIAN_POINT('',(34.7296257230966,13.5168246743539,-32.7));
#3064=CARTESIAN_POINT('',(36.5437732205702,14.2053971022196,-32.7));
#3065=CARTESIAN_POINT('Ctrl Pts',(34.7285290282303,13.5175237848357,-32.9769615242271));
#3066=CARTESIAN_POINT('Ctrl Pts',(34.7308833587278,13.2170761962589,-32.9561622363315));
#3067=CARTESIAN_POINT('Ctrl Pts',(34.8684860499013,12.9147935936279,-32.9353629484359));
#3068=CARTESIAN_POINT('Ctrl Pts',(35.0980450179961,12.7215509950134,-32.9145636605403));
#3069=CARTESIAN_POINT('Ctrl Pts',(35.3611684092687,12.500053885544,-32.8907232538136));
#3070=CARTESIAN_POINT('Ctrl Pts',(35.7451042716746,12.4218139062967,-32.8668828470869));
#3071=CARTESIAN_POINT('Ctrl Pts',(36.0736696905734,12.5233013024492,-32.8430424403602));
#3072=CARTESIAN_POINT('Ctrl Pts',(36.4022351094722,12.6247886986016,-32.8192020336335));
#3073=CARTESIAN_POINT('Ctrl Pts',(36.6754300848639,12.9060034701539,-32.7953616269068));
#3074=CARTESIAN_POINT('Ctrl Pts',(36.7681167276654,13.2365447662882,-32.7715212201801));
#3075=CARTESIAN_POINT('Ctrl Pts',(36.8608033704669,13.5670860624226,-32.7476808134534));
#3076=CARTESIAN_POINT('Ctrl Pts',(36.7729816806783,13.9469538831391,-32.7238404067267));
#3077=CARTESIAN_POINT('Ctrl Pts',(36.5437732205702,14.2053971022196,-32.7));
#3078=CARTESIAN_POINT('',(34.9894408260406,14.2064744989701,-32.7));
#3079=CARTESIAN_POINT('Origin',(35.7673757230966,13.5168246743539,-32.7));
#3080=CARTESIAN_POINT('Ctrl Pts',(34.9894358061545,14.2064780168642,-32.7));
#3081=CARTESIAN_POINT('Ctrl Pts',(35.210010598076,14.4538843259548,-32.7229756850457));
#3082=CARTESIAN_POINT('Ctrl Pts',(35.5597194157326,14.5879354817238,-32.7459513700915));
#3083=CARTESIAN_POINT('Ctrl Pts',(35.8889075046786,14.5491494653888,-32.7689270551372));
#3084=CARTESIAN_POINT('Ctrl Pts',(36.2304850426033,14.5089036836899,-32.7927674618639));
#3085=CARTESIAN_POINT('Ctrl Pts',(36.5499681322518,14.2825659745004,-32.8166078685906));
#3086=CARTESIAN_POINT('Ctrl Pts',(36.7010709721853,13.9737150815484,-32.8404482753173));
#3087=CARTESIAN_POINT('Ctrl Pts',(36.8521738121188,13.6648641885965,-32.864288682044));
#3088=CARTESIAN_POINT('Ctrl Pts',(36.8348964023373,13.2735001118821,-32.8881290887707));
#3089=CARTESIAN_POINT('Ctrl Pts',(36.6570592572573,12.9791787345779,-32.9119694954974));
#3090=CARTESIAN_POINT('Ctrl Pts',(36.4792221121773,12.6848573572738,-32.9358099022241));
#3091=CARTESIAN_POINT('Ctrl Pts',(36.1408252317988,12.4875786793798,-32.9596503089508));
#3092=CARTESIAN_POINT('Ctrl Pts',(35.7970867752593,12.4777548298973,-32.9834907156775));
#3093=CARTESIAN_POINT('Ctrl Pts',(35.4533483187199,12.4679309804147,-33.0073311224042));
#3094=CARTESIAN_POINT('Ctrl Pts',(35.1042682860195,12.6455619593435,-33.0311715291309));
#3095=CARTESIAN_POINT('Ctrl Pts',(34.9098902190803,12.9292200605194,-33.0550119358576));
#3096=CARTESIAN_POINT('Ctrl Pts',(34.7929540757266,13.0998662908522,-33.0693541158294));
#3097=CARTESIAN_POINT('Ctrl Pts',(34.7320064342975,13.3088850118563,-33.0836962958012));
#3098=CARTESIAN_POINT('Ctrl Pts',(34.7310108793534,13.517369557876,-33.0980384757729));
#3099=CARTESIAN_POINT('Origin',(35.7673757230966,13.5168246743539,-31.706324918824));
#3100=CARTESIAN_POINT('',(34.4794428325218,13.5165844308405,-34.593675081176));
#3101=CARTESIAN_POINT('',(34.4755902733455,13.5164662933155,-34.631324918824));
#3102=CARTESIAN_POINT('',(34.4773757230966,13.5168246743539,-31.706324918824));
#3103=CARTESIAN_POINT('',(35.026357142855,14.5727562364055,-34.7));
#3104=CARTESIAN_POINT('Ctrl Pts',(34.4755902733455,13.5164662933155,-34.631324918824));
#3105=CARTESIAN_POINT('Ctrl Pts',(34.4768154287195,13.9261884772915,-34.6542166125493));
#3106=CARTESIAN_POINT('Ctrl Pts',(34.6888514889472,14.335905696588,-34.6771083062747));
#3107=CARTESIAN_POINT('Ctrl Pts',(35.026357142855,14.5727562364055,-34.7));
#3108=CARTESIAN_POINT('',(35.6563545966908,14.8043654886414,-34.7));
#3109=CARTESIAN_POINT('Origin',(35.7673757230966,13.5168246743539,-34.7));
#3110=CARTESIAN_POINT('Ctrl Pts',(34.4794428325218,13.5165844308405,-34.593675081176));
#3111=CARTESIAN_POINT('Ctrl Pts',(34.4797014859336,13.7419416600655,-34.6061410357383));
#3112=CARTESIAN_POINT('Ctrl Pts',(34.6395820702116,14.3830375702347,-34.6415826753463));
#3113=CARTESIAN_POINT('Ctrl Pts',(35.2459548249202,14.7678223652351,-34.6770243149543));
#3114=CARTESIAN_POINT('Ctrl Pts',(35.6563548103404,14.8043731054797,-34.7));
#3115=CARTESIAN_POINT('Origin',(35.7673757230966,13.5168246743539,-31.706324918824));
#3116=CARTESIAN_POINT('',(34.4767043710747,13.5157111003961,-34.143675081176));
#3117=CARTESIAN_POINT('',(34.4775767079106,13.5180146787952,-34.181324918824));
#3118=CARTESIAN_POINT('',(34.4773757230966,13.5168246743539,-31.706324918824));
#3119=CARTESIAN_POINT('Ctrl Pts',(34.4775767079106,13.5180146787952,-34.181324918824));
#3120=CARTESIAN_POINT('Ctrl Pts',(34.476597342566,13.6262700672963,-34.1873337654624));
#3121=CARTESIAN_POINT('Ctrl Pts',(34.5386325373434,14.1629245802773,-34.2171830188276));
#3122=CARTESIAN_POINT('Ctrl Pts',(35.2868563170629,14.9644397628692,-34.2708726789194));
#3123=CARTESIAN_POINT('Ctrl Pts',(36.7243305993687,14.7047266911002,-34.3423938990995));
#3124=CARTESIAN_POINT('Ctrl Pts',(37.2840489345962,13.3552974910154,-34.4139151192796));
#3125=CARTESIAN_POINT('Ctrl Pts',(36.4531638896328,12.154647352881,-34.4854363394597));
#3126=CARTESIAN_POINT('Ctrl Pts',(34.9927185864385,12.2018857606136,-34.5569575596398));
#3127=CARTESIAN_POINT('Ctrl Pts',(34.4836737093916,13.0558028638771,-34.6055870860946));
#3128=CARTESIAN_POINT('Ctrl Pts',(34.4755394985603,13.4994859524308,-34.6303762058226));
#3129=CARTESIAN_POINT('Ctrl Pts',(34.4755902733455,13.5164662933155,-34.631324918824));
#3130=CARTESIAN_POINT('Ctrl Pts',(34.4767043710747,13.5157111003961,-34.143675081176));
#3131=CARTESIAN_POINT('Ctrl Pts',(34.4798887279007,13.8650397779519,-34.1630985953781));
#3132=CARTESIAN_POINT('Ctrl Pts',(34.8068936067949,14.6483827946276,-34.2063625163069));
#3133=CARTESIAN_POINT('Ctrl Pts',(36.1320770240718,14.997910293878,-34.2734668439623));
#3134=CARTESIAN_POINT('Ctrl Pts',(37.2100300842402,14.0121284973516,-34.3449880641424));
#3135=CARTESIAN_POINT('Ctrl Pts',(36.964940296912,12.5721932663176,-34.4165092843225));
#3136=CARTESIAN_POINT('Ctrl Pts',(35.621608394045,11.9983957951831,-34.4880305045026));
#3137=CARTESIAN_POINT('Ctrl Pts',(34.6227576703373,12.6747036494083,-34.5470857701204));
#3138=CARTESIAN_POINT('Ctrl Pts',(34.4792068264586,13.3109591808101,-34.5823006290116));
#3139=CARTESIAN_POINT('Ctrl Pts',(34.4794428325218,13.5165844308405,-34.593675081176));
#3140=CARTESIAN_POINT('Origin',(35.7673757230966,13.5168246743539,-31.706324918824));
#3141=CARTESIAN_POINT('',(34.4757880878956,13.5175994694145,-33.693675081176));
#3142=CARTESIAN_POINT('',(34.4793836150159,13.516516263827,-33.731324918824));
#3143=CARTESIAN_POINT('',(34.4773757230966,13.5168246743539,-31.706324918824));
#3144=CARTESIAN_POINT('Ctrl Pts',(34.4793836150159,13.516516263827,-33.731324918824));
#3145=CARTESIAN_POINT('Ctrl Pts',(34.4798840695792,13.7509467587585,-33.7442913251022));
#3146=CARTESIAN_POINT('Ctrl Pts',(34.6533653912814,14.4170977187089,-33.7810981381072));
#3147=CARTESIAN_POINT('Ctrl Pts',(35.7230923751455,15.0414975347335,-33.8417453578387));
#3148=CARTESIAN_POINT('Ctrl Pts',(37.0252329812342,14.3796041329685,-33.9132665780189));
#3149=CARTESIAN_POINT('Ctrl Pts',(37.1738137351507,12.9264673853186,-33.9847877981989));
#3150=CARTESIAN_POINT('Ctrl Pts',(36.0325798978312,12.0147448936512,-34.0563090183791));
#3151=CARTESIAN_POINT('Ctrl Pts',(34.7644387798507,12.4414017556088,-34.1218213919207));
#3152=CARTESIAN_POINT('Ctrl Pts',(34.4804830247202,13.1967612700979,-34.1634933587357));
#3153=CARTESIAN_POINT('Ctrl Pts',(34.4775767079106,13.5180146787952,-34.181324918824));
#3154=CARTESIAN_POINT('Ctrl Pts',(34.4757880878956,13.5175994694145,-33.693675081176));
#3155=CARTESIAN_POINT('Ctrl Pts',(34.4754647759178,13.5632087665067,-33.6962157482912));
#3156=CARTESIAN_POINT('Ctrl Pts',(34.4983713444535,14.0364655741199,-33.722596822133));
#3157=CARTESIAN_POINT('Ctrl Pts',(35.0823687531736,14.8796731214311,-33.7728183027015));
#3158=CARTESIAN_POINT('Ctrl Pts',(36.5422560450122,14.8306555915741,-33.8443395228817));
#3159=CARTESIAN_POINT('Ctrl Pts',(37.2915149052835,13.5767471426231,-33.9158607430618));
#3160=CARTESIAN_POINT('Ctrl Pts',(36.6430133861836,12.2678859773081,-33.9873819632418));
#3161=CARTESIAN_POINT('Ctrl Pts',(35.191480875832,12.1044014980505,-34.058903183422));
#3162=CARTESIAN_POINT('Ctrl Pts',(34.5188619592732,12.9288507224522,-34.1110008894));
#3163=CARTESIAN_POINT('Ctrl Pts',(34.4759802507269,13.4362740217865,-34.1392581886513));
#3164=CARTESIAN_POINT('Ctrl Pts',(34.4767043710747,13.5157111003961,-34.143675081176));
#3165=CARTESIAN_POINT('Origin',(35.7673757230966,13.5168246743539,-31.706324918824));
#3166=CARTESIAN_POINT('',(34.4790975747673,13.5175020048705,-33.243675081176));
#3167=CARTESIAN_POINT('',(34.4764397059264,13.5157747149834,-33.281324918824));
#3168=CARTESIAN_POINT('',(34.4773757230966,13.5168246743539,-31.706324918824));
#3169=CARTESIAN_POINT('Ctrl Pts',(34.4764397059264,13.5157747149834,-33.281324918824));
#3170=CARTESIAN_POINT('Ctrl Pts',(34.4795965651469,13.8739144987013,-33.301248884742));
#3171=CARTESIAN_POINT('Ctrl Pts',(34.820887599808,14.665873447971,-33.3450132573868));
#3172=CARTESIAN_POINT('Ctrl Pts',(36.1630437102986,14.9899286048311,-33.4126180367582));
#3173=CARTESIAN_POINT('Ctrl Pts',(37.2200924963027,13.9818021921754,-33.4841392569382));
#3174=CARTESIAN_POINT('Ctrl Pts',(36.9448814709349,12.5472523085952,-33.5556604771184));
#3175=CARTESIAN_POINT('Ctrl Pts',(35.5898013813824,12.0018801355784,-33.6271816972985));
#3176=CARTESIAN_POINT('Ctrl Pts',(34.6137161964584,12.6928309677093,-33.6857365112003));
#3177=CARTESIAN_POINT('Ctrl Pts',(34.4789639194557,13.3199161224831,-33.7204509183755));
#3178=CARTESIAN_POINT('Ctrl Pts',(34.4793836150159,13.516516263827,-33.731324918824));
#3179=CARTESIAN_POINT('Ctrl Pts',(34.4790975747673,13.5175020048705,-33.243675081176));
#3180=CARTESIAN_POINT('Ctrl Pts',(34.4782779981351,13.6891339806866,-33.253173307931));
#3181=CARTESIAN_POINT('Ctrl Pts',(34.5901271407989,14.2905374312412,-33.2865119414126));
#3182=CARTESIAN_POINT('Ctrl Pts',(35.5028445349062,15.0190234101805,-33.3436909816209));
#3183=CARTESIAN_POINT('Ctrl Pts',(36.887081263608,14.5526093731622,-33.4152122018011));
#3184=CARTESIAN_POINT('Ctrl Pts',(37.2444631241108,13.1362896380821,-33.4867334219811));
#3185=CARTESIAN_POINT('Ctrl Pts',(36.24723190495,12.0689547800844,-33.5582546421612));
#3186=CARTESIAN_POINT('Ctrl Pts',(34.8609923870669,12.3201803512212,-33.6272351952262));
#3187=CARTESIAN_POINT('Ctrl Pts',(34.478498581096,13.1352329066564,-33.6723753415645));
#3188=CARTESIAN_POINT('Ctrl Pts',(34.4757880878956,13.5175994694145,-33.693675081176));
#3189=CARTESIAN_POINT('Origin',(35.7673757230966,13.5168246743539,-31.706324918824));
#3190=CARTESIAN_POINT('',(34.4786633421589,13.5155060870956,-32.793675081176));
#3191=CARTESIAN_POINT('',(34.4760124502683,13.5176937203876,-32.831324918824));
#3192=CARTESIAN_POINT('',(34.4773757230966,13.5168246743539,-31.706324918824));
#3193=CARTESIAN_POINT('',(35.4321958955734,12.2711302964179,-32.7));
#3194=CARTESIAN_POINT('Ctrl Pts',(35.4321958955734,12.2711302964179,-32.7));
#3195=CARTESIAN_POINT('Ctrl Pts',(35.0175355365795,12.382703239244,-32.7238404067267));
#3196=CARTESIAN_POINT('Ctrl Pts',(34.5579326705043,12.8205571381873,-32.7550654337854));
#3197=CARTESIAN_POINT('Ctrl Pts',(34.4776463006065,13.3822942550935,-32.7862904608441));
#3198=CARTESIAN_POINT('Ctrl Pts',(34.4786633421589,13.5155060870956,-32.793675081176));
#3199=CARTESIAN_POINT('',(36.1034148267516,12.2689607907243,-32.7));
#3200=CARTESIAN_POINT('Origin',(35.7673757230966,13.5168246743539,-32.7));
#3201=CARTESIAN_POINT('Ctrl Pts',(36.103417632725,12.2689537061853,-32.7));
#3202=CARTESIAN_POINT('Ctrl Pts',(35.7052665423305,12.162934933581,-32.7229756850457));
#3203=CARTESIAN_POINT('Ctrl Pts',(34.8389380750971,12.3533771255105,-32.7667506579871));
#3204=CARTESIAN_POINT('Ctrl Pts',(34.4789390571984,13.1442151472592,-32.8105256309284));
#3205=CARTESIAN_POINT('Ctrl Pts',(34.4760124502683,13.5176937203876,-32.831324918824));
#3206=CARTESIAN_POINT('Origin',(16.7673757230966,13.5168246743539,-31.706324918824));
#3207=CARTESIAN_POINT('',(15.4794574254031,13.516582392997,-34.593675081176));
#3208=CARTESIAN_POINT('',(15.475560309944,13.5165251016231,-34.631324918824));
#3209=CARTESIAN_POINT('',(15.4773757230966,13.5168246743539,-31.706324918824));
#3210=CARTESIAN_POINT('',(16.026357142855,14.5727562364055,-34.7));
#3211=CARTESIAN_POINT('Ctrl Pts',(15.475560309944,13.5165251016231,-34.631324918824));
#3212=CARTESIAN_POINT('Ctrl Pts',(15.4767881672082,13.9262390091725,-34.6542166125493));
#3213=CARTESIAN_POINT('Ctrl Pts',(15.6888514889471,14.3359056965879,-34.6771083062747));
#3214=CARTESIAN_POINT('Ctrl Pts',(16.026357142855,14.5727562364055,-34.7));
#3215=CARTESIAN_POINT('',(16.6563528749726,14.804357769566,-34.7));
#3216=CARTESIAN_POINT('Origin',(16.7673757230966,13.5168246743539,-34.7));
#3217=CARTESIAN_POINT('Ctrl Pts',(15.4794574254031,13.516582392997,-34.593675081176));
#3218=CARTESIAN_POINT('Ctrl Pts',(15.4797184712409,13.7419356517559,-34.6061410357383));
#3219=CARTESIAN_POINT('Ctrl Pts',(15.6396022315637,14.3830212742719,-34.6415826753463));
#3220=CARTESIAN_POINT('Ctrl Pts',(16.2459428869797,14.7678195359714,-34.6770243149543));
#3221=CARTESIAN_POINT('Ctrl Pts',(16.6563530806479,14.8043652753451,-34.7));
#3222=CARTESIAN_POINT('Origin',(16.7673757230966,13.5168246743539,-31.706324918824));
#3223=CARTESIAN_POINT('',(15.4767151769782,13.515711135116,-34.143675081176));
#3224=CARTESIAN_POINT('',(15.4775875124586,13.5180153667775,-34.181324918824));
#3225=CARTESIAN_POINT('',(15.4773757230966,13.5168246743539,-31.706324918824));
#3226=CARTESIAN_POINT('Ctrl Pts',(15.4775875124586,13.5180153667775,-34.181324918824));
#3227=CARTESIAN_POINT('Ctrl Pts',(15.4766081625992,13.6262698919733,-34.1873337654624));
#3228=CARTESIAN_POINT('Ctrl Pts',(15.5386428883694,14.162919812255,-34.2171830188276));
#3229=CARTESIAN_POINT('Ctrl Pts',(16.2868606578032,14.9644235288947,-34.2708726789194));
#3230=CARTESIAN_POINT('Ctrl Pts',(17.7243214887431,14.7047241383272,-34.3423938990995));
#3231=CARTESIAN_POINT('Ctrl Pts',(18.2840393395561,13.3552856668129,-34.4139151192796));
#3232=CARTESIAN_POINT('Ctrl Pts',(17.4531496734111,12.1546820325787,-34.4854363394597));
#3233=CARTESIAN_POINT('Ctrl Pts',(15.9927445476222,12.2018597887352,-34.5569575596398));
#3234=CARTESIAN_POINT('Ctrl Pts',(15.4836418103757,13.0558690812555,-34.6055870860946));
#3235=CARTESIAN_POINT('Ctrl Pts',(15.4755094231829,13.4995451037428,-34.6303762058226));
#3236=CARTESIAN_POINT('Ctrl Pts',(15.475560309944,13.5165251016231,-34.631324918824));
#3237=CARTESIAN_POINT('Ctrl Pts',(15.4767151769782,13.515711135116,-34.143675081176));
#3238=CARTESIAN_POINT('Ctrl Pts',(15.4798995651602,13.8650367840603,-34.1630985953781));
#3239=CARTESIAN_POINT('Ctrl Pts',(15.8069019119576,14.6483728581571,-34.2063625163068));
#3240=CARTESIAN_POINT('Ctrl Pts',(17.1320733389227,14.997898895173,-34.2734668439623));
#3241=CARTESIAN_POINT('Ctrl Pts',(18.2100192494934,14.0121225249751,-34.3449880641424));
#3242=CARTESIAN_POINT('Ctrl Pts',(17.9649277733143,12.57220440519,-34.4165092843225));
#3243=CARTESIAN_POINT('Ctrl Pts',(16.6216145616503,11.9984029578971,-34.4880305045026));
#3244=CARTESIAN_POINT('Ctrl Pts',(15.6227600347863,12.6747173577005,-34.5470857701204));
#3245=CARTESIAN_POINT('Ctrl Pts',(15.4792192363915,13.3109607657839,-34.5823006290116));
#3246=CARTESIAN_POINT('Ctrl Pts',(15.4794574254031,13.516582392997,-34.593675081176));
#3247=CARTESIAN_POINT('Origin',(16.7673757230966,13.5168246743539,-31.706324918824));
#3248=CARTESIAN_POINT('',(15.4757989064735,13.5175994683699,-33.693675081176));
#3249=CARTESIAN_POINT('',(15.479394420675,13.5165162729152,-33.731324918824));
#3250=CARTESIAN_POINT('',(15.4773757230966,13.5168246743539,-31.706324918824));
#3251=CARTESIAN_POINT('Ctrl Pts',(15.479394420675,13.5165162729152,-33.731324918824));
#3252=CARTESIAN_POINT('Ctrl Pts',(15.4798948721512,13.7509448083578,-33.7442913251022));
#3253=CARTESIAN_POINT('Ctrl Pts',(15.6533747411141,14.4170901963367,-33.7810981381072));
#3254=CARTESIAN_POINT('Ctrl Pts',(16.7230927332879,15.0414846495642,-33.8417453578388));
#3255=CARTESIAN_POINT('Ctrl Pts',(18.0252224508108,14.379597074607,-33.9132665780189));
#3256=CARTESIAN_POINT('Ctrl Pts',(18.1738019053683,12.9264719983353,-33.984787798199));
#3257=CARTESIAN_POINT('Ctrl Pts',(17.032577712768,12.0147581342042,-34.0563090183791));
#3258=CARTESIAN_POINT('Ctrl Pts',(15.7644471692942,12.4414097323764,-34.1218213919207));
#3259=CARTESIAN_POINT('Ctrl Pts',(15.4804937833149,13.1967645199826,-34.1634933587357));
#3260=CARTESIAN_POINT('Ctrl Pts',(15.4775875124586,13.5180153667775,-34.181324918824));
#3261=CARTESIAN_POINT('Ctrl Pts',(15.4757989064735,13.5175994683699,-33.693675081176));
#3262=CARTESIAN_POINT('Ctrl Pts',(15.475475596748,13.5632083841326,-33.6962157482912));
#3263=CARTESIAN_POINT('Ctrl Pts',(15.498381969574,14.0364612331719,-33.722596822133));
#3264=CARTESIAN_POINT('Ctrl Pts',(16.0823745042854,14.8796616793668,-33.7728183027015));
#3265=CARTESIAN_POINT('Ctrl Pts',(17.5422495391252,14.8306446127781,-33.8443395228817));
#3266=CARTESIAN_POINT('Ctrl Pts',(18.2915021570996,13.57674659304,-33.9158607430617));
#3267=CARTESIAN_POINT('Ctrl Pts',(17.6430060088687,12.2678965276121,-33.9873819632419));
#3268=CARTESIAN_POINT('Ctrl Pts',(16.1914857809468,12.1044131718638,-34.058903183422));
#3269=CARTESIAN_POINT('Ctrl Pts',(15.5188723259814,12.9288558226882,-34.1110008894));
#3270=CARTESIAN_POINT('Ctrl Pts',(15.4759910494999,13.4362747452104,-34.1392581886514));
#3271=CARTESIAN_POINT('Ctrl Pts',(15.4767151769782,13.515711135116,-34.143675081176));
#3272=CARTESIAN_POINT('Origin',(16.7673757230966,13.5168246743539,-31.706324918824));
#3273=CARTESIAN_POINT('',(15.4791084271367,13.5175017517614,-33.243675081176));
#3274=CARTESIAN_POINT('',(15.4764505205789,13.5157746152384,-33.281324918824));
#3275=CARTESIAN_POINT('',(15.4773757230966,13.5168246743539,-31.706324918824));
#3276=CARTESIAN_POINT('Ctrl Pts',(15.4764505205789,13.5157746152384,-33.281324918824));
#3277=CARTESIAN_POINT('Ctrl Pts',(15.4796073500585,13.8739113910379,-33.301248884742));
#3278=CARTESIAN_POINT('Ctrl Pts',(15.8208955586513,14.665863973207,-33.3450132573867));
#3279=CARTESIAN_POINT('Ctrl Pts',(17.1630403821316,14.9899161517528,-33.4126180367582));
#3280=CARTESIAN_POINT('Ctrl Pts',(18.2200803141971,13.9817983441909,-33.4841392569383));
#3281=CARTESIAN_POINT('Ctrl Pts',(17.9448715903718,12.5472604097505,-33.5556604771184));
#3282=CARTESIAN_POINT('Ctrl Pts',(16.5898028740846,12.0018928703072,-33.6271816972985));
#3283=CARTESIAN_POINT('Ctrl Pts',(15.6137258708532,12.6928378584572,-33.6857365112003));
#3284=CARTESIAN_POINT('Ctrl Pts',(15.4789747277039,13.319917774855,-33.7204509183755));
#3285=CARTESIAN_POINT('Ctrl Pts',(15.479394420675,13.5165162729152,-33.731324918824));
#3286=CARTESIAN_POINT('Ctrl Pts',(15.4791084271367,13.5175017517614,-33.243675081176));
#3287=CARTESIAN_POINT('Ctrl Pts',(15.4782887800733,13.689132499928,-33.253173307931));
#3288=CARTESIAN_POINT('Ctrl Pts',(15.590136707315,14.2905317176493,-33.2865119414126));
#3289=CARTESIAN_POINT('Ctrl Pts',(16.5028470058136,15.0190102408075,-33.3436909816209));
#3290=CARTESIAN_POINT('Ctrl Pts',(17.8870717374018,14.5526010003555,-33.415212201801));
#3291=CARTESIAN_POINT('Ctrl Pts',(18.2444508291575,13.1362926666447,-33.4867334219812));
#3292=CARTESIAN_POINT('Ctrl Pts',(17.2472278397353,12.0689669951456,-33.5582546421612));
#3293=CARTESIAN_POINT('Ctrl Pts',(15.8610000038393,12.3201903360604,-33.6272351952262));
#3294=CARTESIAN_POINT('Ctrl Pts',(15.478509380792,13.1352361024958,-33.6723753415645));
#3295=CARTESIAN_POINT('Ctrl Pts',(15.4757989064735,13.5175994683699,-33.693675081176));
#3296=CARTESIAN_POINT('Origin',(16.7673757230966,13.5168246743539,-31.706324918824));
#3297=CARTESIAN_POINT('',(15.478658763561,13.515449046459,-32.793675081176));
#3298=CARTESIAN_POINT('',(15.4760228454655,13.5176915001072,-32.831324918824));
#3299=CARTESIAN_POINT('',(15.4773757230966,13.5168246743539,-31.706324918824));
#3300=CARTESIAN_POINT('',(16.4321958955733,12.2711302964179,-32.7));
#3301=CARTESIAN_POINT('Ctrl Pts',(16.4321958955733,12.2711302964179,-32.7));
#3302=CARTESIAN_POINT('Ctrl Pts',(16.0175355365795,12.3827032392441,-32.7238404067267));
#3303=CARTESIAN_POINT('Ctrl Pts',(15.5579208798902,12.8204767024016,-32.7550654337854));
#3304=CARTESIAN_POINT('Ctrl Pts',(15.4776400047731,13.3822306099789,-32.7862904608441));
#3305=CARTESIAN_POINT('Ctrl Pts',(15.478658763561,13.515449046459,-32.793675081176));
#3306=CARTESIAN_POINT('',(17.1034104889348,12.268967381802,-32.7));
#3307=CARTESIAN_POINT('Origin',(16.7673757230966,13.5168246743539,-32.7));
#3308=CARTESIAN_POINT('Ctrl Pts',(17.103413247049,12.268960404029,-32.7));
#3309=CARTESIAN_POINT('Ctrl Pts',(16.705254252875,12.1629334230317,-32.7229756850457));
#3310=CARTESIAN_POINT('Ctrl Pts',(15.838957535645,12.3534050019726,-32.7667506579871));
#3311=CARTESIAN_POINT('Ctrl Pts',(15.4789518526102,13.1442196516118,-32.8105256309284));
#3312=CARTESIAN_POINT('Ctrl Pts',(15.4760228454655,13.5176915001072,-32.831324918824));
#3313=CARTESIAN_POINT('Origin',(26.2673757230966,4.01682467435394,-31.706324918824));
#3314=CARTESIAN_POINT('',(24.979457425403,4.01658239299701,-34.593675081176));
#3315=CARTESIAN_POINT('',(24.975560309944,4.01652510162306,-34.631324918824));
#3316=CARTESIAN_POINT('',(24.9773757230967,4.01682467435394,-31.706324918824));
#3317=CARTESIAN_POINT('',(25.526357142855,5.07275623640552,-34.7));
#3318=CARTESIAN_POINT('Ctrl Pts',(24.975560309944,4.01652510162306,-34.631324918824));
#3319=CARTESIAN_POINT('Ctrl Pts',(24.9767881672082,4.42623900917255,-34.6542166125493));
#3320=CARTESIAN_POINT('Ctrl Pts',(25.1888514889472,4.83590569658796,-34.6771083062747));
#3321=CARTESIAN_POINT('Ctrl Pts',(25.526357142855,5.07275623640552,-34.7));
#3322=CARTESIAN_POINT('',(26.1563528749727,5.30435776956603,-34.7));
#3323=CARTESIAN_POINT('Origin',(26.2673757230966,4.01682467435394,-34.7));
#3324=CARTESIAN_POINT('Ctrl Pts',(24.979457425403,4.01658239299701,-34.593675081176));
#3325=CARTESIAN_POINT('Ctrl Pts',(24.9797184712409,4.24193565175595,-34.6061410357383));
#3326=CARTESIAN_POINT('Ctrl Pts',(25.1396022315638,4.88302127427198,-34.6415826753463));
#3327=CARTESIAN_POINT('Ctrl Pts',(25.7459428869798,5.2678195359714,-34.6770243149543));
#3328=CARTESIAN_POINT('Ctrl Pts',(26.156353080648,5.30436527534511,-34.7));
#3329=CARTESIAN_POINT('Origin',(26.2673757230966,4.01682467435394,-31.706324918824));
#3330=CARTESIAN_POINT('',(24.9767151769782,4.01571113511605,-34.143675081176));
#3331=CARTESIAN_POINT('',(24.9775875124586,4.01801536677746,-34.181324918824));
#3332=CARTESIAN_POINT('',(24.9773757230967,4.01682467435394,-31.706324918824));
#3333=CARTESIAN_POINT('Ctrl Pts',(24.9775875124586,4.01801536677745,-34.181324918824));
#3334=CARTESIAN_POINT('Ctrl Pts',(24.9766081625992,4.12626989197331,-34.1873337654624));
#3335=CARTESIAN_POINT('Ctrl Pts',(25.0386428883694,4.66291981225503,-34.2171830188275));
#3336=CARTESIAN_POINT('Ctrl Pts',(25.7868606578033,5.4644235288947,-34.2708726789194));
#3337=CARTESIAN_POINT('Ctrl Pts',(27.2243214887431,5.20472413832714,-34.3423938990995));
#3338=CARTESIAN_POINT('Ctrl Pts',(27.784039339556,3.85528566681279,-34.4139151192796));
#3339=CARTESIAN_POINT('Ctrl Pts',(26.953149673411,2.65468203257871,-34.4854363394597));
#3340=CARTESIAN_POINT('Ctrl Pts',(25.4927445476222,2.70185978873522,-34.5569575596398));
#3341=CARTESIAN_POINT('Ctrl Pts',(24.9836418103757,3.55586908125551,-34.6055870860946));
#3342=CARTESIAN_POINT('Ctrl Pts',(24.9755094231829,3.99954510374285,-34.6303762058226));
#3343=CARTESIAN_POINT('Ctrl Pts',(24.975560309944,4.01652510162306,-34.631324918824));
#3344=CARTESIAN_POINT('Ctrl Pts',(24.9767151769782,4.01571113511605,-34.143675081176));
#3345=CARTESIAN_POINT('Ctrl Pts',(24.9798995651603,4.36503678406035,-34.1630985953781));
#3346=CARTESIAN_POINT('Ctrl Pts',(25.3069019119576,5.14837285815714,-34.2063625163068));
#3347=CARTESIAN_POINT('Ctrl Pts',(26.6320733389227,5.497898895173,-34.2734668439623));
#3348=CARTESIAN_POINT('Ctrl Pts',(27.7100192494934,4.51212252497504,-34.3449880641424));
#3349=CARTESIAN_POINT('Ctrl Pts',(27.4649277733143,3.07220440518993,-34.4165092843225));
#3350=CARTESIAN_POINT('Ctrl Pts',(26.1216145616503,2.49840295789713,-34.4880305045026));
#3351=CARTESIAN_POINT('Ctrl Pts',(25.1227600347863,3.1747173577005,-34.5470857701204));
#3352=CARTESIAN_POINT('Ctrl Pts',(24.9792192363915,3.81096076578387,-34.5823006290116));
#3353=CARTESIAN_POINT('Ctrl Pts',(24.979457425403,4.01658239299701,-34.593675081176));
#3354=CARTESIAN_POINT('Origin',(26.2673757230966,4.01682467435394,-31.706324918824));
#3355=CARTESIAN_POINT('',(24.9757989064735,4.01759946836993,-33.693675081176));
#3356=CARTESIAN_POINT('',(24.979394420675,4.01651627291525,-33.731324918824));
#3357=CARTESIAN_POINT('',(24.9773757230967,4.01682467435394,-31.706324918824));
#3358=CARTESIAN_POINT('Ctrl Pts',(24.979394420675,4.01651627291525,-33.731324918824));
#3359=CARTESIAN_POINT('Ctrl Pts',(24.9798948721512,4.25094480835781,-33.7442913251022));
#3360=CARTESIAN_POINT('Ctrl Pts',(25.1533747411141,4.91709019633667,-33.7810981381071));
#3361=CARTESIAN_POINT('Ctrl Pts',(26.2230927332879,5.5414846495642,-33.8417453578388));
#3362=CARTESIAN_POINT('Ctrl Pts',(27.5252224508108,4.87959707460699,-33.9132665780188));
#3363=CARTESIAN_POINT('Ctrl Pts',(27.6738019053683,3.42647199833532,-33.984787798199));
#3364=CARTESIAN_POINT('Ctrl Pts',(26.532577712768,2.51475813420416,-34.0563090183791));
#3365=CARTESIAN_POINT('Ctrl Pts',(25.2644471692942,2.94140973237645,-34.1218213919208));
#3366=CARTESIAN_POINT('Ctrl Pts',(24.9804937833149,3.69676451998257,-34.1634933587357));
#3367=CARTESIAN_POINT('Ctrl Pts',(24.9775875124586,4.01801536677745,-34.181324918824));
#3368=CARTESIAN_POINT('Ctrl Pts',(24.9757989064735,4.01759946836993,-33.693675081176));
#3369=CARTESIAN_POINT('Ctrl Pts',(24.975475596748,4.06320838413261,-33.6962157482912));
#3370=CARTESIAN_POINT('Ctrl Pts',(24.998381969574,4.53646123317193,-33.722596822133));
#3371=CARTESIAN_POINT('Ctrl Pts',(25.5823745042854,5.37966167936677,-33.7728183027016));
#3372=CARTESIAN_POINT('Ctrl Pts',(27.0422495391252,5.33064461277806,-33.8443395228816));
#3373=CARTESIAN_POINT('Ctrl Pts',(27.7915021570996,4.07674659304001,-33.9158607430618));
#3374=CARTESIAN_POINT('Ctrl Pts',(27.1430060088686,2.76789652761209,-33.9873819632419));
#3375=CARTESIAN_POINT('Ctrl Pts',(25.6914857809468,2.60441317186385,-34.058903183422));
#3376=CARTESIAN_POINT('Ctrl Pts',(25.0188723259814,3.4288558226882,-34.1110008894));
#3377=CARTESIAN_POINT('Ctrl Pts',(24.9759910494999,3.93627474521039,-34.1392581886514));
#3378=CARTESIAN_POINT('Ctrl Pts',(24.9767151769782,4.01571113511605,-34.143675081176));
#3379=CARTESIAN_POINT('Origin',(26.2673757230966,4.01682467435394,-31.706324918824));
#3380=CARTESIAN_POINT('',(24.9791084271367,4.01750175176135,-33.243675081176));
#3381=CARTESIAN_POINT('',(24.9764505205789,4.01577461523839,-33.281324918824));
#3382=CARTESIAN_POINT('',(24.9773757230967,4.01682467435394,-31.706324918824));
#3383=CARTESIAN_POINT('Ctrl Pts',(24.9764505205789,4.01577461523839,-33.281324918824));
#3384=CARTESIAN_POINT('Ctrl Pts',(24.9796073500585,4.37391139103791,-33.301248884742));
#3385=CARTESIAN_POINT('Ctrl Pts',(25.3208955586513,5.16586397320697,-33.3450132573867));
#3386=CARTESIAN_POINT('Ctrl Pts',(26.6630403821316,5.48991615175285,-33.4126180367582));
#3387=CARTESIAN_POINT('Ctrl Pts',(27.7200803141971,4.48179834419094,-33.4841392569383));
#3388=CARTESIAN_POINT('Ctrl Pts',(27.4448715903718,3.04726040975051,-33.5556604771183));
#3389=CARTESIAN_POINT('Ctrl Pts',(26.0898028740846,2.50189287030718,-33.6271816972984));
#3390=CARTESIAN_POINT('Ctrl Pts',(25.1137258708533,3.19283785845724,-33.6857365112003));
#3391=CARTESIAN_POINT('Ctrl Pts',(24.9789747277039,3.81991777485503,-33.7204509183755));
#3392=CARTESIAN_POINT('Ctrl Pts',(24.979394420675,4.01651627291525,-33.731324918824));
#3393=CARTESIAN_POINT('Ctrl Pts',(24.9791084271367,4.01750175176135,-33.243675081176));
#3394=CARTESIAN_POINT('Ctrl Pts',(24.9782887800733,4.18913249992798,-33.253173307931));
#3395=CARTESIAN_POINT('Ctrl Pts',(25.090136707315,4.79053171764929,-33.2865119414126));
#3396=CARTESIAN_POINT('Ctrl Pts',(26.0028470058136,5.51901024080752,-33.3436909816209));
#3397=CARTESIAN_POINT('Ctrl Pts',(27.3870717374017,5.05260100035549,-33.415212201801));
#3398=CARTESIAN_POINT('Ctrl Pts',(27.7444508291574,3.63629266664474,-33.4867334219811));
#3399=CARTESIAN_POINT('Ctrl Pts',(26.7472278397353,2.5689669951456,-33.5582546421612));
#3400=CARTESIAN_POINT('Ctrl Pts',(25.3610000038393,2.82019033606036,-33.6272351952262));
#3401=CARTESIAN_POINT('Ctrl Pts',(24.978509380792,3.63523610249582,-33.6723753415645));
#3402=CARTESIAN_POINT('Ctrl Pts',(24.9757989064735,4.01759946836993,-33.693675081176));
#3403=CARTESIAN_POINT('Origin',(26.2673757230966,4.01682467435394,-31.706324918824));
#3404=CARTESIAN_POINT('',(24.978658763561,4.015449046459,-32.793675081176));
#3405=CARTESIAN_POINT('',(24.9760228454655,4.01769150010716,-32.831324918824));
#3406=CARTESIAN_POINT('',(24.9773757230967,4.01682467435394,-31.706324918824));
#3407=CARTESIAN_POINT('',(25.9321958955734,2.7711302964179,-32.7));
#3408=CARTESIAN_POINT('Ctrl Pts',(25.9321958955734,2.7711302964179,-32.7));
#3409=CARTESIAN_POINT('Ctrl Pts',(25.5175355365795,2.88270323924403,-32.7238404067267));
#3410=CARTESIAN_POINT('Ctrl Pts',(25.0579208798902,3.3204767024016,-32.7550654337854));
#3411=CARTESIAN_POINT('Ctrl Pts',(24.9776400047731,3.8822306099789,-32.7862904608441));
#3412=CARTESIAN_POINT('Ctrl Pts',(24.978658763561,4.015449046459,-32.793675081176));
#3413=CARTESIAN_POINT('',(26.6034104889349,2.76896738180204,-32.7));
#3414=CARTESIAN_POINT('Origin',(26.2673757230966,4.01682467435394,-32.7));
#3415=CARTESIAN_POINT('Ctrl Pts',(26.6034132470491,2.76896040402903,-32.7));
#3416=CARTESIAN_POINT('Ctrl Pts',(26.2052542528751,2.66293342303173,-32.7229756850457));
#3417=CARTESIAN_POINT('Ctrl Pts',(25.3389575356451,2.85340500197255,-32.7667506579871));
#3418=CARTESIAN_POINT('Ctrl Pts',(24.9789518526102,3.64421965161179,-32.8105256309284));
#3419=CARTESIAN_POINT('Ctrl Pts',(24.9760228454655,4.01769150010716,-32.831324918824));
#3420=CARTESIAN_POINT('Origin',(26.2673757230966,23.0168246743539,-31.706324918824));
#3421=CARTESIAN_POINT('',(24.9794428325218,23.0165844308405,-34.593675081176));
#3422=CARTESIAN_POINT('',(24.9755902733455,23.0164662933155,-34.631324918824));
#3423=CARTESIAN_POINT('',(24.9773757230966,23.0168246743539,-31.706324918824));
#3424=CARTESIAN_POINT('',(25.526357142855,24.0727562364055,-34.7));
#3425=CARTESIAN_POINT('Ctrl Pts',(24.9755902733455,23.0164662933155,-34.631324918824));
#3426=CARTESIAN_POINT('Ctrl Pts',(24.9768154287195,23.4261884772915,-34.6542166125493));
#3427=CARTESIAN_POINT('Ctrl Pts',(25.1888514889472,23.835905696588,-34.6771083062747));
#3428=CARTESIAN_POINT('Ctrl Pts',(25.526357142855,24.0727562364055,-34.7));
#3429=CARTESIAN_POINT('',(26.1563545966908,24.3043654886414,-34.7));
#3430=CARTESIAN_POINT('Origin',(26.2673757230966,23.0168246743539,-34.7));
#3431=CARTESIAN_POINT('Ctrl Pts',(24.9794428325218,23.0165844308405,-34.593675081176));
#3432=CARTESIAN_POINT('Ctrl Pts',(24.9797014859336,23.2419416600655,-34.6061410357383));
#3433=CARTESIAN_POINT('Ctrl Pts',(25.1395820702116,23.8830375702347,-34.6415826753463));
#3434=CARTESIAN_POINT('Ctrl Pts',(25.7459548249202,24.2678223652351,-34.6770243149543));
#3435=CARTESIAN_POINT('Ctrl Pts',(26.1563548103404,24.3043731054797,-34.7));
#3436=CARTESIAN_POINT('Origin',(26.2673757230966,23.0168246743539,-31.706324918824));
#3437=CARTESIAN_POINT('',(24.9767043710747,23.0157111003961,-34.143675081176));
#3438=CARTESIAN_POINT('',(24.9775767079106,23.0180146787952,-34.181324918824));
#3439=CARTESIAN_POINT('',(24.9773757230966,23.0168246743539,-31.706324918824));
#3440=CARTESIAN_POINT('Ctrl Pts',(24.9775767079106,23.0180146787952,-34.181324918824));
#3441=CARTESIAN_POINT('Ctrl Pts',(24.976597342566,23.1262700672963,-34.1873337654624));
#3442=CARTESIAN_POINT('Ctrl Pts',(25.0386325373434,23.6629245802773,-34.2171830188276));
#3443=CARTESIAN_POINT('Ctrl Pts',(25.7868563170629,24.4644397628692,-34.2708726789194));
#3444=CARTESIAN_POINT('Ctrl Pts',(27.2243305993687,24.2047266911002,-34.3423938990995));
#3445=CARTESIAN_POINT('Ctrl Pts',(27.7840489345961,22.8552974910154,-34.4139151192796));
#3446=CARTESIAN_POINT('Ctrl Pts',(26.9531638896328,21.654647352881,-34.4854363394597));
#3447=CARTESIAN_POINT('Ctrl Pts',(25.4927185864385,21.7018857606136,-34.5569575596398));
#3448=CARTESIAN_POINT('Ctrl Pts',(24.9836737093916,22.5558028638771,-34.6055870860946));
#3449=CARTESIAN_POINT('Ctrl Pts',(24.9755394985603,22.9994859524308,-34.6303762058226));
#3450=CARTESIAN_POINT('Ctrl Pts',(24.9755902733455,23.0164662933155,-34.631324918824));
#3451=CARTESIAN_POINT('Ctrl Pts',(24.9767043710747,23.0157111003961,-34.143675081176));
#3452=CARTESIAN_POINT('Ctrl Pts',(24.9798887279006,23.3650397779519,-34.1630985953781));
#3453=CARTESIAN_POINT('Ctrl Pts',(25.3068936067949,24.1483827946276,-34.2063625163069));
#3454=CARTESIAN_POINT('Ctrl Pts',(26.6320770240718,24.497910293878,-34.2734668439623));
#3455=CARTESIAN_POINT('Ctrl Pts',(27.7100300842402,23.5121284973516,-34.3449880641424));
#3456=CARTESIAN_POINT('Ctrl Pts',(27.464940296912,22.0721932663176,-34.4165092843225));
#3457=CARTESIAN_POINT('Ctrl Pts',(26.121608394045,21.4983957951831,-34.4880305045026));
#3458=CARTESIAN_POINT('Ctrl Pts',(25.1227576703373,22.1747036494084,-34.5470857701204));
#3459=CARTESIAN_POINT('Ctrl Pts',(24.9792068264586,22.8109591808101,-34.5823006290116));
#3460=CARTESIAN_POINT('Ctrl Pts',(24.9794428325218,23.0165844308405,-34.593675081176));
#3461=CARTESIAN_POINT('Origin',(26.2673757230966,23.0168246743539,-31.706324918824));
#3462=CARTESIAN_POINT('',(24.9757880878956,23.0175994694146,-33.693675081176));
#3463=CARTESIAN_POINT('',(24.9793836150159,23.016516263827,-33.731324918824));
#3464=CARTESIAN_POINT('',(24.9773757230966,23.0168246743539,-31.706324918824));
#3465=CARTESIAN_POINT('Ctrl Pts',(24.9793836150159,23.016516263827,-33.731324918824));
#3466=CARTESIAN_POINT('Ctrl Pts',(24.9798840695792,23.2509467587585,-33.7442913251022));
#3467=CARTESIAN_POINT('Ctrl Pts',(25.1533653912813,23.9170977187089,-33.7810981381072));
#3468=CARTESIAN_POINT('Ctrl Pts',(26.2230923751455,24.5414975347335,-33.8417453578387));
#3469=CARTESIAN_POINT('Ctrl Pts',(27.5252329812342,23.8796041329685,-33.9132665780189));
#3470=CARTESIAN_POINT('Ctrl Pts',(27.6738137351508,22.4264673853186,-33.9847877981989));
#3471=CARTESIAN_POINT('Ctrl Pts',(26.5325798978312,21.5147448936512,-34.0563090183791));
#3472=CARTESIAN_POINT('Ctrl Pts',(25.2644387798507,21.9414017556087,-34.1218213919207));
#3473=CARTESIAN_POINT('Ctrl Pts',(24.9804830247202,22.6967612700979,-34.1634933587357));
#3474=CARTESIAN_POINT('Ctrl Pts',(24.9775767079106,23.0180146787952,-34.181324918824));
#3475=CARTESIAN_POINT('Ctrl Pts',(24.9757880878956,23.0175994694146,-33.693675081176));
#3476=CARTESIAN_POINT('Ctrl Pts',(24.9754647759178,23.0632087665067,-33.6962157482912));
#3477=CARTESIAN_POINT('Ctrl Pts',(24.9983713444535,23.5364655741199,-33.722596822133));
#3478=CARTESIAN_POINT('Ctrl Pts',(25.5823687531736,24.379673121431,-33.7728183027015));
#3479=CARTESIAN_POINT('Ctrl Pts',(27.0422560450122,24.3306555915741,-33.8443395228817));
#3480=CARTESIAN_POINT('Ctrl Pts',(27.7915149052835,23.0767471426231,-33.9158607430618));
#3481=CARTESIAN_POINT('Ctrl Pts',(27.1430133861836,21.7678859773081,-33.9873819632418));
#3482=CARTESIAN_POINT('Ctrl Pts',(25.6914808758321,21.6044014980505,-34.058903183422));
#3483=CARTESIAN_POINT('Ctrl Pts',(25.0188619592732,22.4288507224522,-34.1110008894));
#3484=CARTESIAN_POINT('Ctrl Pts',(24.9759802507269,22.9362740217865,-34.1392581886513));
#3485=CARTESIAN_POINT('Ctrl Pts',(24.9767043710747,23.0157111003961,-34.143675081176));
#3486=CARTESIAN_POINT('Origin',(26.2673757230966,23.0168246743539,-31.706324918824));
#3487=CARTESIAN_POINT('',(24.9790975747673,23.0175020048705,-33.243675081176));
#3488=CARTESIAN_POINT('',(24.9764397059263,23.0157747149834,-33.281324918824));
#3489=CARTESIAN_POINT('',(24.9773757230966,23.0168246743539,-31.706324918824));
#3490=CARTESIAN_POINT('Ctrl Pts',(24.9764397059263,23.0157747149834,-33.281324918824));
#3491=CARTESIAN_POINT('Ctrl Pts',(24.9795965651469,23.3739144987013,-33.301248884742));
#3492=CARTESIAN_POINT('Ctrl Pts',(25.320887599808,24.165873447971,-33.3450132573868));
#3493=CARTESIAN_POINT('Ctrl Pts',(26.6630437102986,24.4899286048311,-33.4126180367582));
#3494=CARTESIAN_POINT('Ctrl Pts',(27.7200924963028,23.4818021921754,-33.4841392569382));
#3495=CARTESIAN_POINT('Ctrl Pts',(27.4448814709349,22.0472523085952,-33.5556604771184));
#3496=CARTESIAN_POINT('Ctrl Pts',(26.0898013813824,21.5018801355784,-33.6271816972985));
#3497=CARTESIAN_POINT('Ctrl Pts',(25.1137161964585,22.1928309677093,-33.6857365112003));
#3498=CARTESIAN_POINT('Ctrl Pts',(24.9789639194557,22.8199161224831,-33.7204509183755));
#3499=CARTESIAN_POINT('Ctrl Pts',(24.9793836150159,23.016516263827,-33.731324918824));
#3500=CARTESIAN_POINT('Ctrl Pts',(24.9790975747673,23.0175020048705,-33.243675081176));
#3501=CARTESIAN_POINT('Ctrl Pts',(24.9782779981351,23.1891339806866,-33.253173307931));
#3502=CARTESIAN_POINT('Ctrl Pts',(25.0901271407989,23.7905374312412,-33.2865119414126));
#3503=CARTESIAN_POINT('Ctrl Pts',(26.0028445349061,24.5190234101805,-33.3436909816209));
#3504=CARTESIAN_POINT('Ctrl Pts',(27.3870812636081,24.0526093731622,-33.415212201801));
#3505=CARTESIAN_POINT('Ctrl Pts',(27.7444631241108,22.6362896380821,-33.4867334219811));
#3506=CARTESIAN_POINT('Ctrl Pts',(26.7472319049501,21.5689547800844,-33.5582546421612));
#3507=CARTESIAN_POINT('Ctrl Pts',(25.3609923870668,21.8201803512212,-33.6272351952262));
#3508=CARTESIAN_POINT('Ctrl Pts',(24.978498581096,22.6352329066564,-33.6723753415645));
#3509=CARTESIAN_POINT('Ctrl Pts',(24.9757880878956,23.0175994694146,-33.693675081176));
#3510=CARTESIAN_POINT('Origin',(26.2673757230966,23.0168246743539,-31.706324918824));
#3511=CARTESIAN_POINT('',(24.9786633421589,23.0155060870956,-32.793675081176));
#3512=CARTESIAN_POINT('',(24.9760124502684,23.0176937203876,-32.831324918824));
#3513=CARTESIAN_POINT('',(24.9773757230966,23.0168246743539,-31.706324918824));
#3514=CARTESIAN_POINT('',(25.9321958955734,21.7711302964179,-32.7));
#3515=CARTESIAN_POINT('Ctrl Pts',(25.9321958955734,21.7711302964179,-32.7));
#3516=CARTESIAN_POINT('Ctrl Pts',(25.5175355365795,21.882703239244,-32.7238404067267));
#3517=CARTESIAN_POINT('Ctrl Pts',(25.0579326705043,22.3205571381872,-32.7550654337854));
#3518=CARTESIAN_POINT('Ctrl Pts',(24.9776463006065,22.8822942550935,-32.7862904608441));
#3519=CARTESIAN_POINT('Ctrl Pts',(24.9786633421589,23.0155060870956,-32.793675081176));
#3520=CARTESIAN_POINT('',(26.6034148267517,21.7689607907243,-32.7));
#3521=CARTESIAN_POINT('Origin',(26.2673757230966,23.0168246743539,-32.7));
#3522=CARTESIAN_POINT('Ctrl Pts',(26.603417632725,21.7689537061853,-32.7));
#3523=CARTESIAN_POINT('Ctrl Pts',(26.2052665423305,21.662934933581,-32.7229756850457));
#3524=CARTESIAN_POINT('Ctrl Pts',(25.3389380750971,21.8533771255105,-32.7667506579871));
#3525=CARTESIAN_POINT('Ctrl Pts',(24.9789390571984,22.6442151472592,-32.8105256309284));
#3526=CARTESIAN_POINT('Ctrl Pts',(24.9760124502684,23.0176937203876,-32.831324918824));
#3527=CARTESIAN_POINT('Origin',(26.2673757230966,23.0168246743539,-31.706324918824));
#3528=CARTESIAN_POINT('Ctrl Pts',(24.9760124502684,23.0176937203876,-32.831324918824));
#3529=CARTESIAN_POINT('Ctrl Pts',(24.9755845433376,23.0723010092265,-32.8343660376551));
#3530=CARTESIAN_POINT('Ctrl Pts',(25.0035722785726,23.5545631109425,-32.8612475632129));
#3531=CARTESIAN_POINT('Ctrl Pts',(25.6110661454152,24.3938256093043,-32.9119694954974));
#3532=CARTESIAN_POINT('Ctrl Pts',(27.0696351799813,24.314078738873,-32.9834907156775));
#3533=CARTESIAN_POINT('Ctrl Pts',(27.7924310014903,23.0448082134337,-33.0550119358576));
#3534=CARTESIAN_POINT('Ctrl Pts',(27.1166438036176,21.7497948436895,-33.1265331560377));
#3535=CARTESIAN_POINT('Ctrl Pts',(25.6619999756817,21.6167899868071,-33.1980543762179));
#3536=CARTESIAN_POINT('Ctrl Pts',(25.013105792547,22.4470953023767,-33.2496516304799));
#3537=CARTESIAN_POINT('Ctrl Pts',(24.9758191641964,22.9453754144658,-33.2774084780153));
#3538=CARTESIAN_POINT('Ctrl Pts',(24.9764397059263,23.0157747149834,-33.281324918824));
#3539=CARTESIAN_POINT('Ctrl Pts',(24.9786633421589,23.0155060870956,-32.793675081176));
#3540=CARTESIAN_POINT('Ctrl Pts',(24.980929703568,23.3123535016047,-32.8101308675707));
#3541=CARTESIAN_POINT('Ctrl Pts',(25.2297303002733,24.0436714581706,-32.8504270606922));
#3542=CARTESIAN_POINT('Ctrl Pts',(26.4459137491309,24.5314067672451,-32.9145636605403));
#3543=CARTESIAN_POINT('Ctrl Pts',(27.6373370755,23.6873432311686,-32.9860848807204));
#3544=CARTESIAN_POINT('Ctrl Pts',(27.5729057810127,22.2278597554908,-33.0576061009005));
#3545=CARTESIAN_POINT('Ctrl Pts',(26.310948732528,21.4921637945661,-33.1291273210806));
#3546=CARTESIAN_POINT('Ctrl Pts',(25.1820342651531,22.0666171095137,-33.1911503145058));
#3547=CARTESIAN_POINT('Ctrl Pts',(24.9803351231921,22.7583402950508,-33.2293329012043));
#3548=CARTESIAN_POINT('Ctrl Pts',(24.9790975747673,23.0175020048705,-33.243675081176));
#3549=CARTESIAN_POINT('Ctrl Pts',(27.0437732205702,23.7053971022196,-32.7));
#3550=CARTESIAN_POINT('Ctrl Pts',(27.2729816806783,23.4469538831391,-32.7238404067267));
#3551=CARTESIAN_POINT('Ctrl Pts',(27.4486250602556,22.6872182417061,-32.7715212201801));
#3552=CARTESIAN_POINT('Ctrl Pts',(26.6290401340805,21.8435739270494,-32.8430424403602));
#3553=CARTESIAN_POINT('Ctrl Pts',(25.4772325468628,22.0782938647913,-32.9145636605403));
#3554=CARTESIAN_POINT('Ctrl Pts',(25.0502997864452,23.1725565838656,-32.9860848807204));
#3555=CARTESIAN_POINT('Ctrl Pts',(25.7394026500433,24.1245632171794,-33.0576061009005));
#3556=CARTESIAN_POINT('Ctrl Pts',(26.9127592512997,24.0604102599777,-33.1291273210806));
#3557=CARTESIAN_POINT('Ctrl Pts',(27.4942176728277,23.039336238447,-33.2006485412607));
#3558=CARTESIAN_POINT('Ctrl Pts',(26.9505756847715,21.9975531962361,-33.2721697614408));
#3559=CARTESIAN_POINT('Ctrl Pts',(25.7803767448952,21.8905564596239,-33.3436909816209));
#3560=CARTESIAN_POINT('Ctrl Pts',(25.0567989404375,22.8164246718602,-33.415212201801));
#3561=CARTESIAN_POINT('Ctrl Pts',(25.4434174020343,23.9260833641978,-33.4867334219811));
#3562=CARTESIAN_POINT('Ctrl Pts',(26.5856737492353,24.2018739796661,-33.5582546421612));
#3563=CARTESIAN_POINT('Ctrl Pts',(27.4360244296041,23.3908792628184,-33.6297758623413));
#3564=CARTESIAN_POINT('Ctrl Pts',(27.2146288934991,22.2368450444577,-33.7012970825214));
#3565=CARTESIAN_POINT('Ctrl Pts',(26.1245247361866,21.7981163835677,-33.7728183027015));
#3566=CARTESIAN_POINT('Ctrl Pts',(25.1654265650216,22.4770424544651,-33.8443395228816));
#3567=CARTESIAN_POINT('Ctrl Pts',(25.2169059909551,23.6509934028698,-33.9158607430617));
#3568=CARTESIAN_POINT('Ctrl Pts',(26.2317516577197,24.2433589850973,-33.9873819632418));
#3569=CARTESIAN_POINT('Ctrl Pts',(27.2792682576952,23.7108939636386,-34.058903183422));
#3570=CARTESIAN_POINT('Ctrl Pts',(27.3987951393828,22.541907405597,-34.130424403602));
#3571=CARTESIAN_POINT('Ctrl Pts',(26.4807211745159,21.8084655329398,-34.2019456237822));
#3572=CARTESIAN_POINT('Ctrl Pts',(25.3669853313578,22.183173862442,-34.2734668439622));
#3573=CARTESIAN_POINT('Ctrl Pts',(25.078994814004,23.3224367733322,-34.3449880641424));
#3574=CARTESIAN_POINT('Ctrl Pts',(25.880818348204,24.1813692930413,-34.4165092843225));
#3575=CARTESIAN_POINT('Ctrl Pts',(27.0372051206558,23.9724411998411,-34.4880305045026));
#3576=CARTESIAN_POINT('Ctrl Pts',(27.4874746573863,22.886882942176,-34.5595517246826));
#3577=CARTESIAN_POINT('Ctrl Pts',(26.8190630640447,21.9210110965566,-34.6310729448628));
#3578=CARTESIAN_POINT('Ctrl Pts',(25.6441970846726,21.9590123815369,-34.7025941650429));
#3579=CARTESIAN_POINT('Ctrl Pts',(25.041923275702,22.9693199782093,-34.774115385223));
#3580=CARTESIAN_POINT('Ctrl Pts',(25.388496667896,23.6678439402006,-34.8217961986764));
#3581=CARTESIAN_POINT('Ctrl Pts',(25.6712578691077,23.8662765956865,-34.8456366054031));
#3582=CARTESIAN_POINT('Ctrl Pts',(27.1066805581556,23.7611884440422,-32.6514544648656));
#3583=CARTESIAN_POINT('Ctrl Pts',(27.3544605541385,23.4818049528945,-32.6752948715923));
#3584=CARTESIAN_POINT('Ctrl Pts',(27.544335377544,22.660511994975,-32.7229756850457));
#3585=CARTESIAN_POINT('Ctrl Pts',(26.6583438673723,21.748511692726,-32.7944969052259));
#3586=CARTESIAN_POINT('Ctrl Pts',(25.4132114704297,22.0022497319037,-32.8660181254059));
#3587=CARTESIAN_POINT('Ctrl Pts',(24.9516866313757,23.1851747077473,-32.9375393455861));
#3588=CARTESIAN_POINT('Ctrl Pts',(25.6966238151672,24.2143173478877,-33.0090605657661));
#3589=CARTESIAN_POINT('Ctrl Pts',(26.9650512275269,24.1449664196095,-33.0805817859463));
#3590=CARTESIAN_POINT('Ctrl Pts',(27.5936221157152,23.0411602301092,-33.1521030061263));
#3591=CARTESIAN_POINT('Ctrl Pts',(27.0059317243869,21.9149670787205,-33.2236242263065));
#3592=CARTESIAN_POINT('Ctrl Pts',(25.740917821824,21.799300968685,-33.2951454464866));
#3593=CARTESIAN_POINT('Ctrl Pts',(24.958712377063,22.8001873312583,-33.3666666666667));
#3594=CARTESIAN_POINT('Ctrl Pts',(25.3766564652358,23.9997557337516,-33.4381878868468));
#3595=CARTESIAN_POINT('Ctrl Pts',(26.6114637362564,24.2978921880545,-33.5097091070269));
#3596=CARTESIAN_POINT('Ctrl Pts',(27.5307137851703,23.4211869059374,-33.581230327207));
#3597=CARTESIAN_POINT('Ctrl Pts',(27.2913797526443,22.1736474658369,-33.6527515473871));
#3598=CARTESIAN_POINT('Ctrl Pts',(26.1129502845852,21.6993709675713,-33.7242727675672));
#3599=CARTESIAN_POINT('Ctrl Pts',(25.076141517202,22.4333067875682,-33.7957939877473));
#3600=CARTESIAN_POINT('Ctrl Pts',(25.1317920457426,23.7023767038472,-33.8673152079274));
#3601=CARTESIAN_POINT('Ctrl Pts',(26.2288652301949,24.3427385016427,-33.9388364281075));
#3602=CARTESIAN_POINT('Ctrl Pts',(27.3612564988749,23.7671306867486,-34.0103576482876));
#3603=CARTESIAN_POINT('Ctrl Pts',(27.4904680046388,22.5034273988376,-34.0818788684677));
#3604=CARTESIAN_POINT('Ctrl Pts',(26.498007415621,21.7105586531769,-34.1534000886478));
#3605=CARTESIAN_POINT('Ctrl Pts',(25.294031512578,22.1156275949386,-34.2249213088279));
#3606=CARTESIAN_POINT('Ctrl Pts',(24.9827066635765,23.347198887511,-34.296442529008));
#3607=CARTESIAN_POINT('Ctrl Pts',(25.8494976711569,24.2757261163173,-34.3679637491881));
#3608=CARTESIAN_POINT('Ctrl Pts',(27.0995802802268,24.0498696969274,-34.4394849693682));
#3609=CARTESIAN_POINT('Ctrl Pts',(27.5863327497895,22.8763544584558,-34.5110061895483));
#3610=CARTESIAN_POINT('Ctrl Pts',(26.8637633392407,21.832223181998,-34.5825274097284));
#3611=CARTESIAN_POINT('Ctrl Pts',(25.5937042519279,21.8733035078958,-34.6540486299085));
#3612=CARTESIAN_POINT('Ctrl Pts',(24.9426314167587,22.9654709267028,-34.7255698500886));
#3613=CARTESIAN_POINT('Ctrl Pts',(25.3172857976883,23.720592550113,-34.773250663542));
#3614=CARTESIAN_POINT('Ctrl Pts',(25.6229576270235,23.9351031425929,-34.7970910702687));
#3615=CARTESIAN_POINT('Ctrl Pts',(27.169587895741,23.8169797858648,-32.6029089297313));
#3616=CARTESIAN_POINT('Ctrl Pts',(27.4359394275987,23.5166560226499,-32.626749336458));
#3617=CARTESIAN_POINT('Ctrl Pts',(27.6400456948325,22.633805748244,-32.6744301499114));
#3618=CARTESIAN_POINT('Ctrl Pts',(26.6876476006641,21.6534494584025,-32.7459513700915));
#3619=CARTESIAN_POINT('Ctrl Pts',(25.3491903939968,21.9262055990162,-32.8174725902716));
#3620=CARTESIAN_POINT('Ctrl Pts',(24.8530734763061,23.1977928316288,-32.8889938104517));
#3621=CARTESIAN_POINT('Ctrl Pts',(25.6538449802912,24.3040714785961,-32.9605150306318));
#3622=CARTESIAN_POINT('Ctrl Pts',(27.0173432037541,24.2295225792412,-33.0320362508119));
#3623=CARTESIAN_POINT('Ctrl Pts',(27.6930265586027,23.0429842217715,-33.103557470992));
#3624=CARTESIAN_POINT('Ctrl Pts',(27.0612877640022,21.832380961205,-33.1750786911721));
#3625=CARTESIAN_POINT('Ctrl Pts',(25.7014588987529,21.708045477746,-33.2465999113522));
#3626=CARTESIAN_POINT('Ctrl Pts',(24.8606258136884,22.7839499906563,-33.3181211315323));
#3627=CARTESIAN_POINT('Ctrl Pts',(25.3098955284373,24.0734281033053,-33.3896423517124));
#3628=CARTESIAN_POINT('Ctrl Pts',(26.6372537232775,24.3939103964428,-33.4611635718925));
#3629=CARTESIAN_POINT('Ctrl Pts',(27.6254031407365,23.4514945490564,-33.5326847920726));
#3630=CARTESIAN_POINT('Ctrl Pts',(27.3681306117896,22.1104498872161,-33.6042060122527));
#3631=CARTESIAN_POINT('Ctrl Pts',(26.1013758329838,21.6006255515748,-33.6757272324328));
#3632=CARTESIAN_POINT('Ctrl Pts',(24.9868564693824,22.3895711206712,-33.7472484526129));
#3633=CARTESIAN_POINT('Ctrl Pts',(25.0466781005302,23.7537600048247,-33.818769672793));
#3634=CARTESIAN_POINT('Ctrl Pts',(26.2259788026702,24.4421180181881,-33.8902908929731));
#3635=CARTESIAN_POINT('Ctrl Pts',(27.4432447400545,23.8233674098585,-33.9618121131532));
#3636=CARTESIAN_POINT('Ctrl Pts',(27.5821408698948,22.4649473920781,-34.0333333333333));
#3637=CARTESIAN_POINT('Ctrl Pts',(26.5152936567261,21.612651773414,-34.1048545535135));
#3638=CARTESIAN_POINT('Ctrl Pts',(25.2210776937983,22.0480813274353,-34.1763757736935));
#3639=CARTESIAN_POINT('Ctrl Pts',(24.8864185131489,23.3719610016899,-34.2478969938737));
#3640=CARTESIAN_POINT('Ctrl Pts',(25.8181769941099,24.3700829395932,-34.3194182140537));
#3641=CARTESIAN_POINT('Ctrl Pts',(27.1619554397978,24.1272981940138,-34.3909394342339));
#3642=CARTESIAN_POINT('Ctrl Pts',(27.6851908421928,22.8658259747356,-34.4624606544139));
#3643=CARTESIAN_POINT('Ctrl Pts',(26.9084636144368,21.7434352674395,-34.5339818745941));
#3644=CARTESIAN_POINT('Ctrl Pts',(25.5432114191832,21.7875946342547,-34.6055030947741));
#3645=CARTESIAN_POINT('Ctrl Pts',(24.8433395578154,22.9616218751964,-34.6770243149543));
#3646=CARTESIAN_POINT('Ctrl Pts',(25.2460749274805,23.7733411600255,-34.7247051284077));
#3647=CARTESIAN_POINT('Ctrl Pts',(25.5746573849392,24.0039296894992,-34.7485455351344));
#3648=CARTESIAN_POINT('Ctrl Pts',(27.2324952333263,23.8727711276873,-32.5543633945969));
#3649=CARTESIAN_POINT('Ctrl Pts',(27.5174183010589,23.5515070924053,-32.5782038013236));
#3650=CARTESIAN_POINT('Ctrl Pts',(27.735756012121,22.607099501513,-32.625884614777));
#3651=CARTESIAN_POINT('Ctrl Pts',(26.7169513339559,21.558387224079,-32.6974058349571));
#3652=CARTESIAN_POINT('Ctrl Pts',(25.2851693175638,21.8501614661286,-32.7689270551372));
#3653=CARTESIAN_POINT('Ctrl Pts',(24.7544603212366,23.2104109555104,-32.8404482753173));
#3654=CARTESIAN_POINT('Ctrl Pts',(25.6110661454152,24.3938256093043,-32.9119694954974));
#3655=CARTESIAN_POINT('Ctrl Pts',(27.0696351799813,24.314078738873,-32.9834907156775));
#3656=CARTESIAN_POINT('Ctrl Pts',(27.7924310014903,23.0448082134337,-33.0550119358576));
#3657=CARTESIAN_POINT('Ctrl Pts',(27.1166438036176,21.7497948436895,-33.1265331560377));
#3658=CARTESIAN_POINT('Ctrl Pts',(25.6619999756817,21.6167899868071,-33.1980543762179));
#3659=CARTESIAN_POINT('Ctrl Pts',(24.7625392503139,22.7677126500543,-33.2695755963979));
#3660=CARTESIAN_POINT('Ctrl Pts',(25.2431345916388,24.147100472859,-33.3410968165781));
#3661=CARTESIAN_POINT('Ctrl Pts',(26.6630437102986,24.4899286048311,-33.4126180367582));
#3662=CARTESIAN_POINT('Ctrl Pts',(27.7200924963028,23.4818021921754,-33.4841392569382));
#3663=CARTESIAN_POINT('Ctrl Pts',(27.4448814709349,22.0472523085952,-33.5556604771184));
#3664=CARTESIAN_POINT('Ctrl Pts',(26.0898013813824,21.5018801355784,-33.6271816972985));
#3665=CARTESIAN_POINT('Ctrl Pts',(24.8975714215628,22.3458354537743,-33.6987029174785));
#3666=CARTESIAN_POINT('Ctrl Pts',(24.9615641553177,23.8051433058022,-33.7702241376587));
#3667=CARTESIAN_POINT('Ctrl Pts',(26.2230923751455,24.5414975347335,-33.8417453578387));
#3668=CARTESIAN_POINT('Ctrl Pts',(27.5252329812342,23.8796041329685,-33.9132665780189));
#3669=CARTESIAN_POINT('Ctrl Pts',(27.6738137351508,22.4264673853186,-33.9847877981989));
#3670=CARTESIAN_POINT('Ctrl Pts',(26.5325798978312,21.5147448936512,-34.0563090183791));
#3671=CARTESIAN_POINT('Ctrl Pts',(25.1481238750185,21.9805350599319,-34.1278302385592));
#3672=CARTESIAN_POINT('Ctrl Pts',(24.7901303627214,23.3967231158687,-34.1993514587393));
#3673=CARTESIAN_POINT('Ctrl Pts',(25.7868563170629,24.4644397628692,-34.2708726789194));
#3674=CARTESIAN_POINT('Ctrl Pts',(27.2243305993687,24.2047266911002,-34.3423938990995));
#3675=CARTESIAN_POINT('Ctrl Pts',(27.7840489345961,22.8552974910154,-34.4139151192796));
#3676=CARTESIAN_POINT('Ctrl Pts',(26.9531638896328,21.654647352881,-34.4854363394597));
#3677=CARTESIAN_POINT('Ctrl Pts',(25.4927185864385,21.7018857606136,-34.5569575596398));
#3678=CARTESIAN_POINT('Ctrl Pts',(24.7440476988721,22.9577728236899,-34.6284787798199));
#3679=CARTESIAN_POINT('Ctrl Pts',(25.1748640572727,23.8260897699379,-34.6761595932733));
#3680=CARTESIAN_POINT('Ctrl Pts',(25.526357142855,24.0727562364055,-34.7));
#3681=CARTESIAN_POINT('Ctrl Pts',(25.526357142855,24.0727562364055,-34.7));
#3682=CARTESIAN_POINT('Ctrl Pts',(25.4859799561879,24.0382065527121,-34.7));
#3683=CARTESIAN_POINT('Ctrl Pts',(25.44802220962,24.0010419691626,-34.7));
#3684=CARTESIAN_POINT('Ctrl Pts',(25.4125828368021,23.9615781876925,-34.7));
#3685=CARTESIAN_POINT('Ctrl Pts',(25.3808748917929,23.9262695658629,-34.7));
#3686=CARTESIAN_POINT('Ctrl Pts',(25.3511833173829,23.8891193111819,-34.7));
#3687=CARTESIAN_POINT('Ctrl Pts',(25.3236108932569,23.8503383138125,-34.7));
#3688=CARTESIAN_POINT('Ctrl Pts',(25.3160647635757,23.83972457764,-34.7));
#3689=CARTESIAN_POINT('Ctrl Pts',(25.3086769365937,23.8289874703484,-34.7));
#3690=CARTESIAN_POINT('Ctrl Pts',(25.3014595104976,23.818146377803,-34.7));
#3691=CARTESIAN_POINT('Ctrl Pts',(25.2724051915167,23.7745047032338,-34.7));
#3692=CARTESIAN_POINT('Ctrl Pts',(25.2460690700847,23.7291255225133,-34.7));
#3693=CARTESIAN_POINT('Ctrl Pts',(25.2225755206525,23.6823036893007,-34.7));
#3694=CARTESIAN_POINT('Ctrl Pts',(25.2087890261453,23.6548276815452,-34.7));
#3695=CARTESIAN_POINT('Ctrl Pts',(25.195982316984,23.626854538228,-34.7));
#3696=CARTESIAN_POINT('Ctrl Pts',(25.184188829839,23.5984426128292,-34.7));
#3697=CARTESIAN_POINT('Ctrl Pts',(25.1795256367108,23.5872084211392,-34.7));
#3698=CARTESIAN_POINT('Ctrl Pts',(25.1750209251329,23.5759056278387,-34.7));
#3699=CARTESIAN_POINT('Ctrl Pts',(25.1706770410522,23.5645378551395,-34.7));
#3700=CARTESIAN_POINT('Ctrl Pts',(25.1671299194687,23.5552551783581,-34.7));
#3701=CARTESIAN_POINT('Ctrl Pts',(25.1636934780835,23.5459381589895,-34.7));
#3702=CARTESIAN_POINT('Ctrl Pts',(25.1603685728239,23.5365894109481,-34.7));
#3703=CARTESIAN_POINT('Ctrl Pts',(25.1434027202368,23.488885952125,-34.7));
#3704=CARTESIAN_POINT('Ctrl Pts',(25.1293350905453,23.4403521616269,-34.7));
#3705=CARTESIAN_POINT('Ctrl Pts',(25.1182808202334,23.3912553520613,-34.7));
#3706=CARTESIAN_POINT('Ctrl Pts',(25.1074416539168,23.3431139126464,-34.7));
#3707=CARTESIAN_POINT('Ctrl Pts',(25.099499652811,23.2944301545833,-34.7));
#3708=CARTESIAN_POINT('Ctrl Pts',(25.0946121499374,23.2454579663413,-34.7));
#3709=CARTESIAN_POINT('Ctrl Pts',(25.0920533483602,23.219819083716,-34.7));
#3710=CARTESIAN_POINT('Ctrl Pts',(25.090332587004,23.1941012664257,-34.7));
#3711=CARTESIAN_POINT('Ctrl Pts',(25.0894780293432,23.1683425124604,-34.7));
#3712=CARTESIAN_POINT('Ctrl Pts',(25.0889333362216,23.1519239409011,-34.7));
#3713=CARTESIAN_POINT('Ctrl Pts',(25.0887406390331,23.1354887641894,-34.7));
#3714=CARTESIAN_POINT('Ctrl Pts',(25.0889080761344,23.1190471880883,-34.7));
#3715=CARTESIAN_POINT('Ctrl Pts',(25.0890051051042,23.1095193762891,-34.7));
#3716=CARTESIAN_POINT('Ctrl Pts',(25.0892232238526,23.0999889052976,-34.7));
#3717=CARTESIAN_POINT('Ctrl Pts',(25.0895631989401,23.0904734398975,-34.7));
#3718=CARTESIAN_POINT('Ctrl Pts',(25.0910012843842,23.0502232780808,-34.7));
#3719=CARTESIAN_POINT('Ctrl Pts',(25.0946177353248,23.0101730520203,-34.7));
#3720=CARTESIAN_POINT('Ctrl Pts',(25.100489845586,22.9704626398787,-34.7));
#3721=CARTESIAN_POINT('Ctrl Pts',(25.1076565551712,22.9219974410546,-34.7));
#3722=CARTESIAN_POINT('Ctrl Pts',(25.118182312545,22.8740371117583,-34.7));
#3723=CARTESIAN_POINT('Ctrl Pts',(25.1318729750247,22.8268502726764,-34.7));
#3724=CARTESIAN_POINT('Ctrl Pts',(25.1430073905053,22.7884739068629,-34.7));
#3725=CARTESIAN_POINT('Ctrl Pts',(25.1562363801596,22.7506092648445,-34.7));
#3726=CARTESIAN_POINT('Ctrl Pts',(25.1714753848292,22.7134166907881,-34.7));
#3727=CARTESIAN_POINT('Ctrl Pts',(25.1755977134652,22.7033556653865,-34.7));
#3728=CARTESIAN_POINT('Ctrl Pts',(25.1798672119989,22.6933439188875,-34.7));
#3729=CARTESIAN_POINT('Ctrl Pts',(25.1842823801894,22.6833848609122,-34.7));
#3730=CARTESIAN_POINT('Ctrl Pts',(25.1878962559321,22.6752332353149,-34.7));
#3731=CARTESIAN_POINT('Ctrl Pts',(25.19160723368,22.6671182543207,-34.7));
#3732=CARTESIAN_POINT('Ctrl Pts',(25.1954089863441,22.6590526946408,-34.7));
#3733=CARTESIAN_POINT('Ctrl Pts',(25.2158798622277,22.6156229700557,-34.7));
#3734=CARTESIAN_POINT('Ctrl Pts',(25.2390180389837,22.573534819984,-34.7));
#3735=CARTESIAN_POINT('Ctrl Pts',(25.2646351036836,22.533036486554,-34.7));
#3736=CARTESIAN_POINT('Ctrl Pts',(25.2900288380942,22.4928912187319,-34.7));
#3737=CARTESIAN_POINT('Ctrl Pts',(25.3178593439015,22.4543073264234,-34.7));
#3738=CARTESIAN_POINT('Ctrl Pts',(25.3479769952527,22.41756419206,-34.7));
#3739=CARTESIAN_POINT('Ctrl Pts',(25.3633898583904,22.39876070388,-34.7));
#3740=CARTESIAN_POINT('Ctrl Pts',(25.3794021729779,22.3804399838621,-34.7));
#3741=CARTESIAN_POINT('Ctrl Pts',(25.3959962080365,22.3626444018519,-34.7));
#3742=CARTESIAN_POINT('Ctrl Pts',(25.4040687957763,22.3539872912305,-34.7));
#3743=CARTESIAN_POINT('Ctrl Pts',(25.4122790714911,22.3454545137993,-34.7));
#3744=CARTESIAN_POINT('Ctrl Pts',(25.4206250862371,22.3370512764518,-34.7));
#3745=CARTESIAN_POINT('Ctrl Pts',(25.4287373809255,22.3288833616117,-34.7));
#3746=CARTESIAN_POINT('Ctrl Pts',(25.4369808012241,22.3208353239023,-34.7));
#3747=CARTESIAN_POINT('Ctrl Pts',(25.4453338979304,22.3129301453337,-34.7));
#3748=CARTESIAN_POINT('Ctrl Pts',(25.4785294802818,22.2815146098261,-34.7));
#3749=CARTESIAN_POINT('Ctrl Pts',(25.5135103601914,22.2522935114123,-34.7));
#3750=CARTESIAN_POINT('Ctrl Pts',(25.5501318536639,22.2255107132921,-34.7));
#3751=CARTESIAN_POINT('Ctrl Pts',(25.5854461858218,22.19968389578,-34.7));
#3752=CARTESIAN_POINT('Ctrl Pts',(25.6222869043236,22.1761240408428,-34.7));
#3753=CARTESIAN_POINT('Ctrl Pts',(25.660540680421,22.1550945052669,-34.7));
#3754=CARTESIAN_POINT('Ctrl Pts',(25.6855476551276,22.1413472332878,-34.7));
#3755=CARTESIAN_POINT('Ctrl Pts',(25.7111587890991,22.1286821878503,-34.7));
#3756=CARTESIAN_POINT('Ctrl Pts',(25.7373440881547,22.1171849874336,-34.7));
#3757=CARTESIAN_POINT('Ctrl Pts',(25.7488627775657,22.1121274671656,-34.7));
#3758=CARTESIAN_POINT('Ctrl Pts',(25.7604925843795,22.1072960729985,-34.7));
#3759=CARTESIAN_POINT('Ctrl Pts',(25.7722267367568,22.1026915258727,-34.7));
#3760=CARTESIAN_POINT('Ctrl Pts',(27.0437732205702,23.7053971022196,-32.7));
#3761=CARTESIAN_POINT('Ctrl Pts',(27.0762470725953,23.6765510835897,-32.7));
#3762=CARTESIAN_POINT('Ctrl Pts',(27.1066170615942,23.6456269647288,-32.7));
#3763=CARTESIAN_POINT('Ctrl Pts',(27.1348770181364,23.6129289234481,-32.7));
#3764=CARTESIAN_POINT('Ctrl Pts',(27.1644336080854,23.5787306189732,-32.7));
#3765=CARTESIAN_POINT('Ctrl Pts',(27.1916827619576,23.5425914224464,-32.7));
#3766=CARTESIAN_POINT('Ctrl Pts',(27.2165913915316,23.5048085880174,-32.7));
#3767=CARTESIAN_POINT('Ctrl Pts',(27.2357989884537,23.4756734060868,-32.7));
#3768=CARTESIAN_POINT('Ctrl Pts',(27.2536143785782,23.4455596975826,-32.7));
#3769=CARTESIAN_POINT('Ctrl Pts',(27.2700087214689,23.4145876985643,-32.7));
#3770=CARTESIAN_POINT('Ctrl Pts',(27.2752804347371,23.404628440102,-32.7));
#3771=CARTESIAN_POINT('Ctrl Pts',(27.280405111121,23.3945803455646,-32.7));
#3772=CARTESIAN_POINT('Ctrl Pts',(27.2853814884323,23.384447178907,-32.7));
#3773=CARTESIAN_POINT('Ctrl Pts',(27.2888499165422,23.3773845793734,-32.7));
#3774=CARTESIAN_POINT('Ctrl Pts',(27.29224561622,23.3702818909018,-32.7));
#3775=CARTESIAN_POINT('Ctrl Pts',(27.2955642592337,23.3631493429722,-32.7));
#3776=CARTESIAN_POINT('Ctrl Pts',(27.3153873611678,23.3205448133277,-32.7));
#3777=CARTESIAN_POINT('Ctrl Pts',(27.3325058337791,23.2767935397527,-32.7));
#3778=CARTESIAN_POINT('Ctrl Pts',(27.3468903529415,23.2322108033018,-32.7));
#3779=CARTESIAN_POINT('Ctrl Pts',(27.3615690121217,23.1867164224126,-32.7));
#3780=CARTESIAN_POINT('Ctrl Pts',(27.3734014318958,23.1403552827852,-32.7));
#3781=CARTESIAN_POINT('Ctrl Pts',(27.3823169822694,23.0934261904533,-32.7));
#3782=CARTESIAN_POINT('Ctrl Pts',(27.3884346309183,23.0612245106617,-32.7));
#3783=CARTESIAN_POINT('Ctrl Pts',(27.3931780791624,23.0287546492697,-32.7));
#3784=CARTESIAN_POINT('Ctrl Pts',(27.3965115884027,22.996107275097,-32.7));
#3785=CARTESIAN_POINT('Ctrl Pts',(27.3974529702111,22.9868876683943,-32.7));
#3786=CARTESIAN_POINT('Ctrl Pts',(27.3982818401268,22.9776538869456,-32.7));
#3787=CARTESIAN_POINT('Ctrl Pts',(27.3989972237734,22.9684079386303,-32.7));
#3788=CARTESIAN_POINT('Ctrl Pts',(27.3997046316629,22.9592650726787,-32.7));
#3789=CARTESIAN_POINT('Ctrl Pts',(27.4003003966824,22.9501185618686,-32.7));
#3790=CARTESIAN_POINT('Ctrl Pts',(27.4007839891968,22.9409745316772,-32.7));
#3791=CARTESIAN_POINT('Ctrl Pts',(27.4033858945846,22.891776289942,-32.7));
#3792=CARTESIAN_POINT('Ctrl Pts',(27.4027471328253,22.8426149250523,-32.7));
#3793=CARTESIAN_POINT('Ctrl Pts',(27.3988076213486,22.7938077942009,-32.7));
#3794=CARTESIAN_POINT('Ctrl Pts',(27.3963537412137,22.7634063473347,-32.7));
#3795=CARTESIAN_POINT('Ctrl Pts',(27.3926183398625,22.7331417397141,-32.7));
#3796=CARTESIAN_POINT('Ctrl Pts',(27.3875772736756,22.7030871676684,-32.7));
#3797=CARTESIAN_POINT('Ctrl Pts',(27.3796938461255,22.6560865863449,-32.7));
#3798=CARTESIAN_POINT('Ctrl Pts',(27.3686200635124,22.6095991853396,-32.7));
#3799=CARTESIAN_POINT('Ctrl Pts',(27.3545661623355,22.5638185010078,-32.7));
#3800=CARTESIAN_POINT('Ctrl Pts',(27.3510470253228,22.5523548868362,-32.7));
#3801=CARTESIAN_POINT('Ctrl Pts',(27.3473407767869,22.5409356073335,-32.7));
#3802=CARTESIAN_POINT('Ctrl Pts',(27.3434502239492,22.5295637727469,-32.7));
#3803=CARTESIAN_POINT('Ctrl Pts',(27.340263944395,22.5202504834664,-32.7));
#3804=CARTESIAN_POINT('Ctrl Pts',(27.3369569451795,22.5109776202947,-32.7));
#3805=CARTESIAN_POINT('Ctrl Pts',(27.3335331091005,22.5017511225896,-32.7));
#3806=CARTESIAN_POINT('Ctrl Pts',(27.3163980392072,22.4555758153027,-32.7));
#3807=CARTESIAN_POINT('Ctrl Pts',(27.2963292235391,22.41052734655,-32.7));
#3808=CARTESIAN_POINT('Ctrl Pts',(27.2735949571744,22.366806546942,-32.7));
#3809=CARTESIAN_POINT('Ctrl Pts',(27.2503070400385,22.3220210085811,-32.7));
#3810=CARTESIAN_POINT('Ctrl Pts',(27.2242219261284,22.2786276372516,-32.7));
#3811=CARTESIAN_POINT('Ctrl Pts',(27.1955725891865,22.2368470697014,-32.7));
#3812=CARTESIAN_POINT('Ctrl Pts',(27.1786244456207,22.2121308586932,-32.7));
#3813=CARTESIAN_POINT('Ctrl Pts',(27.1607779109907,22.1879792188801,-32.7));
#3814=CARTESIAN_POINT('Ctrl Pts',(27.1420732401547,22.164440738345,-32.7));
#3815=CARTESIAN_POINT('Ctrl Pts',(27.1329553066477,22.1529664759932,-32.7));
#3816=CARTESIAN_POINT('Ctrl Pts',(27.1236333747865,22.1416379586741,-32.7));
#3817=CARTESIAN_POINT('Ctrl Pts',(27.1141116556184,22.1304611009338,-32.7));
#3818=CARTESIAN_POINT('Ctrl Pts',(27.1081484683999,22.123461346578,-32.7));
#3819=CARTESIAN_POINT('Ctrl Pts',(27.1021083466562,22.1165228570176,-32.7));
#3820=CARTESIAN_POINT('Ctrl Pts',(27.095998426448,22.1096535464788,-32.7));
#3821=CARTESIAN_POINT('Ctrl Pts',(27.06102639794,22.0703349112411,-32.7));
#3822=CARTESIAN_POINT('Ctrl Pts',(27.0237185346592,22.033218408237,-32.7));
#3823=CARTESIAN_POINT('Ctrl Pts',(26.9843211968694,21.9985439209867,-32.7));
#3824=CARTESIAN_POINT('Ctrl Pts',(26.9572674211335,21.9747332816275,-32.7));
#3825=CARTESIAN_POINT('Ctrl Pts',(26.9292272423299,21.952074407696,-32.7));
#3826=CARTESIAN_POINT('Ctrl Pts',(26.9002681885572,21.9306522263699,-32.7));
#3827=CARTESIAN_POINT('Ctrl Pts',(26.8873961633111,21.9211302695747,-32.7));
#3828=CARTESIAN_POINT('Ctrl Pts',(26.8743387189974,21.9118504250798,-32.7));
#3829=CARTESIAN_POINT('Ctrl Pts',(26.8611253843541,21.9028364178794,-32.7));
#3830=CARTESIAN_POINT('Ctrl Pts',(26.8172457935692,21.8729021917389,-32.7));
#3831=CARTESIAN_POINT('Ctrl Pts',(26.7716060591686,21.8458623963416,-32.7));
#3832=CARTESIAN_POINT('Ctrl Pts',(26.7244340551142,21.8219704257364,-32.7));
#3833=CARTESIAN_POINT('Ctrl Pts',(26.6989906081148,21.809083670128,-32.7));
#3834=CARTESIAN_POINT('Ctrl Pts',(26.6731006640477,21.7971132085518,-32.7));
#3835=CARTESIAN_POINT('Ctrl Pts',(26.6467955931343,21.7861033782314,-32.7));
#3836=CARTESIAN_POINT('Ctrl Pts',(26.6324570658653,21.7801020732816,-32.7));
#3837=CARTESIAN_POINT('Ctrl Pts',(26.6179951482293,21.7743862530935,-32.7));
#3838=CARTESIAN_POINT('Ctrl Pts',(26.6034176327249,21.7689537061853,-32.7));
#3839=CARTESIAN_POINT('Ctrl Pts',(25.2288727371909,23.015980026806,-33.4269615242271));
#3840=CARTESIAN_POINT('Ctrl Pts',(25.2283735378263,22.9593467910602,-33.4230450834184));
#3841=CARTESIAN_POINT('Ctrl Pts',(25.2326058488252,22.9027882741816,-33.4191286426097));
#3842=CARTESIAN_POINT('Ctrl Pts',(25.2418316514466,22.8470564185438,-33.415212201801));
#3843=CARTESIAN_POINT('Ctrl Pts',(25.2979915419234,22.5078019344481,-33.3913717950743));
#3844=CARTESIAN_POINT('Ctrl Pts',(25.5391841434093,22.199179197036,-33.3675313883476));
#3845=CARTESIAN_POINT('Ctrl Pts',(25.8548136007983,22.0627006177653,-33.3436909816209));
#3846=CARTESIAN_POINT('Ctrl Pts',(26.1704430581873,21.9262220384946,-33.3198505748942));
#3847=CARTESIAN_POINT('Ctrl Pts',(26.5605093714794,21.9618876173653,-33.2960101681675));
#3848=CARTESIAN_POINT('Ctrl Pts',(26.8461495261348,22.1533509138359,-33.2721697614408));
#3849=CARTESIAN_POINT('Ctrl Pts',(27.1317896807902,22.3448142103064,-33.2483293547141));
#3850=CARTESIAN_POINT('Ctrl Pts',(27.3130036768089,22.6920752243767,-33.2244889479874));
#3851=CARTESIAN_POINT('Ctrl Pts',(27.306700937897,23.0358847350003,-33.2006485412607));
#3852=CARTESIAN_POINT('Ctrl Pts',(27.300398198985,23.3796942456239,-33.176808134534));
#3853=CARTESIAN_POINT('Ctrl Pts',(27.1065787251424,23.7200522528008,-33.1529677278073));
#3854=CARTESIAN_POINT('Ctrl Pts',(26.8141095546783,23.9009234159229,-33.1291273210806));
#3855=CARTESIAN_POINT('Ctrl Pts',(26.5216403842142,24.0817945790449,-33.1052869143539));
#3856=CARTESIAN_POINT('Ctrl Pts',(26.1305215171288,24.1031788981122,-33.0814465076272));
#3857=CARTESIAN_POINT('Ctrl Pts',(25.8201116063197,23.9552032854268,-33.0576061009005));
#3858=CARTESIAN_POINT('Ctrl Pts',(25.5097016955106,23.8072276727415,-33.0337656941738));
#3859=CARTESIAN_POINT('Ctrl Pts',(25.2800007409779,23.4898921283036,-33.0099252874471));
#3860=CARTESIAN_POINT('Ctrl Pts',(25.2363057237812,23.1488472362389,-32.9860848807204));
#3861=CARTESIAN_POINT('Ctrl Pts',(25.2307319203999,23.1053430269608,-32.9830437618893));
#3862=CARTESIAN_POINT('Ctrl Pts',(25.2281847953486,23.0614530204888,-32.9800026430582));
#3863=CARTESIAN_POINT('Ctrl Pts',(25.2285290282303,23.0175237848357,-32.9769615242271));
#3864=CARTESIAN_POINT('Ctrl Pts',(25.9321958955734,21.7711302964179,-32.7));
#3865=CARTESIAN_POINT('Ctrl Pts',(25.5175355365795,21.882703239244,-32.7238404067267));
#3866=CARTESIAN_POINT('Ctrl Pts',(24.8157190584448,22.5513089072592,-32.7715212201801));
#3867=CARTESIAN_POINT('Ctrl Pts',(25.0897002231394,23.9875141300843,-32.8430424403602));
#3868=CARTESIAN_POINT('Ctrl Pts',(26.4459137491309,24.5314067672451,-32.9145636605403));
#3869=CARTESIAN_POINT('Ctrl Pts',(27.6373370755,23.6873432311686,-32.9860848807204));
#3870=CARTESIAN_POINT('Ctrl Pts',(27.5729057810127,22.2278597554908,-33.0576061009005));
#3871=CARTESIAN_POINT('Ctrl Pts',(26.310948732528,21.4921637945661,-33.1291273210806));
#3872=CARTESIAN_POINT('Ctrl Pts',(25.0091518387189,22.1545891267314,-33.2006485412607));
#3873=CARTESIAN_POINT('Ctrl Pts',(24.8611908543213,23.6078117859909,-33.2721697614408));
#3874=CARTESIAN_POINT('Ctrl Pts',(26.0028445349061,24.5190234101805,-33.3436909816209));
#3875=CARTESIAN_POINT('Ctrl Pts',(27.3870812636081,24.0526093731622,-33.415212201801));
#3876=CARTESIAN_POINT('Ctrl Pts',(27.7444631241108,22.6362896380821,-33.4867334219811));
#3877=CARTESIAN_POINT('Ctrl Pts',(26.7472319049501,21.5689547800844,-33.5582546421612));
#3878=CARTESIAN_POINT('Ctrl Pts',(25.3099349078165,21.8294334018088,-33.6297758623413));
#3879=CARTESIAN_POINT('Ctrl Pts',(24.75068862784,23.1788476585803,-33.7012970825215));
#3880=CARTESIAN_POINT('Ctrl Pts',(25.5823687531736,24.379673121431,-33.7728183027015));
#3881=CARTESIAN_POINT('Ctrl Pts',(27.0422560450122,24.3306555915741,-33.8443395228817));
#3882=CARTESIAN_POINT('Ctrl Pts',(27.7915149052835,23.0767471426231,-33.9158607430618));
#3883=CARTESIAN_POINT('Ctrl Pts',(27.1430133861836,21.7678859773081,-33.9873819632418));
#3884=CARTESIAN_POINT('Ctrl Pts',(25.6914808758321,21.6044014980505,-34.058903183422));
#3885=CARTESIAN_POINT('Ctrl Pts',(24.7680903977796,22.7362289633631,-34.130424403602));
#3886=CARTESIAN_POINT('Ctrl Pts',(25.2196683422841,24.1253764483525,-34.2019456237822));
#3887=CARTESIAN_POINT('Ctrl Pts',(26.6320770240718,24.497910293878,-34.2734668439623));
#3888=CARTESIAN_POINT('Ctrl Pts',(27.7100300842402,23.5121284973516,-34.3449880641424));
#3889=CARTESIAN_POINT('Ctrl Pts',(27.464940296912,22.0721932663176,-34.4165092843225));
#3890=CARTESIAN_POINT('Ctrl Pts',(26.121608394045,21.4983957951831,-34.4880305045026));
#3891=CARTESIAN_POINT('Ctrl Pts',(24.9119106339902,22.3174652286285,-34.5595517246827));
#3892=CARTESIAN_POINT('Ctrl Pts',(24.945380675756,23.7771955296959,-34.6310729448628));
#3893=CARTESIAN_POINT('Ctrl Pts',(26.1910242820474,24.5410713932664,-34.7025941650429));
#3894=CARTESIAN_POINT('Ctrl Pts',(27.5070653500358,23.9040572426816,-34.774115385223));
#3895=CARTESIAN_POINT('Ctrl Pts',(27.6249036665316,22.941927293325,-34.8217961986764));
#3896=CARTESIAN_POINT('Ctrl Pts',(27.4670423336842,22.5425884215839,-34.8456366054031));
#3897=CARTESIAN_POINT('Ctrl Pts',(25.9540432112046,21.8523257503803,-32.6514544648656));
#3898=CARTESIAN_POINT('Ctrl Pts',(25.566410778711,21.9566262707702,-32.6752948715923));
#3899=CARTESIAN_POINT('Ctrl Pts',(24.910339315204,22.5816516339387,-32.7229756850457));
#3900=CARTESIAN_POINT('Ctrl Pts',(25.1664621468769,23.9242437385577,-32.7944969052259));
#3901=CARTESIAN_POINT('Ctrl Pts',(26.4342764837389,24.4326849757898,-32.8660181254059));
#3902=CARTESIAN_POINT('Ctrl Pts',(27.5480417909668,23.6436382425494,-32.9375393455861));
#3903=CARTESIAN_POINT('Ctrl Pts',(27.4878101848604,22.2792851820498,-33.0090605657662));
#3904=CARTESIAN_POINT('Ctrl Pts',(26.3081086054921,21.5915425302061,-33.0805817859463));
#3905=CARTESIAN_POINT('Ctrl Pts',(25.091163976919,22.210790397245,-33.1521030061264));
#3906=CARTESIAN_POINT('Ctrl Pts',(24.9528472194759,23.569290726841,-33.2236242263065));
#3907=CARTESIAN_POINT('Ctrl Pts',(26.020086910157,24.4211087768181,-33.2951454464866));
#3908=CARTESIAN_POINT('Ctrl Pts',(27.3140978727569,23.9850960165022,-33.3666666666667));
#3909=CARTESIAN_POINT('Ctrl Pts',(27.6481852696131,22.6610932460665,-33.4381878868468));
#3910=CARTESIAN_POINT('Ctrl Pts',(26.7159544574378,21.6633282118233,-33.5097091070269));
#3911=CARTESIAN_POINT('Ctrl Pts',(25.3723417413189,21.9068286081394,-33.581230327207));
#3912=CARTESIAN_POINT('Ctrl Pts',(24.8495476251988,23.1682868581227,-33.6527515473871));
#3913=CARTESIAN_POINT('Ctrl Pts',(25.627018109288,24.290841462316,-33.7242727675672));
#3914=CARTESIAN_POINT('Ctrl Pts',(26.9917486648564,24.2450189381196,-33.7957939877473));
#3915=CARTESIAN_POINT('Ctrl Pts',(27.6921701743516,23.0728413434963,-33.8673152079274));
#3916=CARTESIAN_POINT('Ctrl Pts',(27.0859385540095,21.8492928988403,-33.9388364281075));
#3917=CARTESIAN_POINT('Ctrl Pts',(25.7290182079309,21.6964644815705,-34.0103576482876));
#3918=CARTESIAN_POINT('Ctrl Pts',(24.8658151324854,22.7545184383237,-34.0818788684677));
#3919=CARTESIAN_POINT('Ctrl Pts',(25.2879588298319,24.0531200698018,-34.1534000886478));
#3920=CARTESIAN_POINT('Ctrl Pts',(26.6083054728648,24.4013718319853,-34.2249213088279));
#3921=CARTESIAN_POINT('Ctrl Pts',(27.6159966055326,23.4798441590179,-34.296442529008));
#3922=CARTESIAN_POINT('Ctrl Pts',(27.3868819858668,22.1337651714022,-34.3679637491881));
#3923=CARTESIAN_POINT('Ctrl Pts',(26.1311096366169,21.5973683235476,-34.4394849693682));
#3924=CARTESIAN_POINT('Ctrl Pts',(25.0002610393461,22.3630500917252,-34.5110061895483));
#3925=CARTESIAN_POINT('Ctrl Pts',(25.0315494743843,23.7276338893187,-34.5825274097284));
#3926=CARTESIAN_POINT('Ctrl Pts',(26.1960009360537,24.4417196529962,-34.6540486299085));
#3927=CARTESIAN_POINT('Ctrl Pts',(27.4262612910189,23.8462266443972,-34.7255698500886));
#3928=CARTESIAN_POINT('Ctrl Pts',(27.5364188025183,22.9468091704218,-34.773250663542));
#3929=CARTESIAN_POINT('Ctrl Pts',(27.3888470100355,22.5734995571812,-34.7970910702687));
#3930=CARTESIAN_POINT('Ctrl Pts',(25.9758905268358,21.9335212043426,-32.6029089297313));
#3931=CARTESIAN_POINT('Ctrl Pts',(25.6152860208426,22.0305493022965,-32.626749336458));
#3932=CARTESIAN_POINT('Ctrl Pts',(25.0049595719633,22.6119943606182,-32.6744301499114));
#3933=CARTESIAN_POINT('Ctrl Pts',(25.2432240706144,23.8609733470311,-32.7459513700915));
#3934=CARTESIAN_POINT('Ctrl Pts',(26.4226392183469,24.3339631843346,-32.8174725902716));
#3935=CARTESIAN_POINT('Ctrl Pts',(27.4587465064335,23.5999332539301,-32.8889938104517));
#3936=CARTESIAN_POINT('Ctrl Pts',(27.4027145887081,22.3307106086088,-32.9605150306318));
#3937=CARTESIAN_POINT('Ctrl Pts',(26.3052684784562,21.690921265846,-33.0320362508119));
#3938=CARTESIAN_POINT('Ctrl Pts',(25.173176115119,22.2669916677587,-33.103557470992));
#3939=CARTESIAN_POINT('Ctrl Pts',(25.0445035846306,23.530769667691,-33.1750786911721));
#3940=CARTESIAN_POINT('Ctrl Pts',(26.0373292854079,24.3231941434558,-33.2465999113522));
#3941=CARTESIAN_POINT('Ctrl Pts',(27.2411144819057,23.9175826598421,-33.3181211315323));
#3942=CARTESIAN_POINT('Ctrl Pts',(27.5519074151155,22.6858968540508,-33.3896423517124));
#3943=CARTESIAN_POINT('Ctrl Pts',(26.6846770099255,21.7577016435622,-33.4611635718926));
#3944=CARTESIAN_POINT('Ctrl Pts',(25.4347485748214,21.9842238144701,-33.5326847920726));
#3945=CARTESIAN_POINT('Ctrl Pts',(24.9484066225576,23.157726057665,-33.6042060122528));
#3946=CARTESIAN_POINT('Ctrl Pts',(25.6716674654025,24.202009803201,-33.6757272324328));
#3947=CARTESIAN_POINT('Ctrl Pts',(26.9412412847005,24.1593822846652,-33.7472484526129));
#3948=CARTESIAN_POINT('Ctrl Pts',(27.5928254434196,23.0689355443694,-33.818769672793));
#3949=CARTESIAN_POINT('Ctrl Pts',(27.0288637218355,21.9306998203726,-33.8902908929731));
#3950=CARTESIAN_POINT('Ctrl Pts',(25.7665555400297,21.7885274650905,-33.9618121131533));
#3951=CARTESIAN_POINT('Ctrl Pts',(24.9635398671911,22.7728079132843,-34.0333333333333));
#3952=CARTESIAN_POINT('Ctrl Pts',(25.3562493173797,23.9808636912511,-34.1048545535134));
#3953=CARTESIAN_POINT('Ctrl Pts',(26.5845339216578,24.3048333700925,-34.1763757736936));
#3954=CARTESIAN_POINT('Ctrl Pts',(27.521963126825,23.4475598206843,-34.2478969938736));
#3955=CARTESIAN_POINT('Ctrl Pts',(27.3088236748216,22.1953370764867,-34.3194182140538));
#3956=CARTESIAN_POINT('Ctrl Pts',(26.1406108791888,21.6963408519122,-34.3909394342338));
#3957=CARTESIAN_POINT('Ctrl Pts',(25.0886114447019,22.4086349548219,-34.462460654414));
#3958=CARTESIAN_POINT('Ctrl Pts',(25.1177182730127,23.6780722489414,-34.5339818745941));
#3959=CARTESIAN_POINT('Ctrl Pts',(26.2009775900601,24.342367912726,-34.6055030947742));
#3960=CARTESIAN_POINT('Ctrl Pts',(27.345457232002,23.7883960461128,-34.6770243149542));
#3961=CARTESIAN_POINT('Ctrl Pts',(27.447933938505,22.9516910475186,-34.7247051284077));
#3962=CARTESIAN_POINT('Ctrl Pts',(27.3106516863867,22.6044106927784,-34.7485455351344));
#3963=CARTESIAN_POINT('Ctrl Pts',(25.997737842467,22.014716658305,-32.5543633945969));
#3964=CARTESIAN_POINT('Ctrl Pts',(25.6641612629741,22.1044723338227,-32.5782038013236));
#3965=CARTESIAN_POINT('Ctrl Pts',(25.0995798287226,22.6423370872977,-32.625884614777));
#3966=CARTESIAN_POINT('Ctrl Pts',(25.3199859943519,23.7977029555045,-32.6974058349571));
#3967=CARTESIAN_POINT('Ctrl Pts',(26.4110019529549,24.2352413928794,-32.7689270551372));
#3968=CARTESIAN_POINT('Ctrl Pts',(27.3694512219002,23.5562282653109,-32.8404482753173));
#3969=CARTESIAN_POINT('Ctrl Pts',(27.3176189925558,22.3821360351677,-32.9119694954974));
#3970=CARTESIAN_POINT('Ctrl Pts',(26.3024283514202,21.7903000014859,-32.9834907156775));
#3971=CARTESIAN_POINT('Ctrl Pts',(25.2551882533192,22.3231929382723,-33.0550119358576));
#3972=CARTESIAN_POINT('Ctrl Pts',(25.1361599497853,23.492248608541,-33.1265331560378));
#3973=CARTESIAN_POINT('Ctrl Pts',(26.0545716606589,24.2252795100935,-33.1980543762178));
#3974=CARTESIAN_POINT('Ctrl Pts',(27.1681310910545,23.8500693031821,-33.2695755963979));
#3975=CARTESIAN_POINT('Ctrl Pts',(27.4556295606179,22.7107004620352,-33.341096816578));
#3976=CARTESIAN_POINT('Ctrl Pts',(26.6533995624132,21.8520750753011,-33.4126180367582));
#3977=CARTESIAN_POINT('Ctrl Pts',(25.4971554083238,22.0616190208007,-33.4841392569382));
#3978=CARTESIAN_POINT('Ctrl Pts',(25.0472656199164,23.1471652572074,-33.5556604771184));
#3979=CARTESIAN_POINT('Ctrl Pts',(25.716316821517,24.1131781440859,-33.6271816972985));
#3980=CARTESIAN_POINT('Ctrl Pts',(26.8907339045446,24.0737456312107,-33.6987029174786));
#3981=CARTESIAN_POINT('Ctrl Pts',(27.4934807124877,23.0650297452426,-33.7702241376587));
#3982=CARTESIAN_POINT('Ctrl Pts',(26.9717888896614,22.0121067419048,-33.8417453578388));
#3983=CARTESIAN_POINT('Ctrl Pts',(25.8040928721286,21.8805904486106,-33.9132665780189));
#3984=CARTESIAN_POINT('Ctrl Pts',(25.0612646018968,22.7910973882449,-33.984787798199));
#3985=CARTESIAN_POINT('Ctrl Pts',(25.4245398049275,23.9086073127005,-34.0563090183791));
#3986=CARTESIAN_POINT('Ctrl Pts',(26.5607623704509,24.2082949081998,-34.1278302385592));
#3987=CARTESIAN_POINT('Ctrl Pts',(27.4279296481173,23.4152754823507,-34.1993514587393));
#3988=CARTESIAN_POINT('Ctrl Pts',(27.2307653637764,22.2569089815712,-34.2708726789194));
#3989=CARTESIAN_POINT('Ctrl Pts',(26.1501121217607,21.7953133802768,-34.3423938990995));
#3990=CARTESIAN_POINT('Ctrl Pts',(25.1769618500577,22.4542198179186,-34.4139151192796));
#3991=CARTESIAN_POINT('Ctrl Pts',(25.203887071641,23.6285106085641,-34.4854363394597));
#3992=CARTESIAN_POINT('Ctrl Pts',(26.2059542440665,24.2430161724558,-34.5569575596398));
#3993=CARTESIAN_POINT('Ctrl Pts',(27.2646531729851,23.7305654478284,-34.6284787798199));
#3994=CARTESIAN_POINT('Ctrl Pts',(27.3594490744917,22.9565729246154,-34.6761595932733));
#3995=CARTESIAN_POINT('Ctrl Pts',(27.2324563627379,22.6353218283756,-34.7));
#3996=CARTESIAN_POINT('Ctrl Pts',(27.2324563627379,22.6353218283756,-34.7));
#3997=CARTESIAN_POINT('Ctrl Pts',(27.2532629820013,22.6738256523772,-34.7));
#3998=CARTESIAN_POINT('Ctrl Pts',(27.271360725162,22.7136183665686,-34.7));
#3999=CARTESIAN_POINT('Ctrl Pts',(27.2868358038566,22.7544148031753,-34.7));
#4000=CARTESIAN_POINT('Ctrl Pts',(27.2969461216408,22.7810682985595,-34.7));
#4001=CARTESIAN_POINT('Ctrl Pts',(27.3059362502193,22.8081510790932,-34.7));
#4002=CARTESIAN_POINT('Ctrl Pts',(27.3138215019712,22.8355910124184,-34.7));
#4003=CARTESIAN_POINT('Ctrl Pts',(27.3171965466738,22.8473358500625,-34.7));
#4004=CARTESIAN_POINT('Ctrl Pts',(27.3203690885755,22.859146179402,-34.7));
#4005=CARTESIAN_POINT('Ctrl Pts',(27.3233399267086,22.8710165869282,-34.7));
#4006=CARTESIAN_POINT('Ctrl Pts',(27.3257301971933,22.8805672536017,-34.7));
#4007=CARTESIAN_POINT('Ctrl Pts',(27.3279893916447,22.8901551749129,-34.7));
#4008=CARTESIAN_POINT('Ctrl Pts',(27.3301161485099,22.8997682187815,-34.7));
#4009=CARTESIAN_POINT('Ctrl Pts',(27.3401234163627,22.945001553372,-34.7));
#4010=CARTESIAN_POINT('Ctrl Pts',(27.3472162885935,22.990844637431,-34.7));
#4011=CARTESIAN_POINT('Ctrl Pts',(27.3514656717356,23.0369939793305,-34.7));
#4012=CARTESIAN_POINT('Ctrl Pts',(27.3543753502075,23.068593800322,-34.7));
#4013=CARTESIAN_POINT('Ctrl Pts',(27.3559509306248,23.1003379769768,-34.7));
#4014=CARTESIAN_POINT('Ctrl Pts',(27.3562026801564,23.1321350723645,-34.7));
#4015=CARTESIAN_POINT('Ctrl Pts',(27.356286721318,23.1427498481521,-34.7));
#4016=CARTESIAN_POINT('Ctrl Pts',(27.3562229985563,23.1533714487516,-34.7));
#4017=CARTESIAN_POINT('Ctrl Pts',(27.3560123595153,23.163979708539,-34.7));
#4018=CARTESIAN_POINT('Ctrl Pts',(27.3550549677326,23.2121961298771,-34.7));
#4019=CARTESIAN_POINT('Ctrl Pts',(27.3510679477477,23.2602153118544,-34.7));
#4020=CARTESIAN_POINT('Ctrl Pts',(27.3441264647213,23.3077186533332,-34.7));
#4021=CARTESIAN_POINT('Ctrl Pts',(27.337162284381,23.3553773215985,-34.7));
#4022=CARTESIAN_POINT('Ctrl Pts',(27.3272244452597,23.4025180025327,-34.7));
#4023=CARTESIAN_POINT('Ctrl Pts',(27.3143382285884,23.4488332823055,-34.7));
#4024=CARTESIAN_POINT('Ctrl Pts',(27.3079797706751,23.4716866740098,-34.7));
#4025=CARTESIAN_POINT('Ctrl Pts',(27.3009026688977,23.4943392060459,-34.7));
#4026=CARTESIAN_POINT('Ctrl Pts',(27.2931052601291,23.516753794541,-34.7));
#4027=CARTESIAN_POINT('Ctrl Pts',(27.2889573641983,23.5286774198334,-34.7));
#4028=CARTESIAN_POINT('Ctrl Pts',(27.2846055829023,23.5405337039264,-34.7));
#4029=CARTESIAN_POINT('Ctrl Pts',(27.2800492994125,23.5523169761032,-34.7));
#4030=CARTESIAN_POINT('Ctrl Pts',(27.2757358531837,23.5634722325857,-34.7));
#4031=CARTESIAN_POINT('Ctrl Pts',(27.2712373520726,23.574565780354,-34.7));
#4032=CARTESIAN_POINT('Ctrl Pts',(27.2665644606254,23.5855672010657,-34.7));
#4033=CARTESIAN_POINT('Ctrl Pts',(27.250646905888,23.6230420104739,-34.7));
#4034=CARTESIAN_POINT('Ctrl Pts',(27.2326878590765,23.6595031725983,-34.7));
#4035=CARTESIAN_POINT('Ctrl Pts',(27.2127152332587,23.6947736088142,-34.7));
#4036=CARTESIAN_POINT('Ctrl Pts',(27.1894060117422,23.7359362690592,-34.7));
#4037=CARTESIAN_POINT('Ctrl Pts',(27.1633558172159,23.775478436847,-34.7));
#4038=CARTESIAN_POINT('Ctrl Pts',(27.1348525422814,23.8133053635579,-34.7));
#4039=CARTESIAN_POINT('Ctrl Pts',(27.1078267985028,23.8491714467209,-34.7));
#4040=CARTESIAN_POINT('Ctrl Pts',(27.0785947959235,23.8834958537564,-34.7));
#4041=CARTESIAN_POINT('Ctrl Pts',(27.0473643770832,23.9161817118951,-34.7));
#4042=CARTESIAN_POINT('Ctrl Pts',(27.0403160690136,23.9235584940913,-34.7));
#4043=CARTESIAN_POINT('Ctrl Pts',(27.0331658435909,23.9308517376746,-34.7));
#4044=CARTESIAN_POINT('Ctrl Pts',(27.0259158762721,23.9380601802846,-34.7));
#4045=CARTESIAN_POINT('Ctrl Pts',(27.0188003688266,23.9451349331497,-34.7));
#4046=CARTESIAN_POINT('Ctrl Pts',(27.0115943626335,23.9521223762584,-34.7));
#4047=CARTESIAN_POINT('Ctrl Pts',(27.0043053687969,23.9590170827898,-34.7));
#4048=CARTESIAN_POINT('Ctrl Pts',(26.9678640608663,23.9934871522442,-34.7));
#4049=CARTESIAN_POINT('Ctrl Pts',(26.9293155088812,24.0256777801633,-34.7));
#4050=CARTESIAN_POINT('Ctrl Pts',(26.888978945583,24.0554858257627,-34.7));
#4051=CARTESIAN_POINT('Ctrl Pts',(26.8477604858119,24.0859455781048,-34.7));
#4052=CARTESIAN_POINT('Ctrl Pts',(26.8046742480108,24.1139182348697,-34.7));
#4053=CARTESIAN_POINT('Ctrl Pts',(26.7600139111659,24.1392662365494,-34.7));
#4054=CARTESIAN_POINT('Ctrl Pts',(26.7368394117721,24.1524194568576,-34.7));
#4055=CARTESIAN_POINT('Ctrl Pts',(26.7132403710142,24.1648654326444,-34.7));
#4056=CARTESIAN_POINT('Ctrl Pts',(26.6892540481532,24.1765809875894,-34.7));
#4057=CARTESIAN_POINT('Ctrl Pts',(26.6760303212704,24.1830398057989,-34.7));
#4058=CARTESIAN_POINT('Ctrl Pts',(26.6626888461227,24.1892765714955,-34.7));
#4059=CARTESIAN_POINT('Ctrl Pts',(26.6492356108016,24.1952869854203,-34.7));
#4060=CARTESIAN_POINT('Ctrl Pts',(26.637749632925,24.2004185006076,-34.7));
#4061=CARTESIAN_POINT('Ctrl Pts',(26.6261782082645,24.2053864925741,-34.7));
#4062=CARTESIAN_POINT('Ctrl Pts',(26.6145513345191,24.2101777334857,-34.7));
#4063=CARTESIAN_POINT('Ctrl Pts',(26.5654800961414,24.2303991730614,-34.7));
#4064=CARTESIAN_POINT('Ctrl Pts',(26.5153423418027,24.2475139749107,-34.7));
#4065=CARTESIAN_POINT('Ctrl Pts',(26.4644575585847,24.2613911112912,-34.7));
#4066=CARTESIAN_POINT('Ctrl Pts',(26.4140231214671,24.2751454307143,-34.7));
#4067=CARTESIAN_POINT('Ctrl Pts',(26.3628537824439,24.2857198143354,-34.7));
#4068=CARTESIAN_POINT('Ctrl Pts',(26.3112302787167,24.2929468406961,-34.7));
#4069=CARTESIAN_POINT('Ctrl Pts',(26.2753379275348,24.2979715861978,-34.7));
#4070=CARTESIAN_POINT('Ctrl Pts',(26.2392253896985,24.3013773977136,-34.7));
#4071=CARTESIAN_POINT('Ctrl Pts',(26.20298226647,24.303093833822,-34.7));
#4072=CARTESIAN_POINT('Ctrl Pts',(26.1874616219571,24.3038288751842,-34.7));
#4073=CARTESIAN_POINT('Ctrl Pts',(26.1719169997563,24.3042539447228,-34.7));
#4074=CARTESIAN_POINT('Ctrl Pts',(26.1563548103404,24.3043731054797,-34.7));
#4075=CARTESIAN_POINT('Ctrl Pts',(25.2310108793534,23.017369557876,-33.0980384757729));
#4076=CARTESIAN_POINT('Ctrl Pts',(25.230351564896,23.1554401647777,-33.1075367025279));
#4077=CARTESIAN_POINT('Ctrl Pts',(25.2559863942155,23.2932764900277,-33.1170349292828));
#4078=CARTESIAN_POINT('Ctrl Pts',(25.3090666188532,23.419577813755,-33.1265331560377));
#4079=CARTESIAN_POINT('Ctrl Pts',(25.4422971867431,23.7365922423918,-33.1503735627644));
#4080=CARTESIAN_POINT('Ctrl Pts',(25.748434423701,23.9809358762426,-33.1742139694911));
#4081=CARTESIAN_POINT('Ctrl Pts',(26.0870962805792,24.0405726586828,-33.1980543762178));
#4082=CARTESIAN_POINT('Ctrl Pts',(26.4257581374575,24.100209441123,-33.2218947829445));
#4083=CARTESIAN_POINT('Ctrl Pts',(26.796944614256,23.9751393721526,-33.2457351896712));
#4084=CARTESIAN_POINT('Ctrl Pts',(27.0304542642492,23.7227095308095,-33.2695755963979));
#4085=CARTESIAN_POINT('Ctrl Pts',(27.2639639142423,23.4702796894665,-33.2934160031246));
#4086=CARTESIAN_POINT('Ctrl Pts',(27.3597967374301,23.0904900757508,-33.3172564098513));
#4087=CARTESIAN_POINT('Ctrl Pts',(27.2740081493232,22.7574910377707,-33.341096816578));
#4088=CARTESIAN_POINT('Ctrl Pts',(27.1882195612163,22.4244919997905,-33.3649372233047));
#4089=CARTESIAN_POINT('Ctrl Pts',(26.9208095618148,22.1382835375458,-33.3887776300314));
#4090=CARTESIAN_POINT('Ctrl Pts',(26.5943972030991,22.03010329734,-33.4126180367581));
#4091=CARTESIAN_POINT('Ctrl Pts',(26.2679848443834,21.9219230571343,-33.4364584434849));
#4092=CARTESIAN_POINT('Ctrl Pts',(25.8825701263536,21.9917710389675,-33.4602988502115));
#4093=CARTESIAN_POINT('Ctrl Pts',(25.6148811359375,22.2076194026185,-33.4841392569382));
#4094=CARTESIAN_POINT('Ctrl Pts',(25.3757197047543,22.4004648516938,-33.5054389965498));
#4095=CARTESIAN_POINT('Ctrl Pts',(25.2305290144833,22.7098503666577,-33.5267387361614));
#4096=CARTESIAN_POINT('Ctrl Pts',(25.2283485382673,23.0174479639463,-33.5480384757729));
#4097=CARTESIAN_POINT('Ctrl Pts',(25.9321958955734,21.7711302964179,-32.7));
#4098=CARTESIAN_POINT('Ctrl Pts',(25.8831007945632,21.7895377127855,-32.7));
#4099=CARTESIAN_POINT('Ctrl Pts',(25.8354101590717,21.8111192876836,-32.7));
#4100=CARTESIAN_POINT('Ctrl Pts',(25.7893009845768,21.8356031082915,-32.7));
#4101=CARTESIAN_POINT('Ctrl Pts',(25.7426479224329,21.8603757314593,-32.7));
#4102=CARTESIAN_POINT('Ctrl Pts',(25.6976130676123,21.8881204162595,-32.7));
#4103=CARTESIAN_POINT('Ctrl Pts',(25.6544129869311,21.9185983144665,-32.7));
#4104=CARTESIAN_POINT('Ctrl Pts',(25.6231470497418,21.9406566077839,-32.7));
#4105=CARTESIAN_POINT('Ctrl Pts',(25.5928428461195,21.9641475260193,-32.7));
#4106=CARTESIAN_POINT('Ctrl Pts',(25.5635966381251,21.9889899960643,-32.7));
#4107=CARTESIAN_POINT('Ctrl Pts',(25.5510325763087,21.9996622284911,-32.7));
#4108=CARTESIAN_POINT('Ctrl Pts',(25.5386639354763,22.0105839716484,-32.7));
#4109=CARTESIAN_POINT('Ctrl Pts',(25.5264991352278,22.0217490896404,-32.7));
#4110=CARTESIAN_POINT('Ctrl Pts',(25.5190722498004,22.0285656464614,-32.7));
#4111=CARTESIAN_POINT('Ctrl Pts',(25.5117206604536,22.0354737372434,-32.7));
#4112=CARTESIAN_POINT('Ctrl Pts',(25.5044584008903,22.0424599716255,-32.7));
#4113=CARTESIAN_POINT('Ctrl Pts',(25.4673020292745,22.0782040976287,-32.7));
#4114=CARTESIAN_POINT('Ctrl Pts',(25.4324035970523,22.1160606008324,-32.7));
#4115=CARTESIAN_POINT('Ctrl Pts',(25.3999598893995,22.1558002164071,-32.7));
#4116=CARTESIAN_POINT('Ctrl Pts',(25.3682544193632,22.1946355802422,-32.7));
#4117=CARTESIAN_POINT('Ctrl Pts',(25.3388928091568,22.2352703240348,-32.7));
#4118=CARTESIAN_POINT('Ctrl Pts',(25.3121025773913,22.2775112623487,-32.7));
#4119=CARTESIAN_POINT('Ctrl Pts',(25.2934363278967,22.3069428813191,-32.7));
#4120=CARTESIAN_POINT('Ctrl Pts',(25.2760193001745,22.3371546903082,-32.7));
#4121=CARTESIAN_POINT('Ctrl Pts',(25.2599431368016,22.3680838271013,-32.7));
#4122=CARTESIAN_POINT('Ctrl Pts',(25.2540304285958,22.3794593622133,-32.7));
#4123=CARTESIAN_POINT('Ctrl Pts',(25.2482992281184,22.3909319384401,-32.7));
#4124=CARTESIAN_POINT('Ctrl Pts',(25.242754549354,22.4024984307524,-32.7));
#4125=CARTESIAN_POINT('Ctrl Pts',(25.2392093350132,22.4098939348313,-32.7));
#4126=CARTESIAN_POINT('Ctrl Pts',(25.2357411800865,22.4173263120657,-32.7));
#4127=CARTESIAN_POINT('Ctrl Pts',(25.2323549597921,22.4247862835696,-32.7));
#4128=CARTESIAN_POINT('Ctrl Pts',(25.21235788929,22.4688405869329,-32.7));
#4129=CARTESIAN_POINT('Ctrl Pts',(25.1951748444215,22.5139376904316,-32.7));
#4130=CARTESIAN_POINT('Ctrl Pts',(25.1810055487876,22.559895463871,-32.7));
#4131=CARTESIAN_POINT('Ctrl Pts',(25.1707178686469,22.5932633097641,-32.7));
#4132=CARTESIAN_POINT('Ctrl Pts',(25.1620198207289,22.6270852586012,-32.7));
#4133=CARTESIAN_POINT('Ctrl Pts',(25.155005068885,22.6612934971143,-32.7));
#4134=CARTESIAN_POINT('Ctrl Pts',(25.145786029714,22.7062511945274,-32.7));
#4135=CARTESIAN_POINT('Ctrl Pts',(25.1394735450351,22.7518770561352,-32.7));
#4136=CARTESIAN_POINT('Ctrl Pts',(25.1360204424609,22.7979061053232,-32.7));
#4137=CARTESIAN_POINT('Ctrl Pts',(25.1350865091432,22.8103552178804,-32.7));
#4138=CARTESIAN_POINT('Ctrl Pts',(25.134361944232,22.8228337451174,-32.7));
#4139=CARTESIAN_POINT('Ctrl Pts',(25.133846257251,22.8353362339625,-32.7));
#4140=CARTESIAN_POINT('Ctrl Pts',(25.133475239528,22.8443313125941,-32.7));
#4141=CARTESIAN_POINT('Ctrl Pts',(25.133212494304,22.8533376641379,-32.7));
#4142=CARTESIAN_POINT('Ctrl Pts',(25.1330577280074,22.8623405319026,-32.7));
#4143=CARTESIAN_POINT('Ctrl Pts',(25.1322286595046,22.9105680482346,-32.7));
#4144=CARTESIAN_POINT('Ctrl Pts',(25.1344892972255,22.9587945139136,-32.7));
#4145=CARTESIAN_POINT('Ctrl Pts',(25.1397360747163,23.006719302039,-32.7));
#4146=CARTESIAN_POINT('Ctrl Pts',(25.1449678087759,23.0545066813919,-32.7));
#4147=CARTESIAN_POINT('Ctrl Pts',(25.1531691198033,23.1019952885446,-32.7));
#4148=CARTESIAN_POINT('Ctrl Pts',(25.1642852631087,23.148868976142,-32.7));
#4149=CARTESIAN_POINT('Ctrl Pts',(25.1702384713397,23.1739720010991,-32.7));
#4150=CARTESIAN_POINT('Ctrl Pts',(25.1770284512135,23.1988982455612,-32.7));
#4151=CARTESIAN_POINT('Ctrl Pts',(25.1846516734526,23.2235952431978,-32.7));
#4152=CARTESIAN_POINT('Ctrl Pts',(25.1887632014855,23.2369153845929,-32.7));
#4153=CARTESIAN_POINT('Ctrl Pts',(25.1931171668036,23.250168785537,-32.7));
#4154=CARTESIAN_POINT('Ctrl Pts',(25.1977133826971,23.2633467834512,-32.7));
#4155=CARTESIAN_POINT('Ctrl Pts',(25.2009917826126,23.2727464174653,-32.7));
#4156=CARTESIAN_POINT('Ctrl Pts',(25.2043930953541,23.2821063739156,-32.7));
#4157=CARTESIAN_POINT('Ctrl Pts',(25.2079125683614,23.2914120251552,-32.7));
#4158=CARTESIAN_POINT('Ctrl Pts',(25.2242869283071,23.3347065986916,-32.7));
#4159=CARTESIAN_POINT('Ctrl Pts',(25.2432396864835,23.3768976498532,-32.7));
#4160=CARTESIAN_POINT('Ctrl Pts',(25.2647259546035,23.4176884397778,-32.7));
#4161=CARTESIAN_POINT('Ctrl Pts',(25.279413240041,23.4455716427378,-32.7));
#4162=CARTESIAN_POINT('Ctrl Pts',(25.2952851815821,23.4728000042004,-32.7));
#4163=CARTESIAN_POINT('Ctrl Pts',(25.3123366551981,23.4992680508425,-32.7));
#4164=CARTESIAN_POINT('Ctrl Pts',(25.318758648842,23.5092365515792,-32.7));
#4165=CARTESIAN_POINT('Ctrl Pts',(25.3253488186381,23.5190979755534,-32.7));
#4166=CARTESIAN_POINT('Ctrl Pts',(25.3320969018736,23.5288323635561,-32.7));
#4167=CARTESIAN_POINT('Ctrl Pts',(25.3572214333484,23.5650755350204,-32.7));
#4168=CARTESIAN_POINT('Ctrl Pts',(25.3845621903995,23.5996081538336,-32.7));
#4169=CARTESIAN_POINT('Ctrl Pts',(25.4140935538724,23.6321459263385,-32.7));
#4170=CARTESIAN_POINT('Ctrl Pts',(25.4293488483102,23.6489542697924,-32.7));
#4171=CARTESIAN_POINT('Ctrl Pts',(25.4451892036192,23.6652296333476,-32.7));
#4172=CARTESIAN_POINT('Ctrl Pts',(25.4616138982943,23.680928073467,-32.7));
#4173=CARTESIAN_POINT('Ctrl Pts',(25.4707106975004,23.6896226373808,-32.7));
#4174=CARTESIAN_POINT('Ctrl Pts',(25.4799867808605,23.6981401624318,-32.7));
#4175=CARTESIAN_POINT('Ctrl Pts',(25.4894358061545,23.7064780168643,-32.7));
#4176=CARTESIAN_POINT('Origin',(26.2673757230966,4.01682467435394,-31.706324918824));
#4177=CARTESIAN_POINT('Ctrl Pts',(24.9760228454655,4.01769150010716,-32.831324918824));
#4178=CARTESIAN_POINT('Ctrl Pts',(24.9755945875929,4.07229780571972,-32.8343660376551));
#4179=CARTESIAN_POINT('Ctrl Pts',(25.0035793656058,4.55455204411254,-32.8612475632129));
#4180=CARTESIAN_POINT('Ctrl Pts',(25.6110744187492,5.39382101886916,-32.9119694954974));
#4181=CARTESIAN_POINT('Ctrl Pts',(27.0696272027489,5.31406394875064,-32.9834907156775));
#4182=CARTESIAN_POINT('Ctrl Pts',(27.7924187670141,4.0448101348561,-33.0550119358576));
#4183=CARTESIAN_POINT('Ctrl Pts',(27.1166364309715,2.74980429890029,-33.1265331560378));
#4184=CARTESIAN_POINT('Ctrl Pts',(25.662005163432,2.61680236315514,-33.1980543762178));
#4185=CARTESIAN_POINT('Ctrl Pts',(25.0131163102949,3.44710001426475,-33.2496516304799));
#4186=CARTESIAN_POINT('Ctrl Pts',(24.9758299846951,3.94537590598531,-33.2774084780153));
#4187=CARTESIAN_POINT('Ctrl Pts',(24.9764505205789,4.01577461523839,-33.281324918824));
#4188=CARTESIAN_POINT('Ctrl Pts',(24.978658763561,4.015449046459,-32.793675081176));
#4189=CARTESIAN_POINT('Ctrl Pts',(24.9809289516342,4.312311178296,-32.8101308675708));
#4190=CARTESIAN_POINT('Ctrl Pts',(25.2297439985032,5.0436971972746,-32.8504270606922));
#4191=CARTESIAN_POINT('Ctrl Pts',(26.4459122596322,5.53136947424742,-32.9145636605403));
#4192=CARTESIAN_POINT('Ctrl Pts',(27.6373240338396,4.68735098112308,-32.9860848807204));
#4193=CARTESIAN_POINT('Ctrl Pts',(27.5728963530357,3.22785907941498,-33.0576061009005));
#4194=CARTESIAN_POINT('Ctrl Pts',(26.3109472654227,2.49218049075065,-33.1291273210806));
#4195=CARTESIAN_POINT('Ctrl Pts',(25.1820438326032,3.06662377702575,-33.1911503145058));
#4196=CARTESIAN_POINT('Ctrl Pts',(24.9803460819117,3.75834189567388,-33.2293329012043));
#4197=CARTESIAN_POINT('Ctrl Pts',(24.9791084271367,4.01750175176135,-33.243675081176));
#4198=CARTESIAN_POINT('Ctrl Pts',(27.0437732205702,4.70539710221962,-32.7));
#4199=CARTESIAN_POINT('Ctrl Pts',(27.2729816806783,4.44695388313908,-32.7238404067267));
#4200=CARTESIAN_POINT('Ctrl Pts',(27.4486917349476,3.68729303020524,-32.7715212201801));
#4201=CARTESIAN_POINT('Ctrl Pts',(26.6290149838929,2.84355842975943,-32.8430424403602));
#4202=CARTESIAN_POINT('Ctrl Pts',(25.477250124781,3.0783183622205,-32.9145636605403));
#4203=CARTESIAN_POINT('Ctrl Pts',(25.0503050963247,4.17254554464104,-32.9860848807204));
#4204=CARTESIAN_POINT('Ctrl Pts',(25.7394093055877,5.12455952436997,-33.0576061009005));
#4205=CARTESIAN_POINT('Ctrl Pts',(26.9127528339565,5.06039836195485,-33.1291273210806));
#4206=CARTESIAN_POINT('Ctrl Pts',(27.4942078307132,4.03933778414938,-33.2006485412607));
#4207=CARTESIAN_POINT('Ctrl Pts',(26.9505697537921,2.99756080255005,-33.2721697614408));
#4208=CARTESIAN_POINT('Ctrl Pts',(25.7803809182191,2.89056641586824,-33.3436909816209));
#4209=CARTESIAN_POINT('Ctrl Pts',(25.056809057208,3.81642608151364,-33.415212201801));
#4210=CARTESIAN_POINT('Ctrl Pts',(25.443424330597,4.92607588095359,-33.4867334219811));
#4211=CARTESIAN_POINT('Ctrl Pts',(26.5856710718668,5.20186396169558,-33.5582546421612));
#4212=CARTESIAN_POINT('Ctrl Pts',(27.4360146296195,4.39087616727902,-33.6297758623413));
#4213=CARTESIAN_POINT('Ctrl Pts',(27.2146209450074,3.23685156149176,-33.7012970825214));
#4214=CARTESIAN_POINT('Ctrl Pts',(26.1245259370019,2.798126628114,-33.7728183027015));
#4215=CARTESIAN_POINT('Ctrl Pts',(25.1654358051418,3.47704695673468,-33.8443395228817));
#4216=CARTESIAN_POINT('Ctrl Pts',(25.2169148094457,4.65098812496434,-33.9158607430617));
#4217=CARTESIAN_POINT('Ctrl Pts',(26.23175194583,5.24334861952793,-33.9873819632419));
#4218=CARTESIAN_POINT('Ctrl Pts',(27.2792597864186,4.71088828548774,-34.0589031834219));
#4219=CARTESIAN_POINT('Ctrl Pts',(27.3987856228272,3.54191111657229,-34.1304244036021));
#4220=CARTESIAN_POINT('Ctrl Pts',(26.4807194167256,2.80847618440011,-34.2019456237821));
#4221=CARTESIAN_POINT('Ctrl Pts',(25.3669928605522,3.18317989102062,-34.2734668439623));
#4222=CARTESIAN_POINT('Ctrl Pts',(25.0790047467831,4.32243600111895,-34.3449880641423));
#4223=CARTESIAN_POINT('Ctrl Pts',(25.8808218401445,5.18135623350097,-34.4165092843225));
#4224=CARTESIAN_POINT('Ctrl Pts',(27.037197791546,4.97243914624401,-34.4880305045026));
#4225=CARTESIAN_POINT('Ctrl Pts',(27.4874669385856,3.88687343010911,-34.5595517246827));
#4226=CARTESIAN_POINT('Ctrl Pts',(26.8190516277003,2.92103899489483,-34.6310729448628));
#4227=CARTESIAN_POINT('Ctrl Pts',(25.644217969338,2.95899148826802,-34.7025941650429));
#4228=CARTESIAN_POINT('Ctrl Pts',(25.041875703372,3.96940815818202,-34.774115385223));
#4229=CARTESIAN_POINT('Ctrl Pts',(25.3884966678961,4.66784394020062,-34.8217961986764));
#4230=CARTESIAN_POINT('Ctrl Pts',(25.6712578691077,4.86627659568652,-34.8456366054031));
#4231=CARTESIAN_POINT('Ctrl Pts',(27.1066805581556,4.76118844404218,-32.6514544648656));
#4232=CARTESIAN_POINT('Ctrl Pts',(27.3544605541385,4.4818049528945,-32.6752948715923));
#4233=CARTESIAN_POINT('Ctrl Pts',(27.5444074545299,3.66059284318637,-32.7229756850457));
#4234=CARTESIAN_POINT('Ctrl Pts',(26.6583166793995,2.74849493977342,-32.7944969052259));
#4235=CARTESIAN_POINT('Ctrl Pts',(25.4132304725927,3.00227621422864,-32.8660181254059));
#4236=CARTESIAN_POINT('Ctrl Pts',(24.9516923714863,4.18516277407328,-32.937539345586));
#4237=CARTESIAN_POINT('Ctrl Pts',(25.6966310099748,5.2143133558697,-33.0090605657662));
#4238=CARTESIAN_POINT('Ctrl Pts',(26.9650442902206,5.14495355755345,-33.0805817859462));
#4239=CARTESIAN_POINT('Ctrl Pts',(27.5936114761469,4.04116190105162,-33.1521030061264));
#4240=CARTESIAN_POINT('Ctrl Pts',(27.0059253128519,2.91497530133346,-33.2236242263064));
#4241=CARTESIAN_POINT('Ctrl Pts',(25.7409223332901,2.79931173163054,-33.2951454464866));
#4242=CARTESIAN_POINT('Ctrl Pts',(24.9587233135413,3.80018885512836,-33.3666666666667));
#4243=CARTESIAN_POINT('Ctrl Pts',(25.3766639551828,4.99974764418005,-33.4381878868468));
#4244=CARTESIAN_POINT('Ctrl Pts',(26.6114608419551,5.29788135838134,-33.5097091070269));
#4245=CARTESIAN_POINT('Ctrl Pts',(27.5307031911454,4.42118355958299,-33.581230327207));
#4246=CARTESIAN_POINT('Ctrl Pts',(27.2913711601289,3.17365451091135,-33.6527515473871));
#4247=CARTESIAN_POINT('Ctrl Pts',(26.1129515826961,2.69938204217839,-33.7242727675672));
#4248=CARTESIAN_POINT('Ctrl Pts',(25.0761515059997,3.43331165463254,-33.7957939877473));
#4249=CARTESIAN_POINT('Ctrl Pts',(25.1318015787484,4.70237099830135,-33.8673152079274));
#4250=CARTESIAN_POINT('Ctrl Pts',(26.2288655416492,5.34272729620669,-33.9388364281075));
#4251=CARTESIAN_POINT('Ctrl Pts',(27.361247341216,4.76712454852749,-34.0103576482876));
#4252=CARTESIAN_POINT('Ctrl Pts',(27.4904577170076,3.5034314104933,-34.0818788684677));
#4253=CARTESIAN_POINT('Ctrl Pts',(26.4980055154064,2.71057016766813,-34.1534000886478));
#4254=CARTESIAN_POINT('Ctrl Pts',(25.2940396518228,3.11563411198076,-34.2249213088279));
#4255=CARTESIAN_POINT('Ctrl Pts',(24.9827174011555,4.34719805272948,-34.296442529008));
#4256=CARTESIAN_POINT('Ctrl Pts',(25.8495014460308,5.27571199863222,-34.3679637491881));
#4257=CARTESIAN_POINT('Ctrl Pts',(27.0995723572783,5.04986747693838,-34.4394849693682));
#4258=CARTESIAN_POINT('Ctrl Pts',(27.5863244055757,3.876344175677,-34.5110061895483));
#4259=CARTESIAN_POINT('Ctrl Pts',(26.8637509762706,2.83225334078946,-34.5825274097284));
#4260=CARTESIAN_POINT('Ctrl Pts',(25.5937268287661,2.87328092175709,-34.6540486299085));
#4261=CARTESIAN_POINT('Ctrl Pts',(24.9425799898972,3.96556625142722,-34.7255698500886));
#4262=CARTESIAN_POINT('Ctrl Pts',(25.3172857976883,4.72059255011304,-34.773250663542));
#4263=CARTESIAN_POINT('Ctrl Pts',(25.6229576270235,4.93510314259286,-34.7970910702687));
#4264=CARTESIAN_POINT('Ctrl Pts',(27.169587895741,4.81697978586475,-32.6029089297313));
#4265=CARTESIAN_POINT('Ctrl Pts',(27.4359394275987,4.51665602264991,-32.626749336458));
#4266=CARTESIAN_POINT('Ctrl Pts',(27.6401231741121,3.63389265616749,-32.6744301499114));
#4267=CARTESIAN_POINT('Ctrl Pts',(26.687618374906,2.6534314497874,-32.7459513700915));
#4268=CARTESIAN_POINT('Ctrl Pts',(25.3492108204045,2.92623406623678,-32.8174725902716));
#4269=CARTESIAN_POINT('Ctrl Pts',(24.8530796466478,4.19778000350552,-32.8889938104517));
#4270=CARTESIAN_POINT('Ctrl Pts',(25.653852714362,5.30406718736943,-32.9605150306318));
#4271=CARTESIAN_POINT('Ctrl Pts',(27.0173357464848,5.22950875315204,-33.0320362508119));
#4272=CARTESIAN_POINT('Ctrl Pts',(27.6930151215805,4.04298601795386,-33.103557470992));
#4273=CARTESIAN_POINT('Ctrl Pts',(27.0612808719117,2.83238980011688,-33.1750786911721));
#4274=CARTESIAN_POINT('Ctrl Pts',(25.701463748361,2.70805704739284,-33.2465999113522));
#4275=CARTESIAN_POINT('Ctrl Pts',(24.8606375698746,3.78395162874308,-33.3181211315323));
#4276=CARTESIAN_POINT('Ctrl Pts',(25.3099035797687,5.0734194074065,-33.3896423517124));
#4277=CARTESIAN_POINT('Ctrl Pts',(26.6372506120433,5.39389875506709,-33.4611635718925));
#4278=CARTESIAN_POINT('Ctrl Pts',(27.6253917526712,4.45149095188697,-33.5326847920726));
#4279=CARTESIAN_POINT('Ctrl Pts',(27.3681213752504,3.11045746033092,-33.6042060122527));
#4280=CARTESIAN_POINT('Ctrl Pts',(26.1013772283903,2.60063745624279,-33.6757272324328));
#4281=CARTESIAN_POINT('Ctrl Pts',(24.9868672068576,3.38957635253041,-33.747248452613));
#4282=CARTESIAN_POINT('Ctrl Pts',(25.046688348051,4.75375387163838,-33.818769672793));
#4283=CARTESIAN_POINT('Ctrl Pts',(26.2259791374686,5.44210597288544,-33.8902908929731));
#4284=CARTESIAN_POINT('Ctrl Pts',(27.4432348960134,4.82336081156723,-33.9618121131532));
#4285=CARTESIAN_POINT('Ctrl Pts',(27.5821298111879,3.46495170441431,-34.0333333333333));
#4286=CARTESIAN_POINT('Ctrl Pts',(26.5152916140872,2.61266415093615,-34.1048545535134));
#4287=CARTESIAN_POINT('Ctrl Pts',(25.2210864430934,3.0480883329409,-34.1763757736935));
#4288=CARTESIAN_POINT('Ctrl Pts',(24.8864300555279,4.37196010434001,-34.2478969938736));
#4289=CARTESIAN_POINT('Ctrl Pts',(25.818181051917,5.37006776376346,-34.3194182140537));
#4290=CARTESIAN_POINT('Ctrl Pts',(27.1619469230107,5.12729580763276,-34.3909394342339));
#4291=CARTESIAN_POINT('Ctrl Pts',(27.6851818725659,3.8658149212449,-34.4624606544139));
#4292=CARTESIAN_POINT('Ctrl Pts',(26.9084503248408,2.74346768668408,-34.5339818745941));
#4293=CARTESIAN_POINT('Ctrl Pts',(25.5432356881941,2.78757035524615,-34.6055030947742));
#4294=CARTESIAN_POINT('Ctrl Pts',(24.8432842764224,3.96172434467242,-34.6770243149543));
#4295=CARTESIAN_POINT('Ctrl Pts',(25.2460749274805,4.77334116002545,-34.7247051284077));
#4296=CARTESIAN_POINT('Ctrl Pts',(25.5746573849393,5.00392968949919,-34.7485455351344));
#4297=CARTESIAN_POINT('Ctrl Pts',(27.2324952333263,4.87277112768732,-32.5543633945969));
#4298=CARTESIAN_POINT('Ctrl Pts',(27.5174183010589,4.55150709240533,-32.5782038013236));
#4299=CARTESIAN_POINT('Ctrl Pts',(27.7358388936944,3.60719246914862,-32.625884614777));
#4300=CARTESIAN_POINT('Ctrl Pts',(26.7169200704126,2.55836795980138,-32.6974058349571));
#4301=CARTESIAN_POINT('Ctrl Pts',(25.2851911682162,2.85019191824492,-32.7689270551372));
#4302=CARTESIAN_POINT('Ctrl Pts',(24.7544669218094,4.21039723293776,-32.8404482753173));
#4303=CARTESIAN_POINT('Ctrl Pts',(25.6110744187492,5.39382101886916,-32.9119694954974));
#4304=CARTESIAN_POINT('Ctrl Pts',(27.0696272027489,5.31406394875064,-32.9834907156775));
#4305=CARTESIAN_POINT('Ctrl Pts',(27.7924187670141,4.0448101348561,-33.0550119358576));
#4306=CARTESIAN_POINT('Ctrl Pts',(27.1166364309715,2.74980429890029,-33.1265331560378));
#4307=CARTESIAN_POINT('Ctrl Pts',(25.662005163432,2.61680236315514,-33.1980543762178));
#4308=CARTESIAN_POINT('Ctrl Pts',(24.7625518262079,3.7677144023578,-33.269575596398));
#4309=CARTESIAN_POINT('Ctrl Pts',(25.2431432043546,5.14709117063296,-33.341096816578));
#4310=CARTESIAN_POINT('Ctrl Pts',(26.6630403821316,5.48991615175285,-33.4126180367582));
#4311=CARTESIAN_POINT('Ctrl Pts',(27.7200803141971,4.48179834419094,-33.4841392569383));
#4312=CARTESIAN_POINT('Ctrl Pts',(27.4448715903718,3.04726040975051,-33.5556604771183));
#4313=CARTESIAN_POINT('Ctrl Pts',(26.0898028740846,2.50189287030718,-33.6271816972984));
#4314=CARTESIAN_POINT('Ctrl Pts',(24.8975829077155,3.34584105042828,-33.6987029174786));
#4315=CARTESIAN_POINT('Ctrl Pts',(24.9615751173537,4.80513674497539,-33.7702241376587));
#4316=CARTESIAN_POINT('Ctrl Pts',(26.2230927332879,5.5414846495642,-33.8417453578388));
#4317=CARTESIAN_POINT('Ctrl Pts',(27.5252224508108,4.87959707460699,-33.9132665780188));
#4318=CARTESIAN_POINT('Ctrl Pts',(27.6738019053683,3.42647199833532,-33.984787798199));
#4319=CARTESIAN_POINT('Ctrl Pts',(26.532577712768,2.51475813420416,-34.0563090183791));
#4320=CARTESIAN_POINT('Ctrl Pts',(25.148133234364,2.98054255390105,-34.1278302385592));
#4321=CARTESIAN_POINT('Ctrl Pts',(24.7901427099003,4.39672215595053,-34.1993514587393));
#4322=CARTESIAN_POINT('Ctrl Pts',(25.7868606578033,5.4644235288947,-34.2708726789194));
#4323=CARTESIAN_POINT('Ctrl Pts',(27.2243214887431,5.20472413832714,-34.3423938990995));
#4324=CARTESIAN_POINT('Ctrl Pts',(27.784039339556,3.85528566681279,-34.4139151192796));
#4325=CARTESIAN_POINT('Ctrl Pts',(26.953149673411,2.65468203257871,-34.4854363394597));
#4326=CARTESIAN_POINT('Ctrl Pts',(25.4927445476222,2.70185978873522,-34.5569575596398));
#4327=CARTESIAN_POINT('Ctrl Pts',(24.7439885629475,3.95788243791762,-34.6284787798199));
#4328=CARTESIAN_POINT('Ctrl Pts',(25.1748640572727,4.82608976993787,-34.6761595932733));
#4329=CARTESIAN_POINT('Ctrl Pts',(25.526357142855,5.07275623640552,-34.7));
#4330=CARTESIAN_POINT('Ctrl Pts',(25.526357142855,5.07275623640552,-34.7));
#4331=CARTESIAN_POINT('Ctrl Pts',(25.4859790687739,5.03820579337561,-34.7));
#4332=CARTESIAN_POINT('Ctrl Pts',(25.4480200927177,5.00104116653776,-34.7));
#4333=CARTESIAN_POINT('Ctrl Pts',(25.4125792674767,4.96157787743806,-34.7));
#4334=CARTESIAN_POINT('Ctrl Pts',(25.3808691085348,4.92626867791425,-34.7));
#4335=CARTESIAN_POINT('Ctrl Pts',(25.3511752576423,4.88911816853323,-34.7));
#4336=CARTESIAN_POINT('Ctrl Pts',(25.3236005902713,4.85033713077949,-34.7));
#4337=CARTESIAN_POINT('Ctrl Pts',(25.3160564823377,4.83972709038779,-34.7));
#4338=CARTESIAN_POINT('Ctrl Pts',(25.3086705708291,4.82899378375786,-34.7));
#4339=CARTESIAN_POINT('Ctrl Pts',(25.3014549465861,4.81815657797355,-34.7));
#4340=CARTESIAN_POINT('Ctrl Pts',(25.2723993095345,4.77451767615181,-34.7));
#4341=CARTESIAN_POINT('Ctrl Pts',(25.2460616512548,4.72914166280406,-34.7));
#4342=CARTESIAN_POINT('Ctrl Pts',(25.2225664535092,4.68232319366709,-34.7));
#4343=CARTESIAN_POINT('Ctrl Pts',(25.2087789173354,4.65484901175883,-34.7));
#4344=CARTESIAN_POINT('Ctrl Pts',(25.1959711386504,4.62687775672096,-34.7));
#4345=CARTESIAN_POINT('Ctrl Pts',(25.1841765764688,4.59846774264375,-34.7));
#4346=CARTESIAN_POINT('Ctrl Pts',(25.1795123925869,4.58723294412349,-34.7));
#4347=CARTESIAN_POINT('Ctrl Pts',(25.1750067278435,4.57592953094495,-34.7));
#4348=CARTESIAN_POINT('Ctrl Pts',(25.1706619304544,4.5645611241664,-34.7));
#4349=CARTESIAN_POINT('Ctrl Pts',(25.1671147245772,4.55527966044589,-34.7));
#4350=CARTESIAN_POINT('Ctrl Pts',(25.1636781868151,4.5459638630644,-34.7));
#4351=CARTESIAN_POINT('Ctrl Pts',(25.1603531714564,4.53661633813938,-34.7));
#4352=CARTESIAN_POINT('Ctrl Pts',(25.1433859689849,4.48891690493359,-34.7));
#4353=CARTESIAN_POINT('Ctrl Pts',(25.1293169214523,4.44038714435318,-34.7));
#4354=CARTESIAN_POINT('Ctrl Pts',(25.1182612605778,4.39129417484558,-34.7));
#4355=CARTESIAN_POINT('Ctrl Pts',(25.1074207296541,4.34315649586642,-34.7));
#4356=CARTESIAN_POINT('Ctrl Pts',(25.0994773905123,4.2944763161251,-34.7));
#4357=CARTESIAN_POINT('Ctrl Pts',(25.0945886662627,4.24550733485868,-34.7));
#4358=CARTESIAN_POINT('Ctrl Pts',(25.0920291552868,4.2198694304429,-34.7));
#4359=CARTESIAN_POINT('Ctrl Pts',(25.0903077623331,4.19415248509674,-34.7));
#4360=CARTESIAN_POINT('Ctrl Pts',(25.0894526665309,4.168394471355,-34.7));
#4361=CARTESIAN_POINT('Ctrl Pts',(25.0889076795657,4.15197785265335,-34.7));
#4362=CARTESIAN_POINT('Ctrl Pts',(25.0887146630177,4.13554457827522,-34.7));
#4363=CARTESIAN_POINT('Ctrl Pts',(25.0888817572436,4.11910484437439,-34.7));
#4364=CARTESIAN_POINT('Ctrl Pts',(25.0889786129102,4.10957560195347,-34.7));
#4365=CARTESIAN_POINT('Ctrl Pts',(25.0891966140338,4.10004367519782,-34.7));
#4366=CARTESIAN_POINT('Ctrl Pts',(25.0895365287236,4.09052673725757,-34.7));
#4367=CARTESIAN_POINT('Ctrl Pts',(25.0909741143023,4.05027718892288,-34.7));
#4368=CARTESIAN_POINT('Ctrl Pts',(25.0945903453421,4.01022719096414,-34.7));
#4369=CARTESIAN_POINT('Ctrl Pts',(25.1004625736246,3.97051652824445,-34.7));
#4370=CARTESIAN_POINT('Ctrl Pts',(25.1076293645936,3.9220514473135,-34.7));
#4371=CARTESIAN_POINT('Ctrl Pts',(25.1181556480066,3.87409051402994,-34.7));
#4372=CARTESIAN_POINT('Ctrl Pts',(25.1318471873196,3.82690250509465,-34.7));
#4373=CARTESIAN_POINT('Ctrl Pts',(25.1429822656234,3.78852536118992,-34.7));
#4374=CARTESIAN_POINT('Ctrl Pts',(25.1562121314152,3.75065956188393,-34.7));
#4375=CARTESIAN_POINT('Ctrl Pts',(25.1714521773706,3.71346553152977,-34.7));
#4376=CARTESIAN_POINT('Ctrl Pts',(25.1755746165766,3.70340452978418,-34.7));
#4377=CARTESIAN_POINT('Ctrl Pts',(25.1798442255472,3.69339278097275,-34.7));
#4378=CARTESIAN_POINT('Ctrl Pts',(25.1842595032668,3.68343369588352,-34.7));
#4379=CARTESIAN_POINT('Ctrl Pts',(25.1878735439843,3.67528187819362,-34.7));
#4380=CARTESIAN_POINT('Ctrl Pts',(25.1915846905414,3.66716668909568,-34.7));
#4381=CARTESIAN_POINT('Ctrl Pts',(25.1953866148085,3.65910090719047,-34.7));
#4382=CARTESIAN_POINT('Ctrl Pts',(25.2158589314275,3.61566888978523,-34.7));
#4383=CARTESIAN_POINT('Ctrl Pts',(25.2389987670446,3.57357810150659,-34.7));
#4384=CARTESIAN_POINT('Ctrl Pts',(25.2646176182002,3.53307693389156,-34.7));
#4385=CARTESIAN_POINT('Ctrl Pts',(25.2900128351645,3.49292931241373,-34.7));
#4386=CARTESIAN_POINT('Ctrl Pts',(25.3178448939092,3.45434283804034,-34.7));
#4387=CARTESIAN_POINT('Ctrl Pts',(25.3479640860404,3.41759702883733,-34.7));
#4388=CARTESIAN_POINT('Ctrl Pts',(25.3633780586022,3.3987917802654,-34.7));
#4389=CARTESIAN_POINT('Ctrl Pts',(25.379391504352,3.38046929565735,-34.7));
#4390=CARTESIAN_POINT('Ctrl Pts',(25.3959866797661,3.36267196606718,-34.7));
#4391=CARTESIAN_POINT('Ctrl Pts',(25.404059573636,3.35401427192635,-34.7));
#4392=CARTESIAN_POINT('Ctrl Pts',(25.4122701491724,3.34548090735478,-34.7));
#4393=CARTESIAN_POINT('Ctrl Pts',(25.42061645614,3.33707708127073,-34.7));
#4394=CARTESIAN_POINT('Ctrl Pts',(25.4287293473444,3.3289082795497,-34.7));
#4395=CARTESIAN_POINT('Ctrl Pts',(25.4369733676515,3.3208593620135,-34.7));
#4396=CARTESIAN_POINT('Ctrl Pts',(25.4453270644889,3.3129533157228,-34.7));
#4397=CARTESIAN_POINT('Ctrl Pts',(25.4785238872654,3.28153541503961,-34.7));
#4398=CARTESIAN_POINT('Ctrl Pts',(25.5135058860575,3.2523119889658,-34.7));
#4399=CARTESIAN_POINT('Ctrl Pts',(25.550128302979,3.2255270224578,-34.7));
#4400=CARTESIAN_POINT('Ctrl Pts',(25.5854425403013,3.19969883460331,-34.7));
#4401=CARTESIAN_POINT('Ctrl Pts',(25.6222828972521,3.17613763087225,-34.7));
#4402=CARTESIAN_POINT('Ctrl Pts',(25.660535983766,3.15510685771943,-34.7));
#4403=CARTESIAN_POINT('Ctrl Pts',(25.6855458803589,3.14135692249188,-34.7));
#4404=CARTESIAN_POINT('Ctrl Pts',(25.711159958839,3.12868955303023,-34.7));
#4405=CARTESIAN_POINT('Ctrl Pts',(25.7373481941875,3.11719042842958,-34.7));
#4406=CARTESIAN_POINT('Ctrl Pts',(25.7488670964893,3.11213253540742,-34.7));
#4407=CARTESIAN_POINT('Ctrl Pts',(25.7604970937776,3.10730080358751,-34.7));
#4408=CARTESIAN_POINT('Ctrl Pts',(25.7722314152331,3.10269595206923,-34.7));
#4409=CARTESIAN_POINT('Ctrl Pts',(27.0437732205702,4.70539710221962,-32.7));
#4410=CARTESIAN_POINT('Ctrl Pts',(27.0762497797041,4.67654867890701,-32.7));
#4411=CARTESIAN_POINT('Ctrl Pts',(27.1066226439614,4.64562239133013,-32.7));
#4412=CARTESIAN_POINT('Ctrl Pts',(27.1348855128342,4.61292235103422,-32.7));
#4413=CARTESIAN_POINT('Ctrl Pts',(27.1644443963223,4.57872282636775,-32.7));
#4414=CARTESIAN_POINT('Ctrl Pts',(27.1916960021207,4.54258269391465,-32.7));
#4415=CARTESIAN_POINT('Ctrl Pts',(27.2166070978927,4.50479910757171,-32.7));
#4416=CARTESIAN_POINT('Ctrl Pts',(27.2358150557821,4.47566568277058,-32.7));
#4417=CARTESIAN_POINT('Ctrl Pts',(27.2536310386938,4.44555399768816,-32.7));
#4418=CARTESIAN_POINT('Ctrl Pts',(27.2700261470853,4.41458421445083,-32.7));
#4419=CARTESIAN_POINT('Ctrl Pts',(27.2752752847328,4.40466877801438,-32.7));
#4420=CARTESIAN_POINT('Ctrl Pts',(27.2803786733675,4.39466529263925,-32.7));
#4421=CARTESIAN_POINT('Ctrl Pts',(27.2853350655654,4.38457747145998,-32.7));
#4422=CARTESIAN_POINT('Ctrl Pts',(27.2888027124623,4.3775197164615,-32.7));
#4423=CARTESIAN_POINT('Ctrl Pts',(27.292197770526,4.37042181078441,-32.7));
#4424=CARTESIAN_POINT('Ctrl Pts',(27.2955158525457,4.36329409238517,-32.7));
#4425=CARTESIAN_POINT('Ctrl Pts',(27.315347297639,4.32069329010366,-32.7));
#4426=CARTESIAN_POINT('Ctrl Pts',(27.332474108937,4.27694550118443,-32.7));
#4427=CARTESIAN_POINT('Ctrl Pts',(27.346866853026,4.23236592229944,-32.7));
#4428=CARTESIAN_POINT('Ctrl Pts',(27.3615535194697,4.18687595865999,-32.7));
#4429=CARTESIAN_POINT('Ctrl Pts',(27.3733939778548,4.14051894149996,-32.7));
#4430=CARTESIAN_POINT('Ctrl Pts',(27.3823174974999,4.09359355062904,-32.7));
#4431=CARTESIAN_POINT('Ctrl Pts',(27.3884427734843,4.06138305732737,-32.7));
#4432=CARTESIAN_POINT('Ctrl Pts',(27.3931928480987,4.0289039948789,-32.7));
#4433=CARTESIAN_POINT('Ctrl Pts',(27.3965319124768,3.99624708222052,-32.7));
#4434=CARTESIAN_POINT('Ctrl Pts',(27.397453145611,3.9872371840583,-32.7));
#4435=CARTESIAN_POINT('Ctrl Pts',(27.3982669078646,3.97821373079559,-32.7));
#4436=CARTESIAN_POINT('Ctrl Pts',(27.3989722897922,3.96917859579428,-32.7));
#4437=CARTESIAN_POINT('Ctrl Pts',(27.3997387404499,3.95936124026965,-32.7));
#4438=CARTESIAN_POINT('Ctrl Pts',(27.4003765083953,3.94953868644659,-32.7));
#4439=CARTESIAN_POINT('Ctrl Pts',(27.4008848530865,3.93971949601644,-32.7));
#4440=CARTESIAN_POINT('Ctrl Pts',(27.4034316572051,3.89052540574201,-32.7));
#4441=CARTESIAN_POINT('Ctrl Pts',(27.4027372983988,3.84137073749394,-32.7));
#4442=CARTESIAN_POINT('Ctrl Pts',(27.3987411491447,3.79257244790627,-32.7));
#4443=CARTESIAN_POINT('Ctrl Pts',(27.396286843998,3.76260212255718,-32.7));
#4444=CARTESIAN_POINT('Ctrl Pts',(27.3925862432194,3.73276564014764,-32.7));
#4445=CARTESIAN_POINT('Ctrl Pts',(27.3876161179832,3.70313311088867,-32.7));
#4446=CARTESIAN_POINT('Ctrl Pts',(27.3797333356532,3.65613494345183,-32.7));
#4447=CARTESIAN_POINT('Ctrl Pts',(27.3686598868765,3.60964934800692,-32.7));
#4448=CARTESIAN_POINT('Ctrl Pts',(27.3546060939782,3.56386995004171,-32.7));
#4449=CARTESIAN_POINT('Ctrl Pts',(27.3510909264875,3.55241950014255,-32.7));
#4450=CARTESIAN_POINT('Ctrl Pts',(27.3473890523254,3.54101325311402,-32.7));
#4451=CARTESIAN_POINT('Ctrl Pts',(27.3435032707354,3.52965431004065,-32.7));
#4452=CARTESIAN_POINT('Ctrl Pts',(27.3403133739355,3.52032958210082,-32.7));
#4453=CARTESIAN_POINT('Ctrl Pts',(27.3370024241461,3.51104529433389,-32.7));
#4454=CARTESIAN_POINT('Ctrl Pts',(27.3335743481288,3.5018074938516,-32.7));
#4455=CARTESIAN_POINT('Ctrl Pts',(27.3164394294986,3.45563320868787,-32.7));
#4456=CARTESIAN_POINT('Ctrl Pts',(27.2963705874665,3.41058522387338,-32.7));
#4457=CARTESIAN_POINT('Ctrl Pts',(27.2736362079118,3.36686446709592,-32.7));
#4458=CARTESIAN_POINT('Ctrl Pts',(27.2503476385238,3.32207794123288,-32.7));
#4459=CARTESIAN_POINT('Ctrl Pts',(27.2242616524251,3.27868318353158,-32.7));
#4460=CARTESIAN_POINT('Ctrl Pts',(27.1956113359659,3.23690093877643,-32.7));
#4461=CARTESIAN_POINT('Ctrl Pts',(27.1786618091249,3.21218256332794,-32.7));
#4462=CARTESIAN_POINT('Ctrl Pts',(27.1608137683915,3.18802871061391,-32.7));
#4463=CARTESIAN_POINT('Ctrl Pts',(27.1421074971731,3.16448799668465,-32.7));
#4464=CARTESIAN_POINT('Ctrl Pts',(27.1329986451714,3.15302505590432,-32.7));
#4465=CARTESIAN_POINT('Ctrl Pts',(27.1236862133924,3.14170754026349,-32.7));
#4466=CARTESIAN_POINT('Ctrl Pts',(27.1141744026028,3.13054134824475,-32.7));
#4467=CARTESIAN_POINT('Ctrl Pts',(27.1082190045313,3.12355013280896,-32.7));
#4468=CARTESIAN_POINT('Ctrl Pts',(27.1021868305893,3.11661996883028,-32.7));
#4469=CARTESIAN_POINT('Ctrl Pts',(27.0960850451721,3.10975880686131,-32.7));
#4470=CARTESIAN_POINT('Ctrl Pts',(27.0611136277687,3.07043514293624,-32.7));
#4471=CARTESIAN_POINT('Ctrl Pts',(27.0238061802016,3.03331337729195,-32.7));
#4472=CARTESIAN_POINT('Ctrl Pts',(26.9844092171916,2.99863350661812,-32.7));
#4473=CARTESIAN_POINT('Ctrl Pts',(26.9573665836857,2.97482875211386,-32.7));
#4474=CARTESIAN_POINT('Ctrl Pts',(26.9293383205673,2.95217477965062,-32.7));
#4475=CARTESIAN_POINT('Ctrl Pts',(26.9003919240365,2.93075644535423,-32.7));
#4476=CARTESIAN_POINT('Ctrl Pts',(26.8874823149335,2.92120422619942,-32.7));
#4477=CARTESIAN_POINT('Ctrl Pts',(26.8743861619382,2.91189551992242,-32.7));
#4478=CARTESIAN_POINT('Ctrl Pts',(26.8611331941312,2.90285422523653,-32.7));
#4479=CARTESIAN_POINT('Ctrl Pts',(26.81725138071,2.87291765463071,-32.7));
#4480=CARTESIAN_POINT('Ctrl Pts',(26.7716096340276,2.84587571961445,-32.7));
#4481=CARTESIAN_POINT('Ctrl Pts',(26.7244359554274,2.82198194288208,-32.7));
#4482=CARTESIAN_POINT('Ctrl Pts',(26.6989906764137,2.80909374264652,-32.7));
#4483=CARTESIAN_POINT('Ctrl Pts',(26.6730989659905,2.79712200032049,-32.7));
#4484=CARTESIAN_POINT('Ctrl Pts',(26.6467922179404,2.78611107842386,-32.7));
#4485=CARTESIAN_POINT('Ctrl Pts',(26.6324533186154,2.7801094053835,-32.7));
#4486=CARTESIAN_POINT('Ctrl Pts',(26.6179910647565,2.77439325173812,-32.7));
#4487=CARTESIAN_POINT('Ctrl Pts',(26.603413247049,2.768960404029,-32.7));
#4488=CARTESIAN_POINT('Ctrl Pts',(25.2288814371177,4.01597994656541,-33.4269615242271));
#4489=CARTESIAN_POINT('Ctrl Pts',(25.2283822424561,3.95934718646668,-33.4230450834184));
#4490=CARTESIAN_POINT('Ctrl Pts',(25.2326145190905,3.90278914863152,-33.4191286426097));
#4491=CARTESIAN_POINT('Ctrl Pts',(25.2418402462747,3.8470577704794,-33.415212201801));
#4492=CARTESIAN_POINT('Ctrl Pts',(25.297999677545,3.50780619296517,-33.3913717950743));
#4493=CARTESIAN_POINT('Ctrl Pts',(25.5391902978821,3.1991863044167,-33.3675313883476));
#4494=CARTESIAN_POINT('Ctrl Pts',(25.8548170806461,3.06270875792277,-33.3436909816209));
#4495=CARTESIAN_POINT('Ctrl Pts',(26.1704438634101,2.92623121142883,-33.3198505748942));
#4496=CARTESIAN_POINT('Ctrl Pts',(26.5605068086011,2.96189600698944,-33.2960101681675));
#4497=CARTESIAN_POINT('Ctrl Pts',(26.8461446273501,3.15335790170296,-33.2721697614408));
#4498=CARTESIAN_POINT('Ctrl Pts',(27.1317824460991,3.34481979641649,-33.2483293547141));
#4499=CARTESIAN_POINT('Ctrl Pts',(27.3129951384062,3.69207879028294,-33.2244889479874));
#4500=CARTESIAN_POINT('Ctrl Pts',(27.3066923184336,4.03588505018374,-33.2006485412607));
#4501=CARTESIAN_POINT('Ctrl Pts',(27.300389498461,4.37969131008454,-33.176808134534));
#4502=CARTESIAN_POINT('Ctrl Pts',(27.1065711662087,4.7200448360197,-33.1529677278073));
#4503=CARTESIAN_POINT('Ctrl Pts',(26.8141047453545,4.90091512605647,-33.1291273210806));
#4504=CARTESIAN_POINT('Ctrl Pts',(26.5216383245002,5.08178541609323,-33.1052869143539));
#4505=CARTESIAN_POINT('Ctrl Pts',(26.1305238150439,5.1031724702316,-33.0814465076272));
#4506=CARTESIAN_POINT('Ctrl Pts',(25.820115858772,4.9551970006793,-33.0576061009005));
#4507=CARTESIAN_POINT('Ctrl Pts',(25.5097079025,4.80722153112699,-33.0337656941738));
#4508=CARTESIAN_POINT('Ctrl Pts',(25.2800064994123,4.48988353788402,-33.0099252874471));
#4509=CARTESIAN_POINT('Ctrl Pts',(25.2363133026112,4.14884334419244,-32.9860848807204));
#4510=CARTESIAN_POINT('Ctrl Pts',(25.2307397314425,4.10533973424605,-32.9830437618893));
#4511=CARTESIAN_POINT('Ctrl Pts',(25.2281928755238,4.06145044340422,-32.9800026430582));
#4512=CARTESIAN_POINT('Ctrl Pts',(25.2285373907232,4.01752199871475,-32.9769615242271));
#4513=CARTESIAN_POINT('Ctrl Pts',(25.9321958955734,2.7711302964179,-32.7));
#4514=CARTESIAN_POINT('Ctrl Pts',(25.5175355365795,2.88270323924403,-32.7238404067267));
#4515=CARTESIAN_POINT('Ctrl Pts',(24.8157010541026,3.5511860813067,-32.7715212201801));
#4516=CARTESIAN_POINT('Ctrl Pts',(25.0897156700683,4.98754712663786,-32.8430424403602));
#4517=CARTESIAN_POINT('Ctrl Pts',(26.4459122596322,5.53136947424742,-32.9145636605403));
#4518=CARTESIAN_POINT('Ctrl Pts',(27.6373240338396,4.68735098112308,-32.9860848807204));
#4519=CARTESIAN_POINT('Ctrl Pts',(27.5728963530357,3.22785907941498,-33.0576061009005));
#4520=CARTESIAN_POINT('Ctrl Pts',(26.3109472654227,2.49218049075065,-33.1291273210806));
#4521=CARTESIAN_POINT('Ctrl Pts',(25.0091630960054,3.15459425844847,-33.2006485412607));
#4522=CARTESIAN_POINT('Ctrl Pts',(24.8612022006241,4.60780794252759,-33.2721697614408));
#4523=CARTESIAN_POINT('Ctrl Pts',(26.0028470058136,5.51901024080752,-33.3436909816209));
#4524=CARTESIAN_POINT('Ctrl Pts',(27.3870717374017,5.05260100035549,-33.415212201801));
#4525=CARTESIAN_POINT('Ctrl Pts',(27.7444508291574,3.63629266664474,-33.4867334219811));
#4526=CARTESIAN_POINT('Ctrl Pts',(26.7472278397353,2.5689669951456,-33.5582546421612));
#4527=CARTESIAN_POINT('Ctrl Pts',(25.3099429548557,2.82944330450521,-33.6297758623414));
#4528=CARTESIAN_POINT('Ctrl Pts',(24.7507013201063,4.17884632933032,-33.7012970825214));
#4529=CARTESIAN_POINT('Ctrl Pts',(25.5823745042854,5.37966167936677,-33.7728183027016));
#4530=CARTESIAN_POINT('Ctrl Pts',(27.0422495391252,5.33064461277806,-33.8443395228816));
#4531=CARTESIAN_POINT('Ctrl Pts',(27.7915021570996,4.07674659304001,-33.9158607430618));
#4532=CARTESIAN_POINT('Ctrl Pts',(27.1430060088686,2.76789652761209,-33.9873819632419));
#4533=CARTESIAN_POINT('Ctrl Pts',(25.6914857809468,2.60441317186385,-34.058903183422));
#4534=CARTESIAN_POINT('Ctrl Pts',(24.7681028007261,3.73623161278164,-34.1304244036021));
#4535=CARTESIAN_POINT('Ctrl Pts',(25.2196774366645,5.12536660812817,-34.2019456237821));
#4536=CARTESIAN_POINT('Ctrl Pts',(26.6320733389227,5.497898895173,-34.2734668439623));
#4537=CARTESIAN_POINT('Ctrl Pts',(27.7100192494934,4.51212252497504,-34.3449880641424));
#4538=CARTESIAN_POINT('Ctrl Pts',(27.4649277733143,3.07220440518993,-34.4165092843225));
#4539=CARTESIAN_POINT('Ctrl Pts',(26.1216145616503,2.49840295789713,-34.4880305045026));
#4540=CARTESIAN_POINT('Ctrl Pts',(24.9119121956323,3.31748031862432,-34.5595517246827));
#4541=CARTESIAN_POINT('Ctrl Pts',(24.9454114925928,4.77717447479506,-34.6310729448628));
#4542=CARTESIAN_POINT('Ctrl Pts',(26.1909885856994,5.5410786837327,-34.7025941650429));
#4543=CARTESIAN_POINT('Ctrl Pts',(27.507174661571,4.90399840936418,-34.774115385223));
#4544=CARTESIAN_POINT('Ctrl Pts',(27.6249036665316,3.94192729332502,-34.8217961986764));
#4545=CARTESIAN_POINT('Ctrl Pts',(27.4670423336842,3.54258842158393,-34.8456366054031));
#4546=CARTESIAN_POINT('Ctrl Pts',(25.9540432112046,2.85232575038027,-32.6514544648656));
#4547=CARTESIAN_POINT('Ctrl Pts',(25.566410778711,2.95662627077025,-32.6752948715923));
#4548=CARTESIAN_POINT('Ctrl Pts',(24.9103224844007,3.58153681388969,-32.7229756850458));
#4549=CARTESIAN_POINT('Ctrl Pts',(25.1664765869614,4.92427458436691,-32.7944969052258));
#4550=CARTESIAN_POINT('Ctrl Pts',(26.434275091327,5.43265011358253,-32.866018125406));
#4551=CARTESIAN_POINT('Ctrl Pts',(27.5480295993732,4.64364548735499,-32.937539345586));
#4552=CARTESIAN_POINT('Ctrl Pts',(27.4878013714072,3.27928455004116,-33.0090605657662));
#4553=CARTESIAN_POINT('Ctrl Pts',(26.308107234014,2.5915581381186,-33.0805817859463));
#4554=CARTESIAN_POINT('Ctrl Pts',(25.0911745004456,3.21079519447228,-33.1521030061263));
#4555=CARTESIAN_POINT('Ctrl Pts',(24.9528578262168,4.56928713389793,-33.2236242263065));
#4556=CARTESIAN_POINT('Ctrl Pts',(26.0200892200086,5.42109646583648,-33.2951454464866));
#4557=CARTESIAN_POINT('Ctrl Pts',(27.3140889674771,4.98508818944235,-33.3666666666667));
#4558=CARTESIAN_POINT('Ctrl Pts',(27.6481737760557,3.66109607722475,-33.4381878868468));
#4559=CARTESIAN_POINT('Ctrl Pts',(26.7159506571973,2.66333963069607,-33.5097091070269));
#4560=CARTESIAN_POINT('Ctrl Pts',(25.3723492638451,2.90683786536937,-33.581230327207));
#4561=CARTESIAN_POINT('Ctrl Pts',(24.849559490172,4.16828561551436,-33.6527515473871));
#4562=CARTESIAN_POINT('Ctrl Pts',(25.6270234855373,5.29083076605554,-33.7242727675672));
#4563=CARTESIAN_POINT('Ctrl Pts',(26.9917425830288,5.24500867493116,-33.7957939877473));
#4564=CARTESIAN_POINT('Ctrl Pts',(27.6921582571054,4.07284082973547,-33.8673152079274));
#4565=CARTESIAN_POINT('Ctrl Pts',(27.0859316575545,2.84930276146626,-33.9388364281075));
#4566=CARTESIAN_POINT('Ctrl Pts',(25.7290227933259,2.69647539447447,-34.0103576482876));
#4567=CARTESIAN_POINT('Ctrl Pts',(24.8658267269969,3.75452091505079,-34.0818788684677));
#4568=CARTESIAN_POINT('Ctrl Pts',(25.2879673314325,5.05311087097196,-34.1534000886478));
#4569=CARTESIAN_POINT('Ctrl Pts',(26.608302027917,5.40136117625786,-34.2249213088279));
#4570=CARTESIAN_POINT('Ctrl Pts',(27.6159864770041,4.47983857592616,-34.296442529008));
#4571=CARTESIAN_POINT('Ctrl Pts',(27.3868702785682,3.13377558423299,-34.3679637491881));
#4572=CARTESIAN_POINT('Ctrl Pts',(26.1311154022123,2.5973750193897,-34.4394849693682));
#4573=CARTESIAN_POINT('Ctrl Pts',(25.0002624991989,3.36306419814183,-34.5110061895483));
#4574=CARTESIAN_POINT('Ctrl Pts',(25.0315782825526,4.72761420679473,-34.5825274097284));
#4575=CARTESIAN_POINT('Ctrl Pts',(26.1959675664251,5.4417264682635,-34.6540486299085));
#4576=CARTESIAN_POINT('Ctrl Pts',(27.4263634775321,4.84617164588709,-34.7255698500886));
#4577=CARTESIAN_POINT('Ctrl Pts',(27.5364188025183,3.9468091704218,-34.773250663542));
#4578=CARTESIAN_POINT('Ctrl Pts',(27.3888470100354,3.57349955718115,-34.7970910702687));
#4579=CARTESIAN_POINT('Ctrl Pts',(25.9758905268358,2.93352120434264,-32.6029089297313));
#4580=CARTESIAN_POINT('Ctrl Pts',(25.6152860208426,3.03054930229647,-32.626749336458));
#4581=CARTESIAN_POINT('Ctrl Pts',(25.0049439146988,3.61188754647268,-32.6744301499114));
#4582=CARTESIAN_POINT('Ctrl Pts',(25.2432375038545,4.86100204209594,-32.7459513700915));
#4583=CARTESIAN_POINT('Ctrl Pts',(26.4226379230218,5.33393075291764,-32.8174725902716));
#4584=CARTESIAN_POINT('Ctrl Pts',(27.4587351649068,4.5999399935869,-32.8889938104517));
#4585=CARTESIAN_POINT('Ctrl Pts',(27.4027063897788,3.33071002066735,-32.9605150306318));
#4586=CARTESIAN_POINT('Ctrl Pts',(26.3052672026053,2.69093578548654,-33.0320362508119));
#4587=CARTESIAN_POINT('Ctrl Pts',(25.1731859048859,3.26699613049609,-33.103557470992));
#4588=CARTESIAN_POINT('Ctrl Pts',(25.0445134518095,4.53076632526826,-33.1750786911721));
#4589=CARTESIAN_POINT('Ctrl Pts',(26.0373314342036,5.32318269086544,-33.2465999113522));
#4590=CARTESIAN_POINT('Ctrl Pts',(27.2411061975524,4.91757537852919,-33.3181211315323));
#4591=CARTESIAN_POINT('Ctrl Pts',(27.5518967229539,3.68589948780476,-33.3896423517124));
#4592=CARTESIAN_POINT('Ctrl Pts',(26.6846734746593,2.75771226624653,-33.4611635718925));
#4593=CARTESIAN_POINT('Ctrl Pts',(25.4347555728344,2.98423242623355,-33.5326847920726));
#4594=CARTESIAN_POINT('Ctrl Pts',(24.9484176602377,4.15772490169839,-33.6042060122527));
#4595=CARTESIAN_POINT('Ctrl Pts',(25.6716724667893,5.2019998527443,-33.6757272324328));
#4596=CARTESIAN_POINT('Ctrl Pts',(26.9412356269323,5.15937273708426,-33.7472484526129));
#4597=CARTESIAN_POINT('Ctrl Pts',(27.5928143571113,4.06893506643094,-33.8187696727931));
#4598=CARTESIAN_POINT('Ctrl Pts',(27.0288573062402,2.93070899532043,-33.8902908929731));
#4599=CARTESIAN_POINT('Ctrl Pts',(25.7665598057051,2.7885376170851,-33.9618121131532));
#4600=CARTESIAN_POINT('Ctrl Pts',(24.9635506532677,3.77281021731994,-34.0333333333334));
#4601=CARTESIAN_POINT('Ctrl Pts',(25.3562572262007,4.98085513381574,-34.1048545535134));
#4602=CARTESIAN_POINT('Ctrl Pts',(26.5845307169112,5.30482345734272,-34.1763757736935));
#4603=CARTESIAN_POINT('Ctrl Pts',(27.5219537045149,4.44755462687727,-34.2478969938737));
#4604=CARTESIAN_POINT('Ctrl Pts',(27.3088127838221,3.19534676327604,-34.3194182140537));
#4605=CARTESIAN_POINT('Ctrl Pts',(26.1406162427743,2.69634708088226,-34.3909394342339));
#4606=CARTESIAN_POINT('Ctrl Pts',(25.0886128027656,3.40864807765936,-34.4624606544139));
#4607=CARTESIAN_POINT('Ctrl Pts',(25.1177450725125,4.6780539387944,-34.5339818745941));
#4608=CARTESIAN_POINT('Ctrl Pts',(26.2009465471508,5.34237425279431,-34.6055030947741));
#4609=CARTESIAN_POINT('Ctrl Pts',(27.3455522934933,4.78834488241,-34.6770243149543));
#4610=CARTESIAN_POINT('Ctrl Pts',(27.447933938505,3.95169104751858,-34.7247051284077));
#4611=CARTESIAN_POINT('Ctrl Pts',(27.3106516863867,3.60441069277837,-34.7485455351344));
#4612=CARTESIAN_POINT('Ctrl Pts',(25.997737842467,3.01471665830501,-32.5543633945969));
#4613=CARTESIAN_POINT('Ctrl Pts',(25.6641612629741,3.10447233382269,-32.5782038013236));
#4614=CARTESIAN_POINT('Ctrl Pts',(25.099565344997,3.64223827905567,-32.625884614777));
#4615=CARTESIAN_POINT('Ctrl Pts',(25.3199984207476,4.79772949982498,-32.6974058349571));
#4616=CARTESIAN_POINT('Ctrl Pts',(26.4110007547166,5.23521139225275,-32.7689270551372));
#4617=CARTESIAN_POINT('Ctrl Pts',(27.3694407304404,4.55623449981881,-32.8404482753173));
#4618=CARTESIAN_POINT('Ctrl Pts',(27.3176114081503,3.38213549129354,-32.9119694954975));
#4619=CARTESIAN_POINT('Ctrl Pts',(26.3024271711965,2.79031343285448,-32.9834907156775));
#4620=CARTESIAN_POINT('Ctrl Pts',(25.2551973093261,3.3231970665199,-33.0550119358576));
#4621=CARTESIAN_POINT('Ctrl Pts',(25.1361690774022,4.4922455166386,-33.1265331560377));
#4622=CARTESIAN_POINT('Ctrl Pts',(26.0545736483986,5.2252689158944,-33.1980543762178));
#4623=CARTESIAN_POINT('Ctrl Pts',(27.1681234276277,4.85006256761604,-33.269575596398));
#4624=CARTESIAN_POINT('Ctrl Pts',(27.4556196698522,3.71070289838477,-33.341096816578));
#4625=CARTESIAN_POINT('Ctrl Pts',(26.6533962921213,2.85208490179699,-33.4126180367581));
#4626=CARTESIAN_POINT('Ctrl Pts',(25.4971618818238,3.06162698709772,-33.4841392569383));
#4627=CARTESIAN_POINT('Ctrl Pts',(25.0472758303034,4.14716418788242,-33.5556604771183));
#4628=CARTESIAN_POINT('Ctrl Pts',(25.7163214480413,5.11316893943306,-33.6271816972985));
#4629=CARTESIAN_POINT('Ctrl Pts',(26.8907286708359,5.07373679923737,-33.6987029174785));
#4630=CARTESIAN_POINT('Ctrl Pts',(27.4934704571172,4.0650293031264,-33.7702241376587));
#4631=CARTESIAN_POINT('Ctrl Pts',(26.971782954926,3.01211522917459,-33.8417453578388));
#4632=CARTESIAN_POINT('Ctrl Pts',(25.8040968180842,2.88059983969573,-33.9132665780189));
#4633=CARTESIAN_POINT('Ctrl Pts',(25.0612745795385,3.79109951958909,-33.984787798199));
#4634=CARTESIAN_POINT('Ctrl Pts',(25.4245471209687,4.90859939665953,-34.0563090183791));
#4635=CARTESIAN_POINT('Ctrl Pts',(26.5607594059055,5.20828573842757,-34.1278302385592));
#4636=CARTESIAN_POINT('Ctrl Pts',(27.4279209320256,4.41527067782839,-34.1993514587393));
#4637=CARTESIAN_POINT('Ctrl Pts',(27.230755289076,3.2569179423191,-34.2708726789194));
#4638=CARTESIAN_POINT('Ctrl Pts',(26.1501170833363,2.79531914237483,-34.3423938990995));
#4639=CARTESIAN_POINT('Ctrl Pts',(25.1769631063322,3.45423195717688,-34.4139151192796));
#4640=CARTESIAN_POINT('Ctrl Pts',(25.2039118624723,4.62849367079407,-34.4854363394597));
#4641=CARTESIAN_POINT('Ctrl Pts',(26.2059255278765,5.24302203732511,-34.5569575596398));
#4642=CARTESIAN_POINT('Ctrl Pts',(27.2647411094546,4.73051811893291,-34.6284787798199));
#4643=CARTESIAN_POINT('Ctrl Pts',(27.3594490744917,3.95657292461537,-34.6761595932733));
#4644=CARTESIAN_POINT('Ctrl Pts',(27.2324563627379,3.63532182837559,-34.7));
#4645=CARTESIAN_POINT('Ctrl Pts',(27.2324563627379,3.63532182837559,-34.7));
#4646=CARTESIAN_POINT('Ctrl Pts',(27.2532646319236,3.67382870565165,-34.7));
#4647=CARTESIAN_POINT('Ctrl Pts',(27.2713642904735,3.71362430320536,-34.7));
#4648=CARTESIAN_POINT('Ctrl Pts',(27.2868414000999,3.75442347465376,-34.7));
#4649=CARTESIAN_POINT('Ctrl Pts',(27.296954733808,3.7810832093093,-34.7));
#4650=CARTESIAN_POINT('Ctrl Pts',(27.3059475537044,3.80817230907583,-34.7));
#4651=CARTESIAN_POINT('Ctrl Pts',(27.3138351376378,3.83561861232121,-34.7));
#4652=CARTESIAN_POINT('Ctrl Pts',(27.3172141948252,3.84737666510801,-34.7));
#4653=CARTESIAN_POINT('Ctrl Pts',(27.3203903215067,3.85920033591613,-34.7));
#4654=CARTESIAN_POINT('Ctrl Pts',(27.3233643157256,3.87108419463703,-34.7));
#4655=CARTESIAN_POINT('Ctrl Pts',(27.3257562177797,3.88064205655381,-34.7));
#4656=CARTESIAN_POINT('Ctrl Pts',(27.3280168513562,3.89023715596683,-34.7));
#4657=CARTESIAN_POINT('Ctrl Pts',(27.3301448693703,3.89985740848654,-34.7));
#4658=CARTESIAN_POINT('Ctrl Pts',(27.340151162116,3.94509342733703,-34.7));
#4659=CARTESIAN_POINT('Ctrl Pts',(27.3472430980286,3.99093885022652,-34.7));
#4660=CARTESIAN_POINT('Ctrl Pts',(27.351491382906,4.03709023820377,-34.7));
#4661=CARTESIAN_POINT('Ctrl Pts',(27.3544026662289,4.06871706409283,-34.7));
#4662=CARTESIAN_POINT('Ctrl Pts',(27.3559776141875,4.10048834158386,-34.7));
#4663=CARTESIAN_POINT('Ctrl Pts',(27.3562264484303,4.13231242657919,-34.7));
#4664=CARTESIAN_POINT('Ctrl Pts',(27.3563090046661,4.14287076709349,-34.7));
#4665=CARTESIAN_POINT('Ctrl Pts',(27.35624536068,4.15343575394612,-34.7));
#4666=CARTESIAN_POINT('Ctrl Pts',(27.3560363526874,4.16398752645093,-34.7));
#4667=CARTESIAN_POINT('Ctrl Pts',(27.3550812984496,4.21220345790444,-34.7));
#4668=CARTESIAN_POINT('Ctrl Pts',(27.3510964776094,4.26022206454207,-34.7));
#4669=CARTESIAN_POINT('Ctrl Pts',(27.3441568626243,4.3077248209259,-34.7));
#4670=CARTESIAN_POINT('Ctrl Pts',(27.3371948135138,4.35538114242785,-34.7));
#4671=CARTESIAN_POINT('Ctrl Pts',(27.3272589922487,4.40251950493932,-34.7));
#4672=CARTESIAN_POINT('Ctrl Pts',(27.314374482249,4.44883260070609,-34.7));
#4673=CARTESIAN_POINT('Ctrl Pts',(27.3080178579438,4.47168135088793,-34.7));
#4674=CARTESIAN_POINT('Ctrl Pts',(27.3009427381213,4.49432933667922,-34.7));
#4675=CARTESIAN_POINT('Ctrl Pts',(27.2931474368078,4.5167395041565,-34.7));
#4676=CARTESIAN_POINT('Ctrl Pts',(27.2889971035699,4.52867100740517,-34.7));
#4677=CARTESIAN_POINT('Ctrl Pts',(27.2846425705457,4.54053508934728,-34.7));
#4678=CARTESIAN_POINT('Ctrl Pts',(27.2800832159442,4.55232606921117,-34.7));
#4679=CARTESIAN_POINT('Ctrl Pts',(27.2757743260635,4.56346932045182,-34.7));
#4680=CARTESIAN_POINT('Ctrl Pts',(27.2712807378607,4.57455098894742,-34.7));
#4681=CARTESIAN_POINT('Ctrl Pts',(27.2666130897356,4.58554073009192,-34.7));
#4682=CARTESIAN_POINT('Ctrl Pts',(27.2506970724225,4.62301418688057,-34.7));
#4683=CARTESIAN_POINT('Ctrl Pts',(27.2327392059467,4.65947421554807,-34.7));
#4684=CARTESIAN_POINT('Ctrl Pts',(27.2127672955257,4.69474379876663,-34.7));
#4685=CARTESIAN_POINT('Ctrl Pts',(27.1894597919892,4.73590390404797,-34.7));
#4686=CARTESIAN_POINT('Ctrl Pts',(27.163410890609,4.77544402091987,-34.7));
#4687=CARTESIAN_POINT('Ctrl Pts',(27.1349085841715,4.81326934710339,-34.7));
#4688=CARTESIAN_POINT('Ctrl Pts',(27.1078822584334,4.84913590368641,-34.7));
#4689=CARTESIAN_POINT('Ctrl Pts',(27.0786491371859,4.88346101817852,-34.7));
#4690=CARTESIAN_POINT('Ctrl Pts',(27.0474171803722,4.91614776320286,-34.7));
#4691=CARTESIAN_POINT('Ctrl Pts',(27.0403803906847,4.92351232737918,-34.7));
#4692=CARTESIAN_POINT('Ctrl Pts',(27.033242005149,4.93079364306157,-34.7));
#4693=CARTESIAN_POINT('Ctrl Pts',(27.0260041896095,4.93799045369899,-34.7));
#4694=CARTESIAN_POINT('Ctrl Pts',(27.0188773848716,4.9450768824521,-34.7));
#4695=CARTESIAN_POINT('Ctrl Pts',(27.0116597183807,4.9520757874517,-34.7));
#4696=CARTESIAN_POINT('Ctrl Pts',(27.0043588055337,4.95898164795149,-34.7));
#4697=CARTESIAN_POINT('Ctrl Pts',(26.9679170444225,4.99345154560306,-34.7));
#4698=CARTESIAN_POINT('Ctrl Pts',(26.9293677697416,5.02564237658069,-34.7));
#4699=CARTESIAN_POINT('Ctrl Pts',(26.8890303385401,5.05545093858887,-34.7));
#4700=CARTESIAN_POINT('Ctrl Pts',(26.8478100426525,5.08591192009821,-34.7));
#4701=CARTESIAN_POINT('Ctrl Pts',(26.8047217309898,5.11388601885932,-34.7));
#4702=CARTESIAN_POINT('Ctrl Pts',(26.7600592308265,5.13923560963182,-34.7));
#4703=CARTESIAN_POINT('Ctrl Pts',(26.736881285854,5.1523909730318,-34.7));
#4704=CARTESIAN_POINT('Ctrl Pts',(26.7132786902396,5.16483898989492,-34.7));
#4705=CARTESIAN_POINT('Ctrl Pts',(26.6892887346542,5.17655646816069,-34.7));
#4706=CARTESIAN_POINT('Ctrl Pts',(26.6760683813065,5.18301372075818,-34.7));
#4707=CARTESIAN_POINT('Ctrl Pts',(26.6627303517274,5.18924906553768,-34.7));
#4708=CARTESIAN_POINT('Ctrl Pts',(26.6492806318965,5.1952582057765,-34.7));
#4709=CARTESIAN_POINT('Ctrl Pts',(26.6377871622836,5.20039332171969,-34.7));
#4710=CARTESIAN_POINT('Ctrl Pts',(26.6262081358213,5.20536472527188,-34.7));
#4711=CARTESIAN_POINT('Ctrl Pts',(26.614573593667,5.2101591682899,-34.7));
#4712=CARTESIAN_POINT('Ctrl Pts',(26.5654994962065,5.23038196355023,-34.7));
#4713=CARTESIAN_POINT('Ctrl Pts',(26.5153589779614,5.2474981413397,-34.7));
#4714=CARTESIAN_POINT('Ctrl Pts',(26.4644716821483,5.26137659930492,-34.7));
#4715=CARTESIAN_POINT('Ctrl Pts',(26.4140344424056,5.27513231378073,-34.7));
#4716=CARTESIAN_POINT('Ctrl Pts',(26.3628625381455,5.28570799992136,-34.7));
#4717=CARTESIAN_POINT('Ctrl Pts',(26.3112368622141,5.29293616288804,-34.7));
#4718=CARTESIAN_POINT('Ctrl Pts',(26.2753419717367,5.29796184271422,-34.7));
#4719=CARTESIAN_POINT('Ctrl Pts',(26.2392270719396,5.30136841561767,-34.7));
#4720=CARTESIAN_POINT('Ctrl Pts',(26.2029818251759,5.30308540887746,-34.7));
#4721=CARTESIAN_POINT('Ctrl Pts',(26.1874607068684,5.30382066819828,-34.7));
#4722=CARTESIAN_POINT('Ctrl Pts',(26.1719156559592,5.30424593561054,-34.7));
#4723=CARTESIAN_POINT('Ctrl Pts',(26.156353080648,5.30436527534511,-34.7));
#4724=CARTESIAN_POINT('Ctrl Pts',(25.2310196096219,4.01736935426054,-33.0980384757729));
#4725=CARTESIAN_POINT('Ctrl Pts',(25.2303602385055,4.15543897357056,-33.1075367025279));
#4726=CARTESIAN_POINT('Ctrl Pts',(25.2559947892611,4.29327432869279,-33.1170349292828));
#4727=CARTESIAN_POINT('Ctrl Pts',(25.3090745445556,4.41957467482812,-33.1265331560377));
#4728=CARTESIAN_POINT('Ctrl Pts',(25.442303934401,4.73658664972387,-33.1503735627644));
#4729=CARTESIAN_POINT('Ctrl Pts',(25.7484387913998,4.98092778280914,-33.1742139694911));
#4730=CARTESIAN_POINT('Ctrl Pts',(26.0870978497707,5.04056395797204,-33.1980543762178));
#4731=CARTESIAN_POINT('Ctrl Pts',(26.4257569081417,5.10020013313495,-33.2218947829446));
#4732=CARTESIAN_POINT('Ctrl Pts',(26.7969401678847,4.9751313503755,-33.2457351896713));
#4733=CARTESIAN_POINT('Ctrl Pts',(27.030447838127,4.72270368079056,-33.269575596398));
#4734=CARTESIAN_POINT('Ctrl Pts',(27.2639555083692,4.47027601120562,-33.2934160031247));
#4735=CARTESIAN_POINT('Ctrl Pts',(27.3597875891107,4.0904894547952,-33.3172564098513));
#4736=CARTESIAN_POINT('Ctrl Pts',(27.2739997331929,3.75749317715869,-33.341096816578));
#4737=CARTESIAN_POINT('Ctrl Pts',(27.1882118772752,3.42449689952218,-33.3649372233047));
#4738=CARTESIAN_POINT('Ctrl Pts',(26.9208040846982,3.13829090065959,-33.3887776300314));
#4739=CARTESIAN_POINT('Ctrl Pts',(26.5943944533602,3.03011158211175,-33.4126180367581));
#4740=CARTESIAN_POINT('Ctrl Pts',(26.2679848220221,2.9219322635639,-33.4364584434849));
#4741=CARTESIAN_POINT('Ctrl Pts',(25.8825733519229,2.99177962533081,-33.4602988502116));
#4742=CARTESIAN_POINT('Ctrl Pts',(25.6148866082866,3.20762617301172,-33.4841392569383));
#4743=CARTESIAN_POINT('Ctrl Pts',(25.3757271844445,3.40046999964444,-33.5054389965498));
#4744=CARTESIAN_POINT('Ctrl Pts',(25.2305377023783,3.70985293757427,-33.5267387361613));
#4745=CARTESIAN_POINT('Ctrl Pts',(25.228357241352,4.01744796310594,-33.5480384757729));
#4746=CARTESIAN_POINT('Ctrl Pts',(25.9321958955734,2.7711302964179,-32.7));
#4747=CARTESIAN_POINT('Ctrl Pts',(25.8830989384365,2.78953840871029,-32.7));
#4748=CARTESIAN_POINT('Ctrl Pts',(25.8354064200236,2.81112001315937,-32.7));
#4749=CARTESIAN_POINT('Ctrl Pts',(25.7892953921742,2.83560338934164,-32.7));
#4750=CARTESIAN_POINT('Ctrl Pts',(25.7426421280751,2.86037467439737,-32.7));
#4751=CARTESIAN_POINT('Ctrl Pts',(25.6976069854845,2.88811732245513,-32.7));
#4752=CARTESIAN_POINT('Ctrl Pts',(25.6544065697488,2.91859270639537,-32.7));
#4753=CARTESIAN_POINT('Ctrl Pts',(25.6231406630043,2.94064898747625,-32.7));
#4754=CARTESIAN_POINT('Ctrl Pts',(25.5928364482701,2.96413761811828,-32.7));
#4755=CARTESIAN_POINT('Ctrl Pts',(25.5635901999406,2.98897761096741,-32.7));
#4756=CARTESIAN_POINT('Ctrl Pts',(25.5510232373905,2.99965122819051,-32.7));
#4757=CARTESIAN_POINT('Ctrl Pts',(25.5386517801161,3.01057443567754,-32.7));
#4758=CARTESIAN_POINT('Ctrl Pts',(25.5264842545556,3.02174110021039,-32.7));
#4759=CARTESIAN_POINT('Ctrl Pts',(25.5190616029301,3.02855318868594,-32.7));
#4760=CARTESIAN_POINT('Ctrl Pts',(25.5117141663905,3.03545669208034,-32.7));
#4761=CARTESIAN_POINT('Ctrl Pts',(25.504455957737,3.04243824263818,-32.7));
#4762=CARTESIAN_POINT('Ctrl Pts',(25.4672991210763,3.07817878773723,-32.7));
#4763=CARTESIAN_POINT('Ctrl Pts',(25.4324002028666,3.11603153368322,-32.7));
#4764=CARTESIAN_POINT('Ctrl Pts',(25.3999560216307,3.15576742786997,-32.7));
#4765=CARTESIAN_POINT('Ctrl Pts',(25.3682506148992,3.19459851064162,-32.7));
#4766=CARTESIAN_POINT('Ctrl Pts',(25.3388890021071,3.23522894738556,-32.7));
#4767=CARTESIAN_POINT('Ctrl Pts',(25.3120987217676,3.27746576377825,-32.7));
#4768=CARTESIAN_POINT('Ctrl Pts',(25.2934319487254,3.30689528282918,-32.7));
#4769=CARTESIAN_POINT('Ctrl Pts',(25.2760144405684,3.33710512275243,-32.7));
#4770=CARTESIAN_POINT('Ctrl Pts',(25.2599378534523,3.3680324908513,-32.7));
#4771=CARTESIAN_POINT('Ctrl Pts',(25.2540280144788,3.37940155594063,-32.7));
#4772=CARTESIAN_POINT('Ctrl Pts',(25.248299505251,3.39086758998548,-32.7));
#4773=CARTESIAN_POINT('Ctrl Pts',(25.2427573327077,3.40242747633877,-32.7));
#4774=CARTESIAN_POINT('Ctrl Pts',(25.239212696123,3.4098208939495,-32.7));
#4775=CARTESIAN_POINT('Ctrl Pts',(25.2357450785161,3.41725119978351,-32.7));
#4776=CARTESIAN_POINT('Ctrl Pts',(25.2323593639465,3.42470909860777,-32.7));
#4777=CARTESIAN_POINT('Ctrl Pts',(25.2123612892643,3.46875995245149,-32.7));
#4778=CARTESIAN_POINT('Ctrl Pts',(25.1951772110638,3.51385407041432,-32.7));
#4779=CARTESIAN_POINT('Ctrl Pts',(25.1810068652518,3.55980951630211,-32.7));
#4780=CARTESIAN_POINT('Ctrl Pts',(25.1707154048763,3.59318545903972,-32.7));
#4781=CARTESIAN_POINT('Ctrl Pts',(25.162014499675,3.62701611833917,-32.7));
#4782=CARTESIAN_POINT('Ctrl Pts',(25.1549979021685,3.6612337003445,-32.7));
#4783=CARTESIAN_POINT('Ctrl Pts',(25.1457790078709,3.70619114180161,-32.7));
#4784=CARTESIAN_POINT('Ctrl Pts',(25.1394667950011,3.75181746870122,-32.7));
#4785=CARTESIAN_POINT('Ctrl Pts',(25.1360140643379,3.79784756662017,-32.7));
#4786=CARTESIAN_POINT('Ctrl Pts',(25.1350802698484,3.8102964530184,-32.7));
#4787=CARTESIAN_POINT('Ctrl Pts',(25.1343558339429,3.82277479437504,-32.7));
#4788=CARTESIAN_POINT('Ctrl Pts',(25.1338402656712,3.83527713557874,-32.7));
#4789=CARTESIAN_POINT('Ctrl Pts',(25.1334693202454,3.84427242589471,-32.7));
#4790=CARTESIAN_POINT('Ctrl Pts',(25.1332066495774,3.85327901120014,-32.7));
#4791=CARTESIAN_POINT('Ctrl Pts',(25.1330519598725,3.86228213187361,-32.7));
#4792=CARTESIAN_POINT('Ctrl Pts',(25.1322232942388,3.91051143519096,-32.7));
#4793=CARTESIAN_POINT('Ctrl Pts',(25.1344844488715,3.95874024355584,-32.7));
#4794=CARTESIAN_POINT('Ctrl Pts',(25.1397318228583,4.00666775676899,-32.7));
#4795=CARTESIAN_POINT('Ctrl Pts',(25.1449641208165,4.05445757128433,-32.7));
#4796=CARTESIAN_POINT('Ctrl Pts',(25.1531660399656,4.10194899786263,-32.7));
#4797=CARTESIAN_POINT('Ctrl Pts',(25.1642828033664,4.14882572623014,-32.7));
#4798=CARTESIAN_POINT('Ctrl Pts',(25.1702363740125,4.17393050753489,-32.7));
#4799=CARTESIAN_POINT('Ctrl Pts',(25.1770267282475,4.19885857004567,-32.7));
#4800=CARTESIAN_POINT('Ctrl Pts',(25.1846503316431,4.22355742125071,-32.7));
#4801=CARTESIAN_POINT('Ctrl Pts',(25.1887613704078,4.23687631121345,-32.7));
#4802=CARTESIAN_POINT('Ctrl Pts',(25.193114766507,4.25012849359107,-32.7));
#4803=CARTESIAN_POINT('Ctrl Pts',(25.1977103324836,4.26330530603542,-32.7));
#4804=CARTESIAN_POINT('Ctrl Pts',(25.2009887596878,4.27270550192028,-32.7));
#4805=CARTESIAN_POINT('Ctrl Pts',(25.2043900979157,4.2820660320926,-32.7));
#4806=CARTESIAN_POINT('Ctrl Pts',(25.2079095918171,4.29137225937508,-32.7));
#4807=CARTESIAN_POINT('Ctrl Pts',(25.2242840285964,4.33466945907465,-32.7));
#4808=CARTESIAN_POINT('Ctrl Pts',(25.2432367644581,4.376863214125,-32.7));
#4809=CARTESIAN_POINT('Ctrl Pts',(25.264722880704,4.41765664951058,-32.7));
#4810=CARTESIAN_POINT('Ctrl Pts',(25.2794092518444,4.44554012204266,-32.7));
#4811=CARTESIAN_POINT('Ctrl Pts',(25.2952800878155,4.47276879798868,-32.7));
#4812=CARTESIAN_POINT('Ctrl Pts',(25.3123302545868,4.49923717743661,-32.7));
#4813=CARTESIAN_POINT('Ctrl Pts',(25.3187558364359,4.50921213784824,-32.7));
#4814=CARTESIAN_POINT('Ctrl Pts',(25.3253497828902,4.51907989293189,-32.7));
#4815=CARTESIAN_POINT('Ctrl Pts',(25.3321018162361,4.52882044975203,-32.7));
#4816=CARTESIAN_POINT('Ctrl Pts',(25.357226026999,4.5650649097479,-32.7));
#4817=CARTESIAN_POINT('Ctrl Pts',(25.3845662371205,4.59959866334752,-32.7));
#4818=CARTESIAN_POINT('Ctrl Pts',(25.4140968019482,4.63213730381579,-32.7));
#4819=CARTESIAN_POINT('Ctrl Pts',(25.4293528883992,4.64894742292045,-32.7));
#4820=CARTESIAN_POINT('Ctrl Pts',(25.4451940608183,4.66522440674747,-32.7));
#4821=CARTESIAN_POINT('Ctrl Pts',(25.4616195934499,4.68092428520429,-32.7));
#4822=CARTESIAN_POINT('Ctrl Pts',(25.4707164649483,4.68961927124018,-32.7));
#4823=CARTESIAN_POINT('Ctrl Pts',(25.4799926115547,4.69813717782326,-32.7));
#4824=CARTESIAN_POINT('Ctrl Pts',(25.4894416913914,4.70647537533469,-32.7));
#4825=CARTESIAN_POINT('Origin',(16.7673757230966,13.5168246743539,-31.706324918824));
#4826=CARTESIAN_POINT('Ctrl Pts',(15.4760228454655,13.5176915001072,-32.831324918824));
#4827=CARTESIAN_POINT('Ctrl Pts',(15.4755945875929,13.5722978057197,-32.8343660376551));
#4828=CARTESIAN_POINT('Ctrl Pts',(15.5035793656059,14.0545520441126,-32.8612475632129));
#4829=CARTESIAN_POINT('Ctrl Pts',(16.1110744187493,14.8938210188692,-32.9119694954974));
#4830=CARTESIAN_POINT('Ctrl Pts',(17.569627202749,14.8140639487506,-32.9834907156776));
#4831=CARTESIAN_POINT('Ctrl Pts',(18.2924187670141,13.5448101348561,-33.0550119358576));
#4832=CARTESIAN_POINT('Ctrl Pts',(17.6166364309714,12.2498042989003,-33.1265331560378));
#4833=CARTESIAN_POINT('Ctrl Pts',(16.1620051634319,12.1168023631552,-33.1980543762179));
#4834=CARTESIAN_POINT('Ctrl Pts',(15.5131163102949,12.9471000142648,-33.2496516304799));
#4835=CARTESIAN_POINT('Ctrl Pts',(15.4758299846951,13.4453759059853,-33.2774084780153));
#4836=CARTESIAN_POINT('Ctrl Pts',(15.4764505205789,13.5157746152384,-33.281324918824));
#4837=CARTESIAN_POINT('Ctrl Pts',(15.478658763561,13.515449046459,-32.793675081176));
#4838=CARTESIAN_POINT('Ctrl Pts',(15.4809289516342,13.812311178296,-32.8101308675707));
#4839=CARTESIAN_POINT('Ctrl Pts',(15.7297439985032,14.5436971972747,-32.8504270606922));
#4840=CARTESIAN_POINT('Ctrl Pts',(16.9459122596323,15.0313694742474,-32.9145636605403));
#4841=CARTESIAN_POINT('Ctrl Pts',(18.1373240338396,14.187350981123,-32.9860848807204));
#4842=CARTESIAN_POINT('Ctrl Pts',(18.0728963530357,12.7278590794149,-33.0576061009005));
#4843=CARTESIAN_POINT('Ctrl Pts',(16.8109472654226,11.9921804907507,-33.1291273210806));
#4844=CARTESIAN_POINT('Ctrl Pts',(15.6820438326031,12.5666237770258,-33.1911503145058));
#4845=CARTESIAN_POINT('Ctrl Pts',(15.4803460819117,13.2583418956739,-33.2293329012043));
#4846=CARTESIAN_POINT('Ctrl Pts',(15.4791084271367,13.5175017517614,-33.243675081176));
#4847=CARTESIAN_POINT('Ctrl Pts',(17.5437732205702,14.2053971022196,-32.7));
#4848=CARTESIAN_POINT('Ctrl Pts',(17.7729816806783,13.946953883139,-32.7238404067267));
#4849=CARTESIAN_POINT('Ctrl Pts',(17.9486917349476,13.1872930302052,-32.7715212201801));
#4850=CARTESIAN_POINT('Ctrl Pts',(17.1290149838928,12.3435584297594,-32.8430424403603));
#4851=CARTESIAN_POINT('Ctrl Pts',(15.977250124781,12.5783183622205,-32.9145636605403));
#4852=CARTESIAN_POINT('Ctrl Pts',(15.5503050963247,13.6725455446411,-32.9860848807204));
#4853=CARTESIAN_POINT('Ctrl Pts',(16.2394093055877,14.62455952437,-33.0576061009005));
#4854=CARTESIAN_POINT('Ctrl Pts',(17.4127528339565,14.5603983619548,-33.1291273210806));
#4855=CARTESIAN_POINT('Ctrl Pts',(17.9942078307132,13.5393377841493,-33.2006485412607));
#4856=CARTESIAN_POINT('Ctrl Pts',(17.450569753792,12.49756080255,-33.2721697614408));
#4857=CARTESIAN_POINT('Ctrl Pts',(16.2803809182191,12.3905664158682,-33.3436909816209));
#4858=CARTESIAN_POINT('Ctrl Pts',(15.556809057208,13.3164260815137,-33.415212201801));
#4859=CARTESIAN_POINT('Ctrl Pts',(15.943424330597,14.4260758809536,-33.4867334219811));
#4860=CARTESIAN_POINT('Ctrl Pts',(17.0856710718669,14.7018639616956,-33.5582546421613));
#4861=CARTESIAN_POINT('Ctrl Pts',(17.9360146296195,13.890876167279,-33.6297758623413));
#4862=CARTESIAN_POINT('Ctrl Pts',(17.7146209450074,12.7368515614918,-33.7012970825215));
#4863=CARTESIAN_POINT('Ctrl Pts',(16.6245259370019,12.298126628114,-33.7728183027015));
#4864=CARTESIAN_POINT('Ctrl Pts',(15.6654358051418,12.9770469567347,-33.8443395228816));
#4865=CARTESIAN_POINT('Ctrl Pts',(15.7169148094457,14.1509881249643,-33.9158607430618));
#4866=CARTESIAN_POINT('Ctrl Pts',(16.7317519458299,14.7433486195279,-33.9873819632419));
#4867=CARTESIAN_POINT('Ctrl Pts',(17.7792597864186,14.2108882854878,-34.0589031834219));
#4868=CARTESIAN_POINT('Ctrl Pts',(17.8987856228272,13.0419111165723,-34.1304244036021));
#4869=CARTESIAN_POINT('Ctrl Pts',(16.9807194167257,12.3084761844001,-34.2019456237822));
#4870=CARTESIAN_POINT('Ctrl Pts',(15.8669928605522,12.6831798910206,-34.2734668439623));
#4871=CARTESIAN_POINT('Ctrl Pts',(15.5790047467831,13.8224360011189,-34.3449880641424));
#4872=CARTESIAN_POINT('Ctrl Pts',(16.3808218401445,14.681356233501,-34.4165092843224));
#4873=CARTESIAN_POINT('Ctrl Pts',(17.5371977915459,14.472439146244,-34.4880305045026));
#4874=CARTESIAN_POINT('Ctrl Pts',(17.9874669385856,13.3868734301092,-34.5595517246827));
#4875=CARTESIAN_POINT('Ctrl Pts',(17.3190516277004,12.4210389948949,-34.6310729448628));
#4876=CARTESIAN_POINT('Ctrl Pts',(16.1442179693381,12.458991488268,-34.7025941650429));
#4877=CARTESIAN_POINT('Ctrl Pts',(15.541875703372,13.469408158182,-34.774115385223));
#4878=CARTESIAN_POINT('Ctrl Pts',(15.888496667896,14.1678439402006,-34.8217961986764));
#4879=CARTESIAN_POINT('Ctrl Pts',(16.1712578691077,14.3662765956865,-34.8456366054031));
#4880=CARTESIAN_POINT('Ctrl Pts',(17.6066805581556,14.2611884440421,-32.6514544648657));
#4881=CARTESIAN_POINT('Ctrl Pts',(17.8544605541385,13.9818049528944,-32.6752948715924));
#4882=CARTESIAN_POINT('Ctrl Pts',(18.0444074545298,13.1605928431863,-32.7229756850457));
#4883=CARTESIAN_POINT('Ctrl Pts',(17.1583166793994,12.2484949397734,-32.7944969052258));
#4884=CARTESIAN_POINT('Ctrl Pts',(15.9132304725927,12.5022762142287,-32.866018125406));
#4885=CARTESIAN_POINT('Ctrl Pts',(15.4516923714863,13.6851627740734,-32.9375393455861));
#4886=CARTESIAN_POINT('Ctrl Pts',(16.1966310099749,14.7143133558697,-33.0090605657661));
#4887=CARTESIAN_POINT('Ctrl Pts',(17.4650442902207,14.6449535575534,-33.0805817859463));
#4888=CARTESIAN_POINT('Ctrl Pts',(18.0936114761469,13.5411619010516,-33.1521030061264));
#4889=CARTESIAN_POINT('Ctrl Pts',(17.5059253128519,12.4149753013334,-33.2236242263064));
#4890=CARTESIAN_POINT('Ctrl Pts',(16.24092233329,12.2993117316305,-33.2951454464866));
#4891=CARTESIAN_POINT('Ctrl Pts',(15.4587233135413,13.3001888551284,-33.3666666666667));
#4892=CARTESIAN_POINT('Ctrl Pts',(15.8766639551828,14.4997476441801,-33.4381878868468));
#4893=CARTESIAN_POINT('Ctrl Pts',(17.1114608419551,14.7978813583813,-33.5097091070269));
#4894=CARTESIAN_POINT('Ctrl Pts',(18.0307031911454,13.921183559583,-33.581230327207));
#4895=CARTESIAN_POINT('Ctrl Pts',(17.7913711601289,12.6736545109113,-33.6527515473871));
#4896=CARTESIAN_POINT('Ctrl Pts',(16.6129515826961,12.1993820421784,-33.7242727675672));
#4897=CARTESIAN_POINT('Ctrl Pts',(15.5761515059997,12.9333116546325,-33.7957939877473));
#4898=CARTESIAN_POINT('Ctrl Pts',(15.6318015787484,14.2023709983014,-33.8673152079274));
#4899=CARTESIAN_POINT('Ctrl Pts',(16.7288655416492,14.8427272962067,-33.9388364281075));
#4900=CARTESIAN_POINT('Ctrl Pts',(17.861247341216,14.2671245485275,-34.0103576482876));
#4901=CARTESIAN_POINT('Ctrl Pts',(17.9904577170076,13.0034314104933,-34.0818788684677));
#4902=CARTESIAN_POINT('Ctrl Pts',(16.9980055154065,12.2105701676681,-34.1534000886478));
#4903=CARTESIAN_POINT('Ctrl Pts',(15.7940396518228,12.6156341119807,-34.2249213088279));
#4904=CARTESIAN_POINT('Ctrl Pts',(15.4827174011555,13.8471980527295,-34.296442529008));
#4905=CARTESIAN_POINT('Ctrl Pts',(16.3495014460307,14.7757119986322,-34.3679637491881));
#4906=CARTESIAN_POINT('Ctrl Pts',(17.5995723572783,14.5498674769384,-34.4394849693682));
#4907=CARTESIAN_POINT('Ctrl Pts',(18.0863244055757,13.376344175677,-34.5110061895483));
#4908=CARTESIAN_POINT('Ctrl Pts',(17.3637509762706,12.3322533407895,-34.5825274097284));
#4909=CARTESIAN_POINT('Ctrl Pts',(16.0937268287661,12.3732809217571,-34.6540486299085));
#4910=CARTESIAN_POINT('Ctrl Pts',(15.4425799898972,13.4655662514271,-34.7255698500886));
#4911=CARTESIAN_POINT('Ctrl Pts',(15.8172857976882,14.220592550113,-34.773250663542));
#4912=CARTESIAN_POINT('Ctrl Pts',(16.1229576270234,14.4351031425928,-34.7970910702687));
#4913=CARTESIAN_POINT('Ctrl Pts',(17.669587895741,14.3169797858647,-32.6029089297313));
#4914=CARTESIAN_POINT('Ctrl Pts',(17.9359394275987,14.0166560226498,-32.626749336458));
#4915=CARTESIAN_POINT('Ctrl Pts',(18.1401231741121,13.1338926561674,-32.6744301499114));
#4916=CARTESIAN_POINT('Ctrl Pts',(17.187618374906,12.1534314497874,-32.7459513700915));
#4917=CARTESIAN_POINT('Ctrl Pts',(15.8492108204044,12.4262340662368,-32.8174725902716));
#4918=CARTESIAN_POINT('Ctrl Pts',(15.3530796466478,13.6977800035056,-32.8889938104517));
#4919=CARTESIAN_POINT('Ctrl Pts',(16.1538527143621,14.8040671873694,-32.9605150306318));
#4920=CARTESIAN_POINT('Ctrl Pts',(17.5173357464849,14.729508753152,-33.0320362508119));
#4921=CARTESIAN_POINT('Ctrl Pts',(18.1930151215805,13.5429860179538,-33.103557470992));
#4922=CARTESIAN_POINT('Ctrl Pts',(17.5612808719116,12.3323898001169,-33.1750786911721));
#4923=CARTESIAN_POINT('Ctrl Pts',(16.201463748361,12.2080570473929,-33.2465999113522));
#4924=CARTESIAN_POINT('Ctrl Pts',(15.3606375698746,13.2839516287431,-33.3181211315323));
#4925=CARTESIAN_POINT('Ctrl Pts',(15.8099035797687,14.5734194074065,-33.3896423517124));
#4926=CARTESIAN_POINT('Ctrl Pts',(17.1372506120434,14.8938987550671,-33.4611635718926));
#4927=CARTESIAN_POINT('Ctrl Pts',(18.1253917526712,13.951490951887,-33.5326847920726));
#4928=CARTESIAN_POINT('Ctrl Pts',(17.8681213752504,12.6104574603309,-33.6042060122527));
#4929=CARTESIAN_POINT('Ctrl Pts',(16.6013772283904,12.1006374562428,-33.6757272324328));
#4930=CARTESIAN_POINT('Ctrl Pts',(15.4868672068576,12.8895763525304,-33.7472484526129));
#4931=CARTESIAN_POINT('Ctrl Pts',(15.5466883480511,14.2537538716384,-33.818769672793));
#4932=CARTESIAN_POINT('Ctrl Pts',(16.7259791374686,14.9421059728854,-33.8902908929731));
#4933=CARTESIAN_POINT('Ctrl Pts',(17.9432348960134,14.3233608115673,-33.9618121131532));
#4934=CARTESIAN_POINT('Ctrl Pts',(18.082129811188,12.9649517044143,-34.0333333333333));
#4935=CARTESIAN_POINT('Ctrl Pts',(17.0152916140872,12.1126641509362,-34.1048545535134));
#4936=CARTESIAN_POINT('Ctrl Pts',(15.7210864430934,12.5480883329409,-34.1763757736935));
#4937=CARTESIAN_POINT('Ctrl Pts',(15.3864300555279,13.87196010434,-34.2478969938737));
#4938=CARTESIAN_POINT('Ctrl Pts',(16.318181051917,14.8700677637634,-34.3194182140537));
#4939=CARTESIAN_POINT('Ctrl Pts',(17.6619469230107,14.6272958076328,-34.3909394342339));
#4940=CARTESIAN_POINT('Ctrl Pts',(18.1851818725659,13.3658149212449,-34.4624606544139));
#4941=CARTESIAN_POINT('Ctrl Pts',(17.4084503248408,12.2434676866841,-34.5339818745941));
#4942=CARTESIAN_POINT('Ctrl Pts',(16.0432356881942,12.2875703552461,-34.6055030947741));
#4943=CARTESIAN_POINT('Ctrl Pts',(15.3432842764224,13.4617243446724,-34.6770243149543));
#4944=CARTESIAN_POINT('Ctrl Pts',(15.7460749274805,14.2733411600254,-34.7247051284077));
#4945=CARTESIAN_POINT('Ctrl Pts',(16.0746573849392,14.5039296894992,-34.7485455351344));
#4946=CARTESIAN_POINT('Ctrl Pts',(17.7324952333264,14.3727711276873,-32.5543633945969));
#4947=CARTESIAN_POINT('Ctrl Pts',(18.0174183010589,14.0515070924053,-32.5782038013236));
#4948=CARTESIAN_POINT('Ctrl Pts',(18.2358388936943,13.1071924691485,-32.6258846147771));
#4949=CARTESIAN_POINT('Ctrl Pts',(17.2169200704126,12.0583679598013,-32.6974058349571));
#4950=CARTESIAN_POINT('Ctrl Pts',(15.7851911682162,12.350191918245,-32.7689270551372));
#4951=CARTESIAN_POINT('Ctrl Pts',(15.2544669218094,13.7103972329378,-32.8404482753173));
#4952=CARTESIAN_POINT('Ctrl Pts',(16.1110744187493,14.8938210188692,-32.9119694954974));
#4953=CARTESIAN_POINT('Ctrl Pts',(17.569627202749,14.8140639487506,-32.9834907156776));
#4954=CARTESIAN_POINT('Ctrl Pts',(18.2924187670141,13.5448101348561,-33.0550119358576));
#4955=CARTESIAN_POINT('Ctrl Pts',(17.6166364309714,12.2498042989003,-33.1265331560378));
#4956=CARTESIAN_POINT('Ctrl Pts',(16.1620051634319,12.1168023631552,-33.1980543762179));
#4957=CARTESIAN_POINT('Ctrl Pts',(15.2625518262078,13.2677144023578,-33.2695755963979));
#4958=CARTESIAN_POINT('Ctrl Pts',(15.7431432043546,14.647091170633,-33.3410968165781));
#4959=CARTESIAN_POINT('Ctrl Pts',(17.1630403821316,14.9899161517528,-33.4126180367582));
#4960=CARTESIAN_POINT('Ctrl Pts',(18.2200803141971,13.9817983441909,-33.4841392569383));
#4961=CARTESIAN_POINT('Ctrl Pts',(17.9448715903718,12.5472604097505,-33.5556604771184));
#4962=CARTESIAN_POINT('Ctrl Pts',(16.5898028740846,12.0018928703072,-33.6271816972985));
#4963=CARTESIAN_POINT('Ctrl Pts',(15.3975829077155,12.8458410504283,-33.6987029174786));
#4964=CARTESIAN_POINT('Ctrl Pts',(15.4615751173537,14.3051367449754,-33.7702241376587));
#4965=CARTESIAN_POINT('Ctrl Pts',(16.7230927332879,15.0414846495642,-33.8417453578388));
#4966=CARTESIAN_POINT('Ctrl Pts',(18.0252224508108,14.379597074607,-33.9132665780189));
#4967=CARTESIAN_POINT('Ctrl Pts',(18.1738019053683,12.9264719983353,-33.984787798199));
#4968=CARTESIAN_POINT('Ctrl Pts',(17.032577712768,12.0147581342042,-34.0563090183791));
#4969=CARTESIAN_POINT('Ctrl Pts',(15.648133234364,12.480542553901,-34.1278302385592));
#4970=CARTESIAN_POINT('Ctrl Pts',(15.2901427099003,13.8967221559505,-34.1993514587393));
#4971=CARTESIAN_POINT('Ctrl Pts',(16.2868606578032,14.9644235288947,-34.2708726789194));
#4972=CARTESIAN_POINT('Ctrl Pts',(17.7243214887431,14.7047241383272,-34.3423938990995));
#4973=CARTESIAN_POINT('Ctrl Pts',(18.2840393395561,13.3552856668129,-34.4139151192796));
#4974=CARTESIAN_POINT('Ctrl Pts',(17.4531496734111,12.1546820325787,-34.4854363394597));
#4975=CARTESIAN_POINT('Ctrl Pts',(15.9927445476222,12.2018597887352,-34.5569575596398));
#4976=CARTESIAN_POINT('Ctrl Pts',(15.2439885629475,13.4578824379176,-34.6284787798199));
#4977=CARTESIAN_POINT('Ctrl Pts',(15.6748640572727,14.3260897699378,-34.6761595932733));
#4978=CARTESIAN_POINT('Ctrl Pts',(16.026357142855,14.5727562364055,-34.7));
#4979=CARTESIAN_POINT('Ctrl Pts',(16.026357142855,14.5727562364055,-34.7));
#4980=CARTESIAN_POINT('Ctrl Pts',(15.9859790687734,14.5382057933751,-34.7));
#4981=CARTESIAN_POINT('Ctrl Pts',(15.9480200927167,14.5010411665368,-34.7));
#4982=CARTESIAN_POINT('Ctrl Pts',(15.9125792674754,14.4615778774365,-34.7));
#4983=CARTESIAN_POINT('Ctrl Pts',(15.8808691085318,14.4262686779108,-34.7));
#4984=CARTESIAN_POINT('Ctrl Pts',(15.8511752576379,14.3891181685277,-34.7));
#4985=CARTESIAN_POINT('Ctrl Pts',(15.8236005902658,14.3503371307717,-34.7));
#4986=CARTESIAN_POINT('Ctrl Pts',(15.8160564823473,14.3397270904012,-34.7));
#4987=CARTESIAN_POINT('Ctrl Pts',(15.8086705708532,14.3289937837929,-34.7));
#4988=CARTESIAN_POINT('Ctrl Pts',(15.8014549466241,14.3181565780307,-34.7));
#4989=CARTESIAN_POINT('Ctrl Pts',(15.7723993095705,14.274517676211,-34.7));
#4990=CARTESIAN_POINT('Ctrl Pts',(15.7460616512886,14.2291416628652,-34.7));
#4991=CARTESIAN_POINT('Ctrl Pts',(15.7225664535409,14.1823231937302,-34.7));
#4992=CARTESIAN_POINT('Ctrl Pts',(15.7087789173642,14.15484901182,-34.7));
#4993=CARTESIAN_POINT('Ctrl Pts',(15.6959711386765,14.1268777567801,-34.7));
#4994=CARTESIAN_POINT('Ctrl Pts',(15.6841765764925,14.0984677427008,-34.7));
#4995=CARTESIAN_POINT('Ctrl Pts',(15.6795123926266,14.0872329442206,-34.7));
#4996=CARTESIAN_POINT('Ctrl Pts',(15.6750067278981,14.0759295310826,-34.7));
#4997=CARTESIAN_POINT('Ctrl Pts',(15.6706619305227,14.0645611243451,-34.7));
#4998=CARTESIAN_POINT('Ctrl Pts',(15.6671147246259,14.0552796605776,-34.7));
#4999=CARTESIAN_POINT('Ctrl Pts',(15.6636781868454,14.0459638631485,-34.7));
#5000=CARTESIAN_POINT('Ctrl Pts',(15.6603531714693,14.0366163381756,-34.7));
#5001=CARTESIAN_POINT('Ctrl Pts',(15.6433859689963,13.9889169049702,-34.7));
#5002=CARTESIAN_POINT('Ctrl Pts',(15.6293169214622,13.9403871443901,-34.7));
#5003=CARTESIAN_POINT('Ctrl Pts',(15.6182612605861,13.8912941748827,-34.7));
#5004=CARTESIAN_POINT('Ctrl Pts',(15.6074207296608,13.8431564959028,-34.7));
#5005=CARTESIAN_POINT('Ctrl Pts',(15.5994773905173,13.7944763161606,-34.7));
#5006=CARTESIAN_POINT('Ctrl Pts',(15.5945886662661,13.7455073348933,-34.7));
#5007=CARTESIAN_POINT('Ctrl Pts',(15.5920291552891,13.719869430473,-34.7));
#5008=CARTESIAN_POINT('Ctrl Pts',(15.5903077623344,13.6941524851222,-34.7));
#5009=CARTESIAN_POINT('Ctrl Pts',(15.5894526665316,13.6683944713759,-34.7));
#5010=CARTESIAN_POINT('Ctrl Pts',(15.5889076795665,13.6519778526859,-34.7));
#5011=CARTESIAN_POINT('Ctrl Pts',(15.588714663018,13.6355445783194,-34.7));
#5012=CARTESIAN_POINT('Ctrl Pts',(15.588881757243,13.6191048444302,-34.7));
#5013=CARTESIAN_POINT('Ctrl Pts',(15.5889786129093,13.6095756019904,-34.7));
#5014=CARTESIAN_POINT('Ctrl Pts',(15.5891966140332,13.6000436752158,-34.7));
#5015=CARTESIAN_POINT('Ctrl Pts',(15.5895365287236,13.5905267372566,-34.7));
#5016=CARTESIAN_POINT('Ctrl Pts',(15.5909741143024,13.5502771889222,-34.7));
#5017=CARTESIAN_POINT('Ctrl Pts',(15.5945903453422,13.5102271909638,-34.7));
#5018=CARTESIAN_POINT('Ctrl Pts',(15.6004625736246,13.4705165282444,-34.7));
#5019=CARTESIAN_POINT('Ctrl Pts',(15.6076293645937,13.4220514473129,-34.7));
#5020=CARTESIAN_POINT('Ctrl Pts',(15.6181556480068,13.3740905140288,-34.7));
#5021=CARTESIAN_POINT('Ctrl Pts',(15.6318471873201,13.326902505093,-34.7));
#5022=CARTESIAN_POINT('Ctrl Pts',(15.6429822656239,13.2885253611883,-34.7));
#5023=CARTESIAN_POINT('Ctrl Pts',(15.6562121314158,13.2506595618824,-34.7));
#5024=CARTESIAN_POINT('Ctrl Pts',(15.6714521773712,13.2134655315283,-34.7));
#5025=CARTESIAN_POINT('Ctrl Pts',(15.6755746165797,13.2034045297766,-34.7));
#5026=CARTESIAN_POINT('Ctrl Pts',(15.679844225553,13.1933927809591,-34.7));
#5027=CARTESIAN_POINT('Ctrl Pts',(15.6842595032756,13.1834336958638,-34.7));
#5028=CARTESIAN_POINT('Ctrl Pts',(15.6878735439743,13.1752818782165,-34.7));
#5029=CARTESIAN_POINT('Ctrl Pts',(15.6915846905118,13.1671666891607,-34.7));
#5030=CARTESIAN_POINT('Ctrl Pts',(15.6953866147582,13.1591009072972,-34.7));
#5031=CARTESIAN_POINT('Ctrl Pts',(15.7158589313727,13.1156688898899,-34.7));
#5032=CARTESIAN_POINT('Ctrl Pts',(15.7389987669855,13.0735781016091,-34.7));
#5033=CARTESIAN_POINT('Ctrl Pts',(15.7646176181368,13.0330769339917,-34.7));
#5034=CARTESIAN_POINT('Ctrl Pts',(15.790012835099,12.9929293125083,-34.7));
#5035=CARTESIAN_POINT('Ctrl Pts',(15.817844893842,12.9543428381293,-34.7));
#5036=CARTESIAN_POINT('Ctrl Pts',(15.8479640859721,12.9175970289207,-34.7));
#5037=CARTESIAN_POINT('Ctrl Pts',(15.8633780585393,12.8987917803386,-34.7));
#5038=CARTESIAN_POINT('Ctrl Pts',(15.8793915042951,12.8804692957207,-34.7));
#5039=CARTESIAN_POINT('Ctrl Pts',(15.8959866797158,12.8626719661211,-34.7));
#5040=CARTESIAN_POINT('Ctrl Pts',(15.9040595736528,12.8540142719072,-34.7));
#5041=CARTESIAN_POINT('Ctrl Pts',(15.9122701492585,12.8454809072646,-34.7));
#5042=CARTESIAN_POINT('Ctrl Pts',(15.9206164562978,12.8370770811118,-34.7));
#5043=CARTESIAN_POINT('Ctrl Pts',(15.9287293474568,12.8289082794398,-34.7));
#5044=CARTESIAN_POINT('Ctrl Pts',(15.9369733677168,12.8208593619513,-34.7));
#5045=CARTESIAN_POINT('Ctrl Pts',(15.9453270645059,12.8129533157067,-34.7));
#5046=CARTESIAN_POINT('Ctrl Pts',(15.9785238872847,12.7815354150226,-34.7));
#5047=CARTESIAN_POINT('Ctrl Pts',(16.0135058860793,12.7523119889482,-34.7));
#5048=CARTESIAN_POINT('Ctrl Pts',(16.0501283030034,12.7255270224399,-34.7));
#5049=CARTESIAN_POINT('Ctrl Pts',(16.0854425403267,12.6996988345863,-34.7));
#5050=CARTESIAN_POINT('Ctrl Pts',(16.1222828972784,12.6761376308562,-34.7));
#5051=CARTESIAN_POINT('Ctrl Pts',(16.1605359837932,12.6551068577045,-34.7));
#5052=CARTESIAN_POINT('Ctrl Pts',(16.1855458803775,12.6413569224827,-34.7));
#5053=CARTESIAN_POINT('Ctrl Pts',(16.2111599588485,12.628689553026,-34.7));
#5054=CARTESIAN_POINT('Ctrl Pts',(16.2373481941875,12.6171904284295,-34.7));
#5055=CARTESIAN_POINT('Ctrl Pts',(16.2488670964894,12.6121325354074,-34.7));
#5056=CARTESIAN_POINT('Ctrl Pts',(16.2604970937777,12.6073008035875,-34.7));
#5057=CARTESIAN_POINT('Ctrl Pts',(16.2722314152331,12.6026959520692,-34.7));
#5058=CARTESIAN_POINT('Ctrl Pts',(17.5437732205702,14.2053971022196,-32.7));
#5059=CARTESIAN_POINT('Ctrl Pts',(17.5762497797041,14.176548678907,-32.7));
#5060=CARTESIAN_POINT('Ctrl Pts',(17.6066226439613,14.1456223913303,-32.7));
#5061=CARTESIAN_POINT('Ctrl Pts',(17.634885512834,14.1129223510344,-32.7));
#5062=CARTESIAN_POINT('Ctrl Pts',(17.6644443963222,14.0787228263679,-32.7));
#5063=CARTESIAN_POINT('Ctrl Pts',(17.6916960021207,14.0425826939147,-32.7));
#5064=CARTESIAN_POINT('Ctrl Pts',(17.7166070978927,14.0047991075716,-32.7));
#5065=CARTESIAN_POINT('Ctrl Pts',(17.7358150557822,13.9756656827705,-32.7));
#5066=CARTESIAN_POINT('Ctrl Pts',(17.7536310386938,13.9455539976881,-32.7));
#5067=CARTESIAN_POINT('Ctrl Pts',(17.7700261470854,13.9145842144508,-32.7));
#5068=CARTESIAN_POINT('Ctrl Pts',(17.7752752847042,13.9046687780685,-32.7));
#5069=CARTESIAN_POINT('Ctrl Pts',(17.7803786733118,13.8946652927485,-32.7));
#5070=CARTESIAN_POINT('Ctrl Pts',(17.7853350654841,13.8845774716253,-32.7));
#5071=CARTESIAN_POINT('Ctrl Pts',(17.7888027123795,13.8775197166328,-32.7));
#5072=CARTESIAN_POINT('Ctrl Pts',(17.7921977704419,13.8704218109616,-32.7));
#5073=CARTESIAN_POINT('Ctrl Pts',(17.7955158524604,13.8632940925683,-32.7));
#5074=CARTESIAN_POINT('Ctrl Pts',(17.8153472975608,13.8206932902916,-32.7));
#5075=CARTESIAN_POINT('Ctrl Pts',(17.8324741088661,13.7769455013767,-32.7));
#5076=CARTESIAN_POINT('Ctrl Pts',(17.8468668529627,13.7323659224957,-32.7));
#5077=CARTESIAN_POINT('Ctrl Pts',(17.8615535194147,13.6868759588583,-32.7));
#5078=CARTESIAN_POINT('Ctrl Pts',(17.8733939778081,13.6405189416999,-32.7));
#5079=CARTESIAN_POINT('Ctrl Pts',(17.8823174974617,13.5935935508301,-32.7));
#5080=CARTESIAN_POINT('Ctrl Pts',(17.8884427734549,13.5613830575128,-32.7));
#5081=CARTESIAN_POINT('Ctrl Pts',(17.8931928480769,13.5289039950482,-32.7));
#5082=CARTESIAN_POINT('Ctrl Pts',(17.8965319124611,13.4962470823734,-32.7));
#5083=CARTESIAN_POINT('Ctrl Pts',(17.897453145566,13.487237184511,-32.7));
#5084=CARTESIAN_POINT('Ctrl Pts',(17.8982669077973,13.4782137315489,-32.7));
#5085=CARTESIAN_POINT('Ctrl Pts',(17.8989722897099,13.469178596849,-32.7));
#5086=CARTESIAN_POINT('Ctrl Pts',(17.8997387403983,13.4593612410494,-32.7));
#5087=CARTESIAN_POINT('Ctrl Pts',(17.9003765083673,13.4495386869495,-32.7));
#5088=CARTESIAN_POINT('Ctrl Pts',(17.9008848530748,13.4397194962433,-32.7));
#5089=CARTESIAN_POINT('Ctrl Pts',(17.9034316572033,13.390525405969,-32.7));
#5090=CARTESIAN_POINT('Ctrl Pts',(17.9027372984071,13.3413707377205,-32.7));
#5091=CARTESIAN_POINT('Ctrl Pts',(17.8987411491632,13.292572448132,-32.7));
#5092=CARTESIAN_POINT('Ctrl Pts',(17.8962868440166,13.262602122707,-32.7));
#5093=CARTESIAN_POINT('Ctrl Pts',(17.8925862432319,13.232765640222,-32.7));
#5094=CARTESIAN_POINT('Ctrl Pts',(17.8876161179831,13.2031331108886,-32.7));
#5095=CARTESIAN_POINT('Ctrl Pts',(17.8797333356532,13.1561349434523,-32.7));
#5096=CARTESIAN_POINT('Ctrl Pts',(17.8686598868767,13.1096493480079,-32.7));
#5097=CARTESIAN_POINT('Ctrl Pts',(17.8546060939787,13.0638699500432,-32.7));
#5098=CARTESIAN_POINT('Ctrl Pts',(17.8510909264776,13.0524195001103,-32.7));
#5099=CARTESIAN_POINT('Ctrl Pts',(17.8473890523041,13.0410132530482,-32.7));
#5100=CARTESIAN_POINT('Ctrl Pts',(17.8435032707015,13.0296543099417,-32.7));
#5101=CARTESIAN_POINT('Ctrl Pts',(17.8403133739093,13.0203295820272,-32.7));
#5102=CARTESIAN_POINT('Ctrl Pts',(17.8370024241284,13.0110452942856,-32.7));
#5103=CARTESIAN_POINT('Ctrl Pts',(17.8335743481202,13.0018074938283,-32.7));
#5104=CARTESIAN_POINT('Ctrl Pts',(17.8164394294889,12.9556332086648,-32.7));
#5105=CARTESIAN_POINT('Ctrl Pts',(17.7963705874558,12.9105852238505,-32.7));
#5106=CARTESIAN_POINT('Ctrl Pts',(17.7736362079001,12.8668644670734,-32.7));
#5107=CARTESIAN_POINT('Ctrl Pts',(17.750347638511,12.8220779412105,-32.7));
#5108=CARTESIAN_POINT('Ctrl Pts',(17.7242616524111,12.7786831835094,-32.7));
#5109=CARTESIAN_POINT('Ctrl Pts',(17.6956113359509,12.7369009387545,-32.7));
#5110=CARTESIAN_POINT('Ctrl Pts',(17.6786618091099,12.7121825633073,-32.7));
#5111=CARTESIAN_POINT('Ctrl Pts',(17.6608137683768,12.6880287105944,-32.7));
#5112=CARTESIAN_POINT('Ctrl Pts',(17.6421074971586,12.6644879966664,-32.7));
#5113=CARTESIAN_POINT('Ctrl Pts',(17.6329986451453,12.6530250558719,-32.7));
#5114=CARTESIAN_POINT('Ctrl Pts',(17.6236862133542,12.6417075402173,-32.7));
#5115=CARTESIAN_POINT('Ctrl Pts',(17.614174402552,12.6305413481851,-32.7));
#5116=CARTESIAN_POINT('Ctrl Pts',(17.6082190044697,12.6235501327374,-32.7));
#5117=CARTESIAN_POINT('Ctrl Pts',(17.6021868305166,12.6166199687471,-32.7));
#5118=CARTESIAN_POINT('Ctrl Pts',(17.596085045088,12.6097588067668,-32.7));
#5119=CARTESIAN_POINT('Ctrl Pts',(17.5611136276807,12.5704351428451,-32.7));
#5120=CARTESIAN_POINT('Ctrl Pts',(17.52380618011,12.5333133772044,-32.7));
#5121=CARTESIAN_POINT('Ctrl Pts',(17.4844092170965,12.4986335065344,-32.7));
#5122=CARTESIAN_POINT('Ctrl Pts',(17.4573665835737,12.47482875202,-32.7));
#5123=CARTESIAN_POINT('Ctrl Pts',(17.4293383204375,12.4521747795481,-32.7));
#5124=CARTESIAN_POINT('Ctrl Pts',(17.4003919238881,12.4307564452444,-32.7));
#5125=CARTESIAN_POINT('Ctrl Pts',(17.387482314845,12.4212042261368,-32.7));
#5126=CARTESIAN_POINT('Ctrl Pts',(17.3743861619114,12.4118955199048,-32.7));
#5127=CARTESIAN_POINT('Ctrl Pts',(17.3611331941676,12.4028542252614,-32.7));
#5128=CARTESIAN_POINT('Ctrl Pts',(17.3172513807496,12.3729176546554,-32.7));
#5129=CARTESIAN_POINT('Ctrl Pts',(17.2716096340705,12.3458757196387,-32.7));
#5130=CARTESIAN_POINT('Ctrl Pts',(17.2244359554736,12.3219819429055,-32.7));
#5131=CARTESIAN_POINT('Ctrl Pts',(17.198990676445,12.309093742661,-32.7));
#5132=CARTESIAN_POINT('Ctrl Pts',(17.1730989660064,12.2971220003271,-32.7));
#5133=CARTESIAN_POINT('Ctrl Pts',(17.1467922179404,12.2861110784238,-32.7));
#5134=CARTESIAN_POINT('Ctrl Pts',(17.1324533186154,12.2801094053835,-32.7));
#5135=CARTESIAN_POINT('Ctrl Pts',(17.1179910647565,12.2743932517381,-32.7));
#5136=CARTESIAN_POINT('Ctrl Pts',(17.103413247049,12.268960404029,-32.7));
#5137=CARTESIAN_POINT('Ctrl Pts',(15.7288814371177,13.5159799465654,-33.4269615242271));
#5138=CARTESIAN_POINT('Ctrl Pts',(15.7283822424562,13.4593471864667,-33.4230450834184));
#5139=CARTESIAN_POINT('Ctrl Pts',(15.7326145190905,13.4027891486315,-33.4191286426097));
#5140=CARTESIAN_POINT('Ctrl Pts',(15.7418402462747,13.3470577704794,-33.415212201801));
#5141=CARTESIAN_POINT('Ctrl Pts',(15.797999677545,13.0078061929652,-33.3913717950743));
#5142=CARTESIAN_POINT('Ctrl Pts',(16.0391902978821,12.6991863044167,-33.3675313883476));
#5143=CARTESIAN_POINT('Ctrl Pts',(16.3548170806461,12.5627087579228,-33.3436909816209));
#5144=CARTESIAN_POINT('Ctrl Pts',(16.6704438634101,12.4262312114288,-33.3198505748942));
#5145=CARTESIAN_POINT('Ctrl Pts',(17.0605068086011,12.4618960069894,-33.2960101681675));
#5146=CARTESIAN_POINT('Ctrl Pts',(17.3461446273501,12.653357901703,-33.2721697614408));
#5147=CARTESIAN_POINT('Ctrl Pts',(17.6317824460991,12.8448197964165,-33.2483293547141));
#5148=CARTESIAN_POINT('Ctrl Pts',(17.8129951384062,13.1920787902829,-33.2244889479874));
#5149=CARTESIAN_POINT('Ctrl Pts',(17.8066923184336,13.5358850501837,-33.2006485412607));
#5150=CARTESIAN_POINT('Ctrl Pts',(17.800389498461,13.8796913100845,-33.176808134534));
#5151=CARTESIAN_POINT('Ctrl Pts',(17.6065711662088,14.2200448360197,-33.1529677278073));
#5152=CARTESIAN_POINT('Ctrl Pts',(17.3141047453545,14.4009151260564,-33.1291273210806));
#5153=CARTESIAN_POINT('Ctrl Pts',(17.0216383245003,14.5817854160932,-33.1052869143539));
#5154=CARTESIAN_POINT('Ctrl Pts',(16.630523815044,14.6031724702316,-33.0814465076272));
#5155=CARTESIAN_POINT('Ctrl Pts',(16.320115858772,14.4551970006793,-33.0576061009005));
#5156=CARTESIAN_POINT('Ctrl Pts',(16.0097079025,14.307221531127,-33.0337656941738));
#5157=CARTESIAN_POINT('Ctrl Pts',(15.7800064994124,13.9898835378841,-33.0099252874471));
#5158=CARTESIAN_POINT('Ctrl Pts',(15.7363133026112,13.6488433441925,-32.9860848807204));
#5159=CARTESIAN_POINT('Ctrl Pts',(15.7307397314425,13.6053397342461,-32.9830437618893));
#5160=CARTESIAN_POINT('Ctrl Pts',(15.7281928755238,13.5614504434042,-32.9800026430582));
#5161=CARTESIAN_POINT('Ctrl Pts',(15.7285373907232,13.5175219987148,-32.9769615242271));
#5162=CARTESIAN_POINT('Ctrl Pts',(16.4321958955733,12.2711302964179,-32.7));
#5163=CARTESIAN_POINT('Ctrl Pts',(16.0175355365795,12.3827032392441,-32.7238404067267));
#5164=CARTESIAN_POINT('Ctrl Pts',(15.3157010541026,13.0511860813068,-32.7715212201801));
#5165=CARTESIAN_POINT('Ctrl Pts',(15.5897156700683,14.4875471266379,-32.8430424403602));
#5166=CARTESIAN_POINT('Ctrl Pts',(16.9459122596323,15.0313694742474,-32.9145636605403));
#5167=CARTESIAN_POINT('Ctrl Pts',(18.1373240338396,14.187350981123,-32.9860848807204));
#5168=CARTESIAN_POINT('Ctrl Pts',(18.0728963530357,12.7278590794149,-33.0576061009005));
#5169=CARTESIAN_POINT('Ctrl Pts',(16.8109472654226,11.9921804907507,-33.1291273210806));
#5170=CARTESIAN_POINT('Ctrl Pts',(15.5091630960054,12.6545942584485,-33.2006485412607));
#5171=CARTESIAN_POINT('Ctrl Pts',(15.3612022006241,14.1078079425276,-33.2721697614408));
#5172=CARTESIAN_POINT('Ctrl Pts',(16.5028470058136,15.0190102408075,-33.3436909816209));
#5173=CARTESIAN_POINT('Ctrl Pts',(17.8870717374018,14.5526010003555,-33.415212201801));
#5174=CARTESIAN_POINT('Ctrl Pts',(18.2444508291575,13.1362926666447,-33.4867334219812));
#5175=CARTESIAN_POINT('Ctrl Pts',(17.2472278397353,12.0689669951456,-33.5582546421612));
#5176=CARTESIAN_POINT('Ctrl Pts',(15.8099429548557,12.3294433045052,-33.6297758623413));
#5177=CARTESIAN_POINT('Ctrl Pts',(15.2507013201063,13.6788463293303,-33.7012970825215));
#5178=CARTESIAN_POINT('Ctrl Pts',(16.0823745042854,14.8796616793668,-33.7728183027015));
#5179=CARTESIAN_POINT('Ctrl Pts',(17.5422495391252,14.8306446127781,-33.8443395228817));
#5180=CARTESIAN_POINT('Ctrl Pts',(18.2915021570996,13.57674659304,-33.9158607430617));
#5181=CARTESIAN_POINT('Ctrl Pts',(17.6430060088687,12.2678965276121,-33.9873819632419));
#5182=CARTESIAN_POINT('Ctrl Pts',(16.1914857809468,12.1044131718638,-34.058903183422));
#5183=CARTESIAN_POINT('Ctrl Pts',(15.2681028007261,13.2362316127816,-34.130424403602));
#5184=CARTESIAN_POINT('Ctrl Pts',(15.7196774366644,14.6253666081282,-34.2019456237822));
#5185=CARTESIAN_POINT('Ctrl Pts',(17.1320733389227,14.997898895173,-34.2734668439623));
#5186=CARTESIAN_POINT('Ctrl Pts',(18.2100192494934,14.0121225249751,-34.3449880641424));
#5187=CARTESIAN_POINT('Ctrl Pts',(17.9649277733143,12.57220440519,-34.4165092843225));
#5188=CARTESIAN_POINT('Ctrl Pts',(16.6216145616503,11.9984029578971,-34.4880305045026));
#5189=CARTESIAN_POINT('Ctrl Pts',(15.4119121956324,12.8174803186243,-34.5595517246827));
#5190=CARTESIAN_POINT('Ctrl Pts',(15.4454114925928,14.277174474795,-34.6310729448628));
#5191=CARTESIAN_POINT('Ctrl Pts',(16.6909885856993,15.0410786837327,-34.7025941650429));
#5192=CARTESIAN_POINT('Ctrl Pts',(18.0071746615709,14.4039984093642,-34.774115385223));
#5193=CARTESIAN_POINT('Ctrl Pts',(18.1249036665316,13.4419272933251,-34.8217961986764));
#5194=CARTESIAN_POINT('Ctrl Pts',(17.9670423336842,13.042588421584,-34.8456366054031));
#5195=CARTESIAN_POINT('Ctrl Pts',(16.4540432112045,12.3523257503803,-32.6514544648657));
#5196=CARTESIAN_POINT('Ctrl Pts',(16.066410778711,12.4566262707703,-32.6752948715924));
#5197=CARTESIAN_POINT('Ctrl Pts',(15.4103224844007,13.0815368138898,-32.7229756850458));
#5198=CARTESIAN_POINT('Ctrl Pts',(15.6664765869614,14.424274584367,-32.7944969052258));
#5199=CARTESIAN_POINT('Ctrl Pts',(16.9342750913271,14.9326501135825,-32.866018125406));
#5200=CARTESIAN_POINT('Ctrl Pts',(18.0480295993733,14.1436454873549,-32.937539345586));
#5201=CARTESIAN_POINT('Ctrl Pts',(17.9878013714072,12.7792845500411,-33.0090605657662));
#5202=CARTESIAN_POINT('Ctrl Pts',(16.8081072340139,12.0915581381186,-33.0805817859463));
#5203=CARTESIAN_POINT('Ctrl Pts',(15.5911745004456,12.7107951944723,-33.1521030061264));
#5204=CARTESIAN_POINT('Ctrl Pts',(15.4528578262168,14.069287133898,-33.2236242263065));
#5205=CARTESIAN_POINT('Ctrl Pts',(16.5200892200086,14.9210964658365,-33.2951454464866));
#5206=CARTESIAN_POINT('Ctrl Pts',(17.8140889674771,14.4850881894423,-33.3666666666667));
#5207=CARTESIAN_POINT('Ctrl Pts',(18.1481737760557,13.1610960772247,-33.4381878868468));
#5208=CARTESIAN_POINT('Ctrl Pts',(17.2159506571973,12.163339630696,-33.5097091070269));
#5209=CARTESIAN_POINT('Ctrl Pts',(15.872349263845,12.4068378653694,-33.581230327207));
#5210=CARTESIAN_POINT('Ctrl Pts',(15.349559490172,13.6682856155144,-33.6527515473871));
#5211=CARTESIAN_POINT('Ctrl Pts',(16.1270234855373,14.7908307660556,-33.7242727675672));
#5212=CARTESIAN_POINT('Ctrl Pts',(17.4917425830288,14.7450086749312,-33.7957939877473));
#5213=CARTESIAN_POINT('Ctrl Pts',(18.1921582571054,13.5728408297355,-33.8673152079274));
#5214=CARTESIAN_POINT('Ctrl Pts',(17.5859316575544,12.3493027614662,-33.9388364281075));
#5215=CARTESIAN_POINT('Ctrl Pts',(16.2290227933259,12.1964753944745,-34.0103576482876));
#5216=CARTESIAN_POINT('Ctrl Pts',(15.3658267269969,13.2545209150508,-34.0818788684677));
#5217=CARTESIAN_POINT('Ctrl Pts',(15.7879673314325,14.5531108709719,-34.1534000886478));
#5218=CARTESIAN_POINT('Ctrl Pts',(17.1083020279169,14.9013611762579,-34.2249213088279));
#5219=CARTESIAN_POINT('Ctrl Pts',(18.1159864770042,13.9798385759262,-34.296442529008));
#5220=CARTESIAN_POINT('Ctrl Pts',(17.8868702785682,12.633775584233,-34.3679637491881));
#5221=CARTESIAN_POINT('Ctrl Pts',(16.6311154022123,12.0973750193897,-34.4394849693682));
#5222=CARTESIAN_POINT('Ctrl Pts',(15.500262499199,12.8630641981418,-34.5110061895483));
#5223=CARTESIAN_POINT('Ctrl Pts',(15.5315782825526,14.2276142067947,-34.5825274097284));
#5224=CARTESIAN_POINT('Ctrl Pts',(16.695967566425,14.9417264682635,-34.6540486299085));
#5225=CARTESIAN_POINT('Ctrl Pts',(17.9263634775321,14.3461716458872,-34.7255698500886));
#5226=CARTESIAN_POINT('Ctrl Pts',(18.0364188025183,13.4468091704219,-34.773250663542));
#5227=CARTESIAN_POINT('Ctrl Pts',(17.8888470100355,13.0734995571812,-34.7970910702687));
#5228=CARTESIAN_POINT('Ctrl Pts',(16.4758905268357,12.4335212043427,-32.6029089297313));
#5229=CARTESIAN_POINT('Ctrl Pts',(16.1152860208425,12.5305493022965,-32.626749336458));
#5230=CARTESIAN_POINT('Ctrl Pts',(15.5049439146988,13.1118875464727,-32.6744301499114));
#5231=CARTESIAN_POINT('Ctrl Pts',(15.7432375038546,14.361002042096,-32.7459513700915));
#5232=CARTESIAN_POINT('Ctrl Pts',(16.9226379230219,14.8339307529176,-32.8174725902716));
#5233=CARTESIAN_POINT('Ctrl Pts',(17.9587351649069,14.0999399935868,-32.8889938104517));
#5234=CARTESIAN_POINT('Ctrl Pts',(17.9027063897788,12.8307100206673,-32.9605150306318));
#5235=CARTESIAN_POINT('Ctrl Pts',(16.8052672026052,12.1909357854865,-33.0320362508119));
#5236=CARTESIAN_POINT('Ctrl Pts',(15.6731859048859,12.7669961304961,-33.103557470992));
#5237=CARTESIAN_POINT('Ctrl Pts',(15.5445134518095,14.0307663252683,-33.1750786911721));
#5238=CARTESIAN_POINT('Ctrl Pts',(16.5373314342037,14.8231826908655,-33.2465999113522));
#5239=CARTESIAN_POINT('Ctrl Pts',(17.7411061975524,14.4175753785292,-33.3181211315323));
#5240=CARTESIAN_POINT('Ctrl Pts',(18.0518967229539,13.1858994878047,-33.3896423517124));
#5241=CARTESIAN_POINT('Ctrl Pts',(17.1846734746593,12.2577122662465,-33.4611635718925));
#5242=CARTESIAN_POINT('Ctrl Pts',(15.9347555728344,12.4842324262336,-33.5326847920726));
#5243=CARTESIAN_POINT('Ctrl Pts',(15.4484176602377,13.6577249016984,-33.6042060122527));
#5244=CARTESIAN_POINT('Ctrl Pts',(16.1716724667893,14.7019998527443,-33.6757272324329));
#5245=CARTESIAN_POINT('Ctrl Pts',(17.4412356269324,14.6593727370843,-33.7472484526129));
#5246=CARTESIAN_POINT('Ctrl Pts',(18.0928143571113,13.5689350664309,-33.8187696727931));
#5247=CARTESIAN_POINT('Ctrl Pts',(17.5288573062402,12.4307089953204,-33.8902908929731));
#5248=CARTESIAN_POINT('Ctrl Pts',(16.2665598057051,12.2885376170851,-33.9618121131532));
#5249=CARTESIAN_POINT('Ctrl Pts',(15.4635506532677,13.2728102173199,-34.0333333333334));
#5250=CARTESIAN_POINT('Ctrl Pts',(15.8562572262006,14.4808551338157,-34.1048545535134));
#5251=CARTESIAN_POINT('Ctrl Pts',(17.0845307169113,14.8048234573427,-34.1763757736936));
#5252=CARTESIAN_POINT('Ctrl Pts',(18.0219537045148,13.9475546268773,-34.2478969938736));
#5253=CARTESIAN_POINT('Ctrl Pts',(17.8088127838221,12.6953467632761,-34.3194182140538));
#5254=CARTESIAN_POINT('Ctrl Pts',(16.6406162427743,12.1963470808822,-34.3909394342338));
#5255=CARTESIAN_POINT('Ctrl Pts',(15.5886128027656,12.9086480776593,-34.462460654414));
#5256=CARTESIAN_POINT('Ctrl Pts',(15.6177450725125,14.1780539387943,-34.533981874594));
#5257=CARTESIAN_POINT('Ctrl Pts',(16.7009465471507,14.8423742527943,-34.6055030947742));
#5258=CARTESIAN_POINT('Ctrl Pts',(17.8455522934933,14.2883448824101,-34.6770243149543));
#5259=CARTESIAN_POINT('Ctrl Pts',(17.947933938505,13.4516910475186,-34.7247051284077));
#5260=CARTESIAN_POINT('Ctrl Pts',(17.8106516863867,13.1044106927784,-34.7485455351344));
#5261=CARTESIAN_POINT('Ctrl Pts',(16.4977378424669,12.514716658305,-32.5543633945969));
#5262=CARTESIAN_POINT('Ctrl Pts',(16.164161262974,12.6044723338227,-32.5782038013236));
#5263=CARTESIAN_POINT('Ctrl Pts',(15.5995653449969,13.1422382790557,-32.625884614777));
#5264=CARTESIAN_POINT('Ctrl Pts',(15.8199984207477,14.297729499825,-32.6974058349571));
#5265=CARTESIAN_POINT('Ctrl Pts',(16.9110007547167,14.7352113922527,-32.7689270551372));
#5266=CARTESIAN_POINT('Ctrl Pts',(17.8694407304405,14.0562344998188,-32.8404482753173));
#5267=CARTESIAN_POINT('Ctrl Pts',(17.8176114081503,12.8821354912935,-32.9119694954974));
#5268=CARTESIAN_POINT('Ctrl Pts',(16.8024271711965,12.2903134328545,-32.9834907156775));
#5269=CARTESIAN_POINT('Ctrl Pts',(15.7551973093261,12.8231970665199,-33.0550119358577));
#5270=CARTESIAN_POINT('Ctrl Pts',(15.6361690774022,13.9922455166386,-33.1265331560378));
#5271=CARTESIAN_POINT('Ctrl Pts',(16.5545736483986,14.7252689158944,-33.1980543762178));
#5272=CARTESIAN_POINT('Ctrl Pts',(17.6681234276278,14.350062567616,-33.269575596398));
#5273=CARTESIAN_POINT('Ctrl Pts',(17.9556196698522,13.2107028983847,-33.341096816578));
#5274=CARTESIAN_POINT('Ctrl Pts',(17.1533962921212,12.352084901797,-33.4126180367582));
#5275=CARTESIAN_POINT('Ctrl Pts',(15.9971618818238,12.5616269870977,-33.4841392569383));
#5276=CARTESIAN_POINT('Ctrl Pts',(15.5472758303034,13.6471641878824,-33.5556604771184));
#5277=CARTESIAN_POINT('Ctrl Pts',(16.2163214480413,14.6131689394331,-33.6271816972985));
#5278=CARTESIAN_POINT('Ctrl Pts',(17.3907286708359,14.5737367992374,-33.6987029174786));
#5279=CARTESIAN_POINT('Ctrl Pts',(17.9934704571172,13.5650293031264,-33.7702241376587));
#5280=CARTESIAN_POINT('Ctrl Pts',(17.471782954926,12.5121152291746,-33.8417453578388));
#5281=CARTESIAN_POINT('Ctrl Pts',(16.3040968180842,12.3805998396957,-33.9132665780189));
#5282=CARTESIAN_POINT('Ctrl Pts',(15.5612745795385,13.2910995195891,-33.984787798199));
#5283=CARTESIAN_POINT('Ctrl Pts',(15.9245471209687,14.4085993966595,-34.0563090183791));
#5284=CARTESIAN_POINT('Ctrl Pts',(17.0607594059055,14.7082857384276,-34.1278302385592));
#5285=CARTESIAN_POINT('Ctrl Pts',(17.9279209320255,13.9152706778284,-34.1993514587393));
#5286=CARTESIAN_POINT('Ctrl Pts',(17.730755289076,12.7569179423191,-34.2708726789194));
#5287=CARTESIAN_POINT('Ctrl Pts',(16.6501170833362,12.2953191423748,-34.3423938990995));
#5288=CARTESIAN_POINT('Ctrl Pts',(15.6769631063322,12.9542319571768,-34.4139151192796));
#5289=CARTESIAN_POINT('Ctrl Pts',(15.7039118624723,14.128493670794,-34.4854363394597));
#5290=CARTESIAN_POINT('Ctrl Pts',(16.7059255278764,14.7430220373251,-34.5569575596398));
#5291=CARTESIAN_POINT('Ctrl Pts',(17.7647411094545,14.230518118933,-34.6284787798199));
#5292=CARTESIAN_POINT('Ctrl Pts',(17.8594490744917,13.4565729246154,-34.6761595932733));
#5293=CARTESIAN_POINT('Ctrl Pts',(17.7324563627379,13.1353218283756,-34.7));
#5294=CARTESIAN_POINT('Ctrl Pts',(17.732456362738,13.1353218283757,-34.7));
#5295=CARTESIAN_POINT('Ctrl Pts',(17.7532646319233,13.1738287056511,-34.7));
#5296=CARTESIAN_POINT('Ctrl Pts',(17.7713642904729,13.2136243032041,-34.7));
#5297=CARTESIAN_POINT('Ctrl Pts',(17.7868414000991,13.2544234746518,-34.7));
#5298=CARTESIAN_POINT('Ctrl Pts',(17.7969547338049,13.2810832093009,-34.7));
#5299=CARTESIAN_POINT('Ctrl Pts',(17.8059475536994,13.3081723090608,-34.7));
#5300=CARTESIAN_POINT('Ctrl Pts',(17.8138351376315,13.3356186122994,-34.7));
#5301=CARTESIAN_POINT('Ctrl Pts',(17.8172141948154,13.3473766650728,-34.7));
#5302=CARTESIAN_POINT('Ctrl Pts',(17.8203903214937,13.3592003358675,-34.7));
#5303=CARTESIAN_POINT('Ctrl Pts',(17.82336431571,13.3710841945748,-34.7));
#5304=CARTESIAN_POINT('Ctrl Pts',(17.8257562177843,13.3806420565696,-34.7));
#5305=CARTESIAN_POINT('Ctrl Pts',(17.8280168513787,13.3902371560612,-34.7));
#5306=CARTESIAN_POINT('Ctrl Pts',(17.8301448694086,13.3998574086599,-34.7));
#5307=CARTESIAN_POINT('Ctrl Pts',(17.8401511621476,13.445093427515,-34.7));
#5308=CARTESIAN_POINT('Ctrl Pts',(17.8472430980531,13.4909388504087,-34.7));
#5309=CARTESIAN_POINT('Ctrl Pts',(17.8514913829231,13.5370902383898,-34.7));
#5310=CARTESIAN_POINT('Ctrl Pts',(17.8544026662454,13.5687170643298,-34.7));
#5311=CARTESIAN_POINT('Ctrl Pts',(17.8559776141992,13.600488341872,-34.7));
#5312=CARTESIAN_POINT('Ctrl Pts',(17.8562264484329,13.6323124269184,-34.7));
#5313=CARTESIAN_POINT('Ctrl Pts',(17.8563090046646,13.6428707672936,-34.7));
#5314=CARTESIAN_POINT('Ctrl Pts',(17.8562453606781,13.6534357540068,-34.7));
#5315=CARTESIAN_POINT('Ctrl Pts',(17.8560363526889,13.6639875263725,-34.7));
#5316=CARTESIAN_POINT('Ctrl Pts',(17.8550812984545,13.7122034578261,-34.7));
#5317=CARTESIAN_POINT('Ctrl Pts',(17.8510964776174,13.7602220644641,-34.7));
#5318=CARTESIAN_POINT('Ctrl Pts',(17.8441568626356,13.8077248208484,-34.7));
#5319=CARTESIAN_POINT('Ctrl Pts',(17.8371948135283,13.8553811423512,-34.7));
#5320=CARTESIAN_POINT('Ctrl Pts',(17.8272589922663,13.9025195048637,-34.7));
#5321=CARTESIAN_POINT('Ctrl Pts',(17.8143744822697,13.9488326006316,-34.7));
#5322=CARTESIAN_POINT('Ctrl Pts',(17.8080178579631,13.9716813508246,-34.7));
#5323=CARTESIAN_POINT('Ctrl Pts',(17.8009427381385,13.994329336627,-34.7));
#5324=CARTESIAN_POINT('Ctrl Pts',(17.7931474368222,14.0167395041151,-34.7));
#5325=CARTESIAN_POINT('Ctrl Pts',(17.7889971035949,14.028671007335,-34.7));
#5326=CARTESIAN_POINT('Ctrl Pts',(17.7846425705822,14.0405350892485,-34.7));
#5327=CARTESIAN_POINT('Ctrl Pts',(17.7800832159933,14.0523260690843,-34.7));
#5328=CARTESIAN_POINT('Ctrl Pts',(17.7757743261054,14.0634693203476,-34.7));
#5329=CARTESIAN_POINT('Ctrl Pts',(17.7712807378947,14.0745509888656,-34.7));
#5330=CARTESIAN_POINT('Ctrl Pts',(17.7666130897609,14.0855407300323,-34.7));
#5331=CARTESIAN_POINT('Ctrl Pts',(17.7506970724415,14.1230141868419,-34.7));
#5332=CARTESIAN_POINT('Ctrl Pts',(17.7327392059573,14.1594742155294,-34.7));
#5333=CARTESIAN_POINT('Ctrl Pts',(17.7127672955257,14.1947437987667,-34.7));
#5334=CARTESIAN_POINT('Ctrl Pts',(17.6894597919892,14.2359039040479,-34.7));
#5335=CARTESIAN_POINT('Ctrl Pts',(17.663410890609,14.2754440209198,-34.7));
#5336=CARTESIAN_POINT('Ctrl Pts',(17.6349085841716,14.3132693471032,-34.7));
#5337=CARTESIAN_POINT('Ctrl Pts',(17.6078822584335,14.3491359036863,-34.7));
#5338=CARTESIAN_POINT('Ctrl Pts',(17.5786491371861,14.3834610181783,-34.7));
#5339=CARTESIAN_POINT('Ctrl Pts',(17.5474171803724,14.4161477632027,-34.7));
#5340=CARTESIAN_POINT('Ctrl Pts',(17.540380390591,14.4235123274773,-34.7));
#5341=CARTESIAN_POINT('Ctrl Pts',(17.5332420049587,14.4307936432558,-34.7));
#5342=CARTESIAN_POINT('Ctrl Pts',(17.5260041893199,14.437990453987,-34.7));
#5343=CARTESIAN_POINT('Ctrl Pts',(17.5188773846603,14.4450768826573,-34.7));
#5344=CARTESIAN_POINT('Ctrl Pts',(17.5116597182504,14.4520757875758,-34.7));
#5345=CARTESIAN_POINT('Ctrl Pts',(17.5043588054859,14.4589816479967,-34.7));
#5346=CARTESIAN_POINT('Ctrl Pts',(17.4679170443729,14.4934515456462,-34.7));
#5347=CARTESIAN_POINT('Ctrl Pts',(17.4293677696903,14.5256423766218,-34.7));
#5348=CARTESIAN_POINT('Ctrl Pts',(17.3890303384874,14.5554509386278,-34.7));
#5349=CARTESIAN_POINT('Ctrl Pts',(17.3478100425966,14.5859119201362,-34.7));
#5350=CARTESIAN_POINT('Ctrl Pts',(17.3047217309307,14.6138860188961,-34.7));
#5351=CARTESIAN_POINT('Ctrl Pts',(17.2600592307642,14.6392356096672,-34.7));
#5352=CARTESIAN_POINT('Ctrl Pts',(17.2368812858008,14.6523909730603,-34.7));
#5353=CARTESIAN_POINT('Ctrl Pts',(17.2132786901958,14.6648389899172,-34.7));
#5354=CARTESIAN_POINT('Ctrl Pts',(17.1892887346201,14.6765564681773,-34.7));
#5355=CARTESIAN_POINT('Ctrl Pts',(17.1760683812593,14.6830137207808,-34.7));
#5356=CARTESIAN_POINT('Ctrl Pts',(17.1627303516669,14.6892490655657,-34.7));
#5357=CARTESIAN_POINT('Ctrl Pts',(17.1492806318225,14.6952582058096,-34.7));
#5358=CARTESIAN_POINT('Ctrl Pts',(17.13778716226,14.7003933217294,-34.7));
#5359=CARTESIAN_POINT('Ctrl Pts',(17.1262081358489,14.7053647252596,-34.7));
#5360=CARTESIAN_POINT('Ctrl Pts',(17.1145735937463,14.7101591682572,-34.7));
#5361=CARTESIAN_POINT('Ctrl Pts',(17.0654994962921,14.7303819635188,-34.7));
#5362=CARTESIAN_POINT('Ctrl Pts',(17.0153589780533,14.7474981413102,-34.7));
#5363=CARTESIAN_POINT('Ctrl Pts',(16.9644716822464,14.7613765992782,-34.7));
#5364=CARTESIAN_POINT('Ctrl Pts',(16.9140344425044,14.7751323137582,-34.7));
#5365=CARTESIAN_POINT('Ctrl Pts',(16.8628625382449,14.785707999903,-34.7));
#5366=CARTESIAN_POINT('Ctrl Pts',(16.8112368623138,14.7929361628741,-34.7));
#5367=CARTESIAN_POINT('Ctrl Pts',(16.7753419718036,14.7979618427079,-34.7));
#5368=CARTESIAN_POINT('Ctrl Pts',(16.7392270719731,14.8013684156161,-34.7));
#5369=CARTESIAN_POINT('Ctrl Pts',(16.7029818251758,14.8030854088775,-34.7));
#5370=CARTESIAN_POINT('Ctrl Pts',(16.6874607068683,14.8038206681983,-34.7));
#5371=CARTESIAN_POINT('Ctrl Pts',(16.6719156559591,14.8042459356106,-34.7));
#5372=CARTESIAN_POINT('Ctrl Pts',(16.6563530806479,14.8043652753451,-34.7));
#5373=CARTESIAN_POINT('Ctrl Pts',(15.7310196096219,13.5173693542606,-33.098038475773));
#5374=CARTESIAN_POINT('Ctrl Pts',(15.7303602385056,13.6554389735706,-33.1075367025279));
#5375=CARTESIAN_POINT('Ctrl Pts',(15.7559947892611,13.7932743286928,-33.1170349292828));
#5376=CARTESIAN_POINT('Ctrl Pts',(15.8090745445556,13.9195746748282,-33.1265331560378));
#5377=CARTESIAN_POINT('Ctrl Pts',(15.942303934401,14.2365866497239,-33.1503735627645));
#5378=CARTESIAN_POINT('Ctrl Pts',(16.2484387913998,14.4809277828092,-33.1742139694911));
#5379=CARTESIAN_POINT('Ctrl Pts',(16.5870978497707,14.5405639579721,-33.1980543762178));
#5380=CARTESIAN_POINT('Ctrl Pts',(16.9257569081417,14.600200133135,-33.2218947829445));
#5381=CARTESIAN_POINT('Ctrl Pts',(17.2969401678847,14.4751313503755,-33.2457351896713));
#5382=CARTESIAN_POINT('Ctrl Pts',(17.530447838127,14.2227036807905,-33.269575596398));
#5383=CARTESIAN_POINT('Ctrl Pts',(17.7639555083692,13.9702760112056,-33.2934160031247));
#5384=CARTESIAN_POINT('Ctrl Pts',(17.8597875891107,13.5904894547952,-33.3172564098514));
#5385=CARTESIAN_POINT('Ctrl Pts',(17.7739997331929,13.2574931771587,-33.3410968165781));
#5386=CARTESIAN_POINT('Ctrl Pts',(17.6882118772752,12.9244968995222,-33.3649372233048));
#5387=CARTESIAN_POINT('Ctrl Pts',(17.4208040846982,12.6382909006596,-33.3887776300315));
#5388=CARTESIAN_POINT('Ctrl Pts',(17.0943944533602,12.5301115821117,-33.4126180367582));
#5389=CARTESIAN_POINT('Ctrl Pts',(16.7679848220221,12.4219322635639,-33.4364584434849));
#5390=CARTESIAN_POINT('Ctrl Pts',(16.3825733519229,12.4917796253308,-33.4602988502116));
#5391=CARTESIAN_POINT('Ctrl Pts',(16.1148866082866,12.7076261730117,-33.4841392569383));
#5392=CARTESIAN_POINT('Ctrl Pts',(15.8757271844445,12.9004699996445,-33.5054389965498));
#5393=CARTESIAN_POINT('Ctrl Pts',(15.7305377023783,13.2098529375743,-33.5267387361614));
#5394=CARTESIAN_POINT('Ctrl Pts',(15.728357241352,13.5174479631059,-33.5480384757729));
#5395=CARTESIAN_POINT('Ctrl Pts',(16.4321958955733,12.2711302964179,-32.7));
#5396=CARTESIAN_POINT('Ctrl Pts',(16.3830989384365,12.2895384087103,-32.7));
#5397=CARTESIAN_POINT('Ctrl Pts',(16.3354064200236,12.3111200131594,-32.7));
#5398=CARTESIAN_POINT('Ctrl Pts',(16.2892953921742,12.3356033893416,-32.7));
#5399=CARTESIAN_POINT('Ctrl Pts',(16.2426421280752,12.3603746743973,-32.7));
#5400=CARTESIAN_POINT('Ctrl Pts',(16.1976069854848,12.3881173224549,-32.7));
#5401=CARTESIAN_POINT('Ctrl Pts',(16.1544065697492,12.4185927063951,-32.7));
#5402=CARTESIAN_POINT('Ctrl Pts',(16.1231406630047,12.440648987476,-32.7));
#5403=CARTESIAN_POINT('Ctrl Pts',(16.0928364482704,12.464137618118,-32.7));
#5404=CARTESIAN_POINT('Ctrl Pts',(16.0635901999409,12.4889776109671,-32.7));
#5405=CARTESIAN_POINT('Ctrl Pts',(16.0510232373909,12.4996512281901,-32.7));
#5406=CARTESIAN_POINT('Ctrl Pts',(16.0386517801167,12.510574435677,-32.7));
#5407=CARTESIAN_POINT('Ctrl Pts',(16.0264842545564,12.5217411002097,-32.7));
#5408=CARTESIAN_POINT('Ctrl Pts',(16.0190616029148,12.5285531887,-32.7));
#5409=CARTESIAN_POINT('Ctrl Pts',(16.0117141663594,12.5354566921095,-32.7));
#5410=CARTESIAN_POINT('Ctrl Pts',(16.0044559576907,12.5424382426827,-32.7));
#5411=CARTESIAN_POINT('Ctrl Pts',(15.9672991210319,12.5781787877835,-32.7));
#5412=CARTESIAN_POINT('Ctrl Pts',(15.9324002028243,12.616031533731,-32.7));
#5413=CARTESIAN_POINT('Ctrl Pts',(15.8999560215904,12.6557674279193,-32.7));
#5414=CARTESIAN_POINT('Ctrl Pts',(15.8682506148613,12.6945985106919,-32.7));
#5415=CARTESIAN_POINT('Ctrl Pts',(15.8388890020716,12.7352289474368,-32.7));
#5416=CARTESIAN_POINT('Ctrl Pts',(15.8120987217346,12.7774657638303,-32.7));
#5417=CARTESIAN_POINT('Ctrl Pts',(15.7934319486966,12.8068952828778,-32.7));
#5418=CARTESIAN_POINT('Ctrl Pts',(15.7760144405436,12.8371051227973,-32.7));
#5419=CARTESIAN_POINT('Ctrl Pts',(15.7599378534309,12.8680324908923,-32.7));
#5420=CARTESIAN_POINT('Ctrl Pts',(15.7540280144034,12.8794015560867,-32.7));
#5421=CARTESIAN_POINT('Ctrl Pts',(15.748299505125,12.8908675902384,-32.7));
#5422=CARTESIAN_POINT('Ctrl Pts',(15.7427573325344,12.9024274767002,-32.7));
#5423=CARTESIAN_POINT('Ctrl Pts',(15.7392126959329,12.9098208943523,-32.7));
#5424=CARTESIAN_POINT('Ctrl Pts',(15.7357450783103,12.9172512002278,-32.7));
#5425=CARTESIAN_POINT('Ctrl Pts',(15.7323593637259,12.9247090990938,-32.7));
#5426=CARTESIAN_POINT('Ctrl Pts',(15.7123612890654,12.9687599529428,-32.7));
#5427=CARTESIAN_POINT('Ctrl Pts',(15.6951772108872,13.0138540709101,-32.7));
#5428=CARTESIAN_POINT('Ctrl Pts',(15.6810068650978,13.0598095168016,-32.7));
#5429=CARTESIAN_POINT('Ctrl Pts',(15.6707154047894,13.0931854593773,-32.7));
#5430=CARTESIAN_POINT('Ctrl Pts',(15.66201449964,13.1270161185099,-32.7));
#5431=CARTESIAN_POINT('Ctrl Pts',(15.6549979021684,13.1612337003446,-32.7));
#5432=CARTESIAN_POINT('Ctrl Pts',(15.6457790078708,13.2061911418017,-32.7));
#5433=CARTESIAN_POINT('Ctrl Pts',(15.6394667950011,13.2518174687013,-32.7));
#5434=CARTESIAN_POINT('Ctrl Pts',(15.6360140643379,13.2978475666203,-32.7));
#5435=CARTESIAN_POINT('Ctrl Pts',(15.6350802698483,13.3102964530185,-32.7));
#5436=CARTESIAN_POINT('Ctrl Pts',(15.6343558339429,13.3227747943751,-32.7));
#5437=CARTESIAN_POINT('Ctrl Pts',(15.6338402656712,13.3352771355788,-32.7));
#5438=CARTESIAN_POINT('Ctrl Pts',(15.6334693202452,13.3442724258993,-32.7));
#5439=CARTESIAN_POINT('Ctrl Pts',(15.6332066495771,13.3532790112092,-32.7));
#5440=CARTESIAN_POINT('Ctrl Pts',(15.6330519598722,13.3622821318871,-32.7));
#5441=CARTESIAN_POINT('Ctrl Pts',(15.6322232942391,13.4105114352046,-32.7));
#5442=CARTESIAN_POINT('Ctrl Pts',(15.6344844488724,13.4587402435697,-32.7));
#5443=CARTESIAN_POINT('Ctrl Pts',(15.6397318228599,13.506667756783,-32.7));
#5444=CARTESIAN_POINT('Ctrl Pts',(15.6449641208186,13.5544575712982,-32.7));
#5445=CARTESIAN_POINT('Ctrl Pts',(15.6531660399682,13.6019489978763,-32.7));
#5446=CARTESIAN_POINT('Ctrl Pts',(15.6642828033696,13.6488257262436,-32.7));
#5447=CARTESIAN_POINT('Ctrl Pts',(15.6702363740158,13.6739305075478,-32.7));
#5448=CARTESIAN_POINT('Ctrl Pts',(15.677026728251,13.6988585700579,-32.7));
#5449=CARTESIAN_POINT('Ctrl Pts',(15.6846503316467,13.7235574212624,-32.7));
#5450=CARTESIAN_POINT('Ctrl Pts',(15.6887613704133,13.7368763112308,-32.7));
#5451=CARTESIAN_POINT('Ctrl Pts',(15.6931147665146,13.7501284936141,-32.7));
#5452=CARTESIAN_POINT('Ctrl Pts',(15.6977103324936,13.763305306064,-32.7));
#5453=CARTESIAN_POINT('Ctrl Pts',(15.7009887596927,13.7727055019334,-32.7));
#5454=CARTESIAN_POINT('Ctrl Pts',(15.704390097915,13.7820660320904,-32.7));
#5455=CARTESIAN_POINT('Ctrl Pts',(15.7079095918105,13.7913722593577,-32.7));
#5456=CARTESIAN_POINT('Ctrl Pts',(15.7242840285892,13.8346694590577,-32.7));
#5457=CARTESIAN_POINT('Ctrl Pts',(15.7432367644502,13.8768632141085,-32.7));
#5458=CARTESIAN_POINT('Ctrl Pts',(15.7647228806955,13.9176566494945,-32.7));
#5459=CARTESIAN_POINT('Ctrl Pts',(15.7794092518338,13.9455401220237,-32.7));
#5460=CARTESIAN_POINT('Ctrl Pts',(15.7952800878025,13.9727687979669,-32.7));
#5461=CARTESIAN_POINT('Ctrl Pts',(15.8123302545711,13.9992371774122,-32.7));
#5462=CARTESIAN_POINT('Ctrl Pts',(15.8187558364331,14.0092121378444,-32.7));
#5463=CARTESIAN_POINT('Ctrl Pts',(15.8253497829009,14.0190798929481,-32.7));
#5464=CARTESIAN_POINT('Ctrl Pts',(15.8321018162609,14.0288204497878,-32.7));
#5465=CARTESIAN_POINT('Ctrl Pts',(15.8572260270238,14.0650649097805,-32.7));
#5466=CARTESIAN_POINT('Ctrl Pts',(15.8845662371451,14.099598663377,-32.7));
#5467=CARTESIAN_POINT('Ctrl Pts',(15.9140968019723,14.1321373038423,-32.7));
#5468=CARTESIAN_POINT('Ctrl Pts',(15.9293528884159,14.1489474229376,-32.7));
#5469=CARTESIAN_POINT('Ctrl Pts',(15.9451940608269,14.1652244067558,-32.7));
#5470=CARTESIAN_POINT('Ctrl Pts',(15.9616195934499,14.1809242852043,-32.7));
#5471=CARTESIAN_POINT('Ctrl Pts',(15.9707164649484,14.1896192712402,-32.7));
#5472=CARTESIAN_POINT('Ctrl Pts',(15.9799926115547,14.1981371778232,-32.7));
#5473=CARTESIAN_POINT('Ctrl Pts',(15.9894416913913,14.2064753753346,-32.7));
#5474=CARTESIAN_POINT('Origin',(35.7673757230966,13.5168246743539,-31.706324918824));
#5475=CARTESIAN_POINT('Ctrl Pts',(34.4760124502683,13.5176937203876,-32.831324918824));
#5476=CARTESIAN_POINT('Ctrl Pts',(34.4755845433375,13.5723010092265,-32.8343660376551));
#5477=CARTESIAN_POINT('Ctrl Pts',(34.5035722785726,14.0545631109425,-32.8612475632129));
#5478=CARTESIAN_POINT('Ctrl Pts',(35.1110661454153,14.8938256093044,-32.9119694954974));
#5479=CARTESIAN_POINT('Ctrl Pts',(36.5696351799812,14.814078738873,-32.9834907156775));
#5480=CARTESIAN_POINT('Ctrl Pts',(37.2924310014903,13.5448082134337,-33.0550119358576));
#5481=CARTESIAN_POINT('Ctrl Pts',(36.6166438036175,12.2497948436895,-33.1265331560377));
#5482=CARTESIAN_POINT('Ctrl Pts',(35.1619999756817,12.1167899868071,-33.1980543762179));
#5483=CARTESIAN_POINT('Ctrl Pts',(34.513105792547,12.9470953023767,-33.2496516304799));
#5484=CARTESIAN_POINT('Ctrl Pts',(34.4758191641964,13.4453754144658,-33.2774084780153));
#5485=CARTESIAN_POINT('Ctrl Pts',(34.4764397059264,13.5157747149834,-33.281324918824));
#5486=CARTESIAN_POINT('Ctrl Pts',(34.4786633421589,13.5155060870956,-32.793675081176));
#5487=CARTESIAN_POINT('Ctrl Pts',(34.480929703568,13.8123535016047,-32.8101308675708));
#5488=CARTESIAN_POINT('Ctrl Pts',(34.7297303002733,14.5436714581706,-32.8504270606922));
#5489=CARTESIAN_POINT('Ctrl Pts',(35.9459137491309,15.0314067672451,-32.9145636605403));
#5490=CARTESIAN_POINT('Ctrl Pts',(37.1373370755,14.1873432311686,-32.9860848807204));
#5491=CARTESIAN_POINT('Ctrl Pts',(37.0729057810127,12.7278597554908,-33.0576061009005));
#5492=CARTESIAN_POINT('Ctrl Pts',(35.810948732528,11.9921637945662,-33.1291273210806));
#5493=CARTESIAN_POINT('Ctrl Pts',(34.6820342651531,12.5666171095137,-33.1911503145058));
#5494=CARTESIAN_POINT('Ctrl Pts',(34.4803351231921,13.2583402950507,-33.2293329012043));
#5495=CARTESIAN_POINT('Ctrl Pts',(34.4790975747673,13.5175020048705,-33.243675081176));
#5496=CARTESIAN_POINT('Ctrl Pts',(36.5437732205702,14.2053971022196,-32.7));
#5497=CARTESIAN_POINT('Ctrl Pts',(36.7729816806783,13.9469538831391,-32.7238404067267));
#5498=CARTESIAN_POINT('Ctrl Pts',(36.9486250602556,13.1872182417061,-32.7715212201801));
#5499=CARTESIAN_POINT('Ctrl Pts',(36.1290401340805,12.3435739270494,-32.8430424403602));
#5500=CARTESIAN_POINT('Ctrl Pts',(34.9772325468627,12.5782938647913,-32.9145636605403));
#5501=CARTESIAN_POINT('Ctrl Pts',(34.5502997864453,13.6725565838657,-32.9860848807204));
#5502=CARTESIAN_POINT('Ctrl Pts',(35.2394026500432,14.6245632171794,-33.0576061009005));
#5503=CARTESIAN_POINT('Ctrl Pts',(36.4127592512998,14.5604102599777,-33.1291273210806));
#5504=CARTESIAN_POINT('Ctrl Pts',(36.9942176728277,13.539336238447,-33.2006485412607));
#5505=CARTESIAN_POINT('Ctrl Pts',(36.4505756847715,12.4975531962361,-33.2721697614408));
#5506=CARTESIAN_POINT('Ctrl Pts',(35.2803767448952,12.3905564596239,-33.3436909816209));
#5507=CARTESIAN_POINT('Ctrl Pts',(34.5567989404375,13.3164246718602,-33.415212201801));
#5508=CARTESIAN_POINT('Ctrl Pts',(34.9434174020343,14.4260833641978,-33.4867334219811));
#5509=CARTESIAN_POINT('Ctrl Pts',(36.0856737492353,14.7018739796661,-33.5582546421612));
#5510=CARTESIAN_POINT('Ctrl Pts',(36.9360244296041,13.8908792628184,-33.6297758623413));
#5511=CARTESIAN_POINT('Ctrl Pts',(36.7146288934991,12.7368450444577,-33.7012970825214));
#5512=CARTESIAN_POINT('Ctrl Pts',(35.6245247361866,12.2981163835677,-33.7728183027015));
#5513=CARTESIAN_POINT('Ctrl Pts',(34.6654265650216,12.9770424544651,-33.8443395228816));
#5514=CARTESIAN_POINT('Ctrl Pts',(34.7169059909551,14.1509934028698,-33.9158607430617));
#5515=CARTESIAN_POINT('Ctrl Pts',(35.7317516577196,14.7433589850973,-33.9873819632418));
#5516=CARTESIAN_POINT('Ctrl Pts',(36.7792682576953,14.2108939636386,-34.058903183422));
#5517=CARTESIAN_POINT('Ctrl Pts',(36.8987951393828,13.041907405597,-34.130424403602));
#5518=CARTESIAN_POINT('Ctrl Pts',(35.9807211745159,12.3084655329398,-34.2019456237822));
#5519=CARTESIAN_POINT('Ctrl Pts',(34.8669853313578,12.683173862442,-34.2734668439622));
#5520=CARTESIAN_POINT('Ctrl Pts',(34.578994814004,13.8224367733322,-34.3449880641424));
#5521=CARTESIAN_POINT('Ctrl Pts',(35.380818348204,14.6813692930413,-34.4165092843225));
#5522=CARTESIAN_POINT('Ctrl Pts',(36.5372051206558,14.4724411998411,-34.4880305045026));
#5523=CARTESIAN_POINT('Ctrl Pts',(36.9874746573863,13.386882942176,-34.5595517246826));
#5524=CARTESIAN_POINT('Ctrl Pts',(36.3190630640446,12.4210110965566,-34.6310729448628));
#5525=CARTESIAN_POINT('Ctrl Pts',(35.1441970846726,12.4590123815369,-34.7025941650429));
#5526=CARTESIAN_POINT('Ctrl Pts',(34.541923275702,13.4693199782093,-34.774115385223));
#5527=CARTESIAN_POINT('Ctrl Pts',(34.8884966678961,14.1678439402006,-34.8217961986764));
#5528=CARTESIAN_POINT('Ctrl Pts',(35.1712578691077,14.3662765956865,-34.8456366054031));
#5529=CARTESIAN_POINT('Ctrl Pts',(36.6066805581556,14.2611884440422,-32.6514544648656));
#5530=CARTESIAN_POINT('Ctrl Pts',(36.8544605541385,13.9818049528945,-32.6752948715923));
#5531=CARTESIAN_POINT('Ctrl Pts',(37.0443353775441,13.160511994975,-32.7229756850457));
#5532=CARTESIAN_POINT('Ctrl Pts',(36.1583438673723,12.2485116927259,-32.7944969052259));
#5533=CARTESIAN_POINT('Ctrl Pts',(34.9132114704298,12.5022497319037,-32.8660181254059));
#5534=CARTESIAN_POINT('Ctrl Pts',(34.4516866313756,13.6851747077472,-32.9375393455861));
#5535=CARTESIAN_POINT('Ctrl Pts',(35.1966238151673,14.7143173478877,-33.0090605657661));
#5536=CARTESIAN_POINT('Ctrl Pts',(36.4650512275269,14.6449664196095,-33.0805817859463));
#5537=CARTESIAN_POINT('Ctrl Pts',(37.0936221157152,13.5411602301092,-33.1521030061263));
#5538=CARTESIAN_POINT('Ctrl Pts',(36.5059317243869,12.4149670787205,-33.2236242263065));
#5539=CARTESIAN_POINT('Ctrl Pts',(35.240917821824,12.299300968685,-33.2951454464866));
#5540=CARTESIAN_POINT('Ctrl Pts',(34.458712377063,13.3001873312583,-33.3666666666667));
#5541=CARTESIAN_POINT('Ctrl Pts',(34.8766564652358,14.4997557337516,-33.4381878868468));
#5542=CARTESIAN_POINT('Ctrl Pts',(36.1114637362564,14.7978921880544,-33.5097091070269));
#5543=CARTESIAN_POINT('Ctrl Pts',(37.0307137851703,13.9211869059374,-33.581230327207));
#5544=CARTESIAN_POINT('Ctrl Pts',(36.7913797526443,12.6736474658369,-33.6527515473871));
#5545=CARTESIAN_POINT('Ctrl Pts',(35.6129502845852,12.1993709675713,-33.7242727675672));
#5546=CARTESIAN_POINT('Ctrl Pts',(34.576141517202,12.9333067875682,-33.7957939877473));
#5547=CARTESIAN_POINT('Ctrl Pts',(34.6317920457427,14.2023767038472,-33.8673152079274));
#5548=CARTESIAN_POINT('Ctrl Pts',(35.7288652301949,14.8427385016427,-33.9388364281075));
#5549=CARTESIAN_POINT('Ctrl Pts',(36.8612564988749,14.2671306867486,-34.0103576482876));
#5550=CARTESIAN_POINT('Ctrl Pts',(36.9904680046388,13.0034273988376,-34.0818788684677));
#5551=CARTESIAN_POINT('Ctrl Pts',(35.998007415621,12.2105586531769,-34.1534000886478));
#5552=CARTESIAN_POINT('Ctrl Pts',(34.794031512578,12.6156275949386,-34.2249213088279));
#5553=CARTESIAN_POINT('Ctrl Pts',(34.4827066635765,13.8471988875111,-34.296442529008));
#5554=CARTESIAN_POINT('Ctrl Pts',(35.349497671157,14.7757261163172,-34.3679637491881));
#5555=CARTESIAN_POINT('Ctrl Pts',(36.5995802802268,14.5498696969275,-34.4394849693682));
#5556=CARTESIAN_POINT('Ctrl Pts',(37.0863327497895,13.3763544584558,-34.5110061895483));
#5557=CARTESIAN_POINT('Ctrl Pts',(36.3637633392407,12.332223181998,-34.5825274097284));
#5558=CARTESIAN_POINT('Ctrl Pts',(35.0937042519279,12.3733035078958,-34.6540486299085));
#5559=CARTESIAN_POINT('Ctrl Pts',(34.4426314167587,13.4654709267028,-34.7255698500886));
#5560=CARTESIAN_POINT('Ctrl Pts',(34.8172857976883,14.220592550113,-34.773250663542));
#5561=CARTESIAN_POINT('Ctrl Pts',(35.1229576270235,14.4351031425929,-34.7970910702687));
#5562=CARTESIAN_POINT('Ctrl Pts',(36.669587895741,14.3169797858648,-32.6029089297313));
#5563=CARTESIAN_POINT('Ctrl Pts',(36.9359394275987,14.0166560226499,-32.626749336458));
#5564=CARTESIAN_POINT('Ctrl Pts',(37.1400456948325,13.133805748244,-32.6744301499114));
#5565=CARTESIAN_POINT('Ctrl Pts',(36.1876476006641,12.1534494584025,-32.7459513700915));
#5566=CARTESIAN_POINT('Ctrl Pts',(34.8491903939968,12.4262055990162,-32.8174725902716));
#5567=CARTESIAN_POINT('Ctrl Pts',(34.3530734763061,13.6977928316288,-32.8889938104517));
#5568=CARTESIAN_POINT('Ctrl Pts',(35.1538449802912,14.804071478596,-32.9605150306318));
#5569=CARTESIAN_POINT('Ctrl Pts',(36.5173432037541,14.7295225792412,-33.0320362508119));
#5570=CARTESIAN_POINT('Ctrl Pts',(37.1930265586027,13.5429842217715,-33.103557470992));
#5571=CARTESIAN_POINT('Ctrl Pts',(36.5612877640022,12.332380961205,-33.1750786911721));
#5572=CARTESIAN_POINT('Ctrl Pts',(35.2014588987529,12.208045477746,-33.2465999113522));
#5573=CARTESIAN_POINT('Ctrl Pts',(34.3606258136884,13.2839499906563,-33.3181211315323));
#5574=CARTESIAN_POINT('Ctrl Pts',(34.8098955284373,14.5734281033053,-33.3896423517124));
#5575=CARTESIAN_POINT('Ctrl Pts',(36.1372537232776,14.8939103964428,-33.4611635718925));
#5576=CARTESIAN_POINT('Ctrl Pts',(37.1254031407365,13.9514945490564,-33.5326847920726));
#5577=CARTESIAN_POINT('Ctrl Pts',(36.8681306117896,12.6104498872161,-33.6042060122527));
#5578=CARTESIAN_POINT('Ctrl Pts',(35.6013758329838,12.1006255515749,-33.6757272324328));
#5579=CARTESIAN_POINT('Ctrl Pts',(34.4868564693823,12.8895711206712,-33.7472484526129));
#5580=CARTESIAN_POINT('Ctrl Pts',(34.5466781005302,14.2537600048247,-33.818769672793));
#5581=CARTESIAN_POINT('Ctrl Pts',(35.7259788026702,14.9421180181881,-33.8902908929731));
#5582=CARTESIAN_POINT('Ctrl Pts',(36.9432447400545,14.3233674098585,-33.9618121131532));
#5583=CARTESIAN_POINT('Ctrl Pts',(37.0821408698947,12.9649473920781,-34.0333333333333));
#5584=CARTESIAN_POINT('Ctrl Pts',(36.0152936567261,12.1126517734141,-34.1048545535135));
#5585=CARTESIAN_POINT('Ctrl Pts',(34.7210776937982,12.5480813274353,-34.1763757736935));
#5586=CARTESIAN_POINT('Ctrl Pts',(34.3864185131489,13.8719610016899,-34.2478969938737));
#5587=CARTESIAN_POINT('Ctrl Pts',(35.3181769941099,14.8700829395932,-34.3194182140537));
#5588=CARTESIAN_POINT('Ctrl Pts',(36.6619554397978,14.6272981940138,-34.3909394342339));
#5589=CARTESIAN_POINT('Ctrl Pts',(37.1851908421928,13.3658259747356,-34.4624606544139));
#5590=CARTESIAN_POINT('Ctrl Pts',(36.4084636144368,12.2434352674395,-34.5339818745941));
#5591=CARTESIAN_POINT('Ctrl Pts',(35.0432114191832,12.2875946342547,-34.6055030947741));
#5592=CARTESIAN_POINT('Ctrl Pts',(34.3433395578154,13.4616218751964,-34.6770243149543));
#5593=CARTESIAN_POINT('Ctrl Pts',(34.7460749274805,14.2733411600255,-34.7247051284077));
#5594=CARTESIAN_POINT('Ctrl Pts',(35.0746573849393,14.5039296894992,-34.7485455351344));
#5595=CARTESIAN_POINT('Ctrl Pts',(36.7324952333263,14.3727711276873,-32.5543633945969));
#5596=CARTESIAN_POINT('Ctrl Pts',(37.0174183010589,14.0515070924053,-32.5782038013236));
#5597=CARTESIAN_POINT('Ctrl Pts',(37.235756012121,13.107099501513,-32.625884614777));
#5598=CARTESIAN_POINT('Ctrl Pts',(36.2169513339559,12.058387224079,-32.6974058349571));
#5599=CARTESIAN_POINT('Ctrl Pts',(34.7851693175638,12.3501614661286,-32.7689270551372));
#5600=CARTESIAN_POINT('Ctrl Pts',(34.2544603212365,13.7104109555104,-32.8404482753173));
#5601=CARTESIAN_POINT('Ctrl Pts',(35.1110661454153,14.8938256093044,-32.9119694954974));
#5602=CARTESIAN_POINT('Ctrl Pts',(36.5696351799812,14.814078738873,-32.9834907156775));
#5603=CARTESIAN_POINT('Ctrl Pts',(37.2924310014903,13.5448082134337,-33.0550119358576));
#5604=CARTESIAN_POINT('Ctrl Pts',(36.6166438036175,12.2497948436895,-33.1265331560377));
#5605=CARTESIAN_POINT('Ctrl Pts',(35.1619999756817,12.1167899868071,-33.1980543762179));
#5606=CARTESIAN_POINT('Ctrl Pts',(34.2625392503139,13.2677126500544,-33.2695755963979));
#5607=CARTESIAN_POINT('Ctrl Pts',(34.7431345916388,14.647100472859,-33.3410968165781));
#5608=CARTESIAN_POINT('Ctrl Pts',(36.1630437102986,14.9899286048311,-33.4126180367582));
#5609=CARTESIAN_POINT('Ctrl Pts',(37.2200924963027,13.9818021921754,-33.4841392569382));
#5610=CARTESIAN_POINT('Ctrl Pts',(36.9448814709349,12.5472523085952,-33.5556604771184));
#5611=CARTESIAN_POINT('Ctrl Pts',(35.5898013813824,12.0018801355784,-33.6271816972985));
#5612=CARTESIAN_POINT('Ctrl Pts',(34.3975714215627,12.8458354537742,-33.6987029174785));
#5613=CARTESIAN_POINT('Ctrl Pts',(34.4615641553177,14.3051433058022,-33.7702241376587));
#5614=CARTESIAN_POINT('Ctrl Pts',(35.7230923751455,15.0414975347335,-33.8417453578387));
#5615=CARTESIAN_POINT('Ctrl Pts',(37.0252329812342,14.3796041329685,-33.9132665780189));
#5616=CARTESIAN_POINT('Ctrl Pts',(37.1738137351507,12.9264673853186,-33.9847877981989));
#5617=CARTESIAN_POINT('Ctrl Pts',(36.0325798978312,12.0147448936512,-34.0563090183791));
#5618=CARTESIAN_POINT('Ctrl Pts',(34.6481238750185,12.4805350599319,-34.1278302385592));
#5619=CARTESIAN_POINT('Ctrl Pts',(34.2901303627213,13.8967231158687,-34.1993514587393));
#5620=CARTESIAN_POINT('Ctrl Pts',(35.2868563170629,14.9644397628692,-34.2708726789194));
#5621=CARTESIAN_POINT('Ctrl Pts',(36.7243305993687,14.7047266911002,-34.3423938990995));
#5622=CARTESIAN_POINT('Ctrl Pts',(37.2840489345962,13.3552974910154,-34.4139151192796));
#5623=CARTESIAN_POINT('Ctrl Pts',(36.4531638896328,12.154647352881,-34.4854363394597));
#5624=CARTESIAN_POINT('Ctrl Pts',(34.9927185864385,12.2018857606136,-34.5569575596398));
#5625=CARTESIAN_POINT('Ctrl Pts',(34.2440476988721,13.4577728236899,-34.6284787798199));
#5626=CARTESIAN_POINT('Ctrl Pts',(34.6748640572727,14.3260897699379,-34.6761595932733));
#5627=CARTESIAN_POINT('Ctrl Pts',(35.026357142855,14.5727562364055,-34.7));
#5628=CARTESIAN_POINT('Ctrl Pts',(35.026357142855,14.5727562364055,-34.7));
#5629=CARTESIAN_POINT('Ctrl Pts',(34.9859799561879,14.5382065527121,-34.7));
#5630=CARTESIAN_POINT('Ctrl Pts',(34.94802220962,14.5010419691627,-34.7));
#5631=CARTESIAN_POINT('Ctrl Pts',(34.9125828368022,14.4615781876926,-34.7));
#5632=CARTESIAN_POINT('Ctrl Pts',(34.8808748917922,14.426269565862,-34.7));
#5633=CARTESIAN_POINT('Ctrl Pts',(34.8511833173814,14.3891193111799,-34.7));
#5634=CARTESIAN_POINT('Ctrl Pts',(34.8236108932547,14.3503383138095,-34.7));
#5635=CARTESIAN_POINT('Ctrl Pts',(34.8160647635615,14.3397245776198,-34.7));
#5636=CARTESIAN_POINT('Ctrl Pts',(34.8086769365679,14.3289874703108,-34.7));
#5637=CARTESIAN_POINT('Ctrl Pts',(34.8014595104607,14.3181463777477,-34.7));
#5638=CARTESIAN_POINT('Ctrl Pts',(34.772405191481,14.2745047031753,-34.7));
#5639=CARTESIAN_POINT('Ctrl Pts',(34.7460690700504,14.2291255224516,-34.7));
#5640=CARTESIAN_POINT('Ctrl Pts',(34.72257552062,14.1823036892359,-34.7));
#5641=CARTESIAN_POINT('Ctrl Pts',(34.7087890261157,14.1548276814824,-34.7));
#5642=CARTESIAN_POINT('Ctrl Pts',(34.6959823169571,14.1268545381672,-34.7));
#5643=CARTESIAN_POINT('Ctrl Pts',(34.6841888298147,14.0984426127706,-34.7));
#5644=CARTESIAN_POINT('Ctrl Pts',(34.679525636695,14.0872084210996,-34.7));
#5645=CARTESIAN_POINT('Ctrl Pts',(34.6750209251251,14.0759056278183,-34.7));
#5646=CARTESIAN_POINT('Ctrl Pts',(34.6706770410519,14.0645378551387,-34.7));
#5647=CARTESIAN_POINT('Ctrl Pts',(34.6671299194686,14.0552551783578,-34.7));
#5648=CARTESIAN_POINT('Ctrl Pts',(34.6636934780837,14.0459381589898,-34.7));
#5649=CARTESIAN_POINT('Ctrl Pts',(34.6603685728242,14.036589410949,-34.7));
#5650=CARTESIAN_POINT('Ctrl Pts',(34.6434027202371,13.9888859521259,-34.7));
#5651=CARTESIAN_POINT('Ctrl Pts',(34.6293350905456,13.9403521616278,-34.7));
#5652=CARTESIAN_POINT('Ctrl Pts',(34.6182808202336,13.8912553520622,-34.7));
#5653=CARTESIAN_POINT('Ctrl Pts',(34.607441653917,13.8431139126474,-34.7));
#5654=CARTESIAN_POINT('Ctrl Pts',(34.5994996528112,13.7944301545843,-34.7));
#5655=CARTESIAN_POINT('Ctrl Pts',(34.5946121499375,13.7454579663423,-34.7));
#5656=CARTESIAN_POINT('Ctrl Pts',(34.5920533483604,13.7198190837176,-34.7));
#5657=CARTESIAN_POINT('Ctrl Pts',(34.5903325870041,13.694101266428,-34.7));
#5658=CARTESIAN_POINT('Ctrl Pts',(34.5894780293433,13.6683425124633,-34.7));
#5659=CARTESIAN_POINT('Ctrl Pts',(34.5889333362217,13.6519239409045,-34.7));
#5660=CARTESIAN_POINT('Ctrl Pts',(34.5887406390331,13.6354887641934,-34.7));
#5661=CARTESIAN_POINT('Ctrl Pts',(34.5889080761344,13.6190471880928,-34.7));
#5662=CARTESIAN_POINT('Ctrl Pts',(34.589005105104,13.6095193763049,-34.7));
#5663=CARTESIAN_POINT('Ctrl Pts',(34.589223223852,13.5999889053247,-34.7));
#5664=CARTESIAN_POINT('Ctrl Pts',(34.5895631989388,13.5904734399358,-34.7));
#5665=CARTESIAN_POINT('Ctrl Pts',(34.5910012843819,13.5502232781062,-34.7));
#5666=CARTESIAN_POINT('Ctrl Pts',(34.594617735323,13.5101730520329,-34.7));
#5667=CARTESIAN_POINT('Ctrl Pts',(34.600489845586,13.4704626398787,-34.7));
#5668=CARTESIAN_POINT('Ctrl Pts',(34.6076565551712,13.4219974410546,-34.7));
#5669=CARTESIAN_POINT('Ctrl Pts',(34.618182312545,13.3740371117583,-34.7));
#5670=CARTESIAN_POINT('Ctrl Pts',(34.6318729750247,13.3268502726765,-34.7));
#5671=CARTESIAN_POINT('Ctrl Pts',(34.6430073905052,13.288473906863,-34.7));
#5672=CARTESIAN_POINT('Ctrl Pts',(34.6562363801596,13.2506092648445,-34.7));
#5673=CARTESIAN_POINT('Ctrl Pts',(34.6714753848292,13.2134166907882,-34.7));
#5674=CARTESIAN_POINT('Ctrl Pts',(34.6755977134625,13.2033556653929,-34.7));
#5675=CARTESIAN_POINT('Ctrl Pts',(34.6798672119934,13.1933439189004,-34.7));
#5676=CARTESIAN_POINT('Ctrl Pts',(34.6842823801809,13.1833848609314,-34.7));
#5677=CARTESIAN_POINT('Ctrl Pts',(34.6878962559299,13.1752332353196,-34.7));
#5678=CARTESIAN_POINT('Ctrl Pts',(34.6916072336844,13.167118254311,-34.7));
#5679=CARTESIAN_POINT('Ctrl Pts',(34.6954089863554,13.1590526946168,-34.7));
#5680=CARTESIAN_POINT('Ctrl Pts',(34.7158798622401,13.1156229700319,-34.7));
#5681=CARTESIAN_POINT('Ctrl Pts',(34.7390180389972,13.0735348199606,-34.7));
#5682=CARTESIAN_POINT('Ctrl Pts',(34.7646351036982,13.0330364865309,-34.7));
#5683=CARTESIAN_POINT('Ctrl Pts',(34.7900288381109,12.9928912187076,-34.7));
#5684=CARTESIAN_POINT('Ctrl Pts',(34.8178593439204,12.9543073263981,-34.7));
#5685=CARTESIAN_POINT('Ctrl Pts',(34.847976995274,12.917564192034,-34.7));
#5686=CARTESIAN_POINT('Ctrl Pts',(34.8633898584099,12.8987607038573,-34.7));
#5687=CARTESIAN_POINT('Ctrl Pts',(34.8794021729955,12.8804399838426,-34.7));
#5688=CARTESIAN_POINT('Ctrl Pts',(34.895996208052,12.8626444018353,-34.7));
#5689=CARTESIAN_POINT('Ctrl Pts',(34.9040687957703,12.8539872912373,-34.7));
#5690=CARTESIAN_POINT('Ctrl Pts',(34.9122790714627,12.845454513829,-34.7));
#5691=CARTESIAN_POINT('Ctrl Pts',(34.9206250861858,12.8370512765034,-34.7));
#5692=CARTESIAN_POINT('Ctrl Pts',(34.9287373808752,12.8288833616613,-34.7));
#5693=CARTESIAN_POINT('Ctrl Pts',(34.9369808011749,12.8208353239498,-34.7));
#5694=CARTESIAN_POINT('Ctrl Pts',(34.9453338978824,12.8129301453792,-34.7));
#5695=CARTESIAN_POINT('Ctrl Pts',(34.9785294802328,12.7815146098686,-34.7));
#5696=CARTESIAN_POINT('Ctrl Pts',(35.0135103601417,12.752293511452,-34.7));
#5697=CARTESIAN_POINT('Ctrl Pts',(35.0501318536136,12.7255107133289,-34.7));
#5698=CARTESIAN_POINT('Ctrl Pts',(35.0854461857702,12.6996838958145,-34.7));
#5699=CARTESIAN_POINT('Ctrl Pts',(35.1222869042707,12.676124040875,-34.7));
#5700=CARTESIAN_POINT('Ctrl Pts',(35.1605406803668,12.6550945052967,-34.7));
#5701=CARTESIAN_POINT('Ctrl Pts',(35.1855476550906,12.6413472333061,-34.7));
#5702=CARTESIAN_POINT('Ctrl Pts',(35.2111587890802,12.6286821878586,-34.7));
#5703=CARTESIAN_POINT('Ctrl Pts',(35.2373440881547,12.6171849874336,-34.7));
#5704=CARTESIAN_POINT('Ctrl Pts',(35.2488627775657,12.6121274671656,-34.7));
#5705=CARTESIAN_POINT('Ctrl Pts',(35.2604925843795,12.6072960729985,-34.7));
#5706=CARTESIAN_POINT('Ctrl Pts',(35.2722267367568,12.6026915258727,-34.7));
#5707=CARTESIAN_POINT('Ctrl Pts',(36.5437732205702,14.2053971022196,-32.7));
#5708=CARTESIAN_POINT('Ctrl Pts',(36.5762470725967,14.1765510835885,-32.7));
#5709=CARTESIAN_POINT('Ctrl Pts',(36.6066170615967,14.1456269647262,-32.7));
#5710=CARTESIAN_POINT('Ctrl Pts',(36.6348770181399,14.1129289234439,-32.7));
#5711=CARTESIAN_POINT('Ctrl Pts',(36.6644336080889,14.0787306189688,-32.7));
#5712=CARTESIAN_POINT('Ctrl Pts',(36.691682761961,14.0425914224417,-32.7));
#5713=CARTESIAN_POINT('Ctrl Pts',(36.7165913915349,14.0048085880124,-32.7));
#5714=CARTESIAN_POINT('Ctrl Pts',(36.7357989884567,13.9756734060819,-32.7));
#5715=CARTESIAN_POINT('Ctrl Pts',(36.7536143785809,13.9455596975778,-32.7));
#5716=CARTESIAN_POINT('Ctrl Pts',(36.7700087214714,13.9145876985597,-32.7));
#5717=CARTESIAN_POINT('Ctrl Pts',(36.7752804347304,13.9046284401146,-32.7));
#5718=CARTESIAN_POINT('Ctrl Pts',(36.7804051111056,13.8945803455948,-32.7));
#5719=CARTESIAN_POINT('Ctrl Pts',(36.7853814884087,13.8844471789551,-32.7));
#5720=CARTESIAN_POINT('Ctrl Pts',(36.7888499165152,13.8773845794292,-32.7));
#5721=CARTESIAN_POINT('Ctrl Pts',(36.7922456161897,13.8702818909656,-32.7));
#5722=CARTESIAN_POINT('Ctrl Pts',(36.7955642592003,13.8631493430439,-32.7));
#5723=CARTESIAN_POINT('Ctrl Pts',(36.8153873611374,13.8205448134008,-32.7));
#5724=CARTESIAN_POINT('Ctrl Pts',(36.8325058337517,13.7767935398271,-32.7));
#5725=CARTESIAN_POINT('Ctrl Pts',(36.8468903529171,13.7322108033773,-32.7));
#5726=CARTESIAN_POINT('Ctrl Pts',(36.8615690121005,13.6867164224889,-32.7));
#5727=CARTESIAN_POINT('Ctrl Pts',(36.8734014318778,13.6403552828621,-32.7));
#5728=CARTESIAN_POINT('Ctrl Pts',(36.8823169822547,13.5934261905308,-32.7));
#5729=CARTESIAN_POINT('Ctrl Pts',(36.888434630907,13.5612245107332,-32.7));
#5730=CARTESIAN_POINT('Ctrl Pts',(36.893178079154,13.5287546493349,-32.7));
#5731=CARTESIAN_POINT('Ctrl Pts',(36.8965115883967,13.4961072751559,-32.7));
#5732=CARTESIAN_POINT('Ctrl Pts',(36.8974529702021,13.4868876684868,-32.7));
#5733=CARTESIAN_POINT('Ctrl Pts',(36.8982818401157,13.4776538870718,-32.7));
#5734=CARTESIAN_POINT('Ctrl Pts',(36.898997223761,13.4684079387903,-32.7));
#5735=CARTESIAN_POINT('Ctrl Pts',(36.8997046316555,13.4592650727921,-32.7));
#5736=CARTESIAN_POINT('Ctrl Pts',(36.9003003966787,13.4501185619351,-32.7));
#5737=CARTESIAN_POINT('Ctrl Pts',(36.9007839891957,13.440974531697,-32.7));
#5738=CARTESIAN_POINT('Ctrl Pts',(36.9033858945845,13.3917762899613,-32.7));
#5739=CARTESIAN_POINT('Ctrl Pts',(36.902747132826,13.3426149250711,-32.7));
#5740=CARTESIAN_POINT('Ctrl Pts',(36.8988076213501,13.2938077942191,-32.7));
#5741=CARTESIAN_POINT('Ctrl Pts',(36.8963537412152,13.2634063473467,-32.7));
#5742=CARTESIAN_POINT('Ctrl Pts',(36.8926183398635,13.2331417397201,-32.7));
#5743=CARTESIAN_POINT('Ctrl Pts',(36.8875772736757,13.2030871676684,-32.7));
#5744=CARTESIAN_POINT('Ctrl Pts',(36.8796938461254,13.1560865863446,-32.7));
#5745=CARTESIAN_POINT('Ctrl Pts',(36.8686200635122,13.1095991853389,-32.7));
#5746=CARTESIAN_POINT('Ctrl Pts',(36.8545661623352,13.0638185010068,-32.7));
#5747=CARTESIAN_POINT('Ctrl Pts',(36.8510470253087,13.0523548867903,-32.7));
#5748=CARTESIAN_POINT('Ctrl Pts',(36.8473407767575,13.0409356072429,-32.7));
#5749=CARTESIAN_POINT('Ctrl Pts',(36.8434502239031,13.0295637726121,-32.7));
#5750=CARTESIAN_POINT('Ctrl Pts',(36.8402639443594,13.0202504833662,-32.7));
#5751=CARTESIAN_POINT('Ctrl Pts',(36.8369569451554,13.0109776202289,-32.7));
#5752=CARTESIAN_POINT('Ctrl Pts',(36.8335331090887,13.0017511225579,-32.7));
#5753=CARTESIAN_POINT('Ctrl Pts',(36.8163980391941,12.9555758152715,-32.7));
#5754=CARTESIAN_POINT('Ctrl Pts',(36.7963292235248,12.9105273465194,-32.7));
#5755=CARTESIAN_POINT('Ctrl Pts',(36.7735949571588,12.8668065469121,-32.7));
#5756=CARTESIAN_POINT('Ctrl Pts',(36.7503070400217,12.8220210085518,-32.7));
#5757=CARTESIAN_POINT('Ctrl Pts',(36.7242219261104,12.7786276372229,-32.7));
#5758=CARTESIAN_POINT('Ctrl Pts',(36.6955725891673,12.7368470696734,-32.7));
#5759=CARTESIAN_POINT('Ctrl Pts',(36.6786244456016,12.7121308586667,-32.7));
#5760=CARTESIAN_POINT('Ctrl Pts',(36.6607779109718,12.6879792188553,-32.7));
#5761=CARTESIAN_POINT('Ctrl Pts',(36.6420732401361,12.6644407383216,-32.7));
#5762=CARTESIAN_POINT('Ctrl Pts',(36.632955306614,12.6529664759514,-32.7));
#5763=CARTESIAN_POINT('Ctrl Pts',(36.623633374737,12.6416379586143,-32.7));
#5764=CARTESIAN_POINT('Ctrl Pts',(36.6141116555526,12.6304611008564,-32.7));
#5765=CARTESIAN_POINT('Ctrl Pts',(36.6081484683215,12.6234613464871,-32.7));
#5766=CARTESIAN_POINT('Ctrl Pts',(36.6021083465651,12.6165228569135,-32.7));
#5767=CARTESIAN_POINT('Ctrl Pts',(36.5959984263439,12.6096535463617,-32.7));
#5768=CARTESIAN_POINT('Ctrl Pts',(36.5610263978306,12.5703349111277,-32.7));
#5769=CARTESIAN_POINT('Ctrl Pts',(36.5237185345448,12.5332184081276,-32.7));
#5770=CARTESIAN_POINT('Ctrl Pts',(36.4843211967501,12.4985439208817,-32.7));
#5771=CARTESIAN_POINT('Ctrl Pts',(36.4572674209949,12.4747332815114,-32.7));
#5772=CARTESIAN_POINT('Ctrl Pts',(36.4292272421708,12.4520744075704,-32.7));
#5773=CARTESIAN_POINT('Ctrl Pts',(36.4002681883768,12.4306522262365,-32.7));
#5774=CARTESIAN_POINT('Ctrl Pts',(36.3873961631835,12.4211302694839,-32.7));
#5775=CARTESIAN_POINT('Ctrl Pts',(36.3743387189243,12.4118504250296,-32.7));
#5776=CARTESIAN_POINT('Ctrl Pts',(36.3611253843369,12.4028364178677,-32.7));
#5777=CARTESIAN_POINT('Ctrl Pts',(36.317245793551,12.3729021917276,-32.7));
#5778=CARTESIAN_POINT('Ctrl Pts',(36.2716060591495,12.3458623963308,-32.7));
#5779=CARTESIAN_POINT('Ctrl Pts',(36.2244340550941,12.3219704257262,-32.7));
#5780=CARTESIAN_POINT('Ctrl Pts',(36.1989906081012,12.3090836701217,-32.7));
#5781=CARTESIAN_POINT('Ctrl Pts',(36.1731006640407,12.2971132085489,-32.7));
#5782=CARTESIAN_POINT('Ctrl Pts',(36.1467955931343,12.2861033782314,-32.7));
#5783=CARTESIAN_POINT('Ctrl Pts',(36.1324570658653,12.2801020732816,-32.7));
#5784=CARTESIAN_POINT('Ctrl Pts',(36.1179951482293,12.2743862530935,-32.7));
#5785=CARTESIAN_POINT('Ctrl Pts',(36.1034176327249,12.2689537061853,-32.7));
#5786=CARTESIAN_POINT('Ctrl Pts',(34.7288727371909,13.515980026806,-33.4269615242271));
#5787=CARTESIAN_POINT('Ctrl Pts',(34.7283735378263,13.4593467910602,-33.4230450834184));
#5788=CARTESIAN_POINT('Ctrl Pts',(34.7326058488252,13.4027882741816,-33.4191286426097));
#5789=CARTESIAN_POINT('Ctrl Pts',(34.7418316514466,13.3470564185438,-33.415212201801));
#5790=CARTESIAN_POINT('Ctrl Pts',(34.7979915419234,13.0078019344481,-33.3913717950743));
#5791=CARTESIAN_POINT('Ctrl Pts',(35.0391841434093,12.699179197036,-33.3675313883476));
#5792=CARTESIAN_POINT('Ctrl Pts',(35.3548136007983,12.5627006177653,-33.3436909816209));
#5793=CARTESIAN_POINT('Ctrl Pts',(35.6704430581873,12.4262220384946,-33.3198505748942));
#5794=CARTESIAN_POINT('Ctrl Pts',(36.0605093714794,12.4618876173653,-33.2960101681675));
#5795=CARTESIAN_POINT('Ctrl Pts',(36.3461495261348,12.6533509138359,-33.2721697614408));
#5796=CARTESIAN_POINT('Ctrl Pts',(36.6317896807902,12.8448142103064,-33.2483293547141));
#5797=CARTESIAN_POINT('Ctrl Pts',(36.8130036768089,13.1920752243767,-33.2244889479874));
#5798=CARTESIAN_POINT('Ctrl Pts',(36.806700937897,13.5358847350003,-33.2006485412607));
#5799=CARTESIAN_POINT('Ctrl Pts',(36.800398198985,13.8796942456239,-33.176808134534));
#5800=CARTESIAN_POINT('Ctrl Pts',(36.6065787251424,14.2200522528008,-33.1529677278073));
#5801=CARTESIAN_POINT('Ctrl Pts',(36.3141095546783,14.4009234159229,-33.1291273210806));
#5802=CARTESIAN_POINT('Ctrl Pts',(36.0216403842143,14.5817945790449,-33.1052869143539));
#5803=CARTESIAN_POINT('Ctrl Pts',(35.6305215171287,14.6031788981122,-33.0814465076272));
#5804=CARTESIAN_POINT('Ctrl Pts',(35.3201116063197,14.4552032854268,-33.0576061009005));
#5805=CARTESIAN_POINT('Ctrl Pts',(35.0097016955106,14.3072276727415,-33.0337656941738));
#5806=CARTESIAN_POINT('Ctrl Pts',(34.7800007409779,13.9898921283036,-33.0099252874471));
#5807=CARTESIAN_POINT('Ctrl Pts',(34.7363057237812,13.6488472362389,-32.9860848807204));
#5808=CARTESIAN_POINT('Ctrl Pts',(34.7307319204,13.6053430269608,-32.9830437618893));
#5809=CARTESIAN_POINT('Ctrl Pts',(34.7281847953486,13.5614530204888,-32.9800026430582));
#5810=CARTESIAN_POINT('Ctrl Pts',(34.7285290282303,13.5175237848357,-32.9769615242271));
#5811=CARTESIAN_POINT('Ctrl Pts',(35.4321958955734,12.2711302964179,-32.7));
#5812=CARTESIAN_POINT('Ctrl Pts',(35.0175355365795,12.382703239244,-32.7238404067267));
#5813=CARTESIAN_POINT('Ctrl Pts',(34.3157190584448,13.0513089072592,-32.7715212201801));
#5814=CARTESIAN_POINT('Ctrl Pts',(34.5897002231394,14.4875141300843,-32.8430424403602));
#5815=CARTESIAN_POINT('Ctrl Pts',(35.9459137491309,15.0314067672451,-32.9145636605403));
#5816=CARTESIAN_POINT('Ctrl Pts',(37.1373370755,14.1873432311686,-32.9860848807204));
#5817=CARTESIAN_POINT('Ctrl Pts',(37.0729057810127,12.7278597554908,-33.0576061009005));
#5818=CARTESIAN_POINT('Ctrl Pts',(35.810948732528,11.9921637945662,-33.1291273210806));
#5819=CARTESIAN_POINT('Ctrl Pts',(34.5091518387189,12.6545891267314,-33.2006485412607));
#5820=CARTESIAN_POINT('Ctrl Pts',(34.3611908543213,14.107811785991,-33.2721697614408));
#5821=CARTESIAN_POINT('Ctrl Pts',(35.5028445349062,15.0190234101805,-33.3436909816209));
#5822=CARTESIAN_POINT('Ctrl Pts',(36.887081263608,14.5526093731622,-33.4152122018011));
#5823=CARTESIAN_POINT('Ctrl Pts',(37.2444631241108,13.1362896380821,-33.4867334219811));
#5824=CARTESIAN_POINT('Ctrl Pts',(36.24723190495,12.0689547800844,-33.5582546421612));
#5825=CARTESIAN_POINT('Ctrl Pts',(34.8099349078165,12.3294334018088,-33.6297758623413));
#5826=CARTESIAN_POINT('Ctrl Pts',(34.25068862784,13.6788476585803,-33.7012970825214));
#5827=CARTESIAN_POINT('Ctrl Pts',(35.0823687531736,14.8796731214311,-33.7728183027015));
#5828=CARTESIAN_POINT('Ctrl Pts',(36.5422560450122,14.8306555915741,-33.8443395228817));
#5829=CARTESIAN_POINT('Ctrl Pts',(37.2915149052835,13.5767471426231,-33.9158607430618));
#5830=CARTESIAN_POINT('Ctrl Pts',(36.6430133861836,12.2678859773081,-33.9873819632418));
#5831=CARTESIAN_POINT('Ctrl Pts',(35.191480875832,12.1044014980505,-34.058903183422));
#5832=CARTESIAN_POINT('Ctrl Pts',(34.2680903977797,13.2362289633632,-34.130424403602));
#5833=CARTESIAN_POINT('Ctrl Pts',(34.7196683422841,14.6253764483525,-34.2019456237822));
#5834=CARTESIAN_POINT('Ctrl Pts',(36.1320770240718,14.997910293878,-34.2734668439623));
#5835=CARTESIAN_POINT('Ctrl Pts',(37.2100300842402,14.0121284973516,-34.3449880641424));
#5836=CARTESIAN_POINT('Ctrl Pts',(36.964940296912,12.5721932663176,-34.4165092843225));
#5837=CARTESIAN_POINT('Ctrl Pts',(35.621608394045,11.9983957951831,-34.4880305045026));
#5838=CARTESIAN_POINT('Ctrl Pts',(34.4119106339902,12.8174652286285,-34.5595517246827));
#5839=CARTESIAN_POINT('Ctrl Pts',(34.445380675756,14.2771955296959,-34.6310729448628));
#5840=CARTESIAN_POINT('Ctrl Pts',(35.6910242820474,15.0410713932664,-34.7025941650429));
#5841=CARTESIAN_POINT('Ctrl Pts',(37.0070653500359,14.4040572426816,-34.774115385223));
#5842=CARTESIAN_POINT('Ctrl Pts',(37.1249036665316,13.441927293325,-34.8217961986764));
#5843=CARTESIAN_POINT('Ctrl Pts',(36.9670423336842,13.0425884215839,-34.8456366054031));
#5844=CARTESIAN_POINT('Ctrl Pts',(35.4540432112046,12.3523257503803,-32.6514544648656));
#5845=CARTESIAN_POINT('Ctrl Pts',(35.066410778711,12.4566262707703,-32.6752948715923));
#5846=CARTESIAN_POINT('Ctrl Pts',(34.4103393152041,13.0816516339387,-32.7229756850457));
#5847=CARTESIAN_POINT('Ctrl Pts',(34.6664621468769,14.4242437385577,-32.7944969052258));
#5848=CARTESIAN_POINT('Ctrl Pts',(35.9342764837389,14.9326849757898,-32.866018125406));
#5849=CARTESIAN_POINT('Ctrl Pts',(37.0480417909668,14.1436382425494,-32.937539345586));
#5850=CARTESIAN_POINT('Ctrl Pts',(36.9878101848604,12.7792851820498,-33.0090605657662));
#5851=CARTESIAN_POINT('Ctrl Pts',(35.8081086054921,12.0915425302061,-33.0805817859463));
#5852=CARTESIAN_POINT('Ctrl Pts',(34.591163976919,12.710790397245,-33.1521030061264));
#5853=CARTESIAN_POINT('Ctrl Pts',(34.452847219476,14.069290726841,-33.2236242263065));
#5854=CARTESIAN_POINT('Ctrl Pts',(35.520086910157,14.9211087768181,-33.2951454464866));
#5855=CARTESIAN_POINT('Ctrl Pts',(36.8140978727569,14.4850960165022,-33.3666666666667));
#5856=CARTESIAN_POINT('Ctrl Pts',(37.1481852696132,13.1610932460664,-33.4381878868468));
#5857=CARTESIAN_POINT('Ctrl Pts',(36.2159544574377,12.1633282118233,-33.5097091070269));
#5858=CARTESIAN_POINT('Ctrl Pts',(34.8723417413189,12.4068286081394,-33.581230327207));
#5859=CARTESIAN_POINT('Ctrl Pts',(34.3495476251988,13.6682868581227,-33.6527515473871));
#5860=CARTESIAN_POINT('Ctrl Pts',(35.1270181092881,14.790841462316,-33.7242727675672));
#5861=CARTESIAN_POINT('Ctrl Pts',(36.4917486648564,14.7450189381196,-33.7957939877473));
#5862=CARTESIAN_POINT('Ctrl Pts',(37.1921701743516,13.5728413434962,-33.8673152079274));
#5863=CARTESIAN_POINT('Ctrl Pts',(36.5859385540095,12.3492928988403,-33.9388364281075));
#5864=CARTESIAN_POINT('Ctrl Pts',(35.2290182079309,12.1964644815705,-34.0103576482876));
#5865=CARTESIAN_POINT('Ctrl Pts',(34.3658151324854,13.2545184383237,-34.0818788684677));
#5866=CARTESIAN_POINT('Ctrl Pts',(34.7879588298319,14.5531200698018,-34.1534000886478));
#5867=CARTESIAN_POINT('Ctrl Pts',(36.1083054728648,14.9013718319853,-34.2249213088279));
#5868=CARTESIAN_POINT('Ctrl Pts',(37.1159966055326,13.9798441590179,-34.296442529008));
#5869=CARTESIAN_POINT('Ctrl Pts',(36.8868819858668,12.6337651714022,-34.3679637491881));
#5870=CARTESIAN_POINT('Ctrl Pts',(35.6311096366169,12.0973683235477,-34.4394849693682));
#5871=CARTESIAN_POINT('Ctrl Pts',(34.5002610393461,12.8630500917252,-34.5110061895483));
#5872=CARTESIAN_POINT('Ctrl Pts',(34.5315494743843,14.2276338893186,-34.5825274097284));
#5873=CARTESIAN_POINT('Ctrl Pts',(35.6960009360537,14.9417196529962,-34.6540486299085));
#5874=CARTESIAN_POINT('Ctrl Pts',(36.9262612910189,14.3462266443972,-34.7255698500886));
#5875=CARTESIAN_POINT('Ctrl Pts',(37.0364188025183,13.4468091704218,-34.773250663542));
#5876=CARTESIAN_POINT('Ctrl Pts',(36.8888470100355,13.0734995571812,-34.7970910702687));
#5877=CARTESIAN_POINT('Ctrl Pts',(35.4758905268358,12.4335212043426,-32.6029089297313));
#5878=CARTESIAN_POINT('Ctrl Pts',(35.1152860208426,12.5305493022965,-32.626749336458));
#5879=CARTESIAN_POINT('Ctrl Pts',(34.5049595719634,13.1119943606182,-32.6744301499114));
#5880=CARTESIAN_POINT('Ctrl Pts',(34.7432240706144,14.3609733470311,-32.7459513700914));
#5881=CARTESIAN_POINT('Ctrl Pts',(35.9226392183469,14.8339631843346,-32.8174725902716));
#5882=CARTESIAN_POINT('Ctrl Pts',(36.9587465064335,14.0999332539301,-32.8889938104517));
#5883=CARTESIAN_POINT('Ctrl Pts',(36.9027145887081,12.8307106086087,-32.9605150306318));
#5884=CARTESIAN_POINT('Ctrl Pts',(35.8052684784562,12.190921265846,-33.0320362508119));
#5885=CARTESIAN_POINT('Ctrl Pts',(34.6731761151191,12.7669916677587,-33.103557470992));
#5886=CARTESIAN_POINT('Ctrl Pts',(34.5445035846306,14.030769667691,-33.1750786911721));
#5887=CARTESIAN_POINT('Ctrl Pts',(35.537329285408,14.8231941434558,-33.2465999113522));
#5888=CARTESIAN_POINT('Ctrl Pts',(36.7411144819057,14.4175826598421,-33.3181211315323));
#5889=CARTESIAN_POINT('Ctrl Pts',(37.0519074151155,13.1858968540508,-33.3896423517124));
#5890=CARTESIAN_POINT('Ctrl Pts',(36.1846770099255,12.2577016435622,-33.4611635718926));
#5891=CARTESIAN_POINT('Ctrl Pts',(34.9347485748213,12.4842238144701,-33.5326847920726));
#5892=CARTESIAN_POINT('Ctrl Pts',(34.4484066225576,13.657726057665,-33.6042060122528));
#5893=CARTESIAN_POINT('Ctrl Pts',(35.1716674654025,14.702009803201,-33.6757272324328));
#5894=CARTESIAN_POINT('Ctrl Pts',(36.4412412847005,14.6593822846651,-33.7472484526129));
#5895=CARTESIAN_POINT('Ctrl Pts',(37.0928254434196,13.5689355443694,-33.818769672793));
#5896=CARTESIAN_POINT('Ctrl Pts',(36.5288637218355,12.4306998203726,-33.8902908929731));
#5897=CARTESIAN_POINT('Ctrl Pts',(35.2665555400297,12.2885274650905,-33.9618121131533));
#5898=CARTESIAN_POINT('Ctrl Pts',(34.4635398671911,13.2728079132843,-34.0333333333333));
#5899=CARTESIAN_POINT('Ctrl Pts',(34.8562493173797,14.4808636912511,-34.1048545535134));
#5900=CARTESIAN_POINT('Ctrl Pts',(36.0845339216578,14.8048333700925,-34.1763757736936));
#5901=CARTESIAN_POINT('Ctrl Pts',(37.021963126825,13.9475598206843,-34.2478969938736));
#5902=CARTESIAN_POINT('Ctrl Pts',(36.8088236748216,12.6953370764867,-34.3194182140537));
#5903=CARTESIAN_POINT('Ctrl Pts',(35.6406108791888,12.1963408519122,-34.3909394342338));
#5904=CARTESIAN_POINT('Ctrl Pts',(34.5886114447019,12.9086349548219,-34.462460654414));
#5905=CARTESIAN_POINT('Ctrl Pts',(34.6177182730126,14.1780722489414,-34.533981874594));
#5906=CARTESIAN_POINT('Ctrl Pts',(35.7009775900601,14.842367912726,-34.6055030947742));
#5907=CARTESIAN_POINT('Ctrl Pts',(36.845457232002,14.2883960461128,-34.6770243149543));
#5908=CARTESIAN_POINT('Ctrl Pts',(36.947933938505,13.4516910475186,-34.7247051284077));
#5909=CARTESIAN_POINT('Ctrl Pts',(36.8106516863867,13.1044106927784,-34.7485455351344));
#5910=CARTESIAN_POINT('Ctrl Pts',(35.497737842467,12.514716658305,-32.5543633945969));
#5911=CARTESIAN_POINT('Ctrl Pts',(35.1641612629741,12.6044723338227,-32.5782038013236));
#5912=CARTESIAN_POINT('Ctrl Pts',(34.5995798287226,13.1423370872977,-32.625884614777));
#5913=CARTESIAN_POINT('Ctrl Pts',(34.819985994352,14.2977029555045,-32.6974058349571));
#5914=CARTESIAN_POINT('Ctrl Pts',(35.9110019529548,14.7352413928794,-32.7689270551372));
#5915=CARTESIAN_POINT('Ctrl Pts',(36.8694512219003,14.0562282653109,-32.8404482753174));
#5916=CARTESIAN_POINT('Ctrl Pts',(36.8176189925558,12.8821360351677,-32.9119694954974));
#5917=CARTESIAN_POINT('Ctrl Pts',(35.8024283514203,12.2903000014859,-32.9834907156776));
#5918=CARTESIAN_POINT('Ctrl Pts',(34.7551882533191,12.8231929382723,-33.0550119358576));
#5919=CARTESIAN_POINT('Ctrl Pts',(34.6361599497853,13.992248608541,-33.1265331560378));
#5920=CARTESIAN_POINT('Ctrl Pts',(35.5545716606589,14.7252795100935,-33.1980543762178));
#5921=CARTESIAN_POINT('Ctrl Pts',(36.6681310910546,14.3500693031821,-33.2695755963979));
#5922=CARTESIAN_POINT('Ctrl Pts',(36.9556295606179,13.2107004620352,-33.341096816578));
#5923=CARTESIAN_POINT('Ctrl Pts',(36.1533995624132,12.352075075301,-33.4126180367581));
#5924=CARTESIAN_POINT('Ctrl Pts',(34.9971554083238,12.5616190208007,-33.4841392569383));
#5925=CARTESIAN_POINT('Ctrl Pts',(34.5472656199164,13.6471652572074,-33.5556604771184));
#5926=CARTESIAN_POINT('Ctrl Pts',(35.216316821517,14.6131781440859,-33.6271816972985));
#5927=CARTESIAN_POINT('Ctrl Pts',(36.3907339045447,14.5737456312107,-33.6987029174786));
#5928=CARTESIAN_POINT('Ctrl Pts',(36.9934807124877,13.5650297452425,-33.7702241376587));
#5929=CARTESIAN_POINT('Ctrl Pts',(36.4717888896614,12.5121067419048,-33.8417453578388));
#5930=CARTESIAN_POINT('Ctrl Pts',(35.3040928721286,12.3805904486106,-33.9132665780189));
#5931=CARTESIAN_POINT('Ctrl Pts',(34.5612646018969,13.2910973882449,-33.984787798199));
#5932=CARTESIAN_POINT('Ctrl Pts',(34.9245398049275,14.4086073127005,-34.0563090183791));
#5933=CARTESIAN_POINT('Ctrl Pts',(36.0607623704509,14.7082949081997,-34.1278302385592));
#5934=CARTESIAN_POINT('Ctrl Pts',(36.9279296481173,13.9152754823507,-34.1993514587393));
#5935=CARTESIAN_POINT('Ctrl Pts',(36.7307653637764,12.7569089815713,-34.2708726789194));
#5936=CARTESIAN_POINT('Ctrl Pts',(35.6501121217607,12.2953133802768,-34.3423938990995));
#5937=CARTESIAN_POINT('Ctrl Pts',(34.6769618500578,12.9542198179186,-34.4139151192796));
#5938=CARTESIAN_POINT('Ctrl Pts',(34.703887071641,14.1285106085641,-34.4854363394597));
#5939=CARTESIAN_POINT('Ctrl Pts',(35.7059542440665,14.7430161724558,-34.5569575596398));
#5940=CARTESIAN_POINT('Ctrl Pts',(36.7646531729851,14.2305654478284,-34.6284787798199));
#5941=CARTESIAN_POINT('Ctrl Pts',(36.8594490744917,13.4565729246154,-34.6761595932733));
#5942=CARTESIAN_POINT('Ctrl Pts',(36.7324563627379,13.1353218283756,-34.7));
#5943=CARTESIAN_POINT('Ctrl Pts',(36.7324563627379,13.1353218283756,-34.7));
#5944=CARTESIAN_POINT('Ctrl Pts',(36.7532629820021,13.1738256523787,-34.7));
#5945=CARTESIAN_POINT('Ctrl Pts',(36.7713607251635,13.2136183665718,-34.7));
#5946=CARTESIAN_POINT('Ctrl Pts',(36.7868358038585,13.2544148031803,-34.7));
#5947=CARTESIAN_POINT('Ctrl Pts',(36.7969461216446,13.2810682985698,-34.7));
#5948=CARTESIAN_POINT('Ctrl Pts',(36.8059362502245,13.308151079109,-34.7));
#5949=CARTESIAN_POINT('Ctrl Pts',(36.8138215019773,13.3355910124399,-34.7));
#5950=CARTESIAN_POINT('Ctrl Pts',(36.8171965466877,13.3473358501119,-34.7));
#5951=CARTESIAN_POINT('Ctrl Pts',(36.8203690885962,13.3591461794796,-34.7));
#5952=CARTESIAN_POINT('Ctrl Pts',(36.8233399267352,13.3710165870343,-34.7));
#5953=CARTESIAN_POINT('Ctrl Pts',(36.8257301972214,13.3805672537183,-34.7));
#5954=CARTESIAN_POINT('Ctrl Pts',(36.8279893916742,13.39015517504,-34.7));
#5955=CARTESIAN_POINT('Ctrl Pts',(36.8301161485404,13.3997682189193,-34.7));
#5956=CARTESIAN_POINT('Ctrl Pts',(36.8401234163876,13.4450015535125,-34.7));
#5957=CARTESIAN_POINT('Ctrl Pts',(36.8472162886127,13.4908446375741,-34.7));
#5958=CARTESIAN_POINT('Ctrl Pts',(36.851465671749,13.5369939794757,-34.7));
#5959=CARTESIAN_POINT('Ctrl Pts',(36.8543753502204,13.5685938005076,-34.7));
#5960=CARTESIAN_POINT('Ctrl Pts',(36.855950930634,13.6003379772029,-34.7));
#5961=CARTESIAN_POINT('Ctrl Pts',(36.8562026801585,13.632135072631,-34.7));
#5962=CARTESIAN_POINT('Ctrl Pts',(36.856286721317,13.6427498483419,-34.7));
#5963=CARTESIAN_POINT('Ctrl Pts',(36.8562229985544,13.6533714488646,-34.7));
#5964=CARTESIAN_POINT('Ctrl Pts',(36.8560123595146,13.6639797085751,-34.7));
#5965=CARTESIAN_POINT('Ctrl Pts',(36.8550549677304,13.7121961299124,-34.7));
#5966=CARTESIAN_POINT('Ctrl Pts',(36.8510679477441,13.7602153118887,-34.7));
#5967=CARTESIAN_POINT('Ctrl Pts',(36.8441264647164,13.8077186533666,-34.7));
#5968=CARTESIAN_POINT('Ctrl Pts',(36.8371622843747,13.8553773216315,-34.7));
#5969=CARTESIAN_POINT('Ctrl Pts',(36.8272244452522,13.9025180025651,-34.7));
#5970=CARTESIAN_POINT('Ctrl Pts',(36.8143382285795,13.9488332823374,-34.7));
#5971=CARTESIAN_POINT('Ctrl Pts',(36.8079797706669,13.971686674037,-34.7));
#5972=CARTESIAN_POINT('Ctrl Pts',(36.8009026688903,13.9943392060684,-34.7));
#5973=CARTESIAN_POINT('Ctrl Pts',(36.7931052601229,14.0167537945589,-34.7));
#5974=CARTESIAN_POINT('Ctrl Pts',(36.7889573641874,14.0286774198643,-34.7));
#5975=CARTESIAN_POINT('Ctrl Pts',(36.7846055828861,14.0405337039701,-34.7));
#5976=CARTESIAN_POINT('Ctrl Pts',(36.7800492993907,14.0523169761596,-34.7));
#5977=CARTESIAN_POINT('Ctrl Pts',(36.7757358531634,14.0634722326364,-34.7));
#5978=CARTESIAN_POINT('Ctrl Pts',(36.771237352054,14.0745657803991,-34.7));
#5979=CARTESIAN_POINT('Ctrl Pts',(36.7665644606087,14.0855672011052,-34.7));
#5980=CARTESIAN_POINT('Ctrl Pts',(36.7506469058754,14.1230420104995,-34.7));
#5981=CARTESIAN_POINT('Ctrl Pts',(36.7326878590695,14.1595031726107,-34.7));
#5982=CARTESIAN_POINT('Ctrl Pts',(36.7127152332587,14.1947736088142,-34.7));
#5983=CARTESIAN_POINT('Ctrl Pts',(36.6894060117432,14.2359362690576,-34.7));
#5984=CARTESIAN_POINT('Ctrl Pts',(36.663355817218,14.2754784368438,-34.7));
#5985=CARTESIAN_POINT('Ctrl Pts',(36.6348525422849,14.3133053635533,-34.7));
#5986=CARTESIAN_POINT('Ctrl Pts',(36.6078267985063,14.3491714467167,-34.7));
#5987=CARTESIAN_POINT('Ctrl Pts',(36.578594795927,14.3834958537525,-34.7));
#5988=CARTESIAN_POINT('Ctrl Pts',(36.5473643770867,14.4161817118914,-34.7));
#5989=CARTESIAN_POINT('Ctrl Pts',(36.540316068951,14.4235584941569,-34.7));
#5990=CARTESIAN_POINT('Ctrl Pts',(36.5331658434604,14.4308517378079,-34.7));
#5991=CARTESIAN_POINT('Ctrl Pts',(36.5259158760717,14.4380601804839,-34.7));
#5992=CARTESIAN_POINT('Ctrl Pts',(36.5188003686801,14.4451349332921,-34.7));
#5993=CARTESIAN_POINT('Ctrl Pts',(36.5115943625425,14.452122376345,-34.7));
#5994=CARTESIAN_POINT('Ctrl Pts',(36.5043053687627,14.4590170828222,-34.7));
#5995=CARTESIAN_POINT('Ctrl Pts',(36.4678640608295,14.4934871522764,-34.7));
#5996=CARTESIAN_POINT('Ctrl Pts',(36.4293155088416,14.5256777801952,-34.7));
#5997=CARTESIAN_POINT('Ctrl Pts',(36.3889789455406,14.555485825794,-34.7));
#5998=CARTESIAN_POINT('Ctrl Pts',(36.3477604857675,14.5859455781349,-34.7));
#5999=CARTESIAN_POINT('Ctrl Pts',(36.3046742479646,14.6139182348985,-34.7));
#6000=CARTESIAN_POINT('Ctrl Pts',(36.2600139111178,14.6392662365767,-34.7));
#6001=CARTESIAN_POINT('Ctrl Pts',(36.2368394117307,14.6524194568798,-34.7));
#6002=CARTESIAN_POINT('Ctrl Pts',(36.2132403709799,14.6648654326619,-34.7));
#6003=CARTESIAN_POINT('Ctrl Pts',(36.1892540481261,14.6765809876026,-34.7));
#6004=CARTESIAN_POINT('Ctrl Pts',(36.1760303212317,14.6830398058174,-34.7));
#6005=CARTESIAN_POINT('Ctrl Pts',(36.1626888460722,14.6892765715189,-34.7));
#6006=CARTESIAN_POINT('Ctrl Pts',(36.1492356107391,14.6952869854482,-34.7));
#6007=CARTESIAN_POINT('Ctrl Pts',(36.1377496328686,14.700418500632,-34.7));
#6008=CARTESIAN_POINT('Ctrl Pts',(36.1261782082144,14.7053864925953,-34.7));
#6009=CARTESIAN_POINT('Ctrl Pts',(36.1145513344752,14.7101777335038,-34.7));
#6010=CARTESIAN_POINT('Ctrl Pts',(36.0654800960959,14.730399173078,-34.7));
#6011=CARTESIAN_POINT('Ctrl Pts',(36.0153423417556,14.7475139749257,-34.7));
#6012=CARTESIAN_POINT('Ctrl Pts',(35.964457558536,14.7613911113045,-34.7));
#6013=CARTESIAN_POINT('Ctrl Pts',(35.9140231214173,14.7751454307256,-34.7));
#6014=CARTESIAN_POINT('Ctrl Pts',(35.8628537823931,14.7857198143448,-34.7));
#6015=CARTESIAN_POINT('Ctrl Pts',(35.8112302786651,14.7929468407033,-34.7));
#6016=CARTESIAN_POINT('Ctrl Pts',(35.7753379275002,14.7979715862011,-34.7));
#6017=CARTESIAN_POINT('Ctrl Pts',(35.7392253896811,14.8013773977144,-34.7));
#6018=CARTESIAN_POINT('Ctrl Pts',(35.70298226647,14.803093833822,-34.7));
#6019=CARTESIAN_POINT('Ctrl Pts',(35.6874616219571,14.8038288751842,-34.7));
#6020=CARTESIAN_POINT('Ctrl Pts',(35.6719169997563,14.8042539447228,-34.7));
#6021=CARTESIAN_POINT('Ctrl Pts',(35.6563548103405,14.8043731054797,-34.7));
#6022=CARTESIAN_POINT('Ctrl Pts',(34.7310108793534,13.517369557876,-33.0980384757729));
#6023=CARTESIAN_POINT('Ctrl Pts',(34.730351564896,13.6554401647777,-33.1075367025279));
#6024=CARTESIAN_POINT('Ctrl Pts',(34.7559863942155,13.7932764900277,-33.1170349292828));
#6025=CARTESIAN_POINT('Ctrl Pts',(34.8090666188532,13.919577813755,-33.1265331560378));
#6026=CARTESIAN_POINT('Ctrl Pts',(34.9422971867432,14.2365922423918,-33.1503735627645));
#6027=CARTESIAN_POINT('Ctrl Pts',(35.248434423701,14.4809358762427,-33.1742139694911));
#6028=CARTESIAN_POINT('Ctrl Pts',(35.5870962805792,14.5405726586828,-33.1980543762178));
#6029=CARTESIAN_POINT('Ctrl Pts',(35.9257581374574,14.600209441123,-33.2218947829445));
#6030=CARTESIAN_POINT('Ctrl Pts',(36.296944614256,14.4751393721525,-33.2457351896713));
#6031=CARTESIAN_POINT('Ctrl Pts',(36.5304542642492,14.2227095308095,-33.2695755963979));
#6032=CARTESIAN_POINT('Ctrl Pts',(36.7639639142423,13.9702796894665,-33.2934160031246));
#6033=CARTESIAN_POINT('Ctrl Pts',(36.8597967374301,13.5904900757508,-33.3172564098513));
#6034=CARTESIAN_POINT('Ctrl Pts',(36.7740081493232,13.2574910377707,-33.341096816578));
#6035=CARTESIAN_POINT('Ctrl Pts',(36.6882195612163,12.9244919997905,-33.3649372233047));
#6036=CARTESIAN_POINT('Ctrl Pts',(36.4208095618148,12.6382835375458,-33.3887776300314));
#6037=CARTESIAN_POINT('Ctrl Pts',(36.0943972030991,12.53010329734,-33.4126180367581));
#6038=CARTESIAN_POINT('Ctrl Pts',(35.7679848443834,12.4219230571343,-33.4364584434849));
#6039=CARTESIAN_POINT('Ctrl Pts',(35.3825701263536,12.4917710389675,-33.4602988502116));
#6040=CARTESIAN_POINT('Ctrl Pts',(35.1148811359375,12.7076194026185,-33.4841392569383));
#6041=CARTESIAN_POINT('Ctrl Pts',(34.8757197047543,12.9004648516938,-33.5054389965498));
#6042=CARTESIAN_POINT('Ctrl Pts',(34.7305290144833,13.2098503666577,-33.5267387361614));
#6043=CARTESIAN_POINT('Ctrl Pts',(34.7283485382673,13.5174479639463,-33.548038475773));
#6044=CARTESIAN_POINT('Ctrl Pts',(35.4321958955734,12.2711302964179,-32.7));
#6045=CARTESIAN_POINT('Ctrl Pts',(35.3831007945633,12.2895377127855,-32.7));
#6046=CARTESIAN_POINT('Ctrl Pts',(35.3354101590718,12.3111192876836,-32.7));
#6047=CARTESIAN_POINT('Ctrl Pts',(35.2893009845771,12.3356031082914,-32.7));
#6048=CARTESIAN_POINT('Ctrl Pts',(35.2426479224334,12.3603757314591,-32.7));
#6049=CARTESIAN_POINT('Ctrl Pts',(35.1976130676129,12.3881204162592,-32.7));
#6050=CARTESIAN_POINT('Ctrl Pts',(35.1544129869319,12.418598314466,-32.7));
#6051=CARTESIAN_POINT('Ctrl Pts',(35.1231470497425,12.4406566077834,-32.7));
#6052=CARTESIAN_POINT('Ctrl Pts',(35.0928428461202,12.4641475260187,-32.7));
#6053=CARTESIAN_POINT('Ctrl Pts',(35.0635966381257,12.4889899960638,-32.7));
#6054=CARTESIAN_POINT('Ctrl Pts',(35.0510325763094,12.4996622284905,-32.7));
#6055=CARTESIAN_POINT('Ctrl Pts',(35.0386639354771,12.5105839716477,-32.7));
#6056=CARTESIAN_POINT('Ctrl Pts',(35.0264991352287,12.5217490896396,-32.7));
#6057=CARTESIAN_POINT('Ctrl Pts',(35.0190722497854,12.5285656464751,-32.7));
#6058=CARTESIAN_POINT('Ctrl Pts',(35.0117206604231,12.5354737372721,-32.7));
#6059=CARTESIAN_POINT('Ctrl Pts',(35.0044584008446,12.5424599716695,-32.7));
#6060=CARTESIAN_POINT('Ctrl Pts',(34.9673020292305,12.5782040976746,-32.7));
#6061=CARTESIAN_POINT('Ctrl Pts',(34.93240359701,12.6160606008801,-32.7));
#6062=CARTESIAN_POINT('Ctrl Pts',(34.8999598893591,12.6558002164566,-32.7));
#6063=CARTESIAN_POINT('Ctrl Pts',(34.8682544193249,12.6946355802932,-32.7));
#6064=CARTESIAN_POINT('Ctrl Pts',(34.8388928091205,12.7352703240871,-32.7));
#6065=CARTESIAN_POINT('Ctrl Pts',(34.8121025773573,12.7775112624023,-32.7));
#6066=CARTESIAN_POINT('Ctrl Pts',(34.7934363278671,12.8069428813692,-32.7));
#6067=CARTESIAN_POINT('Ctrl Pts',(34.7760193001489,12.8371546903545,-32.7));
#6068=CARTESIAN_POINT('Ctrl Pts',(34.7599431367797,12.8680838271435,-32.7));
#6069=CARTESIAN_POINT('Ctrl Pts',(34.754030428517,12.879459362366,-32.7));
#6070=CARTESIAN_POINT('Ctrl Pts',(34.7482992279863,12.8909319387052,-32.7));
#6071=CARTESIAN_POINT('Ctrl Pts',(34.7427545491722,12.9024984311316,-32.7));
#6072=CARTESIAN_POINT('Ctrl Pts',(34.7392093348311,12.909893935218,-32.7));
#6073=CARTESIAN_POINT('Ctrl Pts',(34.7357411799044,12.9173263124596,-32.7));
#6074=CARTESIAN_POINT('Ctrl Pts',(34.73235495961,12.9247862839707,-32.7));
#6075=CARTESIAN_POINT('Ctrl Pts',(34.7123578891258,12.9688405873385,-32.7));
#6076=CARTESIAN_POINT('Ctrl Pts',(34.6951748442756,13.0139376908411,-32.7));
#6077=CARTESIAN_POINT('Ctrl Pts',(34.6810055486604,13.0598954642838,-32.7));
#6078=CARTESIAN_POINT('Ctrl Pts',(34.6707178685752,13.093263310043,-32.7));
#6079=CARTESIAN_POINT('Ctrl Pts',(34.6620198207,13.1270852587423,-32.7));
#6080=CARTESIAN_POINT('Ctrl Pts',(34.6550050688851,13.1612934971143,-32.7));
#6081=CARTESIAN_POINT('Ctrl Pts',(34.645786029714,13.2062511945274,-32.7));
#6082=CARTESIAN_POINT('Ctrl Pts',(34.6394735450351,13.2518770561352,-32.7));
#6083=CARTESIAN_POINT('Ctrl Pts',(34.6360204424609,13.2979061053232,-32.7));
#6084=CARTESIAN_POINT('Ctrl Pts',(34.6350865091432,13.3103552178803,-32.7));
#6085=CARTESIAN_POINT('Ctrl Pts',(34.634361944232,13.3228337451171,-32.7));
#6086=CARTESIAN_POINT('Ctrl Pts',(34.633846257251,13.3353362339621,-32.7));
#6087=CARTESIAN_POINT('Ctrl Pts',(34.633475239528,13.3443313125934,-32.7));
#6088=CARTESIAN_POINT('Ctrl Pts',(34.633212494304,13.3533376641369,-32.7));
#6089=CARTESIAN_POINT('Ctrl Pts',(34.6330577280074,13.3623405319013,-32.7));
#6090=CARTESIAN_POINT('Ctrl Pts',(34.6322286595046,13.4105680482333,-32.7));
#6091=CARTESIAN_POINT('Ctrl Pts',(34.6344892972254,13.4587945139122,-32.7));
#6092=CARTESIAN_POINT('Ctrl Pts',(34.6397360747162,13.5067193020376,-32.7));
#6093=CARTESIAN_POINT('Ctrl Pts',(34.6449678087757,13.5545066813904,-32.7));
#6094=CARTESIAN_POINT('Ctrl Pts',(34.653169119803,13.601995288543,-32.7));
#6095=CARTESIAN_POINT('Ctrl Pts',(34.6642852631083,13.6488689761402,-32.7));
#6096=CARTESIAN_POINT('Ctrl Pts',(34.6702384713393,13.6739720010975,-32.7));
#6097=CARTESIAN_POINT('Ctrl Pts',(34.677028451213,13.6988982455596,-32.7));
#6098=CARTESIAN_POINT('Ctrl Pts',(34.6846516734522,13.7235952431963,-32.7));
#6099=CARTESIAN_POINT('Ctrl Pts',(34.6887632014845,13.7369153845895,-32.7));
#6100=CARTESIAN_POINT('Ctrl Pts',(34.6931171668019,13.7501687855317,-32.7));
#6101=CARTESIAN_POINT('Ctrl Pts',(34.6977133826946,13.763346783444,-32.7));
#6102=CARTESIAN_POINT('Ctrl Pts',(34.7009917826129,13.7727464174662,-32.7));
#6103=CARTESIAN_POINT('Ctrl Pts',(34.7043930953574,13.7821063739247,-32.7));
#6104=CARTESIAN_POINT('Ctrl Pts',(34.7079125683679,13.7914120251724,-32.7));
#6105=CARTESIAN_POINT('Ctrl Pts',(34.724286928314,13.8347065987077,-32.7));
#6106=CARTESIAN_POINT('Ctrl Pts',(34.7432396864906,13.8768976498682,-32.7));
#6107=CARTESIAN_POINT('Ctrl Pts',(34.7647259546108,13.9176884397917,-32.7));
#6108=CARTESIAN_POINT('Ctrl Pts',(34.7794132400495,13.9455716427531,-32.7));
#6109=CARTESIAN_POINT('Ctrl Pts',(34.795285181592,13.9728000042169,-32.7));
#6110=CARTESIAN_POINT('Ctrl Pts',(34.8123366552095,13.9992680508602,-32.7));
#6111=CARTESIAN_POINT('Ctrl Pts',(34.8187586488479,14.0092365515878,-32.7));
#6112=CARTESIAN_POINT('Ctrl Pts',(34.8253488186381,14.0190979755532,-32.7));
#6113=CARTESIAN_POINT('Ctrl Pts',(34.8320969018675,14.0288323635472,-32.7));
#6114=CARTESIAN_POINT('Ctrl Pts',(34.8572214333414,14.0650755350112,-32.7));
#6115=CARTESIAN_POINT('Ctrl Pts',(34.8845621903917,14.0996081538241,-32.7));
#6116=CARTESIAN_POINT('Ctrl Pts',(34.9140935538637,14.1321459263289,-32.7));
#6117=CARTESIAN_POINT('Ctrl Pts',(34.9293488483042,14.1489542697862,-32.7));
#6118=CARTESIAN_POINT('Ctrl Pts',(34.9451892036161,14.1652296333446,-32.7));
#6119=CARTESIAN_POINT('Ctrl Pts',(34.9616138982943,14.180928073467,-32.7));
#6120=CARTESIAN_POINT('Ctrl Pts',(34.9707106975004,14.1896226373808,-32.7));
#6121=CARTESIAN_POINT('Ctrl Pts',(34.9799867808605,14.1981401624318,-32.7));
#6122=CARTESIAN_POINT('Ctrl Pts',(34.9894358061545,14.2064780168643,-32.7));
#6123=CARTESIAN_POINT('Origin',(35.7673757230966,13.5168246743539,-32.7));
#6124=CARTESIAN_POINT('Origin',(35.7673757230966,13.5168246743539,-34.7));
#6125=CARTESIAN_POINT('Origin',(26.2673757230966,4.01682467435394,-32.7));
#6126=CARTESIAN_POINT('Origin',(26.2673757230966,4.01682467435394,-34.7));
#6127=CARTESIAN_POINT('Origin',(26.2673757230966,23.0168246743539,-32.7));
#6128=CARTESIAN_POINT('Origin',(26.2673757230966,23.0168246743539,-34.7));
#6129=CARTESIAN_POINT('Origin',(16.7673757230966,13.5168246743539,-32.7));
#6130=CARTESIAN_POINT('Origin',(16.7673757230966,13.5168246743539,-34.7));
#6131=CARTESIAN_POINT('Origin',(31.2889654673001,22.9572747125598,-29.0000004321337));
#6132=CARTESIAN_POINT('',(31.2889654673001,22.9572747125598,-32.7));
#6133=CARTESIAN_POINT('',(33.4382103697302,20.7502979683738,-32.7));
#6134=CARTESIAN_POINT('',(32.6156571946377,21.5949461172343,-32.7));
#6135=CARTESIAN_POINT('',(31.2889654673001,22.9572747125598,-36.0000004321337));
#6136=CARTESIAN_POINT('',(31.2889654673001,22.9572747125598,-29.0000004321337));
#6137=CARTESIAN_POINT('',(33.4382103697302,20.7502979683738,-36.0000004321337));
#6138=CARTESIAN_POINT('',(31.2889654673001,22.9572747125598,-36.0000004321337));
#6139=CARTESIAN_POINT('',(33.4382103697302,20.7502979683738,-29.0000004321337));
#6140=CARTESIAN_POINT('Origin',(31.2889654673001,18.6572747125598,-29.0000004321337));
#6141=CARTESIAN_POINT('',(29.13972056487,20.7502979683737,-32.7));
#6142=CARTESIAN_POINT('Origin',(31.2889654673001,18.6572747125598,-32.7));
#6143=CARTESIAN_POINT('',(29.13972056487,20.7502979683737,-36.0000004321337));
#6144=CARTESIAN_POINT('Origin',(31.2889654673001,18.6572747125598,-36.0000004321337));
#6145=CARTESIAN_POINT('',(29.13972056487,20.7502979683737,-29.0000004321337));
#6146=CARTESIAN_POINT('Origin',(29.13972056487,20.7502979683737,-29.0000004321337));
#6147=CARTESIAN_POINT('',(26.443394517637,17.9815446847169,-32.7));
#6148=CARTESIAN_POINT('',(31.2889654673001,22.9572747125598,-36.0000004321337));
#6149=CARTESIAN_POINT('Origin',(31.2889654673001,19.3072747125598,-36.0000004321337));
#6150=CARTESIAN_POINT('',(31.2889654673001,20.9572747125598,-36.0000004321337));
#6151=CARTESIAN_POINT('',(30.1395594400404,19.7703181908206,-36.0000004321337));
#6152=CARTESIAN_POINT('',(30.8766785227395,20.5315185688925,-36.0000004321337));
#6153=CARTESIAN_POINT('',(32.4383714945598,19.7703181908206,-36.0000004321337));
#6154=CARTESIAN_POINT('',(32.2759554254905,19.9380403080229,-36.0000004321337));
#6155=CARTESIAN_POINT('Origin',(31.2889654673001,18.6572747125598,-36.0000004321337));
#6156=CARTESIAN_POINT('Origin',(21.2457859788932,13.0572747125598,-29.0000004321337));
#6157=CARTESIAN_POINT('',(21.2457859788932,13.0572747125598,-32.7));
#6158=CARTESIAN_POINT('',(23.3950308813233,10.8502979683737,-32.7));
#6159=CARTESIAN_POINT('',(22.542603717567,11.725622564652,-32.7));
#6160=CARTESIAN_POINT('',(21.2457859788932,13.0572747125598,-36.0000004321337));
#6161=CARTESIAN_POINT('',(21.2457859788932,13.0572747125598,-29.0000004321337));
#6162=CARTESIAN_POINT('',(23.3950308813233,10.8502979683737,-36.0000004321337));
#6163=CARTESIAN_POINT('',(21.2457859788932,13.0572747125598,-36.0000004321337));
#6164=CARTESIAN_POINT('',(23.3950308813233,10.8502979683737,-29.0000004321337));
#6165=CARTESIAN_POINT('Origin',(21.2457859788932,8.75727471255978,-29.0000004321337));
#6166=CARTESIAN_POINT('',(19.0965410764631,10.8502979683737,-32.7));
#6167=CARTESIAN_POINT('Origin',(21.2457859788932,8.75727471255978,-32.7));
#6168=CARTESIAN_POINT('',(19.0965410764631,10.8502979683737,-36.0000004321337));
#6169=CARTESIAN_POINT('Origin',(21.2457859788932,8.75727471255978,-36.0000004321337));
#6170=CARTESIAN_POINT('',(19.0965410764631,10.8502979683737,-29.0000004321337));
#6171=CARTESIAN_POINT('Origin',(19.0965410764631,10.8502979683737,-29.0000004321337));
#6172=CARTESIAN_POINT('',(21.3186025601148,13.1320472529833,-32.7));
#6173=CARTESIAN_POINT('',(21.2457859788932,13.0572747125598,-36.0000004321337));
#6174=CARTESIAN_POINT('Origin',(21.2457859788932,9.40727471255977,-36.0000004321337));
#6175=CARTESIAN_POINT('',(21.2457859788932,11.0572747125598,-36.0000004321337));
#6176=CARTESIAN_POINT('',(20.0963799516335,9.87031819082064,-36.0000004321337));
#6177=CARTESIAN_POINT('',(20.8334990343326,10.6315185688925,-36.0000004321337));
#6178=CARTESIAN_POINT('',(22.3951920061529,9.87031819082064,-36.0000004321337));
#6179=CARTESIAN_POINT('',(22.2327759370836,10.0380403080229,-36.0000004321337));
#6180=CARTESIAN_POINT('Origin',(21.2457859788932,8.75727471255978,-36.0000004321337));
#6181=CARTESIAN_POINT('Origin',(21.2457859788932,22.9572747125598,-29.0000004321337));
#6182=CARTESIAN_POINT('',(21.2457859788932,22.9572747125598,-32.7));
#6183=CARTESIAN_POINT('',(23.3950308813233,20.7502979683737,-32.7));
#6184=CARTESIAN_POINT('',(25.0167344773412,19.0850330568099,-32.7));
#6185=CARTESIAN_POINT('',(21.2457859788932,22.9572747125598,-36.0000004321337));
#6186=CARTESIAN_POINT('',(21.2457859788932,22.9572747125598,-29.0000004321337));
#6187=CARTESIAN_POINT('',(23.3950308813233,20.7502979683737,-36.0000004321337));
#6188=CARTESIAN_POINT('',(21.2457859788932,22.9572747125598,-36.0000004321337));
#6189=CARTESIAN_POINT('',(23.3950308813233,20.7502979683737,-29.0000004321337));
#6190=CARTESIAN_POINT('Origin',(21.2457859788932,18.6572747125598,-29.0000004321337));
#6191=CARTESIAN_POINT('',(19.096541076463,20.7502979683737,-32.7));
#6192=CARTESIAN_POINT('Origin',(21.2457859788932,18.6572747125598,-32.7));
#6193=CARTESIAN_POINT('',(19.096541076463,20.7502979683737,-36.0000004321337));
#6194=CARTESIAN_POINT('Origin',(21.2457859788932,18.6572747125598,-36.0000004321337));
#6195=CARTESIAN_POINT('',(19.096541076463,20.7502979683737,-29.0000004321337));
#6196=CARTESIAN_POINT('Origin',(19.096541076463,20.7502979683737,-29.0000004321337));
#6197=CARTESIAN_POINT('',(18.8444718003405,20.4914577451413,-32.7));
#6198=CARTESIAN_POINT('',(21.2457859788932,22.9572747125598,-36.0000004321337));
#6199=CARTESIAN_POINT('Origin',(21.2457859788932,19.3072747125598,-36.0000004321337));
#6200=CARTESIAN_POINT('',(21.2457859788932,20.9572747125598,-36.0000004321337));
#6201=CARTESIAN_POINT('',(20.0963799516335,19.7703181908206,-36.0000004321337));
#6202=CARTESIAN_POINT('',(20.8334990343326,20.5315185688925,-36.0000004321337));
#6203=CARTESIAN_POINT('',(22.3951920061529,19.7703181908206,-36.0000004321337));
#6204=CARTESIAN_POINT('',(22.2327759370836,19.9380403080229,-36.0000004321337));
#6205=CARTESIAN_POINT('Origin',(21.2457859788932,18.6572747125598,-36.0000004321337));
#6206=CARTESIAN_POINT('Origin',(31.2889654673001,13.0572747125598,-29.0000004321337));
#6207=CARTESIAN_POINT('',(31.2889654673001,13.0572747125598,-32.7));
#6208=CARTESIAN_POINT('',(33.4382103697302,10.8502979683737,-32.7));
#6209=CARTESIAN_POINT('',(30.1415264348635,14.2355356250764,-32.7));
#6210=CARTESIAN_POINT('',(31.2889654673001,13.0572747125598,-36.0000004321337));
#6211=CARTESIAN_POINT('',(31.2889654673001,13.0572747125598,-29.0000004321337));
#6212=CARTESIAN_POINT('',(33.4382103697302,10.8502979683737,-36.0000004321337));
#6213=CARTESIAN_POINT('',(31.2889654673001,13.0572747125598,-36.0000004321337));
#6214=CARTESIAN_POINT('',(33.4382103697302,10.8502979683737,-29.0000004321337));
#6215=CARTESIAN_POINT('Origin',(31.2889654673001,8.75727471255978,-29.0000004321337));
#6216=CARTESIAN_POINT('',(29.13972056487,10.8502979683737,-32.7));
#6217=CARTESIAN_POINT('Origin',(31.2889654673001,8.75727471255978,-32.7));
#6218=CARTESIAN_POINT('',(29.13972056487,10.8502979683737,-36.0000004321337));
#6219=CARTESIAN_POINT('Origin',(31.2889654673001,8.75727471255978,-36.0000004321337));
#6220=CARTESIAN_POINT('',(29.13972056487,10.8502979683737,-29.0000004321337));
#6221=CARTESIAN_POINT('Origin',(29.13972056487,10.8502979683737,-29.0000004321337));
#6222=CARTESIAN_POINT('',(28.9175252774113,10.622134192559,-32.7));
#6223=CARTESIAN_POINT('',(31.2889654673001,13.0572747125598,-36.0000004321337));
#6224=CARTESIAN_POINT('Origin',(31.2889654673001,9.40727471255978,-36.0000004321337));
#6225=CARTESIAN_POINT('',(30.1395594400404,9.87031819082066,-36.0000004321337));
#6226=CARTESIAN_POINT('',(32.4383714945598,9.87031819082066,-36.0000004321337));
#6227=CARTESIAN_POINT('Origin',(31.2889654673001,8.75727471255978,-36.0000004321337));
#6228=CARTESIAN_POINT('',(31.2889654673001,11.0572747125598,-36.0000004321337));
#6229=CARTESIAN_POINT('',(30.8766785227396,10.6315185688925,-36.0000004321337));
#6230=CARTESIAN_POINT('',(32.2759554254905,10.0380403080229,-36.0000004321337));
#6231=CARTESIAN_POINT('Origin',(32.4383714945598,19.7703181908206,-32.7));
#6232=CARTESIAN_POINT('',(31.2889654673001,20.9572747125598,-37.7));
#6233=CARTESIAN_POINT('',(31.2889654673001,20.9572747125598,-32.7));
#6234=CARTESIAN_POINT('',(32.4383714945598,19.7703181908206,-37.7));
#6235=CARTESIAN_POINT('',(31.2889654673001,20.9572747125598,-37.7));
#6236=CARTESIAN_POINT('',(32.4383714945598,19.7703181908206,-32.7));
#6237=CARTESIAN_POINT('Origin',(31.2889654673001,20.9572747125598,-32.7));
#6238=CARTESIAN_POINT('',(30.1395594400404,19.7703181908206,-37.7));
#6239=CARTESIAN_POINT('',(30.1395594400404,19.7703181908206,-32.7));
#6240=CARTESIAN_POINT('',(31.2889654673001,20.9572747125598,-37.7));
#6241=CARTESIAN_POINT('Origin',(22.3951920061529,9.87031819082064,-32.7));
#6242=CARTESIAN_POINT('',(21.2457859788932,11.0572747125598,-37.7));
#6243=CARTESIAN_POINT('',(21.2457859788932,11.0572747125598,-32.7));
#6244=CARTESIAN_POINT('',(22.3951920061529,9.87031819082064,-37.7));
#6245=CARTESIAN_POINT('',(21.2457859788932,11.0572747125598,-37.7));
#6246=CARTESIAN_POINT('',(22.3951920061529,9.87031819082064,-32.7));
#6247=CARTESIAN_POINT('Origin',(21.2457859788932,11.0572747125598,-32.7));
#6248=CARTESIAN_POINT('',(20.0963799516335,9.87031819082064,-37.7));
#6249=CARTESIAN_POINT('',(20.0963799516335,9.87031819082064,-32.7));
#6250=CARTESIAN_POINT('',(21.2457859788932,11.0572747125598,-37.7));
#6251=CARTESIAN_POINT('Origin',(22.3951920061529,19.7703181908206,-32.7));
#6252=CARTESIAN_POINT('',(21.2457859788932,20.9572747125598,-37.7));
#6253=CARTESIAN_POINT('',(21.2457859788932,20.9572747125598,-32.7));
#6254=CARTESIAN_POINT('',(22.3951920061529,19.7703181908206,-37.7));
#6255=CARTESIAN_POINT('',(21.2457859788932,20.9572747125598,-37.7));
#6256=CARTESIAN_POINT('',(22.3951920061529,19.7703181908206,-32.7));
#6257=CARTESIAN_POINT('Origin',(21.2457859788932,20.9572747125598,-32.7));
#6258=CARTESIAN_POINT('',(20.0963799516335,19.7703181908206,-37.7));
#6259=CARTESIAN_POINT('',(20.0963799516335,19.7703181908206,-32.7));
#6260=CARTESIAN_POINT('',(21.2457859788932,20.9572747125598,-37.7));
#6261=CARTESIAN_POINT('Origin',(31.2889654673001,11.0572747125598,-32.7));
#6262=CARTESIAN_POINT('',(30.1395594400404,9.87031819082066,-37.7));
#6263=CARTESIAN_POINT('',(30.1395594400404,9.87031819082066,-32.7));
#6264=CARTESIAN_POINT('',(31.2889654673001,11.0572747125598,-37.7));
#6265=CARTESIAN_POINT('',(31.2889654673001,11.0572747125598,-37.7));
#6266=CARTESIAN_POINT('',(31.2889654673001,11.0572747125598,-32.7));
#6267=CARTESIAN_POINT('Origin',(31.2889654673001,8.75727471255978,-32.7));
#6268=CARTESIAN_POINT('',(32.4383714945598,9.87031819082066,-37.7));
#6269=CARTESIAN_POINT('',(32.4383714945598,9.87031819082066,-32.7));
#6270=CARTESIAN_POINT('Origin',(31.2889654673001,8.75727471255978,-37.7));
#6271=CARTESIAN_POINT('Origin',(0.,2.39999994635582,-37.6999991573393));
#6272=CARTESIAN_POINT('',(30.7673757230966,0.,-32.7));
#6273=CARTESIAN_POINT('',(30.7673757230966,2.39382467435395,-37.6871340073354));
#6274=CARTESIAN_POINT('',(30.7673757230966,1.42412934403458,-35.6669354025034));
#6275=CARTESIAN_POINT('',(21.7673757230966,0.,-32.7));
#6276=CARTESIAN_POINT('',(40.,0.,-32.7));
#6277=CARTESIAN_POINT('',(21.7673757230966,2.39382467435395,-37.6871340073354));
#6278=CARTESIAN_POINT('',(21.7673757230966,1.20000011574656,-35.1999995102367));
#6279=CARTESIAN_POINT('',(21.7615202351352,2.39999994635582,-37.6999991573393));
#6280=CARTESIAN_POINT('',(20.9859884303466,3.21788564131412,-39.4039276885025));
#6281=CARTESIAN_POINT('',(30.7732312110581,2.39999994635582,-37.6999991573393));
#6282=CARTESIAN_POINT('',(13.1336878615483,2.40000035083294,-37.7));
#6283=CARTESIAN_POINT('',(28.8057970624955,0.325118895770735,-33.3773303019537));
#6284=CARTESIAN_POINT('Origin',(30.7673757230966,2.39382467435395,-32.7));
#6285=CARTESIAN_POINT('',(30.7673757230966,2.39382467435395,-32.7));
#6286=CARTESIAN_POINT('',(30.7673757230966,2.39382467435395,-32.7));
#6287=CARTESIAN_POINT('',(30.7673757230966,-0.000175325646054603,-32.7));
#6288=CARTESIAN_POINT('Origin',(37.6157212903352,9.6161769221804,-32.7));
#6289=CARTESIAN_POINT('',(37.6157212903352,9.6161769221804,-37.7));
#6290=CARTESIAN_POINT('',(30.7673757230966,2.39382467435395,-37.7));
#6291=CARTESIAN_POINT('',(37.6157212903352,9.6161769221804,-32.7));
#6292=CARTESIAN_POINT('',(37.6157212903352,9.6161769221804,-32.7));
#6293=CARTESIAN_POINT('',(30.7673757230966,2.39382467435395,-32.7));
#6294=CARTESIAN_POINT('Origin',(26.2673757230966,12.758412337177,-37.7));
#6295=CARTESIAN_POINT('',(14.9190301558581,9.6161769221804,-37.7));
#6296=CARTESIAN_POINT('',(21.7673757230966,2.39382467435395,-37.7));
#6297=CARTESIAN_POINT('',(17.0595015323041,9.6161769221804,-37.7));
#6298=CARTESIAN_POINT('',(21.6634386277004,9.6161769221804,-37.7));
#6299=CARTESIAN_POINT('',(35.4752499138892,9.6161769221804,-37.7));
#6300=CARTESIAN_POINT('Origin',(26.2673757230967,13.5168246743539,-37.7));
#6301=CARTESIAN_POINT('',(31.9415485067159,9.6161769221804,-37.7));
#6302=CARTESIAN_POINT('Origin',(21.2457859788932,18.6572747125598,-37.7));
#6303=CARTESIAN_POINT('',(28.1672864222666,15.4352457269855,-37.7));
#6304=CARTESIAN_POINT('',(26.2673757230966,17.3168246743539,-37.7));
#6305=CARTESIAN_POINT('',(26.2673757230966,17.3168246743539,-37.7));
#6306=CARTESIAN_POINT('',(24.3674650239267,15.4352457269855,-37.7));
#6307=CARTESIAN_POINT('',(26.2673757230966,17.3168246743539,-37.7));
#6308=CARTESIAN_POINT('Origin',(26.2673757230966,13.5168246743539,-37.7));
#6309=CARTESIAN_POINT('Origin',(31.2889654673001,18.6572747125598,-37.7));
#6310=CARTESIAN_POINT('',(31.2889654673001,11.0572747125598,-37.7));
#6311=CARTESIAN_POINT('Origin',(21.2457859788932,8.75727471255978,-37.7));
#6312=CARTESIAN_POINT('Origin',(0.,11.9999997317791,-39.6999991126359));
#6313=CARTESIAN_POINT('',(17.0595015323041,9.6161769221804,-37.7134801046369));
#6314=CARTESIAN_POINT('',(16.3830830274313,11.9999997317791,-39.6999991126359));
#6315=CARTESIAN_POINT('Origin',(26.2673757230967,13.5168246743539,-40.9640198981149));
#6316=CARTESIAN_POINT('',(14.9190301558581,9.6161769221804,-37.7134801046369));
#6317=CARTESIAN_POINT('',(8.52975076615206,9.6161769221804,-37.7134801046369));
#6318=CARTESIAN_POINT('',(14.3636265101838,12.0000007966161,-39.7));
#6319=CARTESIAN_POINT('Origin',(26.2673757230966,13.5168246743539,-40.9640198981149));
#6320=CARTESIAN_POINT('',(13.1336878615483,12.0000007966161,-39.7));
#6321=CARTESIAN_POINT('Origin',(0.,11.9999997317791,-39.6999991126359));
#6322=CARTESIAN_POINT('',(37.6157212903352,9.6161769221804,-37.7134801046369));
#6323=CARTESIAN_POINT('',(38.1711249360095,12.0000007966161,-39.7));
#6324=CARTESIAN_POINT('Origin',(26.2673757230966,13.5168246743539,-40.9640198981149));
#6325=CARTESIAN_POINT('',(35.4752499138892,9.6161769221804,-37.7134801046369));
#6326=CARTESIAN_POINT('',(18.8078606451676,9.6161769221804,-37.7134801046369));
#6327=CARTESIAN_POINT('',(36.151668418762,11.9999997317791,-39.6999991126359));
#6328=CARTESIAN_POINT('Origin',(26.2673757230967,13.5168246743539,-40.9640198981149));
#6329=CARTESIAN_POINT('',(13.1336878615483,12.0000007966161,-39.7));
#6330=CARTESIAN_POINT('Origin',(26.2673757230966,13.5168246743539,-32.7));
#6331=CARTESIAN_POINT('Origin',(26.2673757230967,13.5168246743539,-39.7));
#6332=CARTESIAN_POINT('',(14.9190301558581,9.6161769221804,-37.7));
#6333=CARTESIAN_POINT('',(14.9190301558581,9.6161769221804,-32.7));
#6334=CARTESIAN_POINT('',(14.9190301558581,9.6161769221804,-32.7));
#6335=CARTESIAN_POINT('Origin',(26.2673757230966,13.5168246743539,-32.7));
#6336=CARTESIAN_POINT('',(37.6157212903352,9.6161769221804,-37.7));
#6337=CARTESIAN_POINT('Origin',(26.2673757230967,17.5665007982672,-39.7));
#6338=CARTESIAN_POINT('Origin',(26.2673757230967,13.5168246743539,-39.7));
#6339=CARTESIAN_POINT('Origin',(17.0595015323041,9.6161769221804,-37.7));
#6340=CARTESIAN_POINT('',(17.0595015323041,9.6161769221804,-37.7));
#6341=CARTESIAN_POINT('Origin',(26.2673757230967,13.5168246743539,-37.7));
#6342=CARTESIAN_POINT('',(35.4752499138892,9.6161769221804,-37.7));
#6343=CARTESIAN_POINT('Origin',(37.6157212903352,9.6161769221804,-37.7));
#6344=CARTESIAN_POINT('Origin',(32.4383714945598,9.87031819082066,-32.7));
#6345=CARTESIAN_POINT('Origin',(31.2889654673001,18.6572747125598,-32.7));
#6346=CARTESIAN_POINT('Origin',(26.2673757230966,13.5168246743539,-32.7));
#6347=CARTESIAN_POINT('',(24.3674650239267,15.4352457269855,-32.7));
#6348=CARTESIAN_POINT('',(28.1672864222666,15.4352457269855,-32.7));
#6349=CARTESIAN_POINT('Origin',(26.2673757230966,13.5168246743539,-32.7));
#6350=CARTESIAN_POINT('',(28.1672864222666,15.4352457269855,-32.7));
#6351=CARTESIAN_POINT('',(24.3674650239267,15.4352457269855,-32.7));
#6352=CARTESIAN_POINT('Origin',(26.2673757230966,17.3168246743539,-32.7));
#6353=CARTESIAN_POINT('',(26.2673757230966,17.3168246743539,-32.7));
#6354=CARTESIAN_POINT('',(26.2673757230966,17.3168246743539,-32.7));
#6355=CARTESIAN_POINT('',(26.2673757230966,17.3168246743539,-32.7));
#6356=CARTESIAN_POINT('Origin',(28.1672864222666,15.4352457269855,-32.7));
#6357=CARTESIAN_POINT('',(26.2673757230966,17.3168246743539,-32.7));
#6358=CARTESIAN_POINT('Origin',(21.2457859788932,18.6572747125598,-32.7));
#6359=CARTESIAN_POINT('Origin',(21.2457859788932,8.75727471255978,-32.7));
#6360=CARTESIAN_POINT('Origin',(21.7673757230966,2.39382467435395,-32.7));
#6361=CARTESIAN_POINT('',(21.7673757230966,2.39382467435395,-32.7));
#6362=CARTESIAN_POINT('',(21.7673757230966,2.39382467435395,-32.7));
#6363=CARTESIAN_POINT('',(21.7673757230966,2.39382467435395,-32.7));
#6364=CARTESIAN_POINT('Origin',(21.7673757230966,0.,-32.7));
#6365=CARTESIAN_POINT('',(21.7673757230966,2.39382467435395,-32.7));
#6366=CARTESIAN_POINT('Origin',(26.2673757230966,12.758412337177,-32.7));
#6367=UNCERTAINTY_MEASURE_WITH_UNIT(LENGTH_MEASURE(0.01),#6371,
'DISTANCE_ACCURACY_VALUE',
'Maximum model space distance between geometric entities at asserted c
onnectivities');
#6368=UNCERTAINTY_MEASURE_WITH_UNIT(LENGTH_MEASURE(0.01),#6371,
'DISTANCE_ACCURACY_VALUE',
'Maximum model space distance between geometric entities at asserted c
onnectivities');
#6369=(
GEOMETRIC_REPRESENTATION_CONTEXT(3)
GLOBAL_UNCERTAINTY_ASSIGNED_CONTEXT((#6367))
GLOBAL_UNIT_ASSIGNED_CONTEXT((#6371,#6373,#6374))
REPRESENTATION_CONTEXT('','3D')
);
#6370=(
GEOMETRIC_REPRESENTATION_CONTEXT(3)
GLOBAL_UNCERTAINTY_ASSIGNED_CONTEXT((#6368))
GLOBAL_UNIT_ASSIGNED_CONTEXT((#6371,#6373,#6374))
REPRESENTATION_CONTEXT('','3D')
);
#6371=(
LENGTH_UNIT()
NAMED_UNIT(*)
SI_UNIT(.MILLI.,.METRE.)
);
#6372=(
LENGTH_UNIT()
NAMED_UNIT(*)
SI_UNIT($,.METRE.)
);
#6373=(
NAMED_UNIT(*)
PLANE_ANGLE_UNIT()
SI_UNIT($,.RADIAN.)
);
#6374=(
NAMED_UNIT(*)
SI_UNIT($,.STERADIAN.)
SOLID_ANGLE_UNIT()
);
#6375=SHAPE_DEFINITION_REPRESENTATION(#6376,#6377);
#6376=PRODUCT_DEFINITION_SHAPE('',$,#6379);
#6377=SHAPE_REPRESENTATION('',(#1857),#6369);
#6378=PRODUCT_DEFINITION_CONTEXT('part definition',#6383,'design');
#6379=PRODUCT_DEFINITION('2026-07-22-12-01-46-605','TunerAttachment',#6380,
#6378);
#6380=PRODUCT_DEFINITION_FORMATION('',$,#6385);
#6381=PRODUCT_RELATED_PRODUCT_CATEGORY('TunerAttachment',
'TunerAttachment',(#6385));
#6382=APPLICATION_PROTOCOL_DEFINITION('international standard',
'automotive_design',2009,#6383);
#6383=APPLICATION_CONTEXT(
'Core Data for Automotive Mechanical Design Process');
#6384=PRODUCT_CONTEXT('part definition',#6383,'mechanical');
#6385=PRODUCT('2026-07-22-12-01-46-605','TunerAttachment',$,(#6384));
#6386=PRESENTATION_STYLE_ASSIGNMENT((#6387));
#6387=SURFACE_STYLE_USAGE(.BOTH.,#6388);
#6388=SURFACE_SIDE_STYLE('',(#6389));
#6389=SURFACE_STYLE_FILL_AREA(#6390);
#6390=FILL_AREA_STYLE('A\X\E7o - Acetinado',(#6391));
#6391=FILL_AREA_STYLE_COLOUR('A\X\E7o - Acetinado',#6392);
#6392=COLOUR_RGB('A\X\E7o - Acetinado',0.627450980392157,0.627450980392157,
0.627450980392157);
ENDSEC;
END-ISO-10303-21;
